race_id,course,course_id,date,off_time,distance_f,race_class,type,field_size,going,surface,jumps,horse_id,horse,age,trainer,trainer_id,trainer_14_days_runs,trainer_14_days_wins,trainer_14_days_percent,owner,owner_id,draw,lbs,rpr,ts,jockey,jockey_id,last_run,trainer_rtf,odds_decimal,dam,dam_id,sire,sire_id,damsire,damsire_id,jockey_course_total_rides,jockey_course_rides,jockey_course_1st,jockey_course_2nd,jockey_course_3rd,jockey_course_4th,jockey_course_a/e,jockey_course_win_%,jockey_course_1_pl,jockey_owner_total_rides,jockey_owner_rides,jockey_owner_1st,jockey_owner_2nd,jockey_owner_3rd,jockey_owner_4th,jockey_owner_a/e,jockey_owner_win_%,jockey_owner_1_pl,jockey_trainer_total_rides,jockey_trainer_rides,jockey_trainer_1st,jockey_trainer_2nd,jockey_trainer_3rd,jockey_trainer_4th,jockey_trainer_a/e,jockey_trainer_win_%,jockey_trainer_1_pl,jockey_distance_total_rides,jockey_distance_rides,jockey_distance_1st,jockey_distance_2nd,jockey_distance_3rd,jockey_distance_4th,jockey_distance_a/e,jockey_distance_win_%,jockey_distance_1_pl,horse_distance_runs,horse_distance_1st,horse_distance_2nd,horse_distance_3rd,horse_distance_4th,horse_distance_win_%,damsire_distance_damsire_name,damsire_distance_total_runners,damsire_distance_runners,damsire_distance_1st,damsire_distance_2nd,damsire_distance_3rd,damsire_distance_4th,damsire_distance_a/e,damsire_distance_win_%,damsire_distance_1_pl,dam_distance_dam_name,dam_distance_total_runners,dam_distance_runners,dam_distance_1st,dam_distance_2nd,dam_distance_3rd,dam_distance_4th,dam_distance_a/e,dam_distance_win_%,dam_distance_1_pl,sire_distance_sire_name,sire_distance_total_runners,sire_distance_runners,sire_distance_1st,sire_distance_2nd,sire_distance_3rd,sire_distance_4th,sire_distance_a/e,sire_distance_win_%,sire_distance_1_pl,position,damsire_class_damsire_name,damsire_class_total_runners,damsire_class_runners,damsire_class_1st,damsire_class_2nd,damsire_class_3rd,damsire_class_4th,damsire_class_a/e,damsire_class_win_%,damsire_class_1_pl,dam_class_dam_name,dam_class_total_runners,dam_class_runners,dam_class_1st,dam_class_2nd,dam_class_3rd,dam_class_4th,dam_class_a/e,dam_class_win_%,dam_class_1_pl,sire_class_sire_name,sire_class_total_runners,sire_class_runners,sire_class_1st,sire_class_2nd,sire_class_3rd,sire_class_4th,sire_class_a/e,sire_class_win_%,sire_class_1_pl,damsire_class_win_rate,dam_class_win_rate,sire_class_win_rate,damsire_distance_win_rate,dam_distance_win_rate,sire_distance_win_rate,damsire_class_place_rate,dam_class_place_rate,sire_class_place_rate,damsire_distance_place_rate,dam_distance_place_rate,sire_distance_place_rate,damsire_class_ae_diff,dam_class_ae_diff,sire_class_ae_diff,damsire_distance_ae_diff,dam_distance_ae_diff,sire_distance_ae_diff,ancestor_class_win_rate,ancestor_distance_win_rate,jockey_horse_distance_win_rate,damsire_class_consistency,dam_class_consistency,sire_class_consistency,damsire_distance_consistency,dam_distance_consistency,sire_distance_consistency,damsire_class_win_to_place,dam_class_win_to_place,sire_class_win_to_place,damsire_distance_win_to_place,dam_distance_win_to_place,sire_distance_win_to_place,damsire_class_ae_impact,dam_class_ae_impact,sire_class_ae_impact,damsire_distance_ae_impact,dam_distance_ae_impact,sire_distance_ae_impact,damsire_class_runner_ratio,dam_class_runner_ratio,sire_class_runner_ratio,damsire_distance_runner_ratio,dam_distance_runner_ratio,sire_distance_runner_ratio,form_1,form_2,form_3,form_4,recent_form_score
rac_11577332,Cheltenham,crs_286,"Apr 17, 2025",1:35,17.0,1,1,9,1,1,8,hrs_40919935,Sainte Lucie,4,W P Mullins,trn_13275,69,13,0.19,Mrs S Ricci,own_636264,0,168,121.0,108.0,Danny Mullins,jky_262572,34,58.0,1.91,Sainte Folie,dam_35015589,Great Pretender,sir_3845786,Saint Des Saints,dsi_3816407,6335.0,132.0,7.0,12.0,13.0,10.0,0.7,0.05,-23.5,6335.0,149.0,20.0,14.0,24.0,11.0,0.84,0.13,-45.65,6335.0,1024.0,160.0,129.0,130.0,112.0,0.91,0.16,-176.58,6335.0,290.0,24.0,27.0,35.0,36.0,0.62,0.08,-166.42,0.0,0.0,0.0,0.0,0.0,0.0,Saint Des Saints,2488.0,172.0,31.0,30.0,13.0,12.0,0.89,0.18,-44.91,Sainte Folie (FR),6.0,1.0,0.0,0.0,0.0,0.0,0.0,0.0,-1.0,Great Pretender (IRE),2993.0,123.0,19.0,13.0,17.0,19.0,0.87,0.15,-54.86,0.0,Saint Des Saints,2488.0,150.0,37.0,16.0,11.0,11.0,1.03,0.25,-3.48,Sainte Folie (FR),6.0,1.0,0.0,0.0,0.0,0.0,0.0,0.0,-1.0,Great Pretender (IRE),2993.0,149.0,20.0,17.0,21.0,11.0,0.8,0.13,-65.94,0.25,0.0,0.13,0.18,0.0,0.15,0.43,0.0,0.39,0.43,0.0,0.4,0.03,-1.0,-0.2,-0.11,-1.0,-0.13,0.13,0.11,0.0,0.5,0.0,0.46,0.5,0.0,0.55,0.58,0.0,0.34,0.42,0.0,0.39,4.5,-1.0,-29.8,-18.92,-1.0,-15.99,0.06,0.17,0.05,0.07,0.17,0.04,3,1,8,8,5.0
rac_11577332,Cheltenham,crs_286,"Apr 17, 2025",1:35,17.0,1,1,9,1,1,8,hrs_40605782,Miss Altea Blue,4,Paul Nicholls,trn_51903,36,7,0.19,Kate & Andrew Brooks,own_870932,0,162,117.0,91.0,Jay Tidball(5),jky_302274,33,47.0,12.0,Miss Salsa Blue,dam_9648135,Great Pretender,sir_3845786,Blue Bresil,dsi_4924724,248.0,2.0,0.0,0.0,0.0,0.0,0.0,0.0,-2.0,0.0,0.0,0.0,0.0,0.0,0.0,0.0,0.0,0.0,248.0,17.0,2.0,2.0,2.0,2.0,1.2,0.12,1.0,248.0,10.0,4.0,2.0,0.0,1.0,3.64,0.4,34.5,0.0,0.0,0.0,0.0,0.0,0.0,Blue Bresil,92.0,9.0,0.0,3.0,0.0,1.0,0.0,0.0,-9.0,0,0.0,0.0,0.0,0.0,0.0,0.0,0.0,0.0,0.0,Great Pretender (IRE),2993.0,123.0,19.0,13.0,17.0,19.0,0.87,0.15,-54.86,0.0,Blue Bresil,92.0,12.0,1.0,1.0,2.0,2.0,0.57,0.08,-7.0,Miss Salsa Blue (FR),7.0,1.0,0.0,0.0,0.0,0.0,0.0,0.0,-1.0,Great Pretender (IRE),2993.0,149.0,20.0,17.0,21.0,11.0,0.8,0.13,-65.94,0.08,0.0,0.13,0.0,0.0,0.15,0.33,0.0,0.39,0.33,0.0,0.4,-0.43,-1.0,-0.2,-1.0,0.0,-0.13,0.07,0.05,0.0,0.5,0.0,0.46,0.44,0.0,0.55,0.25,0.0,0.34,0.0,0.0,0.39,-5.16,-1.0,-29.8,-9.0,0.0,-15.99,0.13,0.14,0.05,0.1,0.0,0.04,4,2,2,5,3.25
rac_11577332,Cheltenham,crs_286,"Apr 17, 2025",1:35,17.0,1,1,9,1,1,8,hrs_39372228,Matwana,4,Harry Derham,trn_360765,18,4,0.22,Mrs Ceri Fell,own_1405768,0,154,120.0,115.0,Paul O'Brien,jky_276336,33,56.0,5.5,Matwan,dam_4906699,Galiway,sir_5895316,Indian Rocket,dsi_3135811,1717.0,29.0,2.0,2.0,3.0,0.0,1.23,0.07,-17.0,1717.0,5.0,2.0,2.0,0.0,1.0,1.21,0.4,0.29,1717.0,340.0,76.0,60.0,35.0,43.0,0.95,0.22,-17.82,1717.0,69.0,11.0,8.0,6.0,4.0,1.04,0.16,-36.0,1.0,1.0,0.0,0.0,0.0,1.0,Indian Rocket,1440.0,11.0,1.0,1.0,2.0,3.0,0.38,0.09,-9.71,Matwan (FR),157.0,1.0,1.0,0.0,0.0,0.0,1.29,1.0,0.29,Galiway (GB),940.0,21.0,4.0,2.0,2.0,5.0,1.01,0.19,-9.11,0.0,Indian Rocket,1440.0,68.0,13.0,6.0,9.0,7.0,1.52,0.19,43.33,Matwan (FR),157.0,2.0,0.0,1.0,0.0,1.0,0.0,0.0,-2.0,Galiway (GB),940.0,26.0,4.0,5.0,4.0,6.0,0.98,0.15,13.0,0.19,0.0,0.15,0.09,1.0,0.19,0.41,0.5,0.5,0.36,1.0,0.38,0.52,-1.0,-0.02,-0.62,0.29,0.01,0.11,0.43,0.17,0.51,1.0,0.73,0.64,1.0,0.62,0.46,0.0,0.31,0.25,1.0,0.5,35.36,-2.0,-0.52,-6.82,0.29,0.21,0.05,0.01,0.03,0.01,0.01,0.02,2,4,1,2,2.25
rac_11577332,Cheltenham,crs_286,"Apr 17, 2025",1:35,17.0,1,1,9,1,1,8,hrs_41052053,Clotilda,4,Paul Nicholls,trn_51903,36,7,0.19,D G Staddon,own_399184,0,151,119.0,98.0,Harry Cobden,jky_282690,26,47.0,17.0,Goldflake,dam_5707107,Clovis Du Berlais,sir_6028897,Turgeon,dsi_366520,4506.0,350.0,41.0,39.0,40.0,31.0,0.85,0.12,-41.62,4506.0,20.0,6.0,1.0,5.0,2.0,0.99,0.3,-3.75,4506.0,2563.0,636.0,482.0,327.0,248.0,0.92,0.25,-406.92,4506.0,205.0,36.0,29.0,42.0,15.0,0.8,0.18,-58.6,1.0,0.0,0.0,1.0,0.0,0.0,Turgeon,5125.0,212.0,45.0,27.0,25.0,19.0,1.14,0.21,-0.44,Goldflake (FR),13.0,3.0,0.0,0.0,1.0,0.0,0.0,0.0,-3.0,Clovis Du Berlais (FR),424.0,25.0,2.0,3.0,1.0,4.0,0.49,0.08,-15.88,0.0,Turgeon,5125.0,285.0,50.0,38.0,30.0,21.0,1.03,0.18,-65.29,Goldflake (FR),13.0,1.0,0.0,0.0,0.0,0.0,0.0,0.0,-1.0,Clovis Du Berlais (FR),424.0,8.0,0.0,2.0,0.0,0.0,0.0,0.0,-8.0,0.18,0.0,0.0,0.21,0.0,0.08,0.41,0.0,0.25,0.46,0.33,0.24,0.03,-1.0,-1.0,0.14,-1.0,-0.51,0.06,0.1,0.17,0.49,0.0,0.25,0.55,0.33,0.4,0.42,0.0,0.0,0.46,0.0,0.33,8.55,-1.0,-8.0,29.68,-3.0,-12.75,0.06,0.08,0.02,0.04,0.23,0.06,2,3,1,4,2.5
rac_11577332,Cheltenham,crs_286,"Apr 17, 2025",1:35,17.0,1,1,9,1,1,8,hrs_44199071,Lagoon Nebula,4,Andrew Kinirons,trn_338886,5,0,0.0,Stay Wut Her Jonny Syndicate,own_1417920,0,145,113.0,98.0,Sean O'Keeffe,jky_295554,28,40.0,17.0,Psychometry,dam_5891445,Ulysses,sir_6125343,Danehill Dancer,dsi_728077,2719.0,41.0,3.0,2.0,3.0,5.0,1.55,0.07,8.0,2719.0,3.0,0.0,0.0,0.0,0.0,0.0,0.0,-3.0,2719.0,7.0,0.0,2.0,0.0,0.0,0.0,0.0,-7.0,2719.0,148.0,13.0,12.0,14.0,19.0,0.9,0.09,-54.42,0.0,0.0,0.0,0.0,0.0,0.0,Danehill Dancer,19335.0,194.0,27.0,24.0,26.0,17.0,1.01,0.14,-28.34,0,0.0,0.0,0.0,0.0,0.0,0.0,0.0,0.0,0.0,Ulysses (IRE),1688.0,9.0,1.0,1.0,1.0,2.0,1.54,0.11,-4.0,0.0,Danehill Dancer,19335.0,667.0,90.0,76.0,84.0,74.0,1.03,0.13,-81.86,Psychometry (FR),83.0,2.0,0.0,0.0,0.0,0.0,0.0,0.0,-2.0,Ulysses (IRE),1688.0,64.0,7.0,5.0,11.0,9.0,0.83,0.11,-1.32,0.13,0.0,0.11,0.14,0.0,0.11,0.37,0.0,0.36,0.4,0.0,0.33,0.03,-1.0,-0.17,0.01,0.0,0.54,0.08,0.08,0.0,0.49,0.0,0.5,0.48,0.0,0.56,0.36,0.0,0.3,0.35,0.0,0.33,20.01,-2.0,-10.88,1.94,0.0,4.86,0.03,0.02,0.04,0.01,0.0,0.01,5,9,6,0,5.0
rac_11577332,Cheltenham,crs_286,"Apr 17, 2025",1:35,17.0,1,1,9,1,1,8,hrs_46450201,Maxios Prime,4,P J Rothwell,trn_122130,17,2,0.12,Living Life to The Maxios Syndicate,own_1403628,0,142,120.0,72.0,Jonathan Burke,jky_275277,54,53.0,6.0,A Pasqualina,dam_46450194,Maxios,sir_5369000,Walk In The Park,dsi_4218179,4451.0,187.0,12.0,19.0,16.0,14.0,0.73,0.06,-107.67,0.0,0.0,0.0,0.0,0.0,0.0,0.0,0.0,0.0,4451.0,6.0,0.0,0.0,0.0,0.0,0.0,0.0,-6.0,4451.0,178.0,27.0,32.0,20.0,12.0,1.02,0.15,-27.4,0.0,0.0,0.0,0.0,0.0,0.0,Walk In The Park,130.0,9.0,0.0,1.0,1.0,2.0,0.0,0.0,-9.0,0,0.0,0.0,0.0,0.0,0.0,0.0,0.0,0.0,0.0,Maxios (GB),1837.0,73.0,12.0,9.0,12.0,12.0,0.97,0.16,4.66,0.0,Walk In The Park,130.0,10.0,3.0,2.0,1.0,2.0,0.91,0.3,-4.98,0,0.0,0.0,0.0,0.0,0.0,0.0,0.0,0.0,0.0,Maxios (GB),1837.0,52.0,4.0,4.0,3.0,4.0,0.71,0.08,-33.75,0.3,0.0,0.08,0.0,0.0,0.16,0.6,0.0,0.21,0.22,0.0,0.45,-0.09,0.0,-0.29,-1.0,0.0,-0.03,0.13,0.05,0.0,0.8,0.0,0.29,0.44,0.0,0.62,0.5,0.0,0.36,0.0,0.0,0.36,-0.9,0.0,-15.08,-9.0,0.0,-2.19,0.08,0.0,0.03,0.07,0.0,0.04,0,0,0,0,0.0
rac_11577332,Cheltenham,crs_286,"Apr 17, 2025",1:35,17.0,1,1,9,1,1,8,hrs_48644680,Analiese,4,Mel Rowley,trn_342864,11,0,0.0,Four Gents,own_1309348,0,142,118.0,102.0,Toby Wynne,jky_300246,38,27.0,19.0,Amourice,dam_10407754,Harzand,sir_6281926,Authorized,dsi_4645585,535.0,9.0,0.0,2.0,0.0,0.0,0.0,0.0,-9.0,0.0,0.0,0.0,0.0,0.0,0.0,0.0,0.0,0.0,535.0,3.0,0.0,0.0,0.0,1.0,0.0,0.0,-3.0,535.0,30.0,1.0,2.0,4.0,6.0,0.26,0.03,-25.0,0.0,0.0,0.0,0.0,0.0,0.0,Authorized,2701.0,47.0,9.0,6.0,4.0,5.0,1.15,0.19,2.63,0,0.0,0.0,0.0,0.0,0.0,0.0,0.0,0.0,0.0,Harzand (IRE),691.0,21.0,3.0,2.0,3.0,4.0,0.72,0.14,-12.82,0.0,Authorized,2701.0,110.0,15.0,5.0,11.0,15.0,1.21,0.14,-6.82,Amourice (IRE),3.0,1.0,0.0,0.0,0.0,1.0,0.0,0.0,-1.0,Harzand (IRE),691.0,12.0,0.0,1.0,0.0,1.0,0.0,0.0,-12.0,0.14,0.0,0.0,0.19,0.0,0.14,0.28,0.0,0.08,0.4,0.0,0.38,0.21,-1.0,-1.0,0.15,0.0,-0.28,0.05,0.11,0.0,0.42,1.0,0.17,0.51,0.0,0.57,0.48,0.0,0.0,0.47,0.0,0.38,23.1,-1.0,-12.0,7.05,0.0,-5.88,0.04,0.33,0.02,0.02,0.0,0.03,4,1,4,0,2.25
rac_11577332,Cheltenham,crs_286,"Apr 17, 2025",1:35,17.0,1,1,9,1,1,8,hrs_46265548,Sophie Power,4,Harriet Dickin,trn_355509,3,0,0.0,Matt Fitzgerald And The Songsters,own_1255100,0,142,104.0,71.0,James Best,jky_273690,61,0.0,29.0,Calling All Angels,dam_4906741,Doctor Dino,sir_4223408,Ange Gabriel,dsi_3841467,4293.0,89.0,5.0,6.0,6.0,8.0,0.9,0.06,-9.0,4293.0,1.0,0.0,0.0,1.0,0.0,0.0,0.0,-1.0,4293.0,18.0,2.0,1.0,4.0,1.0,1.38,0.11,-11.62,4293.0,237.0,15.0,17.0,20.0,26.0,1.03,0.06,-37.0,0.0,0.0,0.0,0.0,0.0,0.0,Ange Gabriel,285.0,14.0,2.0,1.0,2.0,1.0,0.73,0.14,-9.84,Calling All Angels (FR),60.0,1.0,0.0,0.0,0.0,1.0,0.0,0.0,-1.0,Doctor Dino (FR),2372.0,149.0,32.0,15.0,17.0,19.0,1.08,0.21,136.26,0.0,Ange Gabriel,285.0,4.0,0.0,1.0,0.0,0.0,0.0,0.0,-4.0,0,0.0,0.0,0.0,0.0,0.0,0.0,0.0,0.0,0.0,Doctor Dino (FR),2372.0,148.0,25.0,27.0,15.0,15.0,0.93,0.17,-32.84,0.0,0.0,0.17,0.14,0.0,0.21,0.25,0.0,0.45,0.36,0.0,0.43,-1.0,0.0,-0.07,-0.27,-1.0,0.08,0.06,0.12,0.0,0.25,0.0,0.55,0.43,1.0,0.56,0.0,0.0,0.37,0.4,0.0,0.5,-4.0,0.0,-10.36,-3.78,-1.0,11.92,0.01,0.0,0.06,0.05,0.02,0.06,0,4,4,0,2.0
rac_11577332,Cheltenham,crs_286,"Apr 17, 2025",1:35,17.0,1,1,9,1,1,8,hrs_36878772,Our Lil,4,Dan Skelton,trn_146430,44,7,0.16,Paddy Brennan Racing Syndicate Our Lil,own_1404676,0,142,114.0,74.0,Miss Heidi Palin(7),jky_306519,34,50.0,17.0,Lorgnette,dam_6313538,Cable Bay,sir_5860085,Galileo,dsi_3722383,67.0,3.0,0.0,0.0,0.0,1.0,0.0,0.0,-3.0,0.0,0.0,0.0,0.0,0.0,0.0,0.0,0.0,0.0,67.0,50.0,8.0,5.0,6.0,3.0,1.11,0.16,3.51,67.0,5.0,0.0,0.0,0.0,0.0,0.0,0.0,-5.0,0.0,0.0,0.0,0.0,0.0,0.0,Galileo,27740.0,375.0,47.0,50.0,46.0,45.0,0.81,0.13,-53.84,0,0.0,0.0,0.0,0.0,0.0,0.0,0.0,0.0,0.0,Cable Bay (IRE),3024.0,9.0,1.0,1.0,0.0,1.0,1.79,0.11,0.0,0.0,Galileo,27740.0,1256.0,167.0,162.0,142.0,129.0,0.95,0.13,-188.09,0,0.0,0.0,0.0,0.0,0.0,0.0,0.0,0.0,0.0,Cable Bay (IRE),3024.0,131.0,11.0,16.0,11.0,16.0,0.79,0.08,-72.75,0.13,0.0,0.08,0.13,0.0,0.11,0.38,0.0,0.29,0.38,0.0,0.22,-0.05,0.0,-0.21,-0.19,0.0,0.79,0.07,0.08,0.0,0.48,0.0,0.41,0.5,0.0,0.33,0.35,0.0,0.29,0.33,0.0,0.5,-62.8,0.0,-27.51,-71.25,0.0,7.11,0.05,0.0,0.04,0.01,0.0,0.0,4,3,1,0,2.0
rac_11577293,Cheltenham,crs_286,"Apr 17, 2025",2:10,25.5,2,2,14,1,1,21,hrs_33080607,Coco Mademoiselle,7,Dan Skelton,trn_146430,44,7,0.16,Garry Wilson,own_660636,0,168,129.0,122.0,Harry Skelton,jky_255654,40,50.0,4.33,Towermore Lass,dam_4796533,Doyen,sir_3983700,Presenting,dsi_676165,7139.0,439.0,51.0,45.0,49.0,51.0,0.82,0.12,-156.7,7139.0,46.0,11.0,12.0,9.0,3.0,0.87,0.24,-14.47,7139.0,5531.0,1185.0,946.0,776.0,586.0,0.9,0.21,-830.6,7139.0,78.0,22.0,13.0,4.0,12.0,1.28,0.28,12.65,0.0,0.0,0.0,0.0,0.0,0.0,Presenting,17791.0,200.0,35.0,30.0,27.0,22.0,1.0,0.17,-29.0,0,0.0,0.0,0.0,0.0,0.0,0.0,0.0,0.0,0.0,Doyen (IRE),6534.0,41.0,6.0,4.0,7.0,3.0,1.13,0.15,-6.88,0.0,Presenting,17791.0,575.0,74.0,68.0,54.0,61.0,0.94,0.13,-103.83,Towermore Lass (IRE),10.0,1.0,0.0,1.0,0.0,0.0,0.0,0.0,-1.0,Doyen (IRE),6534.0,287.0,32.0,42.0,20.0,38.0,0.81,0.11,-85.53,0.13,0.0,0.11,0.18,0.0,0.15,0.34,1.0,0.33,0.46,0.0,0.41,-0.06,-1.0,-0.19,0.0,0.0,0.13,0.08,0.11,0.0,0.45,1.0,0.46,0.57,0.0,0.49,0.38,0.0,0.34,0.38,0.0,0.35,-34.5,-1.0,-54.53,0.0,0.0,5.33,0.03,0.1,0.04,0.01,0.0,0.01,1,2,2,6,2.75
rac_11577293,Cheltenham,crs_286,"Apr 17, 2025",2:10,25.5,2,2,14,1,1,21,hrs_20597878,Sainte Doctor,9,Neil Mulholland,trn_184059,15,3,0.2,John P McManus,own_83548,0,168,127.0,110.0,Richie McLernon,jky_251094,15,47.0,5.5,Pakoonah,dam_8688379,Doctor Dino,sir_4223408,Poliglote,dsi_633759,5292.0,134.0,8.0,6.0,5.0,6.0,0.99,0.06,-41.5,5292.0,1802.0,209.0,157.0,165.0,155.0,0.99,0.12,-258.38,5292.0,259.0,35.0,21.0,22.0,16.0,1.19,0.14,22.05,5292.0,75.0,11.0,6.0,10.0,8.0,1.17,0.15,0.0,0.0,0.0,0.0,0.0,0.0,0.0,Poliglote,4243.0,15.0,6.0,0.0,1.0,2.0,2.33,0.4,9.38,0,0.0,0.0,0.0,0.0,0.0,0.0,0.0,0.0,0.0,Doctor Dino (FR),2372.0,7.0,2.0,2.0,0.0,0.0,1.56,0.29,2.5,0.0,Poliglote,4243.0,197.0,26.0,23.0,15.0,20.0,0.92,0.13,-32.03,0,0.0,0.0,0.0,0.0,0.0,0.0,0.0,0.0,0.0,Doctor Dino (FR),2372.0,65.0,20.0,9.0,6.0,6.0,1.82,0.31,62.85,0.13,0.0,0.31,0.4,0.0,0.29,0.32,0.0,0.54,0.47,0.0,0.57,-0.08,0.0,0.82,1.33,0.0,0.56,0.15,0.23,0.0,0.43,0.0,0.63,0.6,0.0,0.57,0.41,0.0,0.57,0.86,0.0,0.5,-15.76,0.0,53.3,19.95,0.0,3.92,0.05,0.0,0.03,0.0,0.0,0.0,3,5,3,1,3.0
rac_11577293,Cheltenham,crs_286,"Apr 17, 2025",2:10,25.5,2,2,14,1,1,21,hrs_24495849,Malaita,9,Mel Rowley,trn_342864,11,0,0.0,Four Gents,own_1309348,0,165,130.0,86.0,Murray Dodd(7),jky_300534,54,27.0,13.0,Aimela,dam_4253263,Malinas,sir_4209772,Sagamix,dsi_3208429,102.0,4.0,1.0,0.0,0.0,0.0,7.03,0.25,8.0,0.0,0.0,0.0,0.0,0.0,0.0,0.0,0.0,0.0,102.0,6.0,1.0,2.0,0.0,0.0,1.28,0.17,5.0,102.0,1.0,1.0,0.0,0.0,0.0,12.0,1.0,11.0,0.0,0.0,0.0,0.0,0.0,0.0,Sagamix,753.0,4.0,0.0,1.0,0.0,0.0,0.0,0.0,-4.0,0,0.0,0.0,0.0,0.0,0.0,0.0,0.0,0.0,0.0,Malinas (GER),3336.0,51.0,8.0,13.0,4.0,4.0,0.91,0.16,20.07,0.0,Sagamix,753.0,13.0,2.0,2.0,1.0,1.0,1.46,0.15,11.75,Aimela (FR),62.0,3.0,1.0,0.0,1.0,0.0,2.88,0.33,18.0,Malinas (GER),3336.0,208.0,21.0,36.0,28.0,23.0,0.65,0.1,-83.67,0.15,0.33,0.1,0.0,0.0,0.16,0.38,0.67,0.41,0.25,0.0,0.49,0.46,1.88,-0.35,-1.0,0.0,-0.09,0.19,0.05,0.0,0.46,0.67,0.52,0.25,0.0,0.57,0.4,0.5,0.25,0.0,0.0,0.32,5.98,5.64,-72.8,-4.0,0.0,-4.59,0.02,0.05,0.06,0.01,0.0,0.02,6,3,2,7,4.5
rac_11577293,Cheltenham,crs_286,"Apr 17, 2025",2:10,25.5,2,2,14,1,1,21,hrs_24495849,Malaita,9,Mel Rowley,trn_342864,11,0,0.0,Four Gents,own_1309348,0,165,130.0,86.0,Murray Dodd(7),jky_300534,54,27.0,13.0,Aimela,dam_4253263,Malinas,sir_4209772,Sagamix,dsi_3208429,102.0,4.0,1.0,0.0,0.0,0.0,7.03,0.25,8.0,0.0,0.0,0.0,0.0,0.0,0.0,0.0,0.0,0.0,102.0,6.0,1.0,2.0,0.0,0.0,1.28,0.17,5.0,102.0,1.0,1.0,0.0,0.0,0.0,12.0,1.0,11.0,0.0,0.0,0.0,0.0,0.0,0.0,Sagamix,753.0,4.0,0.0,1.0,0.0,0.0,0.0,0.0,-4.0,0,0.0,0.0,0.0,0.0,0.0,0.0,0.0,0.0,0.0,Malinas (GER),3336.0,51.0,8.0,13.0,4.0,4.0,0.91,0.16,20.07,0.0,Sagamix,753.0,13.0,2.0,2.0,1.0,1.0,1.46,0.15,11.75,Aimela (FR),62.0,3.0,1.0,0.0,1.0,0.0,2.88,0.33,18.0,Malinas (GER),3336.0,208.0,21.0,36.0,28.0,23.0,0.65,0.1,-83.67,0.15,0.33,0.1,0.0,0.0,0.16,0.38,0.67,0.41,0.25,0.0,0.49,0.46,1.88,-0.35,-1.0,0.0,-0.09,0.19,0.05,0.0,0.46,0.67,0.52,0.25,0.0,0.57,0.4,0.5,0.25,0.0,0.0,0.32,5.98,5.64,-72.8,-4.0,0.0,-4.59,0.02,0.05,0.06,0.01,0.0,0.02,6,3,2,7,4.5
rac_11577293,Cheltenham,crs_286,"Apr 17, 2025",2:10,25.5,2,2,14,1,1,21,hrs_20722443,Lagonda,10,Venetia Williams,trn_87714,4,0,0.0,Mrs S M Newell,own_13688,0,160,124.0,110.0,Shane Quinlan(3),jky_279354,32,0.0,17.0,Lago D'Oro,dam_4116777,Great Pretender,sir_3845786,Slip Anchor,dsi_2126138,733.0,12.0,1.0,0.0,0.0,1.0,1.24,0.08,5.0,733.0,14.0,2.0,5.0,4.0,1.0,1.01,0.14,-3.25,733.0,102.0,16.0,19.0,11.0,9.0,0.99,0.16,-22.04,733.0,9.0,1.0,1.0,0.0,1.0,1.01,0.11,-6.5,1.0,0.0,0.0,0.0,0.0,0.0,Slip Anchor,8432.0,38.0,4.0,3.0,4.0,2.0,0.88,0.11,-7.5,Lago D'Oro (GB),71.0,1.0,0.0,0.0,0.0,0.0,0.0,0.0,-1.0,Great Pretender (IRE),2993.0,35.0,7.0,4.0,3.0,4.0,1.09,0.2,15.68,0.0,Slip Anchor,8432.0,373.0,25.0,30.0,28.0,34.0,0.71,0.07,-95.37,Lago D'Oro (GB),71.0,3.0,0.0,0.0,0.0,0.0,0.0,0.0,-3.0,Great Pretender (IRE),2993.0,119.0,20.0,11.0,14.0,14.0,1.13,0.17,47.95,0.07,0.0,0.17,0.11,0.0,0.2,0.22,0.0,0.38,0.29,0.0,0.4,-0.29,-1.0,0.13,-0.12,-1.0,0.09,0.08,0.1,0.1,0.31,0.0,0.5,0.34,0.0,0.51,0.3,0.0,0.44,0.36,0.0,0.5,-108.17,-3.0,15.47,-4.56,-1.0,3.15,0.04,0.04,0.04,0.0,0.01,0.01,3,2,3,1,2.25
rac_11577293,Cheltenham,crs_286,"Apr 17, 2025",2:10,25.5,2,2,14,1,1,21,hrs_34859706,Lady Jago,6,Dan Skelton,trn_146430,44,7,0.16,Robert Kirkland,own_8040,0,157,129.0,95.0,Charlie Todd,jky_291648,3,50.0,8.5,Clara Mc Cloud,dam_5652353,Getaway,sir_4602430,Cloudings,dsi_3234854,1145.0,18.0,1.0,0.0,2.0,1.0,0.91,0.06,-13.5,0.0,0.0,0.0,0.0,0.0,0.0,0.0,0.0,0.0,1145.0,46.0,5.0,4.0,4.0,4.0,1.55,0.11,-16.5,1145.0,18.0,2.0,2.0,0.0,2.0,1.22,0.11,-5.8,0.0,0.0,0.0,0.0,0.0,0.0,Cloudings,1210.0,5.0,1.0,1.0,0.0,0.0,1.08,0.2,3.5,0,0.0,0.0,0.0,0.0,0.0,0.0,0.0,0.0,0.0,Getaway (GER),9107.0,82.0,12.0,17.0,9.0,7.0,0.96,0.15,20.38,0.0,Cloudings,1210.0,29.0,4.0,4.0,2.0,3.0,1.11,0.14,6.83,Clara Mc Cloud (IRE),24.0,1.0,0.0,0.0,0.0,0.0,0.0,0.0,-1.0,Getaway (GER),9107.0,332.0,39.0,28.0,43.0,35.0,0.87,0.12,-42.42,0.14,0.0,0.12,0.2,0.0,0.15,0.34,0.0,0.33,0.4,0.0,0.46,0.11,-1.0,-0.13,0.08,0.0,-0.04,0.09,0.12,0.0,0.45,0.0,0.44,0.4,0.0,0.55,0.4,0.0,0.35,0.5,0.0,0.32,3.19,-1.0,-43.16,0.4,0.0,-3.28,0.02,0.04,0.04,0.0,0.0,0.01,2,3,6,0,2.75
rac_11577293,Cheltenham,crs_286,"Apr 17, 2025",2:10,25.5,2,2,14,1,1,21,hrs_27593685,Minniemum,8,Henry Daly,trn_117027,6,1,0.17,"Strachan, Corbett, Salwey, Inkin, Griffith, Graham",own_1242540,0,156,130.0,69.0,Sam Twiston-Davies,jky_264069,17,33.0,10.0,Mighty Minnie,dam_5950651,Telescope,sir_5728562,Sir Harry Lewis,dsi_65219,9959.0,727.0,71.0,76.0,81.0,70.0,0.81,0.1,-239.61,9959.0,5.0,2.0,1.0,1.0,0.0,1.88,0.4,8.12,9959.0,118.0,20.0,21.0,16.0,12.0,1.09,0.17,4.23,9959.0,184.0,37.0,20.0,27.0,22.0,1.18,0.2,32.13,2.0,0.0,0.0,0.0,0.0,0.0,Sir Harry Lewis,1627.0,12.0,3.0,1.0,3.0,1.0,1.43,0.25,6.7,Mighty Minnie (GB),25.0,2.0,0.0,0.0,0.0,0.0,0.0,0.0,-2.0,Telescope (IRE),1253.0,14.0,0.0,2.0,1.0,4.0,0.0,0.0,-14.0,0.0,Sir Harry Lewis,1627.0,83.0,7.0,7.0,15.0,10.0,0.76,0.08,-30.17,Mighty Minnie (GB),25.0,1.0,0.0,0.0,0.0,0.0,0.0,0.0,-1.0,Telescope (IRE),1253.0,27.0,1.0,4.0,1.0,2.0,0.38,0.04,-23.5,0.08,0.0,0.04,0.25,0.0,0.0,0.35,0.0,0.22,0.58,0.0,0.21,-0.24,-1.0,-0.62,0.43,-1.0,-1.0,0.04,0.08,0.2,0.47,0.0,0.3,0.67,0.0,0.5,0.24,0.0,0.17,0.43,0.0,0.0,-19.92,-1.0,-16.74,5.16,-2.0,-14.0,0.05,0.04,0.02,0.01,0.08,0.01,7,6,3,3,4.75
rac_11577293,Cheltenham,crs_286,"Apr 17, 2025",2:10,25.5,2,2,14,1,1,21,hrs_29117165,Moviddy,9,Noel Williams,trn_257247,2,0,0.0,Noel Fehily Racing Syndicates - Moviddy,own_1297176,0,155,132.0,109.0,Jonathan Burke,jky_275277,24,0.0,8.0,Killiney Gold,dam_29117410,Urban Poet,sir_4997909,Golden Tornado,dsi_4249532,4451.0,187.0,12.0,19.0,16.0,14.0,0.73,0.06,-107.67,4451.0,10.0,1.0,2.0,4.0,2.0,0.46,0.1,-7.0,4451.0,29.0,4.0,7.0,7.0,5.0,0.7,0.14,-13.75,4451.0,47.0,6.0,6.0,4.0,8.0,0.99,0.13,-20.38,1.0,0.0,0.0,0.0,1.0,0.0,Golden Tornado,175.0,1.0,0.0,0.0,0.0,1.0,0.0,0.0,-1.0,Killiney Gold (IRE),18.0,1.0,0.0,0.0,0.0,1.0,0.0,0.0,-1.0,Urban Poet (USA),426.0,6.0,1.0,2.0,0.0,1.0,1.3,0.17,2.0,0.0,Golden Tornado,175.0,16.0,4.0,2.0,4.0,3.0,1.44,0.25,1.75,Killiney Gold (IRE),18.0,2.0,0.0,1.0,0.0,1.0,0.0,0.0,-2.0,Urban Poet (USA),426.0,2.0,0.0,1.0,0.0,1.0,0.0,0.0,-2.0,0.25,0.0,0.0,0.0,0.0,0.17,0.62,0.5,0.5,0.0,0.0,0.5,0.44,-1.0,-1.0,-1.0,-1.0,0.3,0.08,0.06,0.12,0.81,1.0,1.0,1.0,1.0,0.67,0.4,0.0,0.0,0.0,0.0,0.33,7.04,-2.0,-2.0,-1.0,-1.0,1.8,0.09,0.11,0.0,0.01,0.06,0.01,6,8,3,2,4.75
rac_11577293,Cheltenham,crs_286,"Apr 17, 2025",2:10,25.5,2,2,14,1,1,21,hrs_34320384,Kosasiempre,7,Stuart Edmunds,trn_271593,1,0,0.0,Fakenham Race Club,own_1291892,0,154,131.0,122.0,Harry Reed,jky_279831,41,100.0,13.0,Cosavita,dam_4829594,Masked Marvel,sir_5344241,Comte Du Bourg,dsi_383782,1660.0,21.0,1.0,3.0,0.0,0.0,0.94,0.05,0.0,0.0,0.0,0.0,0.0,0.0,0.0,0.0,0.0,0.0,1660.0,1.0,0.0,1.0,0.0,0.0,0.0,0.0,-1.0,1660.0,18.0,4.0,4.0,2.0,1.0,1.17,0.22,5.25,0.0,0.0,0.0,0.0,0.0,0.0,Comte Du Bourg,145.0,1.0,0.0,0.0,0.0,0.0,0.0,0.0,-1.0,0,0.0,0.0,0.0,0.0,0.0,0.0,0.0,0.0,0.0,Masked Marvel (GB),1018.0,1.0,0.0,1.0,0.0,0.0,0.0,0.0,-1.0,0.0,Comte Du Bourg,145.0,2.0,0.0,1.0,0.0,1.0,0.0,0.0,-2.0,Cosavita (FR),64.0,2.0,0.0,1.0,0.0,1.0,0.0,0.0,-2.0,Masked Marvel (GB),1018.0,40.0,10.0,3.0,2.0,5.0,1.51,0.25,19.12,0.0,0.0,0.25,0.0,0.0,0.0,0.5,0.5,0.38,0.0,0.0,1.0,-1.0,-1.0,0.51,-1.0,0.0,-1.0,0.08,0.0,0.0,1.0,1.0,0.5,0.0,0.0,1.0,0.0,0.0,0.67,0.0,0.0,0.0,-2.0,-2.0,20.4,-1.0,0.0,-1.0,0.01,0.03,0.04,0.01,0.0,0.0,2,3,1,2,2.0
rac_11577293,Cheltenham,crs_286,"Apr 17, 2025",2:10,25.5,2,2,14,1,1,21,hrs_24769500,Happy d'Ex,8,Sheila Lewis,trn_238266,4,0,0.0,Graham Wilson,own_1023924,0,152,125.0,82.0,Harry Kimber,jky_295911,15,25.0,41.0,Soiree D'Ex,dam_3607492,Saddler Maker,sir_3660062,Fragrant Mix,dsi_3223696,817.0,9.0,1.0,0.0,1.0,1.0,1.04,0.11,-5.25,817.0,1.0,0.0,0.0,1.0,0.0,0.0,0.0,-1.0,817.0,18.0,1.0,1.0,2.0,2.0,0.68,0.06,-10.5,817.0,17.0,2.0,1.0,5.0,0.0,0.82,0.12,-7.3,0.0,0.0,0.0,0.0,0.0,0.0,Fragrant Mix,630.0,3.0,0.0,0.0,0.0,0.0,0.0,0.0,-3.0,0,0.0,0.0,0.0,0.0,0.0,0.0,0.0,0.0,0.0,Saddler Maker (IRE),2025.0,24.0,7.0,2.0,6.0,2.0,1.33,0.29,6.9,0.0,Fragrant Mix,630.0,9.0,2.0,1.0,1.0,1.0,1.07,0.22,-2.5,0,0.0,0.0,0.0,0.0,0.0,0.0,0.0,0.0,0.0,Saddler Maker (IRE),2025.0,116.0,16.0,15.0,13.0,11.0,1.09,0.14,-19.52,0.22,0.0,0.14,0.0,0.0,0.29,0.44,0.0,0.38,0.0,0.0,0.62,0.07,0.0,0.09,-1.0,0.0,0.33,0.12,0.1,0.0,0.56,0.0,0.47,0.0,0.0,0.71,0.5,0.0,0.36,0.0,0.0,0.47,0.63,0.0,10.44,-3.0,0.0,7.92,0.01,0.0,0.06,0.0,0.0,0.01,0,6,6,3,3.75
rac_11577293,Cheltenham,crs_286,"Apr 17, 2025",2:10,25.5,2,2,14,1,1,21,hrs_29621746,Another Day Out,7,Martin Keighley,trn_140778,18,1,0.06,Lloyd Bailey Jessup & Proctor,own_1314384,0,151,131.0,122.0,James Best,jky_273690,8,39.0,12.0,Earthshan,dam_25578987,Ocovango,sir_5603829,Anshan,dsi_344120,4293.0,89.0,5.0,6.0,6.0,8.0,0.9,0.06,-9.0,4293.0,6.0,2.0,1.0,0.0,1.0,1.8,0.33,5.5,4293.0,290.0,27.0,40.0,31.0,28.0,0.95,0.09,-81.76,4293.0,67.0,14.0,4.0,6.0,8.0,1.7,0.21,36.71,0.0,0.0,0.0,0.0,0.0,0.0,Anshan,6213.0,64.0,6.0,6.0,8.0,8.0,0.57,0.09,-48.34,Earthshan (IRE),28.0,1.0,0.0,0.0,0.0,0.0,0.0,0.0,-1.0,Ocovango (GB),2198.0,24.0,2.0,3.0,1.0,2.0,0.53,0.08,-13.5,0.0,Anshan,6213.0,205.0,20.0,20.0,12.0,22.0,0.8,0.1,-72.08,Earthshan (IRE),28.0,1.0,0.0,0.0,0.0,0.0,0.0,0.0,-1.0,Ocovango (GB),2198.0,71.0,10.0,10.0,5.0,8.0,0.96,0.14,-10.09,0.1,0.0,0.14,0.09,0.0,0.08,0.25,0.0,0.35,0.31,0.0,0.25,-0.2,-1.0,-0.04,-0.43,-1.0,-0.47,0.08,0.06,0.0,0.36,0.0,0.46,0.44,0.0,0.33,0.38,0.0,0.4,0.3,0.0,0.33,-41.0,-1.0,-2.84,-27.52,-1.0,-11.28,0.03,0.04,0.03,0.01,0.04,0.01,0,0,0,0,0.0
rac_11577293,Cheltenham,crs_286,"Apr 17, 2025",2:10,25.5,2,2,14,1,1,21,hrs_21250089,Gazette Bourgeoise,9,Ben Case,trn_124992,3,0,0.0,A H Harvey,own_125732,0,151,132.0,119.0,Jack Quinlan,jky_262584,32,33.0,17.0,Jasmine,dam_6326761,Spanish Moon,sir_4548635,Valanjou I,dsi_299999,3151.0,58.0,2.0,5.0,7.0,4.0,0.39,0.03,-49.25,3151.0,2.0,0.0,0.0,0.0,2.0,0.0,0.0,-2.0,3151.0,138.0,14.0,21.0,16.0,19.0,0.82,0.1,-66.97,3151.0,21.0,0.0,7.0,0.0,2.0,0.0,0.0,-21.0,2.0,1.0,0.0,0.0,0.0,0.5,Valanjou I,140.0,3.0,2.0,0.0,0.0,0.0,2.34,0.67,4.0,Jasmine (FR),64.0,3.0,2.0,0.0,0.0,0.0,2.34,0.67,4.0,Spanish Moon (USA),1374.0,8.0,1.0,1.0,0.0,1.0,1.04,0.12,-3.5,0.0,Valanjou I,140.0,5.0,0.0,1.0,0.0,2.0,0.0,0.0,-5.0,Jasmine (FR),64.0,5.0,0.0,1.0,0.0,2.0,0.0,0.0,-5.0,Spanish Moon (USA),1374.0,46.0,5.0,4.0,5.0,13.0,0.75,0.11,-6.52,0.0,0.0,0.11,0.67,0.67,0.12,0.2,0.2,0.3,0.67,0.67,0.25,-1.0,-1.0,-0.25,1.34,1.34,0.04,0.04,0.49,0.04,0.6,0.6,0.59,0.67,0.67,0.38,0.0,0.0,0.36,1.0,1.0,0.5,-5.0,-5.0,-11.5,4.02,4.02,0.32,0.04,0.08,0.03,0.02,0.05,0.01,2,4,1,4,2.75
rac_11577293,Cheltenham,crs_286,"Apr 17, 2025",2:10,25.5,2,2,14,1,1,21,hrs_22689086,So Said I,9,Joe Tizzard,trn_355275,10,1,0.1,And So Say All Of Us Partnership,own_1185704,0,150,131.0,116.0,Harry Cobden,jky_282690,17,40.0,11.0,Wassailing Queen,dam_5391603,Malinas,sir_4209772,Generous,dsi_405559,4506.0,350.0,41.0,39.0,40.0,31.0,0.85,0.12,-41.62,4506.0,4.0,1.0,1.0,1.0,1.0,1.25,0.25,-0.75,4506.0,26.0,4.0,0.0,5.0,2.0,1.23,0.15,25.5,4506.0,49.0,11.0,11.0,8.0,5.0,0.83,0.22,-0.84,0.0,0.0,0.0,0.0,0.0,0.0,Generous,7709.0,14.0,1.0,4.0,1.0,1.0,0.44,0.07,-10.5,0,0.0,0.0,0.0,0.0,0.0,0.0,0.0,0.0,0.0,Malinas (GER),3336.0,51.0,8.0,13.0,4.0,4.0,0.91,0.16,20.07,0.0,Generous,7709.0,325.0,22.0,28.0,39.0,36.0,0.63,0.07,-191.79,Wassailing Queen (GB),73.0,1.0,0.0,0.0,1.0,0.0,0.0,0.0,-1.0,Malinas (GER),3336.0,208.0,21.0,36.0,28.0,23.0,0.65,0.1,-83.67,0.07,0.0,0.1,0.07,0.0,0.16,0.27,1.0,0.41,0.43,0.0,0.49,-0.37,-1.0,-0.35,-0.56,0.0,-0.09,0.06,0.08,0.0,0.38,1.0,0.52,0.5,0.0,0.57,0.25,0.0,0.25,0.17,0.0,0.32,-120.25,-1.0,-72.8,-7.84,0.0,-4.59,0.04,0.01,0.06,0.0,0.0,0.02,2,2,3,0,1.75
rac_11577293,Cheltenham,crs_286,"Apr 17, 2025",2:10,25.5,2,2,14,1,1,21,hrs_20297137,Flintara,10,Richard J Bandey,trn_253314,5,0,0.0,Leith Hill Chasers,own_222944,0,150,131.0,82.0,Tom Cannon,jky_262509,32,40.0,17.0,Flinders,dam_3309327,Kayf Tara,sir_3297462,Henbit,dsi_2107546,5148.0,166.0,9.0,8.0,15.0,13.0,0.62,0.05,-87.38,5148.0,5.0,0.0,0.0,0.0,0.0,0.0,0.0,-5.0,5148.0,2.0,0.0,0.0,0.0,0.0,0.0,0.0,-2.0,5148.0,131.0,19.0,24.0,20.0,10.0,0.85,0.15,-10.12,1.0,0.0,1.0,0.0,0.0,0.0,Henbit,4482.0,31.0,8.0,5.0,3.0,2.0,1.88,0.26,36.12,Flinders (GB),82.0,4.0,0.0,1.0,0.0,0.0,0.0,0.0,-4.0,Kayf Tara (GB),13739.0,164.0,21.0,27.0,23.0,23.0,0.77,0.13,-35.83,0.0,Henbit,4482.0,109.0,14.0,10.0,8.0,3.0,1.24,0.13,9.08,Flinders (GB),82.0,1.0,0.0,1.0,0.0,0.0,0.0,0.0,-1.0,Kayf Tara (GB),13739.0,670.0,91.0,77.0,69.0,74.0,0.97,0.14,-38.37,0.13,0.0,0.14,0.26,0.0,0.13,0.29,1.0,0.35,0.52,0.25,0.43,0.24,-1.0,-0.03,0.88,-1.0,-0.23,0.09,0.13,0.14,0.32,1.0,0.46,0.58,0.25,0.57,0.44,0.0,0.38,0.5,0.0,0.3,26.16,-1.0,-20.1,27.28,-4.0,-37.72,0.02,0.01,0.05,0.01,0.05,0.01,2,2,0,4,2.0
rac_11577293,Cheltenham,crs_286,"Apr 17, 2025",2:10,25.5,2,2,14,1,1,21,hrs_24819592,Getbazoutofhere,9,Tom Gretton,trn_198873,0,0,0.0,I M Lewis,own_1212484,0,142,131.0,115.0,David Noonan,jky_274599,24,0.0,23.0,Present Your Case,dam_5087264,Gentlewave,sir_4572834,Presenting,dsi_676165,3381.0,76.0,5.0,4.0,7.0,3.0,1.07,0.07,-39.5,3381.0,14.0,2.0,3.0,4.0,1.0,1.17,0.14,-5.5,3381.0,114.0,4.0,7.0,11.0,9.0,0.68,0.04,-64.5,3381.0,44.0,3.0,4.0,6.0,5.0,0.56,0.07,-25.5,1.0,0.0,0.0,1.0,0.0,0.0,Presenting,17791.0,200.0,35.0,30.0,27.0,22.0,1.0,0.17,-29.0,Present Your Case (IRE),32.0,1.0,0.0,0.0,1.0,0.0,0.0,0.0,-1.0,Gentlewave (IRE),1502.0,7.0,1.0,0.0,4.0,1.0,1.18,0.14,4.0,0.0,Presenting,17791.0,575.0,74.0,68.0,54.0,61.0,0.94,0.13,-103.83,Present Your Case (IRE),32.0,2.0,0.0,0.0,0.0,0.0,0.0,0.0,-2.0,Gentlewave (IRE),1502.0,69.0,8.0,6.0,4.0,6.0,0.97,0.12,4.25,0.13,0.0,0.12,0.18,0.0,0.14,0.34,0.0,0.26,0.46,1.0,0.71,-0.06,-1.0,-0.03,0.0,-1.0,0.18,0.08,0.11,0.07,0.45,0.0,0.35,0.57,1.0,0.86,0.38,0.0,0.44,0.38,0.0,0.2,-34.5,-2.0,-2.07,0.0,-1.0,1.26,0.03,0.06,0.05,0.01,0.03,0.0,1,1,2,3,1.75
rac_11577319,Cheltenham,crs_286,"Apr 17, 2025",2:45,20.5,2,1,20,1,1,10,hrs_24638754,All The Glory,8,Jonjo & A J O'Neill,trn_372456,34,5,0.15,Coral Racing Club,own_1297740,0,168,132.0,105.0,Lewis Saunders(7),jky_303138,27,44.0,21.0,Glorybe,dam_5240620,Fame And Glory,sir_4871055,Monsun,dsi_593768,90.0,2.0,0.0,1.0,0.0,0.0,0.0,0.0,-2.0,0.0,0.0,0.0,0.0,0.0,0.0,0.0,0.0,0.0,0.0,0.0,0.0,0.0,0.0,0.0,0.0,0.0,0.0,90.0,10.0,4.0,2.0,0.0,1.0,2.06,0.4,17.75,4.0,2.0,1.0,0.0,0.0,0.5,Monsun,7796.0,103.0,11.0,19.0,5.0,6.0,0.83,0.11,-12.5,Glorybe (GER),52.0,8.0,2.0,3.0,0.0,0.0,2.17,0.25,24.0,Fame And Glory (GB),5676.0,323.0,41.0,50.0,33.0,27.0,0.89,0.13,-70.38,0.0,Monsun,7796.0,370.0,39.0,38.0,39.0,32.0,0.83,0.11,-96.66,Glorybe (GER),52.0,5.0,0.0,0.0,1.0,0.0,0.0,0.0,-5.0,Fame And Glory (GB),5676.0,235.0,34.0,27.0,29.0,25.0,0.95,0.14,-22.54,0.11,0.0,0.14,0.11,0.25,0.13,0.31,0.2,0.38,0.34,0.62,0.38,-0.17,-1.0,-0.05,-0.17,1.17,-0.11,0.08,0.16,0.43,0.4,0.2,0.49,0.4,0.62,0.47,0.34,0.0,0.38,0.31,0.4,0.33,-62.9,-5.0,-11.75,-17.51,9.36,-35.53,0.05,0.1,0.04,0.01,0.15,0.06,9,1,1,0,2.75
rac_11577319,Cheltenham,crs_286,"Apr 17, 2025",2:45,20.5,2,1,20,1,1,10,hrs_29608789,Pawapuri,6,Dan Skelton,trn_146430,44,7,0.16,Sullivan Group Limited,own_1423452,0,156,134.0,113.0,Harry Skelton,jky_255654,32,50.0,10.0,Palitana,dam_5351962,Golden Horn,sir_6057142,Giant's Causeway,dsi_3591329,7139.0,439.0,51.0,45.0,49.0,51.0,0.82,0.12,-156.7,7139.0,1.0,0.0,0.0,0.0,1.0,0.0,0.0,-1.0,7139.0,5531.0,1185.0,946.0,776.0,586.0,0.9,0.21,-830.6,7139.0,470.0,91.0,93.0,63.0,43.0,0.86,0.19,-48.85,0.0,0.0,0.0,0.0,0.0,0.0,Giant's Causeway,9936.0,50.0,4.0,4.0,2.0,4.0,0.82,0.08,-11.17,0,0.0,0.0,0.0,0.0,0.0,0.0,0.0,0.0,0.0,Golden Horn (GB),3061.0,41.0,3.0,6.0,5.0,4.0,0.41,0.07,-27.99,0.0,Giant's Causeway,9936.0,424.0,44.0,48.0,41.0,45.0,0.84,0.1,-150.78,Palitana (USA),44.0,7.0,2.0,1.0,0.0,0.0,1.01,0.29,-0.75,Golden Horn (GB),3061.0,286.0,32.0,39.0,25.0,24.0,0.76,0.11,-66.28,0.1,0.29,0.11,0.08,0.0,0.07,0.31,0.43,0.34,0.2,0.0,0.34,-0.16,0.01,-0.24,-0.18,0.0,-0.59,0.17,0.05,0.0,0.42,0.43,0.42,0.28,0.0,0.44,0.33,0.67,0.33,0.4,0.0,0.21,-67.84,0.07,-68.64,-9.0,0.0,-24.19,0.04,0.16,0.09,0.01,0.0,0.01,6,3,0,6,3.75
rac_11577319,Cheltenham,crs_286,"Apr 17, 2025",2:45,20.5,2,1,20,1,1,10,hrs_31134404,Sunday Soldier,7,David Killahena & Graeme McPherson,trn_365184,12,3,0.25,4 Left Footers & A Blewnose,own_832392,0,153,137.0,118.0,Richie McLernon,jky_251094,40,67.0,15.0,Fortunes Harvest,dam_31134397,Shantou,sir_740670,Soldier Of Fortune,dsi_4624284,5292.0,134.0,8.0,6.0,5.0,6.0,0.99,0.06,-41.5,5292.0,9.0,4.0,3.0,0.0,1.0,2.05,0.44,6.38,5292.0,16.0,4.0,4.0,1.0,1.0,1.42,0.25,-0.62,5292.0,276.0,33.0,26.0,25.0,27.0,1.11,0.12,-24.26,1.0,0.0,0.0,0.0,1.0,0.0,Soldier Of Fortune,387.0,3.0,0.0,0.0,0.0,1.0,0.0,0.0,-3.0,Fortunes Harvest (FR),30.0,1.0,0.0,0.0,0.0,1.0,0.0,0.0,-1.0,Shantou (USA),7319.0,292.0,34.0,37.0,31.0,36.0,0.83,0.12,-21.18,0.0,Soldier Of Fortune,387.0,14.0,2.0,5.0,0.0,1.0,0.92,0.14,-6.09,Fortunes Harvest (FR),30.0,1.0,1.0,0.0,0.0,0.0,6.0,1.0,5.0,Shantou (USA),7319.0,338.0,42.0,42.0,30.0,45.0,0.94,0.12,-13.42,0.14,1.0,0.12,0.0,0.0,0.12,0.5,1.0,0.34,0.0,0.0,0.35,-0.08,5.0,-0.06,-1.0,-1.0,-0.17,0.42,0.04,0.12,0.57,1.0,0.47,0.33,1.0,0.47,0.29,1.0,0.37,0.0,0.0,0.33,-1.12,5.0,-20.28,-3.0,-1.0,-49.64,0.04,0.03,0.05,0.01,0.03,0.04,5,2,2,9,4.5
rac_11577319,Cheltenham,crs_286,"Apr 17, 2025",2:45,20.5,2,1,20,1,1,10,hrs_27251007,Ile De Jersey,7,Nicky Henderson,trn_2799,34,7,0.21,Owners Group 094,own_1255252,0,153,134.0,112.0,Nico de Boinville,jky_262932,32,41.0,13.0,Zenita Des Brosses,dam_4504752,Night Wish,sir_5866273,Nononito,dsi_686308,3764.0,322.0,58.0,33.0,26.0,19.0,1.15,0.18,38.47,3764.0,10.0,2.0,2.0,2.0,1.0,0.72,0.2,-5.22,3764.0,2483.0,625.0,378.0,243.0,202.0,0.96,0.25,-185.38,3764.0,313.0,64.0,42.0,34.0,26.0,0.9,0.2,-43.35,0.0,0.0,0.0,0.0,0.0,0.0,Nononito,634.0,19.0,4.0,1.0,3.0,3.0,1.26,0.21,-5.6,Zenita Des Brosses (FR),61.0,4.0,1.0,0.0,1.0,0.0,1.59,0.25,-0.75,Night Wish (GER),150.0,7.0,1.0,0.0,1.0,0.0,1.23,0.14,-3.75,0.0,Nononito,634.0,7.0,0.0,1.0,0.0,0.0,0.0,0.0,-7.0,0,0.0,0.0,0.0,0.0,0.0,0.0,0.0,0.0,0.0,Night Wish (GER),150.0,3.0,0.0,1.0,0.0,0.0,0.0,0.0,-3.0,0.0,0.0,0.0,0.21,0.25,0.14,0.14,0.0,0.33,0.42,0.5,0.29,-1.0,0.0,-1.0,0.26,0.59,0.23,0.0,0.2,0.0,0.14,0.0,0.33,0.58,0.5,0.29,0.0,0.0,0.0,0.5,0.5,0.5,-7.0,0.0,-3.0,4.94,2.36,1.61,0.01,0.0,0.02,0.03,0.07,0.05,3,7,2,6,4.5
rac_11577319,Cheltenham,crs_286,"Apr 17, 2025",2:45,20.5,2,1,20,1,1,10,hrs_30208570,Batwomen,7,Neil Mulholland,trn_184059,15,3,0.2,Miss Jane Goddard,own_997760,0,153,140.0,104.0,Harriet Tucker(7),jky_293253,6,47.0,9.0,Avondhu Lady,dam_5135137,Presenting,sir_676165,Beneficial,dsi_530859,232.0,4.0,1.0,0.0,0.0,1.0,8.69,0.25,22.0,0.0,0.0,0.0,0.0,0.0,0.0,0.0,0.0,0.0,232.0,9.0,2.0,2.0,0.0,1.0,1.25,0.22,-1.3,232.0,13.0,0.0,0.0,5.0,0.0,0.0,0.0,-13.0,1.0,0.0,1.0,0.0,0.0,0.0,Beneficial,6618.0,376.0,55.0,37.0,36.0,32.0,1.1,0.15,-20.23,Avondhu Lady (IRE),15.0,1.0,0.0,1.0,0.0,0.0,0.0,0.0,-1.0,Presenting (GB),23216.0,828.0,108.0,89.0,84.0,75.0,0.94,0.13,-140.78,0.0,Beneficial,6618.0,169.0,28.0,20.0,18.0,10.0,1.06,0.17,-25.82,0,0.0,0.0,0.0,0.0,0.0,0.0,0.0,0.0,0.0,Presenting (GB),23216.0,836.0,90.0,88.0,93.0,81.0,0.81,0.11,-237.14,0.17,0.0,0.11,0.15,0.0,0.13,0.39,0.0,0.32,0.34,1.0,0.34,0.06,0.0,-0.19,0.1,-1.0,-0.06,0.09,0.09,0.0,0.45,0.0,0.42,0.43,1.0,0.43,0.42,0.0,0.33,0.43,0.0,0.38,10.14,0.0,-158.84,37.6,-1.0,-49.68,0.03,0.0,0.04,0.06,0.07,0.04,2,1,2,3,2.0
rac_11577319,Cheltenham,crs_286,"Apr 17, 2025",2:45,20.5,2,1,20,1,1,10,hrs_37563071,Epinephrine,5,Venetia Williams,trn_87714,4,0,0.0,C J Norton Esq,own_1409672,0,152,132.0,125.0,Charlie Deutsch,jky_276810,47,0.0,26.0,Brave D'Honneur,dam_4648938,No Risk At All,sir_5221342,Baroud D'Honneur,dsi_3127894,2535.0,161.0,15.0,18.0,14.0,13.0,1.04,0.09,48.25,2535.0,2.0,0.0,0.0,0.0,2.0,0.0,0.0,-2.0,2535.0,1594.0,251.0,209.0,185.0,189.0,0.88,0.16,-356.27,2535.0,144.0,17.0,16.0,13.0,18.0,0.88,0.12,-57.26,0.0,0.0,0.0,0.0,0.0,0.0,Baroud D'Honneur,319.0,6.0,0.0,0.0,1.0,2.0,0.0,0.0,-6.0,Brave D'Honneur (FR),46.0,2.0,0.0,0.0,0.0,1.0,0.0,0.0,-2.0,No Risk At All (FR),2308.0,83.0,18.0,8.0,4.0,9.0,1.12,0.22,-6.87,0.0,Baroud D'Honneur,319.0,9.0,1.0,3.0,1.0,2.0,0.77,0.11,-5.5,0,0.0,0.0,0.0,0.0,0.0,0.0,0.0,0.0,0.0,No Risk At All (FR),2308.0,102.0,9.0,12.0,18.0,10.0,0.61,0.09,97.0,0.11,0.0,0.09,0.0,0.0,0.22,0.56,0.0,0.38,0.17,0.0,0.36,-0.23,0.0,-0.39,-1.0,-1.0,0.12,0.07,0.07,0.0,0.78,0.0,0.48,0.5,0.5,0.47,0.2,0.0,0.23,0.0,0.0,0.6,-2.07,0.0,-39.78,-6.0,-2.0,9.96,0.03,0.0,0.04,0.02,0.04,0.04,3,4,4,1,3.0
rac_11577319,Cheltenham,crs_286,"Apr 17, 2025",2:45,20.5,2,1,20,1,1,10,hrs_30486232,Greyval,6,Fergal O'Brien,trn_125874,30,4,0.13,The Oakley Partnership,own_682068,0,152,132.0,116.0,Jonathan Burke,jky_275277,32,50.0,11.0,Valley Girl,dam_5761798,The Grey Gatsby,sir_5884984,Motivator,dsi_4131533,4451.0,187.0,12.0,19.0,16.0,14.0,0.73,0.06,-107.67,4451.0,6.0,1.0,0.0,2.0,1.0,0.79,0.17,0.0,4451.0,289.0,43.0,43.0,45.0,34.0,0.81,0.15,-95.53,4451.0,226.0,33.0,25.0,21.0,21.0,1.07,0.15,-49.92,0.0,0.0,0.0,0.0,0.0,0.0,Motivator,2923.0,14.0,0.0,1.0,2.0,0.0,0.0,0.0,-14.0,0,0.0,0.0,0.0,0.0,0.0,0.0,0.0,0.0,0.0,0,0.0,0.0,0.0,0.0,0.0,0.0,0.0,0.0,0.0,0.0,Motivator,2923.0,151.0,13.0,13.0,18.0,9.0,0.79,0.09,-19.78,Valley Girl (FR),18.0,3.0,0.0,0.0,1.0,1.0,0.0,0.0,-3.0,The Grey Gatsby (IRE),548.0,10.0,0.0,0.0,1.0,1.0,0.0,0.0,-10.0,0.09,0.0,0.0,0.0,0.0,0.0,0.29,0.33,0.1,0.21,0.0,0.0,-0.21,-1.0,-1.0,-1.0,0.0,0.0,0.03,0.0,0.0,0.35,0.67,0.2,0.21,0.0,0.0,0.3,0.0,0.0,0.0,0.0,0.0,-31.71,-3.0,-10.0,-14.0,0.0,0.0,0.05,0.17,0.02,0.0,0.0,0.0,4,6,3,2,3.75
rac_11577319,Cheltenham,crs_286,"Apr 17, 2025",2:45,20.5,2,1,20,1,1,10,hrs_27452719,Pretending,6,Lucy Wadham,trn_88209,6,2,0.33,James Summers,own_899528,0,151,138.0,116.0,Tom Cannon,jky_262509,47,50.0,9.0,Gala,dam_7198324,Make Believe,sir_6104063,Galileo,dsi_3722383,5148.0,166.0,9.0,8.0,15.0,13.0,0.62,0.05,-87.38,5148.0,13.0,2.0,4.0,0.0,3.0,0.74,0.15,-7.0,5148.0,115.0,23.0,24.0,11.0,14.0,1.28,0.2,13.7,5148.0,326.0,44.0,30.0,47.0,24.0,1.01,0.13,1.47,2.0,1.0,0.0,0.0,0.0,0.5,Galileo,27740.0,134.0,17.0,13.0,17.0,13.0,0.95,0.13,-40.17,Gala (GB),30.0,2.0,1.0,0.0,0.0,0.0,1.97,0.5,1.5,Make Believe (GB),2645.0,14.0,3.0,0.0,0.0,2.0,1.31,0.21,-3.05,0.0,Galileo,27740.0,1700.0,196.0,174.0,157.0,162.0,0.93,0.12,-200.2,Gala (GB),30.0,8.0,2.0,0.0,0.0,0.0,1.21,0.25,-0.75,Make Believe (GB),2645.0,124.0,10.0,15.0,12.0,15.0,0.64,0.08,-70.0,0.12,0.25,0.08,0.13,0.5,0.21,0.31,0.25,0.3,0.35,0.5,0.21,-0.07,0.21,-0.36,-0.05,0.97,0.31,0.15,0.28,0.14,0.41,0.25,0.42,0.45,0.5,0.36,0.37,1.0,0.27,0.36,1.0,1.0,-119.0,1.68,-44.64,-6.7,1.94,4.34,0.06,0.27,0.05,0.0,0.07,0.01,1,5,8,5,4.75
rac_11577319,Cheltenham,crs_286,"Apr 17, 2025",2:45,20.5,2,1,20,1,1,10,hrs_37701496,Shantwopointfive,7,Warren Greatrex,trn_198099,13,3,0.23,Both Ways Partnership,own_1352924,0,151,134.0,116.0,James Bowen,jky_290490,32,77.0,11.0,All The Best Mate,dam_5243644,Shantou,sir_740670,Alflora,dsi_468524,2935.0,93.0,11.0,8.0,9.0,7.0,1.03,0.12,-33.57,2935.0,10.0,4.0,2.0,1.0,1.0,2.34,0.4,12.0,2935.0,249.0,37.0,46.0,49.0,24.0,0.87,0.15,-17.1,2935.0,170.0,23.0,21.0,23.0,13.0,0.82,0.14,-59.61,2.0,1.0,0.0,0.0,0.0,0.5,Alflora,4411.0,205.0,20.0,35.0,21.0,19.0,0.77,0.1,-94.08,All The Best Mate (IRE),28.0,2.0,1.0,0.0,0.0,0.0,3.0,0.5,3.0,Shantou (USA),7319.0,292.0,34.0,37.0,31.0,36.0,0.83,0.12,-21.18,0.0,Alflora,4411.0,141.0,13.0,11.0,15.0,17.0,0.74,0.09,-57.38,All The Best Mate (IRE),28.0,3.0,1.0,0.0,2.0,0.0,1.56,0.33,1.0,Shantou (USA),7319.0,338.0,42.0,42.0,30.0,45.0,0.94,0.12,-13.42,0.09,0.33,0.12,0.1,0.5,0.12,0.28,1.0,0.34,0.37,0.5,0.35,-0.26,0.56,-0.06,-0.23,2.0,-0.17,0.18,0.24,0.14,0.4,1.0,0.47,0.46,0.5,0.47,0.33,0.33,0.37,0.26,1.0,0.33,-36.66,1.68,-20.28,-47.15,4.0,-49.64,0.03,0.11,0.05,0.05,0.07,0.04,2,1,5,1,2.25
rac_11577319,Cheltenham,crs_286,"Apr 17, 2025",2:45,20.5,2,1,20,1,1,10,hrs_40647103,Sunset Hill,6,Susan Corbett,trn_97254,11,1,0.09,"Ian Turnbull,Andybell,Mikesevers,Corbett",own_1400936,0,150,133.0,108.0,Nathan Moscrop,jky_259071,26,36.0,17.0,Sunset Times,dam_40225388,Kingston Hill,sir_5917226,Gold Well,dsi_4009047,1607.0,4.0,0.0,0.0,0.0,1.0,0.0,0.0,-4.0,1607.0,8.0,1.0,3.0,1.0,0.0,1.38,0.12,-1.5,1607.0,156.0,23.0,14.0,19.0,20.0,1.42,0.15,49.95,1607.0,95.0,11.0,7.0,15.0,10.0,1.12,0.12,4.36,2.0,0.0,1.0,0.0,0.0,0.0,Gold Well,452.0,21.0,1.0,2.0,2.0,3.0,0.49,0.05,-19.0,Sunset Times (IRE),14.0,2.0,0.0,1.0,0.0,0.0,0.0,0.0,-2.0,Kingston Hill (GB),984.0,46.0,3.0,7.0,3.0,3.0,0.61,0.07,-35.75,0.0,Gold Well,452.0,13.0,3.0,1.0,1.0,1.0,2.69,0.23,15.5,Sunset Times (IRE),14.0,1.0,0.0,1.0,0.0,0.0,0.0,0.0,-1.0,Kingston Hill (GB),984.0,36.0,4.0,4.0,2.0,5.0,1.05,0.11,2.33,0.23,0.0,0.11,0.05,0.0,0.07,0.38,1.0,0.28,0.24,0.5,0.28,1.69,-1.0,0.05,-0.51,-1.0,-0.39,0.11,0.04,0.11,0.46,1.0,0.42,0.38,0.5,0.35,0.6,0.0,0.4,0.2,0.0,0.23,21.97,-1.0,1.8,-10.71,-2.0,-17.94,0.03,0.07,0.04,0.05,0.14,0.05,1,2,5,5,3.25
rac_11577319,Cheltenham,crs_286,"Apr 17, 2025",2:45,20.5,2,1,20,1,1,10,hrs_36696219,Mermaids Cave,6,James Owen,trn_360648,42,9,0.21,"A Keaveney, M Keaveney & P Butcher",own_1403536,0,149,131.0,111.0,Ben Bromley(5),jky_298938,88,52.0,8.0,Kylebeg Dancer,dam_4080580,Court Cave,sir_4123686,General Monash,dsi_652834,319.0,10.0,1.0,0.0,1.0,0.0,0.98,0.1,-6.75,319.0,1.0,1.0,0.0,0.0,0.0,11.0,1.0,10.0,319.0,18.0,3.0,4.0,2.0,4.0,0.86,0.17,-1.51,319.0,22.0,5.0,3.0,1.0,3.0,1.37,0.23,-2.22,1.0,0.0,0.0,0.0,0.0,0.0,General Monash,627.0,3.0,0.0,0.0,0.0,0.0,0.0,0.0,-3.0,Kylebeg Dancer (IRE),55.0,1.0,0.0,0.0,0.0,0.0,0.0,0.0,-1.0,Court Cave (IRE),7118.0,344.0,20.0,34.0,41.0,43.0,0.49,0.06,-159.65,0.0,General Monash,627.0,23.0,1.0,5.0,1.0,0.0,0.45,0.04,-16.0,Kylebeg Dancer (IRE),55.0,2.0,0.0,0.0,0.0,0.0,0.0,0.0,-2.0,Court Cave (IRE),7118.0,220.0,21.0,23.0,23.0,30.0,0.77,0.1,-29.95,0.04,0.0,0.1,0.0,0.0,0.06,0.3,0.0,0.3,0.0,0.0,0.28,-0.55,-1.0,-0.23,-1.0,-1.0,-0.51,0.05,0.02,0.22,0.3,0.0,0.44,0.0,0.0,0.4,0.14,0.0,0.31,0.0,0.0,0.21,-12.65,-2.0,-50.6,-3.0,-1.0,-175.44,0.04,0.04,0.03,0.0,0.02,0.05,5,4,1,7,4.25
rac_11577319,Cheltenham,crs_286,"Apr 17, 2025",2:45,20.5,2,1,20,1,1,10,hrs_34320370,Bethpage,7,Emma Lavelle,trn_118044,13,1,0.08,Bonita Racing Club,own_1017616,0,148,134.0,126.0,Ben Jones,jky_289347,24,62.0,15.0,Princess Knapping,dam_18144105,Getaway,sir_4602430,Oscar,dsi_3234945,1779.0,58.0,3.0,8.0,4.0,5.0,0.59,0.05,-38.0,1779.0,13.0,4.0,0.0,2.0,2.0,1.83,0.31,5.75,1779.0,150.0,26.0,26.0,21.0,17.0,1.08,0.17,49.12,1779.0,74.0,13.0,16.0,7.0,7.0,0.99,0.18,-13.85,1.0,1.0,0.0,0.0,0.0,1.0,Oscar,8435.0,380.0,37.0,35.0,34.0,43.0,0.77,0.1,-83.29,Princess Knapping (IRE),24.0,1.0,1.0,0.0,0.0,0.0,3.5,1.0,2.5,Getaway (GER),9107.0,524.0,66.0,53.0,52.0,57.0,0.86,0.13,-123.47,0.0,Oscar,8435.0,267.0,29.0,36.0,24.0,27.0,0.82,0.11,-84.18,Princess Knapping (IRE),24.0,2.0,0.0,0.0,1.0,0.0,0.0,0.0,-2.0,Getaway (GER),9107.0,332.0,39.0,28.0,43.0,35.0,0.87,0.12,-42.42,0.11,0.0,0.12,0.1,1.0,0.13,0.33,0.5,0.33,0.28,1.0,0.33,-0.18,-1.0,-0.13,-0.23,2.5,-0.14,0.08,0.41,0.19,0.43,0.5,0.44,0.39,1.0,0.44,0.33,0.0,0.35,0.35,1.0,0.39,-48.06,-2.0,-43.16,-87.4,2.5,-73.36,0.03,0.08,0.04,0.05,0.04,0.06,1,1,3,2,1.75
rac_11577319,Cheltenham,crs_286,"Apr 17, 2025",2:45,20.5,2,1,20,1,1,10,hrs_30110717,Masked Dance,7,Mel Rowley,trn_342864,11,0,0.0,Poplar Cottage Racing Club,own_1242040,0,147,134.0,115.0,Toby Wynne,jky_300246,39,27.0,29.0,Breakdance,dam_6348531,Masked Marvel,sir_5344241,Sunday Break,dsi_3930213,535.0,9.0,0.0,2.0,0.0,0.0,0.0,0.0,-9.0,0.0,0.0,0.0,0.0,0.0,0.0,0.0,0.0,0.0,535.0,3.0,0.0,0.0,0.0,1.0,0.0,0.0,-3.0,535.0,32.0,6.0,3.0,3.0,2.0,1.15,0.19,2.0,3.0,0.0,0.0,1.0,0.0,0.0,Sunday Break,368.0,7.0,0.0,1.0,2.0,0.0,0.0,0.0,-7.0,Breakdance (FR),19.0,3.0,0.0,0.0,1.0,0.0,0.0,0.0,-3.0,Masked Marvel (GB),1018.0,49.0,7.0,5.0,6.0,7.0,0.98,0.14,14.45,0.0,Sunday Break,368.0,10.0,0.0,0.0,2.0,1.0,0.0,0.0,-10.0,Breakdance (FR),19.0,1.0,0.0,0.0,0.0,0.0,0.0,0.0,-1.0,Masked Marvel (GB),1018.0,40.0,10.0,3.0,2.0,5.0,1.51,0.25,19.12,0.0,0.0,0.25,0.0,0.0,0.14,0.2,0.0,0.38,0.43,0.33,0.37,-1.0,-1.0,0.51,-1.0,-1.0,-0.02,0.08,0.05,0.17,0.3,0.0,0.5,0.43,0.33,0.51,0.0,0.0,0.67,0.0,0.0,0.39,-10.0,-1.0,20.4,-7.0,-3.0,-0.98,0.03,0.05,0.04,0.02,0.16,0.05,1,3,9,3,4.0
rac_11577319,Cheltenham,crs_286,"Apr 17, 2025",2:45,20.5,2,1,20,1,1,10,hrs_38231319,Molto Bene,6,Charlie Longsdon,trn_167940,7,0,0.0,Hot To Trot Jumping And Ffl Bloodstock,own_1352580,0,146,137.0,125.0,Lilly Pinchin,jky_285300,32,29.0,17.0,Molo,dam_6000568,Jukebox Jury,sir_4966836,Kalanisi,dsi_3366048,876.0,29.0,4.0,2.0,0.0,4.0,2.09,0.14,32.0,876.0,8.0,2.0,0.0,2.0,0.0,1.93,0.25,11.33,876.0,277.0,37.0,31.0,28.0,32.0,0.95,0.13,-56.13,876.0,54.0,11.0,6.0,2.0,4.0,1.8,0.2,18.73,3.0,1.0,0.0,0.0,0.0,0.33,Kalanisi,2925.0,86.0,13.0,6.0,5.0,7.0,1.37,0.15,13.46,Molo (GB),26.0,4.0,2.0,0.0,0.0,0.0,1.98,0.5,2.83,Jukebox Jury (IRE),1525.0,51.0,10.0,6.0,7.0,5.0,1.16,0.2,-14.9,0.0,Kalanisi,2925.0,127.0,11.0,13.0,13.0,13.0,0.8,0.09,-45.88,Molo (GB),26.0,2.0,1.0,0.0,0.0,0.0,2.04,0.5,0.5,Jukebox Jury (IRE),1525.0,74.0,7.0,7.0,6.0,8.0,0.72,0.09,-41.15,0.09,0.5,0.09,0.15,0.5,0.2,0.29,0.5,0.27,0.28,0.5,0.45,-0.2,1.04,-0.28,0.37,0.98,0.16,0.23,0.28,0.21,0.39,0.5,0.38,0.36,0.5,0.55,0.3,1.0,0.35,0.54,1.0,0.43,-25.4,2.08,-20.72,31.82,3.92,8.16,0.04,0.08,0.05,0.03,0.15,0.03,1,7,0,7,3.75
rac_11577319,Cheltenham,crs_286,"Apr 17, 2025",2:45,20.5,2,1,20,1,1,10,hrs_18529770,Could Be Trouble,10,Donald McCain,trn_141066,21,1,0.05,Always Trying Syndicate,own_1351996,0,146,135.0,130.0,Brian Hughes,jky_244227,29,43.0,19.0,She's No Trouble,dam_5306903,Yeats,sir_4086887,Zaffaran,dsi_60907,12867.0,170.0,8.0,15.0,13.0,17.0,0.64,0.05,-53.0,12867.0,1.0,0.0,0.0,1.0,0.0,0.0,0.0,-1.0,12867.0,2132.0,421.0,373.0,318.0,246.0,0.89,0.2,-437.27,12867.0,562.0,95.0,71.0,92.0,73.0,0.99,0.17,-69.41,8.0,1.0,2.0,2.0,1.0,0.12,Zaffaran,3424.0,149.0,20.0,16.0,19.0,16.0,0.98,0.13,-25.65,She's No Trouble (IRE),72.0,9.0,1.0,2.0,2.0,1.0,0.76,0.11,-4.0,Yeats (IRE),8823.0,437.0,50.0,62.0,55.0,35.0,0.8,0.11,-130.06,0.0,Zaffaran,3424.0,112.0,7.0,13.0,14.0,14.0,0.58,0.06,-48.25,She's No Trouble (IRE),72.0,3.0,0.0,0.0,0.0,1.0,0.0,0.0,-3.0,Yeats (IRE),8823.0,416.0,58.0,47.0,47.0,33.0,1.06,0.14,44.46,0.06,0.0,0.14,0.13,0.11,0.11,0.3,0.0,0.37,0.37,0.56,0.38,-0.42,-1.0,0.06,-0.02,-0.24,-0.2,0.07,0.12,0.17,0.43,0.33,0.44,0.48,0.67,0.46,0.21,0.0,0.38,0.36,0.2,0.3,-47.04,-3.0,24.96,-2.98,-2.16,-87.4,0.03,0.04,0.05,0.04,0.12,0.05,8,1,4,3,4.0
rac_11577319,Cheltenham,crs_286,"Apr 17, 2025",2:45,20.5,2,1,20,1,1,10,hrs_37974860,Jena d'Oudairies,6,Paul Nicholls,trn_51903,36,7,0.19,Giraffa Racing,own_1072352,0,146,135.0,124.0,Harry Cobden,jky_282690,32,47.0,7.0,Une D'Oudairies,dam_5811281,Buck's Boum,sir_5010166,Discover D'Auteuil,dsi_735252,4506.0,350.0,41.0,39.0,40.0,31.0,0.85,0.12,-41.62,4506.0,20.0,9.0,4.0,1.0,2.0,1.09,0.45,6.23,4506.0,2563.0,636.0,482.0,327.0,248.0,0.92,0.25,-406.92,4506.0,250.0,61.0,35.0,29.0,20.0,1.2,0.24,39.6,0.0,0.0,0.0,0.0,0.0,0.0,Discover D'Auteuil,326.0,8.0,3.0,0.0,1.0,2.0,3.05,0.38,14.3,0,0.0,0.0,0.0,0.0,0.0,0.0,0.0,0.0,0.0,Buck's Boum (FR),1057.0,35.0,4.0,6.0,6.0,2.0,0.74,0.11,-9.5,0.0,Discover D'Auteuil,326.0,17.0,1.0,4.0,0.0,2.0,0.52,0.06,4.0,0,0.0,0.0,0.0,0.0,0.0,0.0,0.0,0.0,0.0,Buck's Boum (FR),1057.0,30.0,2.0,4.0,2.0,2.0,0.43,0.07,-27.03,0.06,0.0,0.07,0.38,0.0,0.11,0.29,0.0,0.27,0.5,0.0,0.46,-0.48,0.0,-0.57,2.05,0.0,-0.26,0.04,0.16,0.0,0.41,0.0,0.33,0.75,0.0,0.51,0.2,0.0,0.25,0.75,0.0,0.25,-8.16,0.0,-17.1,16.4,0.0,-9.1,0.05,0.0,0.03,0.02,0.0,0.03,1,2,3,4,2.5
rac_11577319,Cheltenham,crs_286,"Apr 17, 2025",2:45,20.5,2,1,20,1,1,10,hrs_20530916,Midnight Ginger,9,Andrew J Martin,trn_121050,5,1,0.2,A V John,own_1238464,0,145,134.0,124.0,Jay Tidball(5),jky_302274,57,40.0,17.0,Calamintha,dam_3990931,Midnight Legend,sir_614005,Mtoto,dsi_115437,248.0,2.0,0.0,0.0,0.0,0.0,0.0,0.0,-2.0,248.0,6.0,0.0,2.0,0.0,2.0,0.0,0.0,-6.0,248.0,12.0,1.0,2.0,0.0,3.0,1.32,0.08,1.0,248.0,6.0,0.0,0.0,0.0,0.0,0.0,0.0,-6.0,4.0,0.0,1.0,2.0,0.0,0.0,Mtoto,7064.0,76.0,6.0,8.0,9.0,4.0,0.68,0.08,-36.81,Calamintha (GB),162.0,13.0,1.0,2.0,2.0,0.0,0.48,0.08,-7.5,Midnight Legend (GB),8660.0,503.0,73.0,57.0,68.0,58.0,0.97,0.15,-126.61,0.0,Mtoto,7064.0,244.0,18.0,15.0,18.0,25.0,0.74,0.07,-125.43,Calamintha (GB),162.0,8.0,1.0,0.0,0.0,0.0,0.79,0.12,-2.0,Midnight Legend (GB),8660.0,569.0,65.0,91.0,68.0,50.0,0.86,0.11,-83.18,0.07,0.12,0.11,0.08,0.08,0.15,0.21,0.12,0.39,0.3,0.38,0.39,-0.26,-0.21,-0.14,-0.32,-0.52,-0.03,0.1,0.1,0.0,0.31,0.12,0.48,0.36,0.38,0.51,0.35,1.0,0.29,0.26,0.2,0.37,-63.44,-1.68,-79.66,-24.32,-6.76,-15.09,0.03,0.05,0.07,0.01,0.08,0.06,3,6,6,4,4.75
rac_11577319,Cheltenham,crs_286,"Apr 17, 2025",2:45,20.5,2,1,20,1,1,10,hrs_37260321,Springs A Girl,6,Martin Keighley,trn_140778,18,1,0.06,A Grand Day Out,own_1350916,0,143,134.0,101.0,Daire McConville(7),jky_287082,32,39.0,17.0,Flags Flying,dam_5487608,Irish Wells,sir_4577188,Tiger Hill,dsi_3417666,155.0,5.0,0.0,0.0,0.0,0.0,0.0,0.0,-5.0,155.0,5.0,2.0,1.0,0.0,1.0,4.17,0.4,81.0,155.0,40.0,3.0,4.0,5.0,6.0,0.64,0.07,49.5,155.0,7.0,0.0,0.0,0.0,1.0,0.0,0.0,-7.0,1.0,0.0,0.0,0.0,0.0,0.0,Tiger Hill,3899.0,32.0,7.0,3.0,2.0,5.0,1.29,0.22,2.78,Flags Flying (IRE),21.0,2.0,0.0,0.0,0.0,0.0,0.0,0.0,-2.0,Irish Wells (FR),819.0,28.0,2.0,6.0,2.0,0.0,0.6,0.07,-12.0,0.0,Tiger Hill,3899.0,179.0,22.0,14.0,16.0,19.0,1.24,0.12,67.25,0,0.0,0.0,0.0,0.0,0.0,0.0,0.0,0.0,0.0,Irish Wells (FR),819.0,26.0,3.0,1.0,2.0,5.0,1.11,0.12,11.67,0.12,0.0,0.12,0.22,0.0,0.07,0.29,0.0,0.23,0.38,0.0,0.36,0.24,0.0,0.11,0.29,-1.0,-0.4,0.08,0.1,0.0,0.4,0.0,0.42,0.53,0.0,0.36,0.42,0.0,0.5,0.58,0.0,0.2,42.96,0.0,2.86,9.28,-2.0,-11.2,0.05,0.0,0.03,0.01,0.1,0.03,0,0,0,0,0.0
rac_11577319,Cheltenham,crs_286,"Apr 17, 2025",2:45,20.5,2,1,20,1,1,10,hrs_22064749,Gilbertina,8,Nick Kent,trn_145125,2,0,0.0,Mrs Marina Kent,own_1176952,0,143,133.0,121.0,Charlie Todd,jky_291648,34,100.0,23.0,Saaboog,dam_5564167,Universal,sir_5498255,Teofilo,dsi_4546038,1145.0,18.0,1.0,0.0,2.0,1.0,0.91,0.06,-13.5,1145.0,4.0,2.0,1.0,0.0,1.0,2.55,0.5,39.1,1145.0,23.0,5.0,2.0,3.0,3.0,1.55,0.22,43.8,1145.0,66.0,2.0,7.0,6.0,7.0,0.32,0.03,-57.75,6.0,1.0,1.0,1.0,1.0,0.17,Teofilo,6790.0,35.0,2.0,2.0,4.0,5.0,0.5,0.06,-26.0,Saaboog (GB),75.0,6.0,1.0,1.0,1.0,1.0,1.44,0.17,1.0,Universal (IRE),798.0,38.0,4.0,5.0,2.0,5.0,0.98,0.11,-14.12,0.0,Teofilo,6790.0,319.0,34.0,31.0,38.0,22.0,0.92,0.11,-78.43,Saaboog (GB),75.0,3.0,0.0,0.0,1.0,1.0,0.0,0.0,-3.0,Universal (IRE),798.0,24.0,4.0,1.0,6.0,2.0,1.24,0.17,-3.5,0.11,0.0,0.17,0.06,0.17,0.11,0.32,0.33,0.46,0.23,0.5,0.29,-0.08,-1.0,0.24,-0.5,0.44,-0.02,0.09,0.11,0.04,0.39,0.67,0.54,0.37,0.67,0.42,0.33,0.0,0.36,0.25,0.33,0.36,-25.52,-3.0,5.76,-17.5,2.64,-0.76,0.05,0.04,0.03,0.01,0.08,0.05,8,2,6,3,4.75
rac_11577319,Cheltenham,crs_286,"Apr 17, 2025",2:45,20.5,2,1,20,1,1,10,hrs_33803595,Of Course You Can,7,Neil Mulholland,trn_184059,15,3,0.2,Hot To Trot Racing & Robert Waley-Cohen,own_1188188,0,142,134.0,115.0,Dylan Johnston(3),jky_296661,26,47.0,21.0,Free Thinking,dam_5776834,Yeats,sir_4086887,Hernando,dsi_532063,508.0,15.0,1.0,3.0,2.0,0.0,0.81,0.07,-11.0,0.0,0.0,0.0,0.0,0.0,0.0,0.0,0.0,0.0,508.0,42.0,11.0,11.0,6.0,6.0,1.08,0.26,24.99,508.0,45.0,3.0,8.0,6.0,2.0,0.54,0.07,-31.33,2.0,0.0,0.0,0.0,0.0,0.0,Hernando,8038.0,108.0,7.0,7.0,12.0,5.0,0.6,0.06,-63.09,Free Thinking (GB),22.0,3.0,0.0,0.0,0.0,0.0,0.0,0.0,-3.0,Yeats (IRE),8823.0,437.0,50.0,62.0,55.0,35.0,0.8,0.11,-130.06,0.0,Hernando,8038.0,381.0,49.0,49.0,39.0,33.0,0.99,0.13,-42.33,Free Thinking (GB),22.0,1.0,0.0,0.0,0.0,0.0,0.0,0.0,-1.0,Yeats (IRE),8823.0,416.0,58.0,47.0,47.0,33.0,1.06,0.14,44.46,0.13,0.0,0.14,0.06,0.0,0.11,0.36,0.0,0.37,0.24,0.0,0.38,-0.01,-1.0,0.06,-0.4,-1.0,-0.2,0.09,0.06,0.06,0.45,0.0,0.44,0.29,0.0,0.46,0.36,0.0,0.38,0.27,0.0,0.3,-3.81,-1.0,24.96,-43.2,-3.0,-87.4,0.05,0.05,0.05,0.01,0.14,0.05,0,0,0,0,0.0
rac_11577306,Cheltenham,crs_286,"Apr 17, 2025",3:20,20.5,1,2,8,1,1,17,hrs_38649716,Judicieuse Allen,6,W P Mullins,trn_13275,69,13,0.19,Thurloe Thoroughbreds Ireland Limited,own_1025104,0,168,134.0,108.0,Sean O'Keeffe,jky_295554,54,58.0,6.0,Concerto D'Allen,dam_6298985,Great Pretender,sir_3845786,Coastal Path,dsi_4688159,2719.0,41.0,3.0,2.0,3.0,5.0,1.55,0.07,8.0,2719.0,2.0,0.0,0.0,1.0,1.0,0.0,0.0,-2.0,2719.0,242.0,33.0,28.0,32.0,30.0,0.87,0.14,-51.07,2719.0,117.0,9.0,3.0,14.0,10.0,0.92,0.08,-2.67,0.0,0.0,0.0,0.0,0.0,0.0,Coastal Path,114.0,4.0,1.0,1.0,0.0,0.0,0.96,0.25,-2.6,0,0.0,0.0,0.0,0.0,0.0,0.0,0.0,0.0,0.0,Great Pretender (IRE),2993.0,91.0,13.0,13.0,10.0,11.0,0.84,0.14,-36.65,0.0,Coastal Path,114.0,7.0,0.0,1.0,1.0,2.0,0.0,0.0,-7.0,0,0.0,0.0,0.0,0.0,0.0,0.0,0.0,0.0,0.0,Great Pretender (IRE),2993.0,149.0,20.0,17.0,21.0,11.0,0.8,0.13,-65.94,0.0,0.0,0.13,0.25,0.0,0.14,0.29,0.0,0.39,0.5,0.0,0.4,-1.0,0.0,-0.2,-0.04,0.0,-0.16,0.04,0.13,0.0,0.57,0.0,0.46,0.5,0.0,0.52,0.0,0.0,0.34,0.5,0.0,0.36,-7.0,0.0,-29.8,-0.16,0.0,-14.56,0.06,0.0,0.05,0.04,0.0,0.03,7,0,1,1,2.25
rac_11577306,Cheltenham,crs_286,"Apr 17, 2025",3:20,20.5,1,2,8,1,1,17,hrs_35336042,A Penny A Hundred,6,W P Mullins,trn_13275,69,13,0.19,Brendan T O'Sullivan,own_1312624,0,168,133.0,107.0,Danny Mullins,jky_262572,54,58.0,6.0,One Day More,dam_5846631,Jukebox Jury,sir_4966836,Flemensfirth,dsi_676046,6335.0,132.0,7.0,12.0,13.0,10.0,0.7,0.05,-23.5,6335.0,6.0,1.0,1.0,1.0,2.0,0.62,0.17,-4.17,6335.0,1024.0,160.0,129.0,130.0,112.0,0.91,0.16,-176.58,6335.0,162.0,20.0,18.0,14.0,15.0,1.08,0.12,-12.97,0.0,0.0,0.0,0.0,0.0,0.0,Flemensfirth,7643.0,375.0,42.0,43.0,44.0,40.0,0.86,0.11,-167.02,One Day More (IRE),30.0,1.0,0.0,1.0,0.0,0.0,0.0,0.0,-1.0,Jukebox Jury (IRE),1525.0,51.0,10.0,6.0,7.0,5.0,1.16,0.2,-14.9,0.0,Flemensfirth,7643.0,259.0,30.0,31.0,26.0,26.0,0.87,0.12,-12.06,0,0.0,0.0,0.0,0.0,0.0,0.0,0.0,0.0,0.0,Jukebox Jury (IRE),1525.0,60.0,6.0,7.0,6.0,6.0,0.88,0.1,-23.7,0.12,0.0,0.1,0.11,0.0,0.2,0.34,0.0,0.32,0.34,1.0,0.45,-0.13,0.0,-0.12,-0.14,-1.0,0.16,0.07,0.1,0.0,0.44,0.0,0.42,0.45,1.0,0.55,0.34,0.0,0.32,0.33,0.0,0.43,-33.67,0.0,-7.2,-52.5,-1.0,8.16,0.03,0.0,0.04,0.05,0.03,0.03,2,1,0,4,1.75
rac_11577306,Cheltenham,crs_286,"Apr 17, 2025",3:20,20.5,1,2,8,1,1,17,hrs_33302640,Georgi Girl,6,Philip Hobbs & Johnson White,trn_362835,9,2,0.22,Michael Rembaum & Michael Tuckey,own_1079320,0,161,132.0,119.0,Ben Jones,jky_289347,19,78.0,13.0,Gales Hill,dam_3866961,Getaway,sir_4602430,Beau Sher,dsi_120183,1779.0,58.0,3.0,8.0,4.0,5.0,0.59,0.05,-38.0,1779.0,9.0,1.0,1.0,2.0,1.0,0.58,0.11,-5.25,1779.0,50.0,7.0,5.0,7.0,6.0,0.8,0.14,-26.93,1779.0,74.0,13.0,16.0,7.0,7.0,0.99,0.18,-13.85,2.0,0.0,0.0,0.0,0.0,0.0,Beau Sher,1207.0,42.0,6.0,6.0,4.0,4.0,1.01,0.14,-14.93,Gales Hill (IRE),114.0,5.0,0.0,0.0,1.0,1.0,0.0,0.0,-5.0,Getaway (GER),9107.0,524.0,66.0,53.0,52.0,57.0,0.86,0.13,-123.47,0.0,Beau Sher,1207.0,53.0,2.0,6.0,8.0,4.0,0.36,0.04,-27.0,Gales Hill (IRE),114.0,10.0,2.0,1.0,1.0,1.0,3.19,0.2,16.0,Getaway (GER),9107.0,313.0,25.0,32.0,31.0,35.0,0.65,0.08,-161.09,0.04,0.2,0.08,0.14,0.0,0.13,0.3,0.4,0.28,0.38,0.2,0.33,-0.64,2.19,-0.35,0.01,-1.0,-0.14,0.11,0.09,0.17,0.38,0.5,0.39,0.48,0.4,0.44,0.12,0.5,0.28,0.38,0.0,0.39,-33.92,21.9,-109.55,0.42,-5.0,-73.36,0.04,0.09,0.03,0.03,0.04,0.06,1,5,9,3,4.5
rac_11577306,Cheltenham,crs_286,"Apr 17, 2025",3:20,20.5,1,2,8,1,1,17,hrs_32881541,Theatre Native,7,Henry De Bromhead,trn_11241,28,3,0.11,Kenneth Alexander,own_684616,0,160,135.0,122.0,Rachael Blackmore,jky_266979,33,57.0,4.0,Native Beauty,dam_5481728,Getaway,sir_4602430,King's Theatre,dsi_591024,4513.0,137.0,22.0,10.0,10.0,10.0,1.3,0.16,26.9,4513.0,101.0,34.0,15.0,14.0,8.0,1.16,0.34,41.67,4513.0,2111.0,370.0,305.0,274.0,195.0,0.87,0.18,-327.2,4513.0,136.0,16.0,17.0,21.0,15.0,0.66,0.12,-6.68,0.0,0.0,0.0,0.0,0.0,0.0,King's Theatre,9470.0,377.0,54.0,45.0,44.0,33.0,0.95,0.14,5.45,0,0.0,0.0,0.0,0.0,0.0,0.0,0.0,0.0,0.0,Getaway (GER),9107.0,524.0,66.0,53.0,52.0,57.0,0.86,0.13,-123.47,0.0,King's Theatre,9470.0,365.0,50.0,31.0,38.0,28.0,0.88,0.14,-125.71,0,0.0,0.0,0.0,0.0,0.0,0.0,0.0,0.0,0.0,Getaway (GER),9107.0,313.0,25.0,32.0,31.0,35.0,0.65,0.08,-161.09,0.14,0.0,0.08,0.14,0.0,0.13,0.33,0.0,0.28,0.38,0.0,0.33,-0.12,0.0,-0.35,-0.05,0.0,-0.14,0.07,0.09,0.0,0.4,0.0,0.39,0.47,0.0,0.44,0.42,0.0,0.28,0.38,0.0,0.39,-43.8,0.0,-109.55,-18.85,0.0,-73.36,0.04,0.0,0.03,0.04,0.0,0.06,0,9,3,2,3.5
rac_11577306,Cheltenham,crs_286,"Apr 17, 2025",3:20,20.5,1,2,8,1,1,17,hrs_28984935,Ilovethenightlife,7,Joe Tizzard,trn_355275,10,1,0.1,"Geoff Nicholas, Susan & John Waterworth",own_1256444,0,159,136.0,124.0,Harry Cobden,jky_282690,27,40.0,7.0,Belle De Londres,dam_5994345,Walk In The Park,sir_4218179,King's Theatre,dsi_591024,4506.0,350.0,41.0,39.0,40.0,31.0,0.85,0.12,-41.62,4506.0,1.0,0.0,0.0,0.0,0.0,0.0,0.0,-1.0,4506.0,26.0,4.0,0.0,5.0,2.0,1.23,0.15,25.5,4506.0,250.0,61.0,35.0,29.0,20.0,1.2,0.24,39.6,5.0,2.0,0.0,0.0,0.0,0.4,King's Theatre,9470.0,377.0,54.0,45.0,44.0,33.0,0.95,0.14,5.45,Belle De Londres (IRE),21.0,5.0,2.0,0.0,0.0,0.0,3.02,0.4,8.75,Walk In The Park (IRE),4614.0,255.0,44.0,25.0,32.0,31.0,1.03,0.17,-64.38,0.0,King's Theatre,9470.0,365.0,50.0,31.0,38.0,28.0,0.88,0.14,-125.71,Belle De Londres (IRE),21.0,6.0,1.0,0.0,1.0,1.0,1.93,0.17,4.0,Walk In The Park (IRE),4614.0,245.0,44.0,28.0,20.0,33.0,1.01,0.18,-15.8,0.14,0.17,0.18,0.14,0.4,0.17,0.33,0.33,0.38,0.38,0.4,0.4,-0.12,0.93,0.01,-0.05,2.02,0.03,0.16,0.24,0.25,0.4,0.5,0.51,0.47,0.4,0.52,0.42,0.5,0.48,0.38,1.0,0.44,-43.8,5.58,2.45,-18.85,10.1,7.65,0.04,0.29,0.05,0.04,0.24,0.06,3,1,4,5,3.25
rac_11577306,Cheltenham,crs_286,"Apr 17, 2025",3:20,20.5,1,2,8,1,1,17,hrs_34571411,Party Vibes,7,Henry Daly,trn_117027,6,1,0.17,Richard Johnson Racing Party Vibes,own_1346968,0,158,138.0,121.0,David Bass,jky_257796,41,33.0,6.0,Flame Of Dixie,dam_5393759,Mahler,sir_4624179,Beneficial,dsi_530859,4014.0,165.0,13.0,10.0,20.0,15.0,0.76,0.08,-54.1,0.0,0.0,0.0,0.0,0.0,0.0,0.0,0.0,0.0,4014.0,47.0,9.0,7.0,6.0,1.0,1.3,0.19,16.33,4014.0,232.0,25.0,25.0,34.0,23.0,0.72,0.11,-74.93,1.0,0.0,0.0,0.0,0.0,0.0,Beneficial,6618.0,376.0,55.0,37.0,36.0,32.0,1.1,0.15,-20.23,Flame Of Dixie (IRE),27.0,2.0,0.0,0.0,0.0,0.0,0.0,0.0,-2.0,Mahler (GB),7616.0,401.0,49.0,38.0,44.0,50.0,0.9,0.12,-99.15,0.0,Beneficial,6618.0,194.0,24.0,20.0,27.0,12.0,0.86,0.12,-67.37,Flame Of Dixie (IRE),27.0,2.0,0.0,0.0,1.0,0.0,0.0,0.0,-2.0,Mahler (GB),7616.0,229.0,24.0,27.0,28.0,15.0,0.91,0.1,-74.67,0.12,0.0,0.1,0.15,0.0,0.12,0.37,0.5,0.34,0.34,0.0,0.33,-0.14,-1.0,-0.09,0.1,-1.0,-0.1,0.07,0.09,0.11,0.43,0.5,0.41,0.43,0.0,0.45,0.34,0.0,0.3,0.43,0.0,0.37,-27.16,-2.0,-20.61,37.6,-2.0,-40.1,0.03,0.07,0.03,0.06,0.07,0.05,3,1,0,3,1.75
rac_11577306,Cheltenham,crs_286,"Apr 17, 2025",3:20,20.5,1,2,8,1,1,17,hrs_29226519,Not Staying Long,7,Patrick Neville,trn_179694,3,0,0.0,Mrs Wilma Duffus,own_1250168,0,158,137.0,118.0,Henry Brooke,jky_262311,51,33.0,7.5,Princess Bella,dam_5826100,Soldier Of Fortune,sir_4624284,Presenting,dsi_676165,5172.0,44.0,2.0,3.0,7.0,3.0,0.51,0.05,-32.5,5172.0,4.0,1.0,2.0,0.0,0.0,0.98,0.25,3.0,5172.0,49.0,9.0,6.0,4.0,7.0,1.51,0.18,30.53,5172.0,250.0,21.0,33.0,20.0,25.0,0.69,0.08,-124.65,2.0,0.0,0.0,0.0,1.0,0.0,Presenting,17791.0,1000.0,130.0,130.0,108.0,86.0,0.9,0.13,-228.38,Princess Bella (IRE),43.0,2.0,0.0,0.0,0.0,1.0,0.0,0.0,-2.0,Soldier Of Fortune (IRE),4527.0,167.0,15.0,14.0,27.0,16.0,0.68,0.09,-78.51,0.0,Presenting,17791.0,625.0,72.0,72.0,81.0,60.0,0.9,0.12,-100.06,0,0.0,0.0,0.0,0.0,0.0,0.0,0.0,0.0,0.0,Soldier Of Fortune (IRE),4527.0,136.0,10.0,8.0,14.0,15.0,0.7,0.07,-60.68,0.12,0.0,0.07,0.13,0.0,0.09,0.36,0.0,0.24,0.37,0.0,0.34,-0.1,0.0,-0.3,-0.1,-1.0,-0.32,0.06,0.07,0.08,0.46,0.0,0.35,0.45,0.5,0.43,0.32,0.0,0.31,0.35,0.0,0.27,-62.5,0.0,-40.8,-100.0,-2.0,-53.44,0.04,0.0,0.03,0.06,0.05,0.04,5,7,1,1,3.5
rac_11577306,Cheltenham,crs_286,"Apr 17, 2025",3:20,20.5,1,2,8,1,1,17,hrs_33558560,Mighty Moth,7,Noel Williams,trn_257247,2,0,0.0,Semore Kurdi,own_809684,0,153,138.0,127.0,James Davies,jky_238989,41,0.0,11.0,Ballinderry Moth,dam_6109775,Champs Elysees,sir_4532486,Yeats,dsi_4086887,5465.0,96.0,2.0,2.0,7.0,10.0,0.42,0.02,-75.0,5465.0,4.0,1.0,0.0,2.0,0.0,1.79,0.25,1.5,5465.0,63.0,5.0,4.0,10.0,6.0,0.91,0.08,-13.75,5465.0,227.0,12.0,16.0,21.0,26.0,0.73,0.05,-44.7,1.0,0.0,0.0,0.0,0.0,0.0,Yeats,532.0,20.0,2.0,2.0,1.0,0.0,0.66,0.1,-13.29,Ballinderry Moth (IRE),14.0,1.0,0.0,0.0,0.0,0.0,0.0,0.0,-1.0,Champs Elysees (GB),6973.0,110.0,9.0,15.0,13.0,11.0,0.64,0.08,-77.61,0.0,Yeats,532.0,10.0,1.0,0.0,0.0,2.0,0.89,0.1,-5.5,Ballinderry Moth (IRE),14.0,1.0,0.0,0.0,0.0,0.0,0.0,0.0,-1.0,Champs Elysees (GB),6973.0,225.0,29.0,29.0,21.0,36.0,1.03,0.13,119.6,0.1,0.0,0.13,0.1,0.0,0.08,0.1,0.0,0.35,0.25,0.0,0.34,-0.11,-1.0,0.03,-0.34,-1.0,-0.36,0.08,0.06,0.05,0.3,0.0,0.51,0.25,0.0,0.44,1.0,0.0,0.37,0.4,0.0,0.24,-1.1,-1.0,6.75,-6.8,-1.0,-39.6,0.02,0.07,0.03,0.04,0.07,0.02,8,0,2,3,3.25
rac_11577358,Cheltenham,crs_286,"Apr 17, 2025",3:55,20.5,1,1,11,1,1,10,hrs_39109567,Jubilee Alpha,6,Paul Nicholls,trn_51903,36,7,0.19,The Pendil Partnership,own_1358228,0,161,135.0,112.0,Harry Cobden,jky_282690,35,47.0,4.33,Queen Alphabet,dam_5844181,Flemensfirth,sir_676046,King's Theatre,dsi_591024,4506.0,350.0,41.0,39.0,40.0,31.0,0.85,0.12,-41.62,4506.0,9.0,3.0,1.0,2.0,0.0,1.1,0.33,-1.88,4506.0,2563.0,636.0,482.0,327.0,248.0,0.92,0.25,-406.92,4506.0,250.0,61.0,35.0,29.0,20.0,1.2,0.24,39.6,0.0,0.0,0.0,0.0,0.0,0.0,King's Theatre,9470.0,377.0,54.0,45.0,44.0,33.0,0.95,0.14,5.45,Queen Alphabet (IRE),17.0,1.0,0.0,0.0,0.0,0.0,0.0,0.0,-1.0,Flemensfirth (USA),18264.0,639.0,94.0,69.0,78.0,71.0,0.96,0.15,-9.86,0.0,King's Theatre,9470.0,365.0,50.0,31.0,38.0,28.0,0.88,0.14,-125.71,Queen Alphabet (IRE),17.0,4.0,1.0,1.0,1.0,0.0,1.29,0.25,-1.12,Flemensfirth (USA),18264.0,830.0,96.0,84.0,75.0,73.0,0.94,0.12,-141.81,0.14,0.25,0.12,0.14,0.0,0.15,0.33,0.75,0.31,0.38,0.0,0.38,-0.12,0.29,-0.06,-0.05,-1.0,-0.04,0.17,0.1,0.0,0.4,0.75,0.4,0.47,0.0,0.49,0.42,0.33,0.38,0.38,0.0,0.39,-43.8,1.16,-49.8,-18.85,-1.0,-25.56,0.04,0.24,0.05,0.04,0.06,0.03,2,3,1,1,1.75
rac_11577358,Cheltenham,crs_286,"Apr 17, 2025",3:55,20.5,1,1,11,1,1,10,hrs_40332565,Anariza,5,T Ellis,trn_142542,3,0,0.0,Mrs Sarah Faulks,own_219764,0,156,122.0,103.0,Mr Jack Andrews,jky_294411,33,33.0,41.0,Analifet,dam_5855206,No Risk At All,sir_5221342,Califet,dsi_3769220,482.0,39.0,3.0,5.0,5.0,3.0,0.84,0.08,-20.38,482.0,3.0,0.0,1.0,1.0,1.0,0.0,0.0,-3.0,482.0,80.0,7.0,17.0,13.0,13.0,0.56,0.09,-42.35,482.0,41.0,6.0,6.0,6.0,7.0,1.11,0.15,19.4,0.0,0.0,0.0,0.0,0.0,0.0,Califet,588.0,24.0,5.0,1.0,1.0,3.0,1.4,0.21,-6.75,0,0.0,0.0,0.0,0.0,0.0,0.0,0.0,0.0,0.0,No Risk At All (FR),2308.0,83.0,18.0,8.0,4.0,9.0,1.12,0.22,-6.87,0.0,Califet,588.0,17.0,4.0,1.0,2.0,1.0,1.8,0.24,0.62,0,0.0,0.0,0.0,0.0,0.0,0.0,0.0,0.0,0.0,No Risk At All (FR),2308.0,127.0,20.0,16.0,15.0,17.0,1.03,0.16,-31.13,0.24,0.0,0.16,0.21,0.0,0.22,0.41,0.0,0.4,0.29,0.0,0.36,0.8,0.0,0.03,0.4,0.0,0.12,0.13,0.14,0.0,0.47,0.0,0.54,0.42,0.0,0.47,0.57,0.0,0.39,0.71,0.0,0.6,13.6,0.0,3.81,9.6,0.0,9.96,0.03,0.0,0.06,0.04,0.0,0.04,1,4,3,2,2.5
rac_11577358,Cheltenham,crs_286,"Apr 17, 2025",3:55,20.5,1,1,11,1,1,10,hrs_34457402,Bluey,6,Emma Lavelle,trn_118044,13,1,0.08,J R Lavelle & David Cottam,own_1368872,0,156,137.0,124.0,Ben Jones,jky_289347,35,62.0,12.0,Hannah Maud,dam_5596290,Affinisea,sir_5784198,Brian Boru,dsi_3957289,1779.0,58.0,3.0,8.0,4.0,5.0,0.59,0.05,-38.0,1779.0,1.0,1.0,0.0,0.0,0.0,2.0,1.0,1.0,1779.0,150.0,26.0,26.0,21.0,17.0,1.08,0.17,49.12,1779.0,74.0,13.0,16.0,7.0,7.0,0.99,0.18,-13.85,0.0,0.0,0.0,0.0,0.0,0.0,Brian Boru,655.0,29.0,4.0,3.0,2.0,4.0,1.39,0.14,2.0,0,0.0,0.0,0.0,0.0,0.0,0.0,0.0,0.0,0.0,Affinisea (IRE),503.0,32.0,5.0,3.0,1.0,6.0,0.9,0.16,6.9,0.0,Brian Boru,655.0,23.0,5.0,3.0,1.0,2.0,1.6,0.22,36.75,Hannah Maud (IRE),6.0,1.0,0.0,0.0,0.0,0.0,0.0,0.0,-1.0,Affinisea (IRE),503.0,19.0,4.0,3.0,0.0,1.0,1.8,0.21,1.91,0.22,0.0,0.21,0.14,0.0,0.16,0.39,0.0,0.37,0.31,0.0,0.28,0.6,-1.0,0.8,0.39,0.0,-0.1,0.14,0.1,0.0,0.48,0.0,0.42,0.45,0.0,0.47,0.56,0.0,0.57,0.44,0.0,0.56,13.8,-1.0,15.2,11.31,0.0,-3.2,0.04,0.17,0.04,0.04,0.0,0.06,4,1,2,1,2.0
rac_11577358,Cheltenham,crs_286,"Apr 17, 2025",3:55,20.5,1,1,11,1,1,10,hrs_35554561,Kitty Foyle,5,Daisy Hitchins,trn_371358,3,1,0.33,Troika Racing,own_1200224,0,156,132.0,110.0,Harry Reed,jky_279831,35,67.0,26.0,Kazimiera,dam_7273644,Teofilo,sir_4546038,Dubawi,dsi_4127830,1660.0,21.0,1.0,3.0,0.0,0.0,0.94,0.05,0.0,1660.0,34.0,2.0,7.0,5.0,2.0,0.57,0.06,-25.25,1660.0,55.0,4.0,5.0,7.0,5.0,0.85,0.07,-27.25,1660.0,90.0,7.0,10.0,8.0,9.0,0.78,0.08,7.5,0.0,0.0,0.0,0.0,0.0,0.0,Dubawi,9500.0,19.0,5.0,1.0,2.0,3.0,1.77,0.26,22.69,0,0.0,0.0,0.0,0.0,0.0,0.0,0.0,0.0,0.0,Teofilo (IRE),10764.0,40.0,4.0,6.0,5.0,4.0,0.96,0.1,-14.5,0.0,Dubawi,9500.0,396.0,63.0,52.0,51.0,35.0,0.93,0.16,-75.21,Kazimiera (GB),35.0,3.0,0.0,0.0,1.0,0.0,0.0,0.0,-3.0,Teofilo (IRE),10764.0,458.0,63.0,79.0,60.0,47.0,0.94,0.14,-53.79,0.16,0.0,0.14,0.26,0.0,0.1,0.42,0.33,0.44,0.42,0.0,0.38,-0.07,-1.0,-0.06,0.77,0.0,-0.04,0.1,0.12,0.0,0.51,0.33,0.54,0.58,0.0,0.48,0.38,0.0,0.31,0.62,0.0,0.27,-27.72,-3.0,-27.48,14.63,0.0,-1.6,0.04,0.09,0.04,0.0,0.0,0.0,1,2,5,3,2.75
rac_11577358,Cheltenham,crs_286,"Apr 17, 2025",3:55,20.5,1,1,11,1,1,10,hrs_37052372,La Pinsonniere,5,Nicky Henderson,trn_2799,34,7,0.21,Dash Grange Stud,own_1311168,0,156,133.0,117.0,Nico de Boinville,jky_262932,26,41.0,7.5,Ria Menina,dam_6336323,Beaumec De Houelle,sir_13423760,Air Eminem,dsi_3878721,3764.0,322.0,58.0,33.0,26.0,19.0,1.15,0.18,38.47,3764.0,12.0,4.0,4.0,1.0,0.0,1.23,0.33,3.53,3764.0,2483.0,625.0,378.0,243.0,202.0,0.96,0.25,-185.38,3764.0,313.0,64.0,42.0,34.0,26.0,0.9,0.2,-43.35,2.0,0.0,2.0,0.0,0.0,0.0,Air Eminem,8.0,2.0,0.0,2.0,0.0,0.0,0.0,0.0,-2.0,Ria Menina (FR),8.0,2.0,0.0,2.0,0.0,0.0,0.0,0.0,-2.0,Beaumec De Houelle (FR),175.0,2.0,0.0,2.0,0.0,0.0,0.0,0.0,-2.0,0.0,Air Eminem,8.0,1.0,0.0,1.0,0.0,0.0,0.0,0.0,-1.0,Ria Menina (FR),8.0,1.0,0.0,1.0,0.0,0.0,0.0,0.0,-1.0,Beaumec De Houelle (FR),175.0,6.0,0.0,1.0,1.0,0.0,0.0,0.0,-6.0,0.0,0.0,0.0,0.0,0.0,0.0,1.0,1.0,0.33,1.0,1.0,1.0,-1.0,-1.0,-1.0,-1.0,-1.0,-1.0,0.0,0.0,0.2,1.0,1.0,0.33,1.0,1.0,1.0,0.0,0.0,0.0,0.0,0.0,0.0,-1.0,-1.0,-6.0,-2.0,-2.0,-2.0,0.12,0.12,0.03,0.25,0.25,0.01,2,2,1,2,1.75
rac_11577358,Cheltenham,crs_286,"Apr 17, 2025",3:55,20.5,1,1,11,1,1,10,hrs_37687461,Metkayina,6,Noel Williams,trn_257247,2,0,0.0,Noel Fehily Racing Syndicate - Metkayina,own_1372020,0,156,139.0,126.0,Jonathan Burke,jky_275277,35,0.0,6.0,Princess Tara,dam_5941159,Diamond Boy,sir_5181561,Kayf Tara,dsi_3297462,4451.0,187.0,12.0,19.0,16.0,14.0,0.73,0.06,-107.67,4451.0,5.0,0.0,2.0,0.0,1.0,0.0,0.0,-5.0,4451.0,29.0,4.0,7.0,7.0,5.0,0.7,0.14,-13.75,4451.0,226.0,33.0,25.0,21.0,21.0,1.07,0.15,-49.92,0.0,0.0,0.0,0.0,0.0,0.0,Kayf Tara,2549.0,150.0,20.0,22.0,11.0,14.0,0.92,0.13,-11.17,0,0.0,0.0,0.0,0.0,0.0,0.0,0.0,0.0,0.0,Diamond Boy (FR),1564.0,66.0,8.0,5.0,5.0,2.0,0.83,0.12,-27.59,0.0,Kayf Tara,2549.0,86.0,7.0,10.0,5.0,11.0,0.79,0.08,-29.5,Princess Tara (IRE),13.0,3.0,0.0,0.0,0.0,1.0,0.0,0.0,-3.0,Diamond Boy (FR),1564.0,82.0,15.0,7.0,7.0,11.0,1.14,0.18,-25.53,0.08,0.0,0.18,0.13,0.0,0.12,0.26,0.0,0.35,0.35,0.0,0.27,-0.21,-1.0,0.14,-0.08,0.0,-0.17,0.09,0.08,0.0,0.38,0.33,0.49,0.45,0.0,0.3,0.32,0.0,0.52,0.38,0.0,0.44,-18.06,-3.0,11.48,-12.0,0.0,-11.22,0.03,0.23,0.05,0.06,0.0,0.04,2,1,5,2,2.5
rac_11577358,Cheltenham,crs_286,"Apr 17, 2025",3:55,20.5,1,1,11,1,1,10,hrs_31880758,Miss Cynthia,5,Lucy Wadham,trn_88209,6,2,0.33,Mrs Lindy Ohare,own_1411616,0,156,126.0,92.0,Tom Cannon,jky_262509,47,50.0,15.0,Best Friend,dam_29917461,Sea The Moon,sir_5927481,Galileo,dsi_3722383,5148.0,166.0,9.0,8.0,15.0,13.0,0.62,0.05,-87.38,5148.0,3.0,1.0,2.0,0.0,0.0,1.17,0.33,0.75,5148.0,115.0,23.0,24.0,11.0,14.0,1.28,0.2,13.7,5148.0,326.0,44.0,30.0,47.0,24.0,1.01,0.13,1.47,1.0,1.0,0.0,0.0,0.0,1.0,Galileo,27740.0,134.0,17.0,13.0,17.0,13.0,0.95,0.13,-40.17,Best Friend (IRE),36.0,1.0,1.0,0.0,0.0,0.0,3.75,1.0,2.75,Sea The Moon (GER),3346.0,28.0,6.0,1.0,6.0,2.0,1.42,0.21,30.96,0.0,Galileo,27740.0,1256.0,167.0,162.0,142.0,129.0,0.95,0.13,-188.09,Best Friend (IRE),36.0,3.0,0.0,1.0,1.0,1.0,0.0,0.0,-3.0,Sea The Moon (GER),3346.0,126.0,15.0,14.0,14.0,11.0,0.88,0.12,-61.3,0.13,0.0,0.12,0.13,1.0,0.21,0.38,0.67,0.34,0.35,1.0,0.46,-0.05,-1.0,-0.12,-0.05,2.75,0.42,0.08,0.45,0.14,0.48,1.0,0.43,0.45,1.0,0.54,0.35,0.0,0.35,0.36,1.0,0.46,-62.8,-3.0,-15.12,-6.7,2.75,11.76,0.05,0.08,0.04,0.0,0.03,0.01,2,2,1,2,1.75
rac_11577358,Cheltenham,crs_286,"Apr 17, 2025",3:55,20.5,1,1,11,1,1,10,hrs_38532851,Sainte Tartare,7,W P Mullins,trn_13275,69,13,0.19,Michael Stenning,own_764200,0,156,139.0,113.0,Danny Mullins,jky_262572,79,58.0,4.0,Nuance Tartare,dam_5768532,Saint Des Saints,sir_3816407,Nononito,dsi_686308,6335.0,132.0,7.0,12.0,13.0,10.0,0.7,0.05,-23.5,6335.0,1.0,1.0,0.0,0.0,0.0,1.33,1.0,0.33,6335.0,1024.0,160.0,129.0,130.0,112.0,0.91,0.16,-176.58,6335.0,162.0,20.0,18.0,14.0,15.0,1.08,0.12,-12.97,0.0,0.0,0.0,0.0,0.0,0.0,Nononito,634.0,19.0,4.0,1.0,3.0,3.0,1.26,0.21,-5.6,Nuance Tartare (FR),93.0,4.0,2.0,1.0,0.0,0.0,2.51,0.5,5.0,Saint Des Saints (FR),4843.0,172.0,22.0,30.0,22.0,21.0,0.72,0.13,-52.86,0.0,Nononito,634.0,7.0,0.0,0.0,1.0,1.0,0.0,0.0,-7.0,0,0.0,0.0,0.0,0.0,0.0,0.0,0.0,0.0,0.0,Saint Des Saints (FR),4843.0,344.0,38.0,53.0,45.0,40.0,0.76,0.11,-78.39,0.0,0.0,0.11,0.21,0.5,0.13,0.14,0.0,0.4,0.42,0.75,0.43,-1.0,0.0,-0.24,0.26,1.51,-0.28,0.04,0.28,0.0,0.29,0.0,0.51,0.58,0.75,0.55,0.0,0.0,0.28,0.5,0.67,0.3,-7.0,0.0,-82.56,4.94,6.04,-48.16,0.01,0.0,0.07,0.03,0.04,0.04,2,3,1,0,1.5
rac_11577358,Cheltenham,crs_286,"Apr 17, 2025",3:55,20.5,1,1,11,1,1,10,hrs_39827228,Settle Down Jill,5,Dan Skelton,trn_146430,44,7,0.16,Sullivan Group Limited,own_1423452,0,156,0.0,0.0,Harry Skelton,jky_255654,39,50.0,15.0,Azaila,dam_11409020,Affinisea,sir_5784198,Halling,dsi_675241,7139.0,439.0,51.0,45.0,49.0,51.0,0.82,0.12,-156.7,7139.0,1.0,0.0,0.0,0.0,1.0,0.0,0.0,-1.0,7139.0,5531.0,1185.0,946.0,776.0,586.0,0.9,0.21,-830.6,7139.0,470.0,91.0,93.0,63.0,43.0,0.86,0.19,-48.85,0.0,0.0,0.0,0.0,0.0,0.0,Halling,8783.0,52.0,4.0,6.0,8.0,3.0,0.86,0.08,-5.5,Azaila (GB),37.0,2.0,0.0,0.0,0.0,0.0,0.0,0.0,-2.0,Affinisea (IRE),503.0,32.0,5.0,3.0,1.0,6.0,0.9,0.16,6.9,0.0,Halling,8783.0,213.0,20.0,15.0,27.0,21.0,0.86,0.09,-53.25,Azaila (GB),37.0,2.0,0.0,0.0,0.0,1.0,0.0,0.0,-2.0,Affinisea (IRE),503.0,19.0,4.0,3.0,0.0,1.0,1.8,0.21,1.91,0.09,0.0,0.21,0.08,0.0,0.16,0.29,0.0,0.37,0.35,0.0,0.28,-0.14,-1.0,0.8,-0.14,-1.0,-0.1,0.1,0.08,0.0,0.39,0.5,0.42,0.4,0.0,0.47,0.32,0.0,0.57,0.22,0.0,0.56,-29.82,-2.0,15.2,-7.28,-2.0,-3.2,0.02,0.05,0.04,0.01,0.05,0.06,1,4,7,2,3.5
rac_11577358,Cheltenham,crs_286,"Apr 17, 2025",3:55,20.5,1,1,11,1,1,10,hrs_34253849,Speculatrix,6,Gordon Elliott,trn_163305,68,10,0.15,Gigginstown House Stud,own_454092,0,156,137.0,0.0,Danny Gilligan,jky_304860,31,51.0,9.0,Scorpio Queen,dam_7126420,No Risk At All,sir_5221342,Scorpion,dsi_4224962,775.0,36.0,5.0,3.0,3.0,0.0,1.83,0.14,2.0,775.0,56.0,4.0,10.0,4.0,4.0,0.67,0.07,-19.17,775.0,378.0,49.0,61.0,44.0,33.0,0.91,0.13,-84.96,775.0,43.0,9.0,3.0,5.0,2.0,1.75,0.21,20.41,0.0,0.0,0.0,0.0,0.0,0.0,Scorpion,464.0,31.0,3.0,1.0,0.0,5.0,0.96,0.1,-6.5,0,0.0,0.0,0.0,0.0,0.0,0.0,0.0,0.0,0.0,No Risk At All (FR),2308.0,83.0,18.0,8.0,4.0,9.0,1.12,0.22,-6.87,0.0,Scorpion,464.0,10.0,0.0,0.0,1.0,0.0,0.0,0.0,-10.0,0,0.0,0.0,0.0,0.0,0.0,0.0,0.0,0.0,0.0,No Risk At All (FR),2308.0,127.0,20.0,16.0,15.0,17.0,1.03,0.16,-31.13,0.0,0.0,0.16,0.1,0.0,0.22,0.1,0.0,0.4,0.13,0.0,0.36,-1.0,0.0,0.03,-0.04,0.0,0.12,0.05,0.11,0.0,0.1,0.0,0.54,0.29,0.0,0.47,0.0,0.0,0.39,0.75,0.0,0.6,-10.0,0.0,3.81,-1.24,0.0,9.96,0.02,0.0,0.06,0.07,0.0,0.04,0,0,6,9,3.75
rac_11577358,Cheltenham,crs_286,"Apr 17, 2025",3:55,20.5,1,1,11,1,1,10,hrs_41378631,The Great Nudie,5,Colin Bowe,trn_201249,2,0,0.0,Leo McArdle,own_764268,0,156,138.0,113.0,Sean Flanagan,jky_254808,35,50.0,10.0,Blue Gale,dam_4121432,Wings Of Eagles,sir_7340921,Be My Native,dsi_2101463,6755.0,46.0,3.0,1.0,4.0,5.0,1.21,0.07,47.5,6755.0,6.0,2.0,1.0,0.0,0.0,3.17,0.33,9.0,6755.0,115.0,16.0,13.0,10.0,13.0,1.39,0.14,26.33,6755.0,151.0,13.0,12.0,16.0,14.0,0.74,0.09,-82.98,0.0,0.0,0.0,0.0,0.0,0.0,Be My Native,18939.0,588.0,68.0,64.0,65.0,44.0,0.91,0.12,-113.07,0,0.0,0.0,0.0,0.0,0.0,0.0,0.0,0.0,0.0,Wings Of Eagles (FR),459.0,13.0,2.0,2.0,1.0,0.0,2.06,0.15,24.5,0.0,Be My Native,18939.0,557.0,53.0,49.0,57.0,48.0,0.89,0.1,-166.77,0,0.0,0.0,0.0,0.0,0.0,0.0,0.0,0.0,0.0,Wings Of Eagles (FR),459.0,3.0,0.0,0.0,0.0,0.0,0.0,0.0,-3.0,0.1,0.0,0.0,0.12,0.0,0.15,0.29,0.0,0.0,0.34,0.0,0.38,-0.11,0.0,-1.0,-0.09,0.0,1.06,0.03,0.09,0.0,0.37,0.0,0.0,0.41,0.0,0.38,0.33,0.0,0.0,0.35,0.0,0.4,-61.27,0.0,-3.0,-52.92,0.0,13.78,0.03,0.0,0.01,0.03,0.0,0.03,4,1,5,1,2.75
rac_11577345,Cheltenham,crs_286,"Apr 17, 2025",4:30,16.5,3,2,6,1,1,14,hrs_20891360,Lime Drop,9,Henry Daly,trn_117027,6,1,0.17,Mrs Christine Graves,own_893860,0,168,121.0,105.0,Sam Twiston-Davies,jky_264069,39,33.0,5.0,Lady Drop,dam_5498612,Martaline,sir_3862593,King's Theatre,dsi_591024,9959.0,727.0,71.0,76.0,81.0,70.0,0.81,0.1,-239.61,9959.0,7.0,1.0,3.0,1.0,0.0,0.72,0.14,-5.09,9959.0,118.0,20.0,21.0,16.0,12.0,1.09,0.17,4.23,9959.0,884.0,147.0,146.0,105.0,89.0,0.85,0.17,-186.04,4.0,1.0,1.0,1.0,1.0,0.25,King's Theatre,9470.0,612.0,65.0,60.0,75.0,68.0,0.8,0.11,-240.44,Lady Drop (FR),49.0,7.0,1.0,2.0,1.0,1.0,0.81,0.14,-4.62,Martaline (GB),6966.0,309.0,39.0,39.0,34.0,38.0,0.75,0.13,-81.78,0.0,King's Theatre,9470.0,843.0,153.0,107.0,107.0,83.0,1.08,0.18,11.6,Lady Drop (FR),49.0,7.0,3.0,3.0,1.0,0.0,1.77,0.43,2.66,Martaline (GB),6966.0,633.0,96.0,103.0,91.0,87.0,0.85,0.15,-171.94,0.18,0.43,0.15,0.11,0.14,0.13,0.44,1.0,0.46,0.33,0.57,0.36,0.08,0.77,-0.15,-0.2,-0.19,-0.25,0.25,0.13,0.17,0.53,1.0,0.6,0.44,0.71,0.49,0.42,0.43,0.33,0.32,0.25,0.35,67.44,5.39,-94.95,-122.4,-1.33,-77.25,0.09,0.14,0.09,0.06,0.14,0.04,1,3,2,1,1.75
rac_11577345,Cheltenham,crs_286,"Apr 17, 2025",4:30,16.5,3,2,6,1,1,14,hrs_30137653,Somespring Special,7,Philip Hobbs & Johnson White,trn_362835,9,2,0.22,Yeo Racing Partnership,own_518512,0,168,126.0,93.0,Micheal Nolan,jky_275745,24,78.0,2.75,Natural Spring,dam_5209057,Westerner,sir_3927665,Generous,dsi_405559,2530.0,63.0,1.0,8.0,7.0,5.0,0.2,0.02,-57.0,2530.0,1.0,1.0,0.0,0.0,0.0,1.8,1.0,0.8,2530.0,313.0,54.0,46.0,43.0,38.0,0.93,0.17,-78.06,2530.0,225.0,24.0,26.0,31.0,24.0,0.94,0.11,-89.87,2.0,1.0,0.0,0.0,1.0,0.5,Generous,7709.0,249.0,25.0,32.0,31.0,24.0,0.85,0.1,-110.0,Natural Spring (GB),21.0,2.0,1.0,0.0,0.0,1.0,1.48,0.5,0.2,Westerner (GB),10901.0,632.0,81.0,78.0,67.0,61.0,0.89,0.13,-168.24,0.0,Generous,7709.0,549.0,63.0,66.0,51.0,67.0,0.84,0.11,-135.54,Natural Spring (GB),21.0,2.0,1.0,0.0,0.0,1.0,1.48,0.5,0.2,Westerner (GB),10901.0,1175.0,165.0,178.0,151.0,131.0,0.82,0.14,-277.59,0.11,0.5,0.14,0.1,0.5,0.13,0.33,0.5,0.42,0.35,0.5,0.36,-0.16,0.48,-0.18,-0.15,0.48,-0.11,0.25,0.24,0.11,0.45,1.0,0.53,0.45,1.0,0.45,0.35,1.0,0.33,0.28,1.0,0.36,-87.84,0.96,-211.5,-37.35,0.96,-69.52,0.07,0.1,0.11,0.03,0.1,0.06,1,5,4,0,2.5
rac_11577345,Cheltenham,crs_286,"Apr 17, 2025",4:30,16.5,3,2,6,1,1,14,hrs_26740252,Ostrava Du Berlais,7,Venetia Williams,trn_87714,4,0,0.0,Mrs J Jones,own_113916,0,158,125.0,112.0,Charlie Deutsch,jky_276810,28,0.0,7.0,Crystal Du Berlais,dam_5665156,Kapgarde,sir_3993948,Great Pretender,dsi_3845786,2535.0,161.0,15.0,18.0,14.0,13.0,1.04,0.09,48.25,2535.0,24.0,2.0,3.0,3.0,3.0,0.55,0.08,-11.0,2535.0,1594.0,251.0,209.0,185.0,189.0,0.88,0.16,-356.27,2535.0,154.0,22.0,18.0,15.0,14.0,0.99,0.14,-36.84,0.0,0.0,0.0,0.0,0.0,0.0,Great Pretender,301.0,14.0,3.0,4.0,0.0,3.0,1.34,0.21,2.38,0,0.0,0.0,0.0,0.0,0.0,0.0,0.0,0.0,0.0,Kapgarde (FR),5896.0,273.0,44.0,39.0,36.0,33.0,0.95,0.16,41.68,0.0,Great Pretender,301.0,24.0,2.0,6.0,4.0,4.0,0.37,0.08,-8.5,Crystal Du Berlais (FR),36.0,3.0,0.0,1.0,1.0,0.0,0.0,0.0,-3.0,Kapgarde (FR),5896.0,520.0,65.0,74.0,80.0,58.0,0.71,0.12,-142.5,0.08,0.0,0.12,0.21,0.0,0.16,0.5,0.67,0.42,0.5,0.0,0.44,-0.63,-1.0,-0.29,0.34,0.0,-0.05,0.07,0.12,0.0,0.67,0.67,0.53,0.71,0.0,0.56,0.17,0.0,0.3,0.43,0.0,0.37,-15.12,-3.0,-150.8,4.76,0.0,-13.65,0.08,0.08,0.09,0.05,0.0,0.05,1,5,7,3,4.0
rac_11577345,Cheltenham,crs_286,"Apr 17, 2025",4:30,16.5,3,2,6,1,1,14,hrs_34845902,Shakeyatailfeather,6,Dan Skelton,trn_146430,44,7,0.16,T C McKeever,own_1026760,0,155,121.0,113.0,Harry Skelton,jky_255654,41,50.0,4.5,Benefit Lodge,dam_18920314,Workforce,sir_5198053,Beneficial,dsi_530859,7139.0,439.0,51.0,45.0,49.0,51.0,0.82,0.12,-156.7,7139.0,21.0,4.0,5.0,3.0,4.0,0.66,0.19,-7.95,7139.0,5531.0,1185.0,946.0,776.0,586.0,0.9,0.21,-830.6,7139.0,759.0,164.0,121.0,102.0,87.0,0.94,0.22,-117.24,1.0,0.0,0.0,0.0,1.0,0.0,Beneficial,6618.0,402.0,45.0,38.0,47.0,40.0,0.92,0.11,-112.59,Benefit Lodge (IRE),33.0,1.0,0.0,0.0,0.0,1.0,0.0,0.0,-1.0,Workforce (GB),488.0,45.0,6.0,1.0,6.0,2.0,1.77,0.13,22.83,0.0,Beneficial,6618.0,525.0,89.0,87.0,84.0,56.0,0.93,0.17,-68.71,Benefit Lodge (IRE),33.0,3.0,0.0,1.0,0.0,0.0,0.0,0.0,-3.0,Workforce (GB),488.0,12.0,1.0,2.0,0.0,1.0,0.67,0.08,-3.5,0.17,0.0,0.08,0.11,0.0,0.13,0.5,0.33,0.25,0.32,0.0,0.29,-0.07,-1.0,-0.33,-0.08,-1.0,0.77,0.08,0.08,0.22,0.6,0.33,0.33,0.42,1.0,0.33,0.34,0.0,0.33,0.35,0.0,0.46,-36.75,-3.0,-3.96,-32.16,-1.0,34.65,0.08,0.09,0.02,0.06,0.03,0.09,2,6,4,0,3.0
rac_11577345,Cheltenham,crs_286,"Apr 17, 2025",4:30,16.5,3,2,6,1,1,14,hrs_24467954,It's Easy,7,Evan Williams,trn_121059,19,3,0.16,Mrs Helen Cole Racing,own_1400964,0,153,121.0,114.0,Adam Wedge,jky_260736,34,32.0,15.0,Indietra,dam_5132057,Kapgarde,sir_3993948,Vindication,dsi_3989832,5045.0,138.0,10.0,8.0,12.0,10.0,1.02,0.07,52.0,5045.0,9.0,1.0,3.0,2.0,1.0,0.83,0.11,-5.25,5045.0,2682.0,335.0,342.0,334.0,330.0,0.87,0.12,-443.75,5045.0,404.0,40.0,56.0,53.0,51.0,0.83,0.1,-98.09,1.0,0.0,1.0,0.0,0.0,0.0,Vindication,746.0,8.0,3.0,3.0,1.0,0.0,2.53,0.38,8.5,Indietra (USA),42.0,1.0,0.0,1.0,0.0,0.0,0.0,0.0,-1.0,Kapgarde (FR),5896.0,273.0,44.0,39.0,36.0,33.0,0.95,0.16,41.68,0.0,Vindication,746.0,41.0,4.0,3.0,4.0,5.0,0.84,0.1,-25.54,Indietra (USA),42.0,3.0,0.0,0.0,1.0,1.0,0.0,0.0,-3.0,Kapgarde (FR),5896.0,520.0,65.0,74.0,80.0,58.0,0.71,0.12,-142.5,0.1,0.0,0.12,0.38,0.0,0.16,0.27,0.33,0.42,0.88,1.0,0.44,-0.16,-1.0,-0.29,1.53,-1.0,-0.05,0.07,0.18,0.1,0.39,0.67,0.53,0.88,1.0,0.56,0.36,0.0,0.3,0.43,0.0,0.37,-6.56,-3.0,-150.8,12.24,-1.0,-13.65,0.05,0.07,0.09,0.01,0.02,0.05,6,4,2,3,3.75
rac_11577345,Cheltenham,crs_286,"Apr 17, 2025",4:30,16.5,3,2,6,1,1,14,hrs_34571355,Dromlac Jury,6,Tom Symonds,trn_231435,9,1,0.11,Dahlbury Racing,own_1299708,0,146,125.0,113.0,Ben Poste,jky_264270,32,22.0,7.0,Lady Dromlac,dam_6161365,Jukebox Jury,sir_4966836,Beneficial,dsi_530859,3078.0,39.0,0.0,5.0,3.0,4.0,0.0,0.0,-39.0,3078.0,71.0,4.0,18.0,12.0,7.0,0.48,0.06,-44.84,3078.0,588.0,48.0,62.0,67.0,83.0,0.77,0.08,-170.38,3078.0,232.0,9.0,15.0,24.0,24.0,0.64,0.04,-146.1,0.0,0.0,0.0,0.0,0.0,0.0,Beneficial,6618.0,402.0,45.0,38.0,47.0,40.0,0.92,0.11,-112.59,Lady Dromlac (IRE),34.0,4.0,0.0,0.0,0.0,1.0,0.0,0.0,-4.0,Jukebox Jury (IRE),1525.0,102.0,13.0,7.0,12.0,16.0,1.04,0.13,-25.27,0.0,Beneficial,6618.0,525.0,89.0,87.0,84.0,56.0,0.93,0.17,-68.71,Lady Dromlac (IRE),34.0,5.0,1.0,0.0,2.0,1.0,1.87,0.2,36.0,Jukebox Jury (IRE),1525.0,99.0,12.0,13.0,14.0,9.0,0.84,0.12,-33.71,0.17,0.2,0.12,0.11,0.0,0.13,0.5,0.6,0.39,0.32,0.0,0.31,-0.07,0.87,-0.16,-0.08,-1.0,0.04,0.16,0.08,0.0,0.6,0.8,0.48,0.42,0.25,0.47,0.34,0.33,0.31,0.35,0.0,0.41,-36.75,4.35,-15.84,-32.16,-4.0,4.08,0.08,0.15,0.06,0.06,0.12,0.07,1,2,2,7,3.0
rac_11577371,Cheltenham,crs_286,"Apr 17, 2025",5:05,17.0,2,3,20,1,1,0,hrs_40553849,Riviera Walk,5,Jonjo & A J O'Neill,trn_372456,34,5,0.15,"Anne, Harriet & Lucinda Bond",own_913468,0,160,100.0,62.0,Jonjo O'Neill Jr,jky_289365,152,44.0,26.0,Breve De Comptoir,dam_19477766,Walk In The Park,sir_4218179,Al Namix,dsi_3647567,2618.0,132.0,10.0,11.0,9.0,17.0,0.68,0.08,12.2,2618.0,20.0,3.0,3.0,0.0,1.0,1.39,0.15,0.25,2618.0,304.0,44.0,39.0,37.0,33.0,0.84,0.14,-55.21,2618.0,121.0,15.0,15.0,16.0,15.0,0.64,0.12,20.71,1.0,1.0,0.0,0.0,0.0,1.0,Al Namix,321.0,24.0,7.0,3.0,2.0,2.0,1.7,0.29,4.3,Breve De Comptoir (FR),25.0,2.0,1.0,0.0,1.0,0.0,2.67,0.5,2.0,Walk In The Park (IRE),4614.0,246.0,43.0,29.0,22.0,26.0,0.95,0.17,-66.32,0.0,Al Namix,321.0,6.0,0.0,2.0,0.0,0.0,0.0,0.0,-6.0,0,0.0,0.0,0.0,0.0,0.0,0.0,0.0,0.0,0.0,Walk In The Park (IRE),4614.0,145.0,12.0,21.0,20.0,19.0,0.51,0.08,-13.05,0.0,0.0,0.08,0.29,0.5,0.17,0.33,0.0,0.37,0.5,1.0,0.38,-1.0,0.0,-0.49,0.7,1.67,-0.05,0.03,0.32,0.13,0.33,0.0,0.5,0.58,1.0,0.49,0.0,0.0,0.23,0.58,0.5,0.46,-6.0,0.0,-71.05,16.8,3.34,-12.3,0.02,0.0,0.03,0.07,0.08,0.05,1,0,0,0,0.25
rac_11577371,Cheltenham,crs_286,"Apr 17, 2025",5:05,17.0,2,3,20,1,1,0,hrs_41597073,Country Mouse,5,Alastair Ralph,trn_236331,7,0,0.0,Fwittery Racing,own_1290328,0,156,0.0,0.0,Jonathan Burke,jky_275277,74,71.0,26.0,Mrs Mouse,dam_34962046,Kingston Hill,sir_5917226,Dubai Destination,dsi_3782352,4451.0,187.0,12.0,19.0,16.0,14.0,0.73,0.06,-107.67,4451.0,5.0,0.0,1.0,0.0,2.0,0.0,0.0,-5.0,4451.0,147.0,20.0,23.0,17.0,17.0,0.94,0.14,7.62,4451.0,178.0,27.0,32.0,20.0,12.0,1.02,0.15,-27.4,0.0,0.0,0.0,0.0,0.0,0.0,Dubai Destination,5912.0,42.0,2.0,8.0,2.0,5.0,0.7,0.05,-32.5,Mrs Mouse (IRE),3.0,1.0,0.0,1.0,0.0,0.0,0.0,0.0,-1.0,Kingston Hill (GB),984.0,47.0,3.0,9.0,6.0,6.0,0.48,0.06,-34.47,0.0,Dubai Destination,5912.0,287.0,26.0,41.0,37.0,28.0,0.68,0.09,-122.49,0,0.0,0.0,0.0,0.0,0.0,0.0,0.0,0.0,0.0,Kingston Hill (GB),984.0,36.0,4.0,4.0,2.0,5.0,1.05,0.11,2.33,0.09,0.0,0.11,0.05,0.0,0.06,0.36,0.0,0.28,0.29,1.0,0.38,-0.32,0.0,0.05,-0.3,-1.0,-0.52,0.07,0.04,0.0,0.46,0.0,0.42,0.4,1.0,0.51,0.25,0.0,0.4,0.17,0.0,0.17,-91.84,0.0,1.8,-12.6,-1.0,-24.44,0.05,0.0,0.04,0.01,0.33,0.05,4,3,1,0,2.0
rac_11577371,Cheltenham,crs_286,"Apr 17, 2025",5:05,17.0,2,3,20,1,1,0,hrs_48112183,Freddiemissmolli,5,Debra Hamer,trn_58077,0,0,0.0,Daf Jones,own_1289776,0,156,103.0,29.0,Harry Cobden,jky_282690,119,0.0,11.0,Ballys Baby,dam_5573561,Order Of St George,sir_6059046,Bob Back,dsi_2129673,4506.0,350.0,41.0,39.0,40.0,31.0,0.85,0.12,-41.62,4506.0,6.0,2.0,0.0,1.0,1.0,2.3,0.33,6.5,4506.0,19.0,5.0,3.0,1.0,1.0,1.35,0.26,10.91,4506.0,205.0,36.0,29.0,42.0,15.0,0.8,0.18,-58.6,0.0,0.0,0.0,0.0,0.0,0.0,Bob Back,10084.0,397.0,45.0,51.0,31.0,53.0,0.79,0.11,-171.91,Ballys Baby (IRE),50.0,4.0,0.0,0.0,0.0,1.0,0.0,0.0,-4.0,Order Of St George (IRE),213.0,24.0,1.0,6.0,0.0,1.0,0.33,0.04,-21.12,0.0,Bob Back,10084.0,355.0,46.0,36.0,44.0,37.0,0.94,0.13,-16.64,0,0.0,0.0,0.0,0.0,0.0,0.0,0.0,0.0,0.0,Order Of St George (IRE),213.0,5.0,0.0,1.0,0.0,2.0,0.0,0.0,-5.0,0.13,0.0,0.0,0.11,0.0,0.04,0.35,0.0,0.2,0.32,0.0,0.29,-0.06,0.0,-1.0,-0.21,-1.0,-0.67,0.04,0.05,0.0,0.46,0.0,0.6,0.45,0.25,0.33,0.37,0.0,0.0,0.35,0.0,0.14,-21.3,0.0,-5.0,-83.37,-4.0,-16.08,0.04,0.0,0.02,0.04,0.08,0.11,2,0,0,0,0.5
rac_11577371,Cheltenham,crs_286,"Apr 17, 2025",5:05,17.0,2,3,20,1,1,0,hrs_46449802,Full Of Charm,5,Jeremy Scott,trn_11763,9,0,0.0,The Real Partnership,own_717288,0,156,92.0,37.0,Lorcan Williams,jky_284934,158,56.0,29.0,Silver Charmer,dam_3787994,Harzand,sir_6281926,Charmer,dsi_84497,1157.0,33.0,5.0,1.0,3.0,3.0,1.23,0.15,25.19,1157.0,3.0,1.0,1.0,0.0,0.0,1.81,0.33,1.5,1157.0,218.0,33.0,42.0,27.0,29.0,0.98,0.15,-24.51,1157.0,43.0,3.0,8.0,3.0,3.0,0.53,0.07,-14.5,0.0,0.0,0.0,0.0,0.0,0.0,Charmer,547.0,18.0,1.0,3.0,3.0,1.0,0.45,0.06,-16.7,Silver Charmer (GB),79.0,2.0,1.0,0.0,0.0,0.0,1.2,0.5,-0.7,Harzand (IRE),691.0,21.0,3.0,2.0,3.0,4.0,0.72,0.14,-12.82,0.0,Charmer,547.0,15.0,4.0,3.0,0.0,1.0,1.3,0.27,1.0,Silver Charmer (GB),79.0,5.0,2.0,0.0,0.0,0.0,2.55,0.4,4.75,Harzand (IRE),691.0,25.0,3.0,0.0,3.0,3.0,1.13,0.12,31.75,0.27,0.4,0.12,0.06,0.5,0.14,0.47,0.4,0.24,0.39,0.5,0.38,0.3,1.55,0.13,-0.55,0.2,-0.28,0.26,0.23,0.0,0.53,0.4,0.36,0.44,0.5,0.57,0.57,1.0,0.5,0.14,1.0,0.38,4.5,7.75,3.25,-9.9,0.4,-5.88,0.03,0.06,0.04,0.03,0.03,0.03,9,0,0,0,2.25
rac_11577371,Cheltenham,crs_286,"Apr 17, 2025",5:05,17.0,2,3,20,1,1,0,hrs_49174237,Hill In Brazil,5,Nigel Twiston-Davies,trn_2754,15,1,0.07,James & Jean Potter Ltd,own_1096120,0,156,115.0,63.0,Sam Twiston-Davies,jky_264069,47,20.0,21.0,Tara Potter,dam_6279070,Blue Bresil,sir_4924724,Kayf Tara,dsi_3297462,9959.0,727.0,71.0,76.0,81.0,70.0,0.81,0.1,-239.61,9959.0,74.0,10.0,15.0,11.0,10.0,0.67,0.14,-18.64,9959.0,4117.0,637.0,616.0,510.0,460.0,0.87,0.15,-882.5,9959.0,394.0,67.0,64.0,43.0,57.0,0.85,0.17,-113.23,0.0,0.0,0.0,0.0,0.0,0.0,Kayf Tara,2549.0,123.0,12.0,10.0,12.0,14.0,0.84,0.1,-35.12,Tara Potter (GB),23.0,5.0,1.0,0.0,1.0,0.0,1.21,0.2,-1.25,Blue Bresil (FR),2537.0,154.0,15.0,16.0,16.0,20.0,0.68,0.1,-95.61,0.0,Kayf Tara,2549.0,101.0,16.0,16.0,6.0,14.0,1.27,0.16,8.1,Tara Potter (GB),23.0,1.0,0.0,0.0,0.0,0.0,0.0,0.0,-1.0,Blue Bresil (FR),2537.0,83.0,11.0,10.0,9.0,6.0,0.96,0.13,-22.17,0.16,0.0,0.13,0.1,0.2,0.1,0.38,0.0,0.36,0.28,0.4,0.31,0.27,-1.0,-0.04,-0.16,0.21,-0.32,0.1,0.13,0.0,0.51,0.0,0.43,0.39,0.4,0.44,0.42,0.0,0.37,0.35,0.5,0.32,27.27,-1.0,-3.32,-19.68,1.05,-49.28,0.04,0.04,0.03,0.05,0.22,0.06,2,6,0,0,2.0
rac_11577371,Cheltenham,crs_286,"Apr 17, 2025",5:05,17.0,2,3,20,1,1,0,hrs_47192173,Hornica,5,Ben Pauling,trn_256320,23,0,0.0,J Hornby & J Hornby,own_1407268,0,156,0.0,0.0,Kielan Woods,jky_266652,0,26.0,10.0,Manuels Sister,dam_5194119,Affinisea,sir_5784198,Lend A Hand,dsi_3262154,3638.0,94.0,6.0,9.0,6.0,5.0,0.79,0.06,24.25,0.0,0.0,0.0,0.0,0.0,0.0,0.0,0.0,0.0,3638.0,507.0,81.0,78.0,75.0,47.0,0.91,0.16,-50.34,3638.0,99.0,18.0,12.0,9.0,12.0,1.04,0.18,-4.05,0.0,0.0,0.0,0.0,0.0,0.0,Lend A Hand,467.0,5.0,0.0,0.0,0.0,0.0,0.0,0.0,-5.0,Manuels Sister (IRE),13.0,2.0,0.0,0.0,0.0,0.0,0.0,0.0,-2.0,Affinisea (IRE),503.0,39.0,5.0,7.0,6.0,4.0,0.96,0.13,-13.88,0.0,Lend A Hand,467.0,9.0,0.0,1.0,2.0,0.0,0.0,0.0,-9.0,0,0.0,0.0,0.0,0.0,0.0,0.0,0.0,0.0,0.0,Affinisea (IRE),503.0,15.0,5.0,2.0,2.0,1.0,1.31,0.33,0.12,0.0,0.0,0.33,0.0,0.0,0.13,0.33,0.0,0.6,0.0,0.0,0.46,-1.0,0.0,0.31,-1.0,-1.0,-0.04,0.11,0.04,0.0,0.33,0.0,0.67,0.0,0.0,0.56,0.0,0.0,0.56,0.0,0.0,0.28,-9.0,0.0,4.65,-5.0,-2.0,-1.56,0.02,0.0,0.03,0.01,0.15,0.08,0,0,0,0,0.0
rac_11577371,Cheltenham,crs_286,"Apr 17, 2025",5:05,17.0,2,3,20,1,1,0,hrs_51735880,Lilidorei,5,Toby Lawes,trn_329130,2,0,0.0,Andrew McGladdery & Nicholas Wheeler,own_1427732,0,156,0.0,0.0,Kevin Brogan,jky_290685,0,0.0,15.0,Juniper Girl,dam_4461485,Sir Percy,sir_4465013,Revoque,dsi_3137162,1167.0,22.0,1.0,1.0,1.0,2.0,0.64,0.05,-16.0,0.0,0.0,0.0,0.0,0.0,0.0,0.0,0.0,0.0,1167.0,100.0,14.0,13.0,19.0,14.0,0.96,0.14,-4.84,1167.0,50.0,3.0,9.0,5.0,9.0,0.38,0.06,-35.38,0.0,0.0,0.0,0.0,0.0,0.0,Revoque,2960.0,84.0,5.0,10.0,10.0,8.0,0.54,0.06,-16.0,0,0.0,0.0,0.0,0.0,0.0,0.0,0.0,0.0,0.0,Sir Percy (GB),7003.0,102.0,16.0,7.0,10.0,8.0,1.0,0.16,4.26,0.0,Revoque,2960.0,162.0,16.0,14.0,11.0,7.0,0.95,0.1,-62.24,0,0.0,0.0,0.0,0.0,0.0,0.0,0.0,0.0,0.0,Sir Percy (GB),7003.0,501.0,39.0,41.0,50.0,63.0,0.71,0.08,-162.67,0.1,0.0,0.08,0.06,0.0,0.16,0.25,0.0,0.26,0.3,0.0,0.32,-0.05,0.0,-0.29,-0.46,0.0,0.0,0.06,0.07,0.0,0.3,0.0,0.39,0.39,0.0,0.4,0.39,0.0,0.3,0.2,0.0,0.48,-8.1,0.0,-145.29,-38.64,0.0,0.0,0.05,0.0,0.07,0.03,0.0,0.01,0,0,0,0,0.0
rac_11577371,Cheltenham,crs_286,"Apr 17, 2025",5:05,17.0,2,3,20,1,1,0,hrs_47985651,Loveatfirstglance,5,Ruth Jefferson,trn_308259,3,0,0.0,M Mathews & R Jefferson,own_1410532,0,156,102.0,83.0,Jamie Hamilton,jky_271551,26,67.0,15.0,Our Ethel,dam_3909150,Passing Glance,sir_2998898,Be My Chief,dsi_344176,2597.0,10.0,1.0,2.0,1.0,1.0,1.62,0.1,24.0,2597.0,2.0,0.0,0.0,1.0,1.0,0.0,0.0,-2.0,2597.0,176.0,25.0,24.0,20.0,12.0,1.11,0.14,103.02,2597.0,220.0,20.0,17.0,38.0,22.0,0.96,0.09,-78.04,1.0,0.0,0.0,1.0,0.0,0.0,Be My Chief,3189.0,51.0,3.0,9.0,9.0,3.0,0.53,0.06,-34.75,Our Ethel (GB),138.0,8.0,1.0,1.0,3.0,1.0,0.81,0.12,0.5,Passing Glance (GB),3076.0,118.0,13.0,16.0,10.0,10.0,0.8,0.11,-64.88,0.0,Be My Chief,3189.0,143.0,14.0,12.0,15.0,14.0,1.07,0.1,10.66,Our Ethel (GB),138.0,8.0,1.0,1.0,1.0,1.0,1.5,0.12,13.0,Passing Glance (GB),3076.0,180.0,27.0,21.0,21.0,18.0,1.17,0.15,-19.42,0.1,0.12,0.15,0.06,0.12,0.11,0.29,0.38,0.38,0.41,0.62,0.33,0.07,0.5,0.17,-0.47,-0.19,-0.2,0.12,0.1,0.09,0.38,0.5,0.48,0.47,0.75,0.42,0.34,0.33,0.39,0.14,0.2,0.33,10.01,4.0,30.6,-23.97,-1.52,-23.6,0.04,0.06,0.06,0.02,0.06,0.04,3,4,0,0,1.75
rac_11577371,Cheltenham,crs_286,"Apr 17, 2025",5:05,17.0,2,3,20,1,1,0,hrs_48499416,Never Told Me,6,Polly Gundry,trn_180468,4,0,0.0,J P Selby,own_70808,0,156,61.0,0.0,Rachael Blackmore,jky_266979,77,25.0,19.0,Feisty Lass,dam_5430369,Blue Bresil,sir_4924724,Flemensfirth,dsi_676046,4513.0,137.0,22.0,10.0,10.0,10.0,1.3,0.16,26.9,0.0,0.0,0.0,0.0,0.0,0.0,0.0,0.0,0.0,0.0,0.0,0.0,0.0,0.0,0.0,0.0,0.0,0.0,4513.0,267.0,33.0,38.0,28.0,26.0,0.83,0.12,-70.51,0.0,0.0,0.0,0.0,0.0,0.0,Flemensfirth,7643.0,347.0,40.0,38.0,35.0,38.0,0.91,0.12,-110.96,0,0.0,0.0,0.0,0.0,0.0,0.0,0.0,0.0,0.0,Blue Bresil (FR),2537.0,154.0,15.0,16.0,16.0,20.0,0.68,0.1,-95.61,0.0,Flemensfirth,7643.0,220.0,30.0,24.0,18.0,26.0,1.07,0.14,24.24,0,0.0,0.0,0.0,0.0,0.0,0.0,0.0,0.0,0.0,Blue Bresil (FR),2537.0,83.0,11.0,10.0,9.0,6.0,0.96,0.13,-22.17,0.14,0.0,0.13,0.12,0.0,0.1,0.33,0.0,0.36,0.33,0.0,0.31,0.07,0.0,-0.04,-0.09,0.0,-0.32,0.09,0.07,0.0,0.45,0.0,0.43,0.44,0.0,0.44,0.42,0.0,0.37,0.35,0.0,0.32,15.4,0.0,-3.32,-31.23,0.0,-49.28,0.03,0.0,0.03,0.05,0.0,0.06,7,0,0,0,1.75
rac_11577371,Cheltenham,crs_286,"Apr 17, 2025",5:05,17.0,2,3,20,1,1,0,hrs_40493901,Queens Abbey,5,Ben Pauling,trn_256320,23,0,0.0,Mrs L Maclennan,own_1239804,0,156,117.0,90.0,Ben Jones,jky_289347,47,26.0,5.5,Wild Spell,dam_5803245,Elusive Pimpernel,sir_5164180,Oscar,dsi_3234945,1779.0,58.0,3.0,8.0,4.0,5.0,0.59,0.05,-38.0,1779.0,8.0,0.0,2.0,2.0,2.0,0.0,0.0,-8.0,1779.0,347.0,70.0,59.0,44.0,34.0,0.92,0.2,-26.16,1779.0,61.0,9.0,9.0,8.0,6.0,1.07,0.15,-15.31,0.0,0.0,0.0,0.0,0.0,0.0,Oscar,8435.0,340.0,40.0,37.0,37.0,34.0,0.95,0.12,-141.06,Wild Spell (IRE),48.0,2.0,2.0,0.0,0.0,0.0,1.87,1.0,3.0,Elusive Pimpernel (USA),2436.0,107.0,6.0,13.0,10.0,9.0,0.58,0.06,-76.55,0.0,Oscar,8435.0,267.0,29.0,36.0,24.0,27.0,0.82,0.11,-84.18,Wild Spell (IRE),48.0,9.0,2.0,0.0,1.0,2.0,1.09,0.22,-2.5,Elusive Pimpernel (USA),2436.0,35.0,0.0,3.0,7.0,1.0,0.0,0.0,-35.0,0.11,0.22,0.0,0.12,1.0,0.06,0.33,0.33,0.29,0.34,1.0,0.27,-0.18,0.09,-1.0,-0.05,0.87,-0.42,0.11,0.39,0.0,0.43,0.56,0.31,0.44,1.0,0.36,0.33,0.67,0.0,0.35,1.0,0.21,-48.06,0.81,-35.0,-17.0,1.74,-44.94,0.03,0.19,0.01,0.04,0.04,0.04,3,2,3,0,2.0
rac_11577371,Cheltenham,crs_286,"Apr 17, 2025",5:05,17.0,2,3,20,1,1,0,hrs_51897545,Rainbow Tara,5,Toby Bulgin,trn_6498,1,0,0.0,Mrs Nicola Bulgin,own_2617192,0,156,0.0,0.0,Jordan Nailor,jky_285369,0,0.0,34.0,Mere Detail,dam_6819183,Kayf Tara,sir_3297462,Definite Article,dsi_677803,858.0,29.0,0.0,3.0,3.0,1.0,0.0,0.0,-29.0,858.0,8.0,1.0,0.0,0.0,1.0,2.0,0.12,5.0,858.0,18.0,3.0,2.0,2.0,1.0,1.54,0.17,2.25,858.0,17.0,2.0,1.0,1.0,1.0,0.73,0.12,-12.55,0.0,0.0,0.0,0.0,0.0,0.0,Definite Article,5557.0,197.0,27.0,21.0,21.0,26.0,0.99,0.14,-30.82,Mere Detail (IRE),4.0,1.0,0.0,0.0,0.0,0.0,0.0,0.0,-1.0,Kayf Tara (GB),13739.0,585.0,81.0,57.0,68.0,50.0,0.99,0.14,-138.92,0.0,Definite Article,5557.0,286.0,38.0,28.0,26.0,29.0,1.1,0.13,8.12,0,0.0,0.0,0.0,0.0,0.0,0.0,0.0,0.0,0.0,Kayf Tara (GB),13739.0,670.0,91.0,77.0,69.0,74.0,0.97,0.14,-38.37,0.13,0.0,0.14,0.14,0.0,0.14,0.32,0.0,0.35,0.35,0.0,0.35,0.1,0.0,-0.03,-0.01,-1.0,-0.01,0.09,0.09,0.0,0.42,0.0,0.46,0.48,0.0,0.44,0.41,0.0,0.38,0.39,0.0,0.39,28.6,0.0,-20.1,-1.97,-1.0,-5.85,0.05,0.0,0.05,0.04,0.25,0.04,0,0,0,0,0.0
rac_11577371,Cheltenham,crs_286,"Apr 17, 2025",5:05,17.0,2,3,20,1,1,0,hrs_51523864,Six Blue,5,Richard Phillips,trn_70857,2,1,0.5,Colin Pocock,own_396644,0,156,0.0,0.0,Finn Lambert,jky_301572,0,50.0,17.0,Sanjida,dam_4804604,Blue Bresil,sir_4924724,Polish Precedent,dsi_332059,464.0,13.0,0.0,0.0,1.0,1.0,0.0,0.0,-13.0,464.0,2.0,0.0,0.0,0.0,0.0,0.0,0.0,-2.0,464.0,92.0,8.0,3.0,10.0,11.0,1.2,0.09,30.91,464.0,15.0,2.0,0.0,4.0,2.0,1.75,0.13,4.0,0.0,0.0,0.0,0.0,0.0,0.0,Polish Precedent,9851.0,151.0,15.0,13.0,15.0,18.0,0.9,0.1,138.5,0,0.0,0.0,0.0,0.0,0.0,0.0,0.0,0.0,0.0,Blue Bresil (FR),2537.0,154.0,15.0,16.0,16.0,20.0,0.68,0.1,-95.61,0.0,Polish Precedent,9851.0,456.0,39.0,45.0,37.0,38.0,0.87,0.09,-130.44,0,0.0,0.0,0.0,0.0,0.0,0.0,0.0,0.0,0.0,Blue Bresil (FR),2537.0,83.0,11.0,10.0,9.0,6.0,0.96,0.13,-22.17,0.09,0.0,0.13,0.1,0.0,0.1,0.27,0.0,0.36,0.28,0.0,0.31,-0.13,0.0,-0.04,-0.1,0.0,-0.32,0.07,0.07,0.0,0.35,0.0,0.43,0.4,0.0,0.44,0.32,0.0,0.37,0.35,0.0,0.32,-59.28,0.0,-3.32,-15.1,0.0,-49.28,0.05,0.0,0.03,0.02,0.0,0.06,0,0,0,0,0.0
rac_11577371,Cheltenham,crs_286,"Apr 17, 2025",5:05,17.0,2,3,20,1,1,0,hrs_47621014,Taktique Gagnante,6,Dr Richard Newland & Jamie Insole,trn_368685,28,5,0.18,Foxtrot Racing Taktique Gagnante,own_1428720,0,156,114.0,75.0,Luke Scott,jky_296142,90,57.0,9.0,Medicity,dam_29622334,Walzertakt,sir_6096356,Sagacity,dsi_3756998,360.0,6.0,1.0,0.0,0.0,0.0,1.85,0.17,5.0,0.0,0.0,0.0,0.0,0.0,0.0,0.0,0.0,0.0,360.0,80.0,13.0,10.0,14.0,8.0,1.1,0.16,-14.89,360.0,15.0,4.0,2.0,1.0,1.0,1.58,0.27,2.94,0.0,0.0,0.0,0.0,0.0,0.0,Sagacity,672.0,13.0,2.0,0.0,2.0,3.0,0.96,0.15,-6.3,0,0.0,0.0,0.0,0.0,0.0,0.0,0.0,0.0,0.0,Walzertakt (GER),206.0,9.0,2.0,1.0,0.0,2.0,1.9,0.22,9.7,0.0,Sagacity,672.0,13.0,2.0,2.0,3.0,1.0,1.21,0.15,-4.5,0,0.0,0.0,0.0,0.0,0.0,0.0,0.0,0.0,0.0,Walzertakt (GER),206.0,4.0,0.0,2.0,1.0,0.0,0.0,0.0,-4.0,0.15,0.0,0.0,0.15,0.0,0.22,0.54,0.0,0.75,0.31,0.0,0.33,0.21,0.0,-1.0,-0.04,0.0,0.9,0.05,0.12,0.0,0.62,0.0,0.75,0.54,0.0,0.56,0.29,0.0,0.0,0.5,0.0,0.67,2.73,0.0,-4.0,-0.52,0.0,8.1,0.02,0.0,0.02,0.02,0.0,0.04,0,0,0,0,0.0
rac_11577371,Cheltenham,crs_286,"Apr 17, 2025",5:05,17.0,2,3,20,1,1,0,hrs_48644673,Gaelic Saint,4,Tom Symonds,trn_231435,9,1,0.11,Dahlbury Racing,own_1299708,0,148,107.0,82.0,Ben Poste,jky_264270,40,22.0,9.0,Gaelic Joy,dam_5859735,Saint Des Saints,sir_3816407,Turgeon,dsi_366520,3078.0,39.0,0.0,5.0,3.0,4.0,0.0,0.0,-39.0,3078.0,71.0,4.0,18.0,12.0,7.0,0.48,0.06,-44.84,3078.0,588.0,48.0,62.0,67.0,83.0,0.77,0.08,-170.38,3078.0,90.0,2.0,15.0,9.0,11.0,0.27,0.02,-76.5,0.0,0.0,0.0,0.0,0.0,0.0,Turgeon,5125.0,212.0,45.0,27.0,25.0,19.0,1.14,0.21,-0.44,0,0.0,0.0,0.0,0.0,0.0,0.0,0.0,0.0,0.0,Saint Des Saints (FR),4843.0,236.0,34.0,33.0,41.0,24.0,0.77,0.14,5.86,0.0,Turgeon,5125.0,253.0,39.0,39.0,22.0,35.0,1.02,0.15,-16.59,0,0.0,0.0,0.0,0.0,0.0,0.0,0.0,0.0,0.0,Saint Des Saints (FR),4843.0,262.0,48.0,42.0,28.0,31.0,1.0,0.18,-26.55,0.15,0.0,0.18,0.21,0.0,0.14,0.4,0.0,0.45,0.46,0.0,0.46,0.02,0.0,0.0,0.14,0.0,-0.23,0.11,0.12,0.0,0.53,0.0,0.57,0.55,0.0,0.56,0.39,0.0,0.41,0.46,0.0,0.31,5.06,0.0,0.0,29.68,0.0,-54.28,0.05,0.0,0.05,0.04,0.0,0.05,3,2,0,0,1.25
rac_11577371,Cheltenham,crs_286,"Apr 17, 2025",5:05,17.0,2,3,20,1,1,0,hrs_51618952,Ladies Day,4,T Ellis,trn_142542,3,0,0.0,Eventmasters Racing,own_780096,0,148,0.0,0.0,Mr Jack Andrews,jky_294411,18,33.0,0.0,Maryann,dam_18723481,Yeats,sir_4086887,Bob's Return,dsi_510566,482.0,39.0,3.0,5.0,5.0,3.0,0.84,0.08,-20.38,0.0,0.0,0.0,0.0,0.0,0.0,0.0,0.0,0.0,482.0,80.0,7.0,17.0,13.0,13.0,0.56,0.09,-42.35,482.0,20.0,1.0,3.0,1.0,2.0,0.53,0.05,-15.0,0.0,0.0,0.0,0.0,0.0,0.0,Bob's Return,2703.0,129.0,8.0,10.0,14.0,19.0,0.51,0.06,-99.32,Maryann (IRE),49.0,3.0,1.0,0.0,1.0,0.0,1.36,0.33,-0.62,Yeats (IRE),8823.0,342.0,35.0,35.0,38.0,35.0,0.74,0.1,-64.09,0.0,Bob's Return,2703.0,100.0,8.0,9.0,17.0,10.0,0.63,0.08,-47.5,Maryann (IRE),49.0,6.0,0.0,0.0,2.0,0.0,0.0,0.0,-6.0,Yeats (IRE),8823.0,416.0,58.0,47.0,47.0,33.0,1.06,0.14,44.46,0.08,0.0,0.14,0.06,0.33,0.1,0.34,0.33,0.37,0.25,0.67,0.32,-0.37,-1.0,0.06,-0.49,0.36,-0.26,0.07,0.16,0.0,0.44,0.33,0.44,0.4,0.67,0.42,0.24,0.0,0.38,0.25,0.5,0.32,-37.0,-6.0,24.96,-63.21,1.08,-88.92,0.04,0.12,0.05,0.05,0.06,0.04,1,0,0,0,0.25
rac_11577371,Cheltenham,crs_286,"Apr 17, 2025",5:05,17.0,2,3,20,1,1,0,hrs_50252671,Lady Dapple Rose,4,Harriet Dickin,trn_355509,3,0,0.0,Royal Arch Racing Ldr,own_1420936,0,148,0.0,0.0,James Best,jky_273690,0,0.0,51.0,My Viking Bay,dam_5234138,Kingston Hill,sir_5917226,Saddlers' Hall,dsi_3254237,4293.0,89.0,5.0,6.0,6.0,8.0,0.9,0.06,-9.0,0.0,0.0,0.0,0.0,0.0,0.0,0.0,0.0,0.0,4293.0,18.0,2.0,1.0,4.0,1.0,1.38,0.11,-11.62,4293.0,237.0,15.0,17.0,20.0,26.0,1.03,0.06,-37.0,0.0,0.0,0.0,0.0,0.0,0.0,Saddlers' Hall,9017.0,375.0,43.0,27.0,35.0,39.0,0.9,0.11,-97.64,0,0.0,0.0,0.0,0.0,0.0,0.0,0.0,0.0,0.0,Kingston Hill (GB),984.0,47.0,3.0,9.0,6.0,6.0,0.48,0.06,-34.47,0.0,Saddlers' Hall,9017.0,307.0,36.0,33.0,40.0,40.0,0.88,0.12,-77.73,0,0.0,0.0,0.0,0.0,0.0,0.0,0.0,0.0,0.0,Kingston Hill (GB),984.0,36.0,4.0,4.0,2.0,5.0,1.05,0.11,2.33,0.12,0.0,0.11,0.11,0.0,0.06,0.36,0.0,0.28,0.28,0.0,0.38,-0.12,0.0,0.05,-0.1,0.0,-0.52,0.08,0.06,0.0,0.49,0.0,0.42,0.38,0.0,0.51,0.33,0.0,0.4,0.41,0.0,0.17,-36.84,0.0,1.8,-37.5,0.0,-24.44,0.03,0.0,0.04,0.04,0.0,0.05,0,0,0,0,0.0
rac_11577371,Cheltenham,crs_286,"Apr 17, 2025",5:05,17.0,2,3,20,1,1,0,hrs_51523885,Noble Grace,4,Warren Greatrex,trn_198099,13,3,0.23,N L Crawford-Smith,own_836632,0,148,0.0,0.0,James Bowen,jky_290490,0,77.0,17.0,She's Noble,dam_5803063,Yeats,sir_4086887,Karinga Bay,dsi_350203,2935.0,93.0,11.0,8.0,9.0,7.0,1.03,0.12,-33.57,0.0,0.0,0.0,0.0,0.0,0.0,0.0,0.0,0.0,2935.0,249.0,37.0,46.0,49.0,24.0,0.87,0.15,-17.1,2935.0,103.0,21.0,18.0,15.0,8.0,1.25,0.2,-4.51,0.0,0.0,0.0,0.0,0.0,0.0,Karinga Bay,2799.0,152.0,11.0,13.0,20.0,10.0,0.65,0.07,-89.84,0,0.0,0.0,0.0,0.0,0.0,0.0,0.0,0.0,0.0,Yeats (IRE),8823.0,342.0,35.0,35.0,38.0,35.0,0.74,0.1,-64.09,0.0,Karinga Bay,2799.0,111.0,12.0,15.0,14.0,12.0,0.76,0.11,-59.56,0,0.0,0.0,0.0,0.0,0.0,0.0,0.0,0.0,0.0,Yeats (IRE),8823.0,416.0,58.0,47.0,47.0,33.0,1.06,0.14,44.46,0.11,0.0,0.14,0.07,0.0,0.1,0.37,0.0,0.37,0.29,0.0,0.32,-0.24,0.0,0.06,-0.35,0.0,-0.26,0.08,0.06,0.0,0.48,0.0,0.44,0.36,0.0,0.42,0.29,0.0,0.38,0.25,0.0,0.32,-26.64,0.0,24.96,-53.2,0.0,-88.92,0.04,0.0,0.05,0.05,0.0,0.04,0,0,0,0,0.0
rac_11577371,Cheltenham,crs_286,"Apr 17, 2025",5:05,17.0,2,3,20,1,1,0,hrs_51897573,Poetisa,4,Toby Bulgin,trn_6498,1,0,0.0,Mrs Nicola Bulgin,own_2617192,0,148,0.0,0.0,Brian Hughes,jky_244227,0,0.0,15.0,Chars,dam_11682244,Poet's Word,sir_6127597,Old Vic,dsi_296359,12867.0,170.0,8.0,15.0,13.0,17.0,0.64,0.05,-53.0,12867.0,7.0,3.0,0.0,0.0,0.0,4.26,0.43,19.75,12867.0,11.0,3.0,2.0,1.0,1.0,1.64,0.27,15.75,12867.0,1165.0,207.0,162.0,163.0,146.0,0.9,0.18,-205.61,0.0,0.0,0.0,0.0,0.0,0.0,Old Vic,9880.0,378.0,36.0,48.0,33.0,40.0,0.74,0.1,-81.71,0,0.0,0.0,0.0,0.0,0.0,0.0,0.0,0.0,0.0,Poet's Word (IRE),187.0,2.0,0.0,0.0,0.0,0.0,0.0,0.0,-2.0,0.0,Old Vic,9880.0,437.0,44.0,57.0,51.0,51.0,0.77,0.1,-36.12,0,0.0,0.0,0.0,0.0,0.0,0.0,0.0,0.0,0.0,Poet's Word (IRE),187.0,2.0,0.0,1.0,1.0,0.0,0.0,0.0,-2.0,0.1,0.0,0.0,0.1,0.0,0.0,0.35,0.0,1.0,0.31,0.0,0.0,-0.23,0.0,-1.0,-0.26,0.0,-1.0,0.03,0.03,0.0,0.46,0.0,1.0,0.42,0.0,0.0,0.29,0.0,0.0,0.31,0.0,0.0,-100.51,0.0,-2.0,-98.28,0.0,-2.0,0.04,0.0,0.01,0.04,0.0,0.01,0,0,0,0,0.0
rac_11577371,Cheltenham,crs_286,"Apr 17, 2025",5:05,17.0,2,3,20,1,1,0,hrs_51897559,Sheezer Dancer,4,Dan Skelton,trn_146430,44,7,0.16,Stephen Bough,own_1257076,0,148,0.0,0.0,Harry Skelton,jky_255654,0,50.0,3.75,Danse Cantilienne,dam_4434556,Jeu St Eloi,sir_6006707,Danehill Dancer,dsi_728077,7139.0,439.0,51.0,45.0,49.0,51.0,0.82,0.12,-156.7,7139.0,36.0,9.0,8.0,5.0,3.0,1.05,0.25,-4.75,7139.0,5531.0,1185.0,946.0,776.0,586.0,0.9,0.21,-830.6,7139.0,329.0,53.0,52.0,45.0,31.0,0.73,0.16,-80.47,0.0,0.0,0.0,0.0,0.0,0.0,Danehill Dancer,19335.0,194.0,27.0,24.0,26.0,17.0,1.01,0.14,-28.34,0,0.0,0.0,0.0,0.0,0.0,0.0,0.0,0.0,0.0,Jeu St Eloi (FR),455.0,34.0,3.0,5.0,2.0,4.0,0.45,0.09,-9.75,0.0,Danehill Dancer,19335.0,1059.0,104.0,116.0,78.0,112.0,0.82,0.1,-226.52,0,0.0,0.0,0.0,0.0,0.0,0.0,0.0,0.0,0.0,Jeu St Eloi (FR),455.0,13.0,2.0,4.0,2.0,1.0,0.63,0.15,41.5,0.1,0.0,0.15,0.14,0.0,0.09,0.28,0.0,0.62,0.4,0.0,0.29,-0.18,0.0,-0.37,0.01,0.0,-0.55,0.08,0.08,0.0,0.39,0.0,0.69,0.48,0.0,0.41,0.35,0.0,0.25,0.35,0.0,0.3,-190.62,0.0,-4.81,1.94,0.0,-18.7,0.05,0.0,0.03,0.01,0.0,0.07,0,0,0,0,0.0
rac_11577371,Cheltenham,crs_286,"Apr 17, 2025",5:05,17.0,2,3,20,1,1,0,hrs_50842022,Topsout,4,Nigel Twiston-Davies,trn_2754,15,1,0.07,Mrs Jane Organ,own_1423432,0,148,88.0,23.0,Nico de Boinville,jky_262932,33,20.0,41.0,Osokenda,dam_4397596,Telescope,sir_5728562,Teenoso,dsi_2117353,3764.0,322.0,58.0,33.0,26.0,19.0,1.15,0.18,38.47,0.0,0.0,0.0,0.0,0.0,0.0,0.0,0.0,0.0,3764.0,2.0,0.0,1.0,0.0,0.0,0.0,0.0,-2.0,3764.0,110.0,22.0,16.0,11.0,8.0,0.95,0.2,-4.56,0.0,0.0,0.0,0.0,0.0,0.0,Teenoso,3890.0,120.0,7.0,13.0,10.0,12.0,0.46,0.06,-89.75,0,0.0,0.0,0.0,0.0,0.0,0.0,0.0,0.0,0.0,Telescope (IRE),1253.0,61.0,5.0,5.0,5.0,7.0,1.07,0.08,-36.0,0.0,Teenoso,3890.0,145.0,14.0,22.0,14.0,18.0,0.78,0.1,12.14,Osokenda (GB),5.0,1.0,0.0,0.0,0.0,0.0,0.0,0.0,-1.0,Telescope (IRE),1253.0,27.0,1.0,4.0,1.0,2.0,0.38,0.04,-23.5,0.1,0.0,0.04,0.06,0.0,0.08,0.34,0.0,0.22,0.25,0.0,0.25,-0.22,-1.0,-0.62,-0.54,0.0,0.07,0.05,0.05,0.0,0.47,0.0,0.3,0.35,0.0,0.36,0.28,0.0,0.17,0.23,0.0,0.33,-31.9,-1.0,-16.74,-64.8,0.0,4.27,0.04,0.2,0.02,0.03,0.0,0.05,7,0,0,0,1.75
rac_11611691,Ffos Las,crs_31512,"Apr 17, 2025",4:37,19.5,5,2,8,4,1,15,hrs_18828698,Lermoos Legend,10,Peter & Michael Bowen,trn_372555,20,2,0.1,Jonathan Martin,own_615344,0,168,113.0,101.0,Shane Fenelon(5),jky_297585,148,50.0,11.0,Absalom's Girl,dam_5094957,Midnight Legend,sir_614005,Saddlers' Hall,dsi_3254237,639.0,21.0,2.0,1.0,0.0,3.0,3.01,0.1,97.0,639.0,1.0,0.0,0.0,0.0,0.0,0.0,0.0,-1.0,639.0,47.0,7.0,4.0,3.0,1.0,1.62,0.15,-11.62,639.0,38.0,2.0,3.0,3.0,0.0,1.09,0.05,-13.0,6.0,1.0,1.0,0.0,1.0,0.17,Saddlers' Hall,9017.0,379.0,41.0,36.0,30.0,43.0,0.85,0.11,-49.14,Absalom's Girl (GB),79.0,6.0,1.0,1.0,0.0,1.0,1.25,0.17,-3.62,Midnight Legend (GB),8660.0,497.0,63.0,66.0,50.0,58.0,0.9,0.13,-140.15,0.0,Saddlers' Hall,9017.0,1398.0,142.0,140.0,153.0,160.0,0.8,0.1,-431.62,Absalom's Girl (GB),79.0,24.0,5.0,3.0,2.0,2.0,1.63,0.21,5.38,Midnight Legend (GB),8660.0,1912.0,256.0,204.0,202.0,195.0,1.01,0.13,-283.64,0.1,0.21,0.13,0.11,0.17,0.13,0.31,0.42,0.35,0.28,0.33,0.36,-0.2,0.63,0.01,-0.15,0.25,-0.1,0.15,0.14,0.07,0.43,0.5,0.45,0.4,0.5,0.48,0.33,0.5,0.39,0.38,0.5,0.35,-279.6,15.12,19.12,-56.85,1.5,-49.7,0.16,0.3,0.22,0.04,0.08,0.06,3,3,7,4,4.25
rac_11611691,Ffos Las,crs_31512,"Apr 17, 2025",4:37,19.5,5,2,8,4,1,15,hrs_27451879,Bertie Wooster,7,Joe Tizzard,trn_355275,10,1,0.1,Mrs C Knowles,own_720616,0,166,106.0,90.0,Brendan Powell,jky_271218,30,40.0,5.5,Fair Ina,dam_4855830,Beat Hollow,sir_3616242,Taipan,dsi_634193,4906.0,116.0,11.0,17.0,18.0,11.0,0.69,0.09,-55.4,4906.0,12.0,1.0,2.0,3.0,2.0,0.57,0.08,-3.0,4906.0,760.0,100.0,122.0,106.0,94.0,0.82,0.13,-226.92,4906.0,259.0,24.0,34.0,33.0,27.0,0.75,0.09,-78.49,1.0,0.0,0.0,1.0,0.0,0.0,Taipan,1554.0,81.0,13.0,8.0,10.0,9.0,1.06,0.16,-26.85,Fair Ina (IRE),61.0,4.0,1.0,0.0,2.0,0.0,1.43,0.25,0.0,Beat Hollow (GB),6102.0,119.0,12.0,10.0,15.0,18.0,0.83,0.1,-15.92,0.0,Taipan,1554.0,232.0,24.0,31.0,18.0,26.0,0.82,0.1,4.15,Fair Ina (IRE),61.0,7.0,0.0,3.0,0.0,2.0,0.0,0.0,-7.0,Beat Hollow (GB),6102.0,1313.0,158.0,143.0,148.0,144.0,0.94,0.12,-155.83,0.1,0.0,0.12,0.16,0.25,0.1,0.31,0.43,0.34,0.38,0.75,0.31,-0.18,-1.0,-0.06,0.06,0.43,-0.17,0.07,0.17,0.09,0.43,0.71,0.45,0.49,0.75,0.46,0.33,0.0,0.35,0.42,0.33,0.32,-41.76,-7.0,-78.78,4.86,1.72,-20.23,0.15,0.11,0.22,0.05,0.07,0.02,5,5,6,3,4.75
rac_11611691,Ffos Las,crs_31512,"Apr 17, 2025",4:37,19.5,5,2,8,4,1,15,hrs_39736536,Jumbo Mills,6,Dan Skelton,trn_146430,44,7,0.16,Nick Skelton,own_192984,0,166,0.0,0.0,Tristan Durrell(3),jky_296364,128,50.0,6.0,Athinea,dam_5608540,Kapgarde,sir_3993948,Enrique,dsi_3502310,549.0,4.0,0.0,0.0,1.0,0.0,0.0,0.0,-4.0,549.0,5.0,0.0,0.0,1.0,1.0,0.0,0.0,-5.0,549.0,443.0,48.0,45.0,52.0,52.0,0.84,0.11,-101.22,549.0,29.0,3.0,2.0,2.0,2.0,1.0,0.1,9.05,0.0,0.0,0.0,0.0,0.0,0.0,Enrique,1000.0,11.0,1.0,1.0,0.0,2.0,0.59,0.09,-6.67,0,0.0,0.0,0.0,0.0,0.0,0.0,0.0,0.0,0.0,Kapgarde (FR),5896.0,384.0,34.0,43.0,54.0,36.0,0.63,0.09,-195.96,0.0,Enrique,1000.0,50.0,10.0,3.0,5.0,7.0,1.71,0.2,25.5,Athinea (FR),6.0,1.0,0.0,0.0,0.0,0.0,0.0,0.0,-1.0,Kapgarde (FR),5896.0,724.0,101.0,87.0,95.0,82.0,0.94,0.14,-2.99,0.2,0.0,0.14,0.09,0.0,0.09,0.36,0.0,0.39,0.18,0.0,0.34,0.71,-1.0,-0.06,-0.41,0.0,-0.37,0.11,0.06,0.0,0.5,0.0,0.5,0.36,0.0,0.43,0.56,0.0,0.36,0.5,0.0,0.26,35.5,-1.0,-43.44,-4.51,0.0,-142.08,0.05,0.17,0.12,0.01,0.0,0.07,8,9,4,0,5.25
rac_11611691,Ffos Las,crs_31512,"Apr 17, 2025",4:37,19.5,5,2,8,4,1,15,hrs_28123305,Filanderer,9,Hughie Morrison,trn_96336,6,0,0.0,Mrs M D W Morrison,own_15688,0,165,113.0,103.0,Sean Bowen,jky_279558,77,50.0,3.5,Flirtatious,dam_4856957,Kayf Tara,sir_3297462,Generous,dsi_405559,5690.0,429.0,82.0,59.0,67.0,54.0,1.02,0.19,-22.38,5690.0,1.0,0.0,0.0,0.0,0.0,0.0,0.0,-1.0,5690.0,4.0,1.0,1.0,0.0,0.0,1.69,0.25,6.0,5690.0,288.0,54.0,37.0,35.0,27.0,1.03,0.19,134.87,2.0,0.0,0.0,0.0,0.0,0.0,Generous,7709.0,103.0,6.0,11.0,11.0,14.0,0.46,0.06,-79.52,Flirtatious (GB),57.0,3.0,0.0,0.0,0.0,0.0,0.0,0.0,-3.0,Kayf Tara (GB),13739.0,793.0,99.0,100.0,100.0,82.0,0.86,0.12,-276.52,0.0,Generous,7709.0,1662.0,196.0,159.0,201.0,190.0,0.91,0.12,-346.98,Flirtatious (GB),57.0,18.0,3.0,1.0,0.0,3.0,1.02,0.17,1.83,Kayf Tara (GB),13739.0,2473.0,299.0,244.0,245.0,279.0,0.94,0.12,-145.67,0.12,0.17,0.12,0.06,0.0,0.12,0.33,0.22,0.32,0.27,0.0,0.38,-0.09,0.02,-0.06,-0.54,-1.0,-0.14,0.14,0.06,0.19,0.45,0.39,0.43,0.41,0.0,0.48,0.35,0.75,0.38,0.21,0.0,0.33,-149.58,0.36,-148.38,-55.62,-3.0,-111.02,0.22,0.32,0.18,0.01,0.05,0.06,2,5,0,0,1.75
rac_11611691,Ffos Las,crs_31512,"Apr 17, 2025",4:37,19.5,5,2,8,4,1,15,hrs_21100485,Boston Joe,9,Rebecca Curtis,trn_182259,5,3,0.6,Miss Rebecca Curtis,own_590540,0,162,119.0,86.0,Jamie Brace(5),jky_293820,12,60.0,7.0,Supreme Millie,dam_17664927,Sageburg,sir_4782463,Milan,dsi_3734157,197.0,6.0,3.0,0.0,0.0,1.0,2.38,0.5,20.7,197.0,1.0,0.0,0.0,0.0,0.0,0.0,0.0,-1.0,197.0,7.0,3.0,1.0,0.0,1.0,2.06,0.43,5.2,197.0,12.0,3.0,0.0,1.0,4.0,1.53,0.25,12.5,4.0,0.0,2.0,0.0,0.0,0.0,Milan,3693.0,210.0,23.0,25.0,24.0,22.0,0.74,0.11,-46.88,Supreme Millie (IRE),29.0,6.0,0.0,3.0,0.0,0.0,0.0,0.0,-6.0,Sageburg (IRE),3096.0,151.0,20.0,13.0,17.0,12.0,1.08,0.13,54.71,0.0,Milan,3693.0,698.0,95.0,90.0,72.0,68.0,0.96,0.14,-123.99,Supreme Millie (IRE),29.0,13.0,4.0,2.0,1.0,1.0,1.62,0.31,5.13,Sageburg (IRE),3096.0,445.0,58.0,44.0,44.0,45.0,0.94,0.13,-42.27,0.14,0.31,0.13,0.11,0.0,0.13,0.37,0.54,0.33,0.34,0.5,0.33,-0.04,0.62,-0.06,-0.26,-1.0,0.08,0.19,0.08,0.19,0.47,0.62,0.43,0.45,0.5,0.41,0.37,0.57,0.4,0.32,0.0,0.4,-27.92,8.06,-26.7,-54.6,-6.0,12.08,0.19,0.45,0.14,0.06,0.21,0.05,8,1,2,0,2.75
rac_11611691,Ffos Las,crs_31512,"Apr 17, 2025",4:37,19.5,5,2,8,4,1,15,hrs_22689072,Fay Ce Que Voudras,9,Kerry Lee,trn_279351,2,1,0.5,Will Roseff,own_53048,0,153,103.0,89.0,Jack Tudor,jky_296019,55,50.0,10.0,Buck's Blue,dam_4079943,Getaway,sir_4602430,Epervier Bleu,dsi_409983,1710.0,126.0,17.0,12.0,9.0,14.0,1.04,0.13,-29.5,0.0,0.0,0.0,0.0,0.0,0.0,0.0,0.0,0.0,1710.0,1.0,0.0,0.0,1.0,0.0,0.0,0.0,-1.0,1710.0,95.0,8.0,10.0,8.0,13.0,0.7,0.08,-3.17,2.0,0.0,0.0,1.0,0.0,0.0,Epervier Bleu,1755.0,103.0,22.0,5.0,14.0,11.0,1.24,0.21,32.1,Buck's Blue (FR),134.0,7.0,0.0,0.0,2.0,0.0,0.0,0.0,-7.0,Getaway (GER),9107.0,489.0,56.0,55.0,48.0,59.0,0.82,0.11,-209.34,0.0,Epervier Bleu,1755.0,163.0,18.0,16.0,15.0,16.0,0.75,0.11,-54.57,Buck's Blue (FR),134.0,29.0,1.0,4.0,4.0,4.0,0.22,0.03,-24.8,Getaway (GER),9107.0,1787.0,192.0,187.0,207.0,193.0,0.8,0.11,-463.18,0.11,0.03,0.11,0.21,0.0,0.11,0.3,0.31,0.33,0.4,0.29,0.33,-0.25,-0.78,-0.2,0.24,-1.0,-0.18,0.08,0.11,0.08,0.4,0.45,0.44,0.5,0.29,0.45,0.37,0.11,0.33,0.54,0.0,0.35,-40.75,-22.62,-357.4,24.72,-7.0,-88.02,0.09,0.22,0.2,0.06,0.05,0.05,5,6,6,3,5.0
rac_11611691,Ffos Las,crs_31512,"Apr 17, 2025",4:37,19.5,5,2,8,4,1,15,hrs_31835125,Jimmyjeroo,7,Henrietta C Knight,trn_39735,3,0,0.0,J & A Young (Racing) Limited,own_1386960,0,151,0.0,0.0,Ciaran Gethings,jky_277692,17,100.0,15.0,Danarama,dam_4695047,Telescope,sir_5728562,Rock City,dsi_21911393,2588.0,53.0,6.0,6.0,10.0,8.0,1.0,0.11,-22.62,0.0,0.0,0.0,0.0,0.0,0.0,0.0,0.0,0.0,0.0,0.0,0.0,0.0,0.0,0.0,0.0,0.0,0.0,2588.0,149.0,7.0,14.0,22.0,21.0,0.39,0.05,-105.17,0.0,0.0,0.0,0.0,0.0,0.0,Rock City,56.0,5.0,0.0,0.0,0.0,1.0,0.0,0.0,-5.0,Danarama (GB),15.0,1.0,0.0,0.0,0.0,0.0,0.0,0.0,-1.0,Telescope (IRE),1253.0,75.0,2.0,12.0,8.0,10.0,0.29,0.03,-12.0,0.0,Rock City,56.0,25.0,2.0,2.0,5.0,2.0,0.59,0.08,-11.0,Danarama (GB),15.0,7.0,0.0,0.0,0.0,0.0,0.0,0.0,-7.0,Telescope (IRE),1253.0,522.0,35.0,42.0,46.0,56.0,0.7,0.07,-177.18,0.08,0.0,0.07,0.0,0.0,0.03,0.36,0.0,0.24,0.0,0.0,0.29,-0.41,-1.0,-0.3,-1.0,-1.0,-0.71,0.05,0.01,0.0,0.44,0.0,0.34,0.2,0.0,0.43,0.22,0.0,0.28,0.0,0.0,0.09,-10.25,-7.0,-156.6,-5.0,-1.0,-53.25,0.45,0.47,0.42,0.09,0.07,0.06,7,4,0,6,4.25
rac_11611691,Ffos Las,crs_31512,"Apr 17, 2025",4:37,19.5,5,2,8,4,1,15,hrs_40095797,Princess Keri,5,Evan Williams,trn_121059,19,3,0.16,Iwec Electrical Racing,own_1354972,0,148,107.0,70.0,Conor Ring,jky_266001,27,32.0,6.0,Burkes Lady,dam_33975326,Walk In The Park,sir_4218179,Westerner,dsi_3927665,1693.0,216.0,12.0,22.0,23.0,17.0,0.62,0.06,-147.31,1693.0,6.0,0.0,1.0,0.0,0.0,0.0,0.0,-6.0,1693.0,814.0,48.0,68.0,92.0,80.0,0.63,0.06,-436.24,1693.0,134.0,5.0,12.0,5.0,18.0,0.51,0.04,-89.0,1.0,1.0,0.0,0.0,0.0,1.0,Westerner,1876.0,95.0,16.0,12.0,10.0,6.0,1.15,0.17,25.65,Burkes Lady (IRE),9.0,1.0,1.0,0.0,0.0,0.0,2.62,1.0,1.62,Walk In The Park (IRE),4614.0,272.0,31.0,35.0,28.0,34.0,0.76,0.11,-113.25,0.0,Westerner,1876.0,255.0,40.0,25.0,31.0,24.0,1.17,0.16,68.55,Burkes Lady (IRE),9.0,3.0,1.0,0.0,0.0,0.0,1.9,0.33,-0.38,Walk In The Park (IRE),4614.0,596.0,82.0,86.0,69.0,88.0,0.83,0.14,38.14,0.16,0.33,0.14,0.17,1.0,0.11,0.38,0.33,0.4,0.4,1.0,0.35,0.17,0.9,-0.17,0.15,1.62,-0.24,0.21,0.43,0.04,0.47,0.33,0.55,0.46,1.0,0.47,0.42,1.0,0.35,0.42,1.0,0.33,43.35,2.7,-101.32,14.25,1.62,-65.28,0.14,0.33,0.13,0.05,0.11,0.06,0,8,0,5,3.25
rac_11611652,Ffos Las,crs_31512,"Apr 17, 2025",5:12,24.0,4,2,10,4,1,18,hrs_29116955,Karuma Grey,7,Alison Thorpe,trn_126324,2,0,0.0,A Evans,own_99336,0,170,127.0,41.0,Shane Fenelon(5),jky_297585,1,0.0,41.0,Karuma,dam_5459811,Jukebox Jury,sir_4966836,Surumu,dsi_2117059,639.0,21.0,2.0,1.0,0.0,3.0,3.01,0.1,97.0,639.0,10.0,1.0,0.0,1.0,1.0,3.41,0.1,91.0,639.0,18.0,1.0,0.0,3.0,4.0,1.1,0.06,83.0,639.0,44.0,4.0,6.0,1.0,3.0,1.14,0.09,23.0,1.0,0.0,0.0,0.0,0.0,0.0,Surumu,2784.0,65.0,15.0,12.0,3.0,3.0,1.42,0.23,26.76,Karuma (GER),113.0,12.0,4.0,2.0,1.0,0.0,2.71,0.33,25.0,Jukebox Jury (IRE),1525.0,38.0,2.0,6.0,4.0,2.0,0.42,0.05,-33.37,0.0,Surumu,2784.0,504.0,76.0,56.0,59.0,63.0,0.97,0.15,74.7,Karuma (GER),113.0,12.0,4.0,2.0,1.0,1.0,1.72,0.33,95.18,Jukebox Jury (IRE),1525.0,280.0,40.0,33.0,38.0,38.0,0.95,0.14,43.18,0.15,0.33,0.14,0.23,0.33,0.05,0.38,0.58,0.4,0.46,0.58,0.32,-0.03,0.72,-0.05,0.42,1.71,-0.58,0.21,0.2,0.09,0.5,0.67,0.53,0.51,0.58,0.37,0.4,0.57,0.36,0.5,0.57,0.17,-15.12,8.64,-14.0,27.3,20.52,-22.04,0.18,0.11,0.18,0.02,0.11,0.02,0,1,4,0,1.25
rac_11611652,Ffos Las,crs_31512,"Apr 17, 2025",5:12,24.0,4,2,10,4,1,18,hrs_29691354,Earth Cry,7,Neil Mulholland,trn_184059,15,3,0.2,Anwar Badri,own_1244972,0,168,0.0,0.0,Conor O'Farrell,jky_257538,202,47.0,4.5,Freefourracing,dam_3719247,Pride Of Dubai,sir_6158376,French Deputy,dsi_755909,4374.0,59.0,5.0,5.0,15.0,7.0,0.51,0.08,-5.01,4374.0,2.0,0.0,1.0,0.0,0.0,0.0,0.0,-2.0,4374.0,66.0,12.0,6.0,7.0,9.0,0.98,0.18,5.59,4374.0,346.0,38.0,51.0,50.0,33.0,0.86,0.11,-19.95,0.0,0.0,0.0,0.0,0.0,0.0,0,0.0,0.0,0.0,0.0,0.0,0.0,0.0,0.0,0.0,0,0.0,0.0,0.0,0.0,0.0,0.0,0.0,0.0,0.0,0,0.0,0.0,0.0,0.0,0.0,0.0,0.0,0.0,0.0,0.0,French Deputy,1647.0,74.0,9.0,5.0,3.0,5.0,1.02,0.12,-25.13,Freefourracing (USA),39.0,9.0,3.0,1.0,0.0,2.0,1.22,0.33,0.37,Pride Of Dubai (AUS),1551.0,207.0,21.0,29.0,25.0,17.0,0.77,0.1,-76.06,0.12,0.33,0.1,0.0,0.0,0.0,0.23,0.44,0.36,0.0,0.0,0.0,0.02,0.22,-0.23,0.0,0.0,0.0,0.18,0.0,0.0,0.3,0.67,0.44,0.0,0.0,0.0,0.53,0.75,0.28,0.0,0.0,0.0,1.48,1.98,-47.61,0.0,0.0,0.0,0.04,0.23,0.13,0.0,0.0,0.0,2,1,1,4,2.0
rac_11611652,Ffos Las,crs_31512,"Apr 17, 2025",5:12,24.0,4,2,10,4,1,18,hrs_20184206,Stratagem,9,Paul Nicholls,trn_51903,36,7,0.19,David Maxwell,own_601960,0,167,126.0,91.0,Mr David Maxwell,jky_253998,38,47.0,0.0,Our Ziga,dam_5156900,Sunday Break,sir_3930213,Linamix,dsi_388108,399.0,3.0,0.0,1.0,1.0,0.0,0.0,0.0,-3.0,399.0,223.0,32.0,37.0,34.0,32.0,0.68,0.14,-62.02,399.0,82.0,18.0,21.0,7.0,9.0,0.62,0.22,-39.01,399.0,61.0,11.0,10.0,5.0,10.0,0.77,0.18,4.31,1.0,0.0,0.0,0.0,1.0,0.0,Linamix,11318.0,103.0,10.0,10.0,10.0,10.0,0.82,0.1,-30.67,Our Ziga (FR),75.0,12.0,3.0,0.0,1.0,2.0,1.69,0.25,13.5,Sunday Break (JPN),1231.0,7.0,0.0,1.0,0.0,2.0,0.0,0.0,-7.0,0.0,Linamix,11318.0,1583.0,185.0,193.0,197.0,169.0,0.87,0.12,-512.19,Our Ziga (FR),75.0,7.0,3.0,1.0,1.0,1.0,1.38,0.43,-0.56,Sunday Break (JPN),1231.0,83.0,13.0,9.0,11.0,13.0,1.09,0.16,-3.9,0.12,0.43,0.16,0.1,0.25,0.0,0.36,0.71,0.4,0.29,0.33,0.14,-0.13,0.38,0.09,-0.18,0.69,-1.0,0.24,0.12,0.18,0.47,0.86,0.55,0.39,0.5,0.43,0.32,0.6,0.39,0.33,0.75,0.0,-205.79,2.66,7.47,-18.54,8.28,-7.0,0.14,0.09,0.07,0.01,0.16,0.01,4,4,4,0,3.0
rac_11611652,Ffos Las,crs_31512,"Apr 17, 2025",5:12,24.0,4,2,10,4,1,18,hrs_20515103,Fantastikas,10,Nigel Twiston-Davies,trn_2754,15,1,0.07,Imperial Racing Partnership,own_799824,0,165,129.0,80.0,James Turner(5),jky_297195,80,20.0,13.0,Negresse De Cuta,dam_3993493,Davidoff,sir_4746672,Baroud D'Honneur,dsi_3127894,264.0,10.0,0.0,0.0,2.0,0.0,0.0,0.0,-10.0,264.0,2.0,1.0,0.0,1.0,0.0,2.37,0.5,3.0,264.0,129.0,16.0,20.0,13.0,13.0,0.8,0.12,-30.64,264.0,18.0,1.0,1.0,1.0,3.0,0.38,0.06,-14.75,3.0,0.0,2.0,1.0,0.0,0.0,Baroud D'Honneur,319.0,16.0,2.0,4.0,3.0,0.0,0.97,0.12,-1.5,Negresse De Cuta (FR),114.0,13.0,2.0,3.0,2.0,0.0,1.19,0.15,1.5,Davidoff (GER),486.0,15.0,0.0,4.0,3.0,1.0,0.0,0.0,-15.0,0.0,Baroud D'Honneur,319.0,32.0,7.0,4.0,4.0,5.0,1.21,0.22,0.62,Negresse De Cuta (FR),114.0,14.0,3.0,4.0,1.0,3.0,1.2,0.21,-3.0,Davidoff (GER),486.0,47.0,7.0,12.0,6.0,6.0,0.69,0.15,-24.17,0.22,0.21,0.15,0.12,0.15,0.0,0.47,0.57,0.53,0.56,0.54,0.47,0.21,0.2,-0.31,-0.03,0.19,-1.0,0.19,0.09,0.05,0.62,0.79,0.66,0.56,0.54,0.53,0.47,0.38,0.28,0.22,0.29,0.0,6.72,2.8,-14.57,-0.48,2.47,-15.0,0.1,0.12,0.1,0.05,0.11,0.03,3,0,3,4,2.5
rac_11611652,Ffos Las,crs_31512,"Apr 17, 2025",5:12,24.0,4,2,10,4,1,18,hrs_23818368,Peejaybee,9,Peter & Michael Bowen,trn_372555,20,2,0.1,Martin Gowing And Paul Booker,own_1203764,0,164,126.0,101.0,Sean Bowen,jky_279558,21,50.0,7.5,Playa Du Charmil,dam_6120947,Ballingarry,sir_3842790,Saint Des Saints,dsi_3816407,5690.0,429.0,82.0,59.0,67.0,54.0,1.02,0.19,-22.38,5690.0,6.0,0.0,1.0,1.0,2.0,0.0,0.0,-6.0,5690.0,124.0,16.0,14.0,21.0,15.0,0.8,0.13,-24.05,5690.0,615.0,112.0,96.0,61.0,64.0,1.02,0.18,7.7,5.0,1.0,1.0,0.0,1.0,0.2,Saint Des Saints,2488.0,87.0,15.0,13.0,6.0,4.0,0.92,0.17,-14.02,Playa Du Charmil (FR),52.0,5.0,1.0,1.0,0.0,1.0,1.1,0.2,3.5,Ballingarry (IRE),2324.0,92.0,14.0,12.0,5.0,11.0,1.1,0.15,-9.68,0.0,Saint Des Saints,2488.0,372.0,61.0,61.0,61.0,38.0,0.83,0.16,-53.88,Playa Du Charmil (FR),52.0,21.0,4.0,3.0,5.0,3.0,0.81,0.19,0.65,Ballingarry (IRE),2324.0,304.0,37.0,31.0,44.0,38.0,0.9,0.12,-62.07,0.16,0.19,0.12,0.17,0.2,0.15,0.49,0.57,0.37,0.39,0.4,0.34,-0.17,-0.19,-0.1,-0.08,0.1,0.1,0.16,0.17,0.18,0.59,0.71,0.49,0.44,0.6,0.46,0.33,0.33,0.33,0.44,0.5,0.45,-63.24,-3.99,-30.4,-6.96,0.5,9.2,0.15,0.4,0.13,0.03,0.1,0.04,3,2,4,2,2.75
rac_11611652,Ffos Las,crs_31512,"Apr 17, 2025",5:12,24.0,4,2,10,4,1,18,hrs_28607950,Pedley Wood,8,Joe Tizzard,trn_355275,10,1,0.1,Messenger Family And John Reed,own_1262592,0,160,123.0,100.0,Brendan Powell,jky_271218,61,40.0,5.5,Rosin De Beau,dam_21221830,Westerner,sir_3927665,Milan,dsi_3734157,4906.0,116.0,11.0,17.0,18.0,11.0,0.69,0.09,-55.4,4906.0,12.0,4.0,2.0,1.0,0.0,1.7,0.33,6.58,4906.0,760.0,100.0,122.0,106.0,94.0,0.82,0.13,-226.92,4906.0,313.0,33.0,41.0,36.0,30.0,0.83,0.11,-88.03,3.0,0.0,1.0,0.0,0.0,0.0,Milan,3693.0,214.0,29.0,29.0,23.0,12.0,0.96,0.14,-21.22,Rosin De Beau (IRE),23.0,3.0,0.0,1.0,0.0,0.0,0.0,0.0,-3.0,Westerner (GB),10901.0,845.0,106.0,104.0,99.0,86.0,0.92,0.13,-230.5,0.0,Milan,3693.0,917.0,108.0,110.0,104.0,110.0,0.79,0.12,-371.76,Rosin De Beau (IRE),23.0,14.0,3.0,4.0,1.0,0.0,0.83,0.21,-1.33,Westerner (GB),10901.0,2493.0,398.0,349.0,309.0,264.0,0.94,0.16,-581.38,0.12,0.21,0.16,0.14,0.0,0.13,0.35,0.57,0.42,0.38,0.33,0.37,-0.21,-0.17,-0.06,-0.04,-1.0,-0.08,0.16,0.09,0.1,0.47,0.57,0.53,0.43,0.33,0.47,0.34,0.38,0.38,0.36,0.0,0.34,-192.57,-2.38,-149.58,-8.56,-3.0,-67.6,0.25,0.61,0.23,0.06,0.13,0.08,5,5,1,1,3.0
rac_11611652,Ffos Las,crs_31512,"Apr 17, 2025",5:12,24.0,4,2,10,4,1,18,hrs_22840195,Don Alvaro,9,Paul Nicholls,trn_51903,36,7,0.19,Moger & Woodhouse,own_1292176,0,160,0.0,0.0,NON-RUNNER,jky_224913,61,47.0,0.0,New Destiny,dam_4118905,Muhtathir,sir_3276504,Highest Honor,dsi_2129596,0.0,0.0,0.0,0.0,0.0,0.0,0.0,0.0,0.0,0.0,0.0,0.0,0.0,0.0,0.0,0.0,0.0,0.0,0.0,0.0,0.0,0.0,0.0,0.0,0.0,0.0,0.0,0.0,0.0,0.0,0.0,0.0,0.0,0.0,0.0,0.0,1.0,0.0,0.0,0.0,0.0,0.0,Highest Honor,8502.0,127.0,9.0,10.0,17.0,18.0,0.67,0.07,-60.75,New Destiny (FR),104.0,8.0,1.0,1.0,1.0,0.0,1.35,0.12,5.0,Muhtathir (GB),4596.0,62.0,9.0,6.0,5.0,2.0,1.01,0.15,-17.75,0.0,Highest Honor,8502.0,1050.0,144.0,136.0,119.0,107.0,0.97,0.14,-148.98,New Destiny (FR),104.0,11.0,2.0,1.0,2.0,2.0,1.12,0.18,-3.9,Muhtathir (GB),4596.0,358.0,47.0,43.0,38.0,42.0,0.87,0.13,-168.02,0.14,0.18,0.13,0.07,0.12,0.15,0.38,0.45,0.36,0.28,0.38,0.32,-0.03,0.12,-0.13,-0.33,0.35,0.01,0.15,0.11,0.0,0.48,0.64,0.47,0.43,0.38,0.35,0.36,0.4,0.37,0.25,0.33,0.45,-31.5,1.32,-46.54,-41.91,2.8,0.62,0.12,0.11,0.08,0.01,0.08,0.01,1,1,5,0,1.75
rac_11611652,Ffos Las,crs_31512,"Apr 17, 2025",5:12,24.0,4,2,10,4,1,18,hrs_23241449,Balkardy,8,Evan Williams,trn_121059,19,3,0.16,W J Evans,own_58476,0,158,123.0,110.0,Isabel Williams(3),jky_285321,27,32.0,15.0,Kalimnos,dam_23241477,Balko,sir_4168122,Limnos,dsi_3336858,667.0,138.0,16.0,22.0,14.0,18.0,0.8,0.12,-20.37,667.0,33.0,4.0,9.0,7.0,2.0,0.7,0.12,-2.42,667.0,611.0,69.0,82.0,85.0,73.0,0.79,0.11,-192.51,667.0,58.0,7.0,10.0,6.0,8.0,0.78,0.12,-10.37,10.0,1.0,3.0,2.0,1.0,0.1,Limnos,369.0,23.0,1.0,4.0,3.0,1.0,0.32,0.04,-15.5,Kalimnos (FR),43.0,10.0,1.0,3.0,2.0,1.0,0.66,0.1,-2.5,Balko (FR),2356.0,94.0,14.0,13.0,10.0,7.0,0.91,0.15,-37.57,0.0,Limnos,369.0,88.0,14.0,11.0,10.0,10.0,0.96,0.16,-23.31,Kalimnos (FR),43.0,17.0,5.0,3.0,5.0,0.0,1.74,0.29,20.25,Balko (FR),2356.0,409.0,63.0,62.0,72.0,45.0,0.88,0.15,-89.06,0.16,0.29,0.15,0.04,0.1,0.15,0.4,0.76,0.48,0.35,0.6,0.39,-0.04,0.74,-0.12,-0.68,-0.34,-0.09,0.2,0.1,0.12,0.51,0.76,0.59,0.39,0.7,0.47,0.4,0.38,0.32,0.12,0.17,0.38,-3.52,12.58,-49.08,-15.64,-3.4,-8.46,0.24,0.4,0.17,0.06,0.23,0.04,5,3,7,7,5.5
rac_11611652,Ffos Las,crs_31512,"Apr 17, 2025",5:12,24.0,4,2,10,4,1,18,hrs_9396856,Cap Du Nord,12,Christian Williams,trn_298674,8,4,0.5,The Can't Say No Partnership,own_907568,0,158,126.0,99.0,Jack Tudor,jky_296019,39,75.0,7.0,Qualite Controlee,dam_5980807,Voix Du Nord,sir_4079796,Poliglote,dsi_633759,1710.0,126.0,17.0,12.0,9.0,14.0,1.04,0.13,-29.5,1710.0,30.0,5.0,4.0,7.0,4.0,1.27,0.17,-1.5,1710.0,741.0,78.0,79.0,69.0,71.0,0.88,0.11,-146.22,1710.0,175.0,24.0,21.0,22.0,17.0,0.93,0.14,-28.77,19.0,3.0,2.0,5.0,0.0,0.16,Poliglote,4243.0,105.0,13.0,14.0,12.0,9.0,0.87,0.12,-43.0,Qualite Controlee (FR),139.0,21.0,3.0,3.0,5.0,0.0,1.05,0.14,-0.5,Voix Du Nord (FR),1998.0,95.0,13.0,13.0,13.0,6.0,0.95,0.14,-26.56,0.0,Poliglote,4243.0,513.0,92.0,88.0,65.0,50.0,0.91,0.18,-132.84,Qualite Controlee (FR),139.0,26.0,5.0,4.0,3.0,4.0,1.09,0.19,-5.68,Voix Du Nord (FR),1998.0,214.0,44.0,29.0,27.0,25.0,1.06,0.21,-33.27,0.18,0.19,0.21,0.12,0.14,0.14,0.48,0.46,0.47,0.37,0.52,0.41,-0.09,0.09,0.06,-0.13,0.05,-0.05,0.19,0.13,0.14,0.58,0.62,0.58,0.46,0.52,0.47,0.38,0.42,0.44,0.33,0.27,0.33,-46.17,2.34,12.84,-13.65,1.05,-4.75,0.12,0.19,0.11,0.02,0.15,0.05,8,4,5,0,4.25
rac_11611652,Ffos Las,crs_31512,"Apr 17, 2025",5:12,24.0,4,2,10,4,1,18,hrs_29326878,Howaya Now,7,Richard J Bandey,trn_253314,5,0,0.0,S Cross,own_1081596,0,157,125.0,0.0,Harry Bannister,jky_276906,42,40.0,11.0,Howaya Pet,dam_3934686,Califet,sir_3769220,Montelimar,dsi_2125067,2421.0,40.0,4.0,5.0,6.0,3.0,0.67,0.1,-18.34,2421.0,15.0,1.0,3.0,2.0,4.0,0.38,0.07,-13.38,2421.0,272.0,39.0,38.0,30.0,39.0,0.85,0.14,-79.81,2421.0,220.0,22.0,27.0,25.0,33.0,0.75,0.1,-57.62,3.0,0.0,1.0,0.0,1.0,0.0,Montelimar,4881.0,491.0,54.0,53.0,65.0,32.0,0.9,0.11,-12.51,Howaya Pet (IRE),148.0,12.0,1.0,1.0,1.0,1.0,0.85,0.08,-5.0,Califet (FR),3170.0,133.0,17.0,10.0,13.0,17.0,0.98,0.13,11.86,0.0,Montelimar,4881.0,887.0,134.0,106.0,93.0,86.0,1.01,0.15,-23.65,Howaya Pet (IRE),148.0,44.0,6.0,7.0,4.0,8.0,0.96,0.14,12.92,Califet (FR),3170.0,528.0,69.0,64.0,74.0,59.0,0.8,0.13,-267.47,0.15,0.14,0.13,0.11,0.08,0.13,0.38,0.39,0.39,0.35,0.25,0.3,0.01,-0.04,-0.2,-0.1,-0.15,-0.02,0.14,0.11,0.1,0.47,0.57,0.5,0.42,0.33,0.43,0.4,0.35,0.33,0.31,0.33,0.42,8.87,-1.76,-105.6,-49.1,-1.8,-2.66,0.18,0.3,0.17,0.1,0.08,0.04,2,1,4,6,3.25
rac_11611652,Ffos Las,crs_31512,"Apr 17, 2025",5:12,24.0,4,2,10,4,1,18,hrs_24494113,Phantom Getaway,8,Kim Bailey & Mat Nicholls,trn_378207,14,1,0.07,The PG Tipsters,own_650556,0,157,127.0,119.0,Ciaran Gethings,jky_277692,67,36.0,10.0,Belle Provence,dam_3999100,Getaway,sir_4602430,Phantom Breeze,dsi_300132,2588.0,53.0,6.0,6.0,10.0,8.0,1.0,0.11,-22.62,2588.0,4.0,1.0,0.0,0.0,1.0,1.48,0.25,-1.62,2588.0,10.0,0.0,1.0,1.0,4.0,0.0,0.0,-10.0,2588.0,192.0,17.0,22.0,31.0,24.0,0.66,0.09,-84.93,5.0,1.0,1.0,0.0,0.0,0.2,Phantom Breeze,1018.0,54.0,6.0,5.0,4.0,8.0,0.96,0.11,-13.42,Belle Provence (FR),38.0,10.0,2.0,1.0,1.0,0.0,1.39,0.2,3.38,Getaway (GER),9107.0,602.0,71.0,69.0,70.0,55.0,0.8,0.12,-148.72,0.0,Phantom Breeze,1018.0,139.0,21.0,20.0,8.0,15.0,0.96,0.15,-31.78,Belle Provence (FR),38.0,21.0,2.0,4.0,2.0,1.0,0.64,0.1,-7.62,Getaway (GER),9107.0,2441.0,354.0,333.0,278.0,270.0,0.93,0.15,-564.55,0.15,0.1,0.15,0.11,0.2,0.12,0.35,0.38,0.4,0.28,0.4,0.35,-0.04,-0.36,-0.07,-0.04,0.39,-0.2,0.13,0.14,0.09,0.46,0.43,0.51,0.43,0.4,0.44,0.43,0.25,0.37,0.4,0.5,0.34,-5.56,-7.56,-170.87,-2.16,3.9,-120.4,0.14,0.55,0.27,0.05,0.26,0.07,0,2,0,3,1.25
rac_11611652,Ffos Las,crs_31512,"Apr 17, 2025",5:12,24.0,4,2,10,4,1,18,hrs_24141488,House Of Stories,9,Rebecca Curtis,trn_182259,5,3,0.6,"Conyers, O'Reilly, Clerkson, Zeffman",own_1353936,0,155,127.0,112.0,Jamie Brace(5),jky_293820,40,60.0,5.0,Liss Aris,dam_18240698,Presenting,sir_676165,Kayf Tara,dsi_3297462,197.0,6.0,3.0,0.0,0.0,1.0,2.38,0.5,20.7,197.0,1.0,0.0,1.0,0.0,0.0,0.0,0.0,-1.0,197.0,7.0,3.0,1.0,0.0,1.0,2.06,0.43,5.2,197.0,12.0,2.0,0.0,3.0,1.0,1.01,0.17,-2.8,0.0,0.0,0.0,0.0,0.0,0.0,Kayf Tara,2549.0,136.0,19.0,21.0,17.0,20.0,1.05,0.14,-24.11,0,0.0,0.0,0.0,0.0,0.0,0.0,0.0,0.0,0.0,Presenting (GB),23216.0,2465.0,265.0,304.0,264.0,232.0,0.81,0.11,-767.45,0.0,Kayf Tara,2549.0,857.0,108.0,98.0,104.0,109.0,0.94,0.13,-129.32,Liss Aris (IRE),10.0,5.0,1.0,2.0,0.0,0.0,1.85,0.2,5.0,Presenting (GB),23216.0,5487.0,719.0,743.0,645.0,594.0,0.85,0.13,-1725.92,0.13,0.2,0.13,0.14,0.0,0.11,0.36,0.6,0.38,0.42,0.0,0.34,-0.06,0.85,-0.15,0.05,0.0,-0.19,0.15,0.08,0.0,0.49,0.6,0.49,0.57,0.0,0.43,0.35,0.33,0.34,0.33,0.0,0.32,-51.42,4.25,-823.05,6.8,0.0,-468.35,0.34,0.5,0.24,0.05,0.0,0.11,2,1,0,0,0.75
rac_11611678,Ffos Las,crs_31512,"Apr 17, 2025",5:45,24.0,5,1,10,4,1,12,hrs_23241435,Drash On Ruby,9,Jeremy Scott,trn_11763,9,0,0.0,Mrs B Tully And R Lock,own_1027092,0,168,100.0,68.0,Rex Dingle,jky_285150,42,56.0,4.33,So Long,dam_4332657,Passing Glance,sir_2998898,Nomadic Way,dsi_67970,1592.0,52.0,6.0,6.0,4.0,7.0,0.63,0.12,-29.35,1592.0,32.0,3.0,8.0,9.0,4.0,0.46,0.09,-20.0,1592.0,359.0,49.0,44.0,51.0,41.0,0.9,0.14,-4.2,1592.0,104.0,14.0,12.0,17.0,12.0,0.81,0.13,-47.81,1.0,0.0,1.0,0.0,0.0,0.0,Nomadic Way,342.0,14.0,2.0,3.0,2.0,2.0,1.01,0.14,-6.0,So Long (GB),91.0,8.0,1.0,3.0,2.0,1.0,0.63,0.12,-5.0,Passing Glance (GB),3076.0,95.0,14.0,13.0,13.0,9.0,1.05,0.15,15.93,0.0,Nomadic Way,342.0,92.0,8.0,9.0,12.0,8.0,0.8,0.09,-19.67,So Long (GB),91.0,23.0,4.0,3.0,6.0,2.0,1.16,0.17,12.0,Passing Glance (GB),3076.0,973.0,99.0,100.0,95.0,83.0,0.88,0.1,-76.93,0.09,0.17,0.1,0.14,0.12,0.15,0.32,0.57,0.3,0.5,0.75,0.42,-0.2,0.16,-0.12,0.01,-0.37,0.05,0.12,0.14,0.13,0.4,0.65,0.39,0.64,0.88,0.52,0.28,0.31,0.34,0.29,0.17,0.35,-18.4,3.68,-116.76,0.14,-2.96,4.75,0.27,0.25,0.32,0.04,0.09,0.03,0,3,3,2,2.0
rac_11611678,Ffos Las,crs_31512,"Apr 17, 2025",5:45,24.0,5,1,10,4,1,12,hrs_20183793,Iron Heart,8,Peter & Michael Bowen,trn_372555,20,2,0.1,Vernon Phillips,own_1395400,0,167,99.0,57.0,Shane Fenelon(5),jky_297585,17,50.0,15.0,Kiyoshi,dam_5819135,Muhaarar,sir_5988269,Dubawi,dsi_4127830,639.0,21.0,2.0,1.0,0.0,3.0,3.01,0.1,97.0,639.0,2.0,0.0,0.0,0.0,0.0,0.0,0.0,-2.0,639.0,47.0,7.0,4.0,3.0,1.0,1.62,0.15,-11.62,639.0,44.0,4.0,6.0,1.0,3.0,1.14,0.09,23.0,2.0,0.0,1.0,0.0,0.0,0.0,Dubawi,9500.0,17.0,1.0,4.0,2.0,0.0,0.49,0.06,-11.5,Kiyoshi (GB),90.0,2.0,0.0,1.0,0.0,0.0,0.0,0.0,-2.0,Muhaarar (GB),3999.0,3.0,0.0,1.0,0.0,0.0,0.0,0.0,-3.0,0.0,Dubawi,9500.0,2009.0,270.0,265.0,244.0,212.0,0.86,0.13,-550.52,Kiyoshi (GB),90.0,25.0,4.0,2.0,3.0,3.0,1.06,0.16,-10.67,Muhaarar (GB),3999.0,1083.0,156.0,126.0,100.0,127.0,0.97,0.14,-121.55,0.13,0.16,0.14,0.06,0.0,0.0,0.39,0.36,0.35,0.41,0.5,0.33,-0.14,0.06,-0.03,-0.51,-1.0,-1.0,0.14,0.02,0.09,0.49,0.48,0.47,0.41,0.5,0.33,0.35,0.44,0.41,0.14,0.0,0.0,-281.26,1.5,-32.49,-8.67,-2.0,-3.0,0.21,0.28,0.27,0.0,0.02,0.0,0,5,5,6,4.0
rac_11611678,Ffos Las,crs_31512,"Apr 17, 2025",5:45,24.0,5,1,10,4,1,12,hrs_34153497,Boskill Borden,6,David Rees,trn_110853,2,0,0.0,"Toni, Dai & Griffiths",own_1420208,0,165,96.0,82.0,Sean Bowen,jky_279558,7,50.0,0.0,Aweebounce,dam_7344491,Battle Of Marengo,sir_5601386,Dubawi,dsi_4127830,5690.0,429.0,82.0,59.0,67.0,54.0,1.02,0.19,-22.38,0.0,0.0,0.0,0.0,0.0,0.0,0.0,0.0,0.0,5690.0,121.0,18.0,13.0,16.0,14.0,1.03,0.15,-2.83,5690.0,615.0,112.0,96.0,61.0,64.0,1.02,0.18,7.7,0.0,0.0,0.0,0.0,0.0,0.0,Dubawi,9500.0,17.0,1.0,4.0,2.0,0.0,0.49,0.06,-11.5,0,0.0,0.0,0.0,0.0,0.0,0.0,0.0,0.0,0.0,Battle Of Marengo (IRE),852.0,16.0,1.0,3.0,0.0,2.0,0.46,0.06,-12.0,0.0,Dubawi,9500.0,2009.0,270.0,265.0,244.0,212.0,0.86,0.13,-550.52,Aweebounce (IRE),98.0,40.0,3.0,8.0,3.0,2.0,0.58,0.07,-27.25,Battle Of Marengo (IRE),852.0,145.0,15.0,8.0,16.0,19.0,0.9,0.1,-86.97,0.13,0.08,0.1,0.06,0.0,0.06,0.39,0.35,0.27,0.41,0.0,0.25,-0.14,-0.42,-0.1,-0.51,0.0,-0.54,0.1,0.04,0.0,0.49,0.4,0.4,0.41,0.0,0.38,0.35,0.21,0.38,0.14,0.0,0.25,-281.26,-16.8,-14.5,-8.67,0.0,-8.64,0.21,0.41,0.17,0.0,0.0,0.02,3,6,0,8,4.25
rac_11611678,Ffos Las,crs_31512,"Apr 17, 2025",5:45,24.0,5,1,10,4,1,12,hrs_39507874,Les's Jersey Royal,6,Ben Pauling,trn_256320,23,0,0.0,Les De La Haye,own_224796,0,157,100.0,85.0,Callum Pritchard(5),jky_307311,38,26.0,8.5,Milano Glen,dam_39507909,Soldier Of Fortune,sir_4624284,Milan,dsi_3734157,250.0,10.0,0.0,3.0,2.0,0.0,0.0,0.0,-10.0,250.0,3.0,0.0,1.0,0.0,0.0,0.0,0.0,-3.0,250.0,58.0,7.0,8.0,6.0,8.0,0.66,0.12,-36.94,250.0,18.0,5.0,3.0,1.0,1.0,1.57,0.28,3.0,0.0,0.0,0.0,0.0,0.0,0.0,Milan,3693.0,214.0,29.0,29.0,23.0,12.0,0.96,0.14,-21.22,0,0.0,0.0,0.0,0.0,0.0,0.0,0.0,0.0,0.0,Soldier Of Fortune (IRE),4527.0,161.0,16.0,18.0,18.0,15.0,0.69,0.1,-54.66,0.0,Milan,3693.0,698.0,95.0,90.0,72.0,68.0,0.96,0.14,-123.99,Milano Glen (IRE),7.0,2.0,0.0,1.0,0.0,0.0,0.0,0.0,-2.0,Soldier Of Fortune (IRE),4527.0,646.0,74.0,96.0,79.0,80.0,0.73,0.11,-224.02,0.14,0.0,0.11,0.14,0.0,0.1,0.37,0.5,0.39,0.38,0.0,0.32,-0.04,-1.0,-0.27,-0.04,0.0,-0.31,0.08,0.08,0.0,0.47,0.5,0.51,0.43,0.0,0.42,0.37,0.0,0.3,0.36,0.0,0.31,-27.92,-2.0,-174.42,-8.56,0.0,-49.91,0.19,0.29,0.14,0.06,0.0,0.04,5,0,9,9,5.75
rac_11611678,Ffos Las,crs_31512,"Apr 17, 2025",5:45,24.0,5,1,10,4,1,12,hrs_39507874,Les's Jersey Royal,6,Ben Pauling,trn_256320,23,0,0.0,Les De La Haye,own_224796,0,157,100.0,85.0,Callum Pritchard(5),jky_307311,38,26.0,8.5,Milano Glen,dam_39507909,Soldier Of Fortune,sir_4624284,Milan,dsi_3734157,250.0,10.0,0.0,3.0,2.0,0.0,0.0,0.0,-10.0,250.0,3.0,0.0,1.0,0.0,0.0,0.0,0.0,-3.0,250.0,58.0,7.0,8.0,6.0,8.0,0.66,0.12,-36.94,250.0,18.0,5.0,3.0,1.0,1.0,1.57,0.28,3.0,0.0,0.0,0.0,0.0,0.0,0.0,Milan,3693.0,214.0,29.0,29.0,23.0,12.0,0.96,0.14,-21.22,0,0.0,0.0,0.0,0.0,0.0,0.0,0.0,0.0,0.0,Soldier Of Fortune (IRE),4527.0,161.0,16.0,18.0,18.0,15.0,0.69,0.1,-54.66,0.0,Milan,3693.0,698.0,95.0,90.0,72.0,68.0,0.96,0.14,-123.99,Milano Glen (IRE),7.0,2.0,0.0,1.0,0.0,0.0,0.0,0.0,-2.0,Soldier Of Fortune (IRE),4527.0,646.0,74.0,96.0,79.0,80.0,0.73,0.11,-224.02,0.14,0.0,0.11,0.14,0.0,0.1,0.37,0.5,0.39,0.38,0.0,0.32,-0.04,-1.0,-0.27,-0.04,0.0,-0.31,0.08,0.08,0.0,0.47,0.5,0.51,0.43,0.0,0.42,0.37,0.0,0.3,0.36,0.0,0.31,-27.92,-2.0,-174.42,-8.56,0.0,-49.91,0.19,0.29,0.14,0.06,0.0,0.04,5,0,9,9,5.75
rac_11611678,Ffos Las,crs_31512,"Apr 17, 2025",5:45,24.0,5,1,10,4,1,12,hrs_39507874,Les's Jersey Royal,6,Ben Pauling,trn_256320,23,0,0.0,Les De La Haye,own_224796,0,157,100.0,85.0,Callum Pritchard(5),jky_307311,38,26.0,8.5,Milano Glen,dam_39507909,Soldier Of Fortune,sir_4624284,Milan,dsi_3734157,250.0,10.0,0.0,3.0,2.0,0.0,0.0,0.0,-10.0,250.0,3.0,0.0,1.0,0.0,0.0,0.0,0.0,-3.0,250.0,58.0,7.0,8.0,6.0,8.0,0.66,0.12,-36.94,250.0,18.0,5.0,3.0,1.0,1.0,1.57,0.28,3.0,0.0,0.0,0.0,0.0,0.0,0.0,Milan,3693.0,214.0,29.0,29.0,23.0,12.0,0.96,0.14,-21.22,0,0.0,0.0,0.0,0.0,0.0,0.0,0.0,0.0,0.0,Soldier Of Fortune (IRE),4527.0,161.0,16.0,18.0,18.0,15.0,0.69,0.1,-54.66,0.0,Milan,3693.0,698.0,95.0,90.0,72.0,68.0,0.96,0.14,-123.99,Milano Glen (IRE),7.0,2.0,0.0,1.0,0.0,0.0,0.0,0.0,-2.0,Soldier Of Fortune (IRE),4527.0,646.0,74.0,96.0,79.0,80.0,0.73,0.11,-224.02,0.14,0.0,0.11,0.14,0.0,0.1,0.37,0.5,0.39,0.38,0.0,0.32,-0.04,-1.0,-0.27,-0.04,0.0,-0.31,0.08,0.08,0.0,0.47,0.5,0.51,0.43,0.0,0.42,0.37,0.0,0.3,0.36,0.0,0.31,-27.92,-2.0,-174.42,-8.56,0.0,-49.91,0.19,0.29,0.14,0.06,0.0,0.04,5,0,9,9,5.75
rac_11611678,Ffos Las,crs_31512,"Apr 17, 2025",5:45,24.0,5,1,10,4,1,12,hrs_39507874,Les's Jersey Royal,6,Ben Pauling,trn_256320,23,0,0.0,Les De La Haye,own_224796,0,157,100.0,85.0,Callum Pritchard(5),jky_307311,38,26.0,8.5,Milano Glen,dam_39507909,Soldier Of Fortune,sir_4624284,Milan,dsi_3734157,250.0,10.0,0.0,3.0,2.0,0.0,0.0,0.0,-10.0,250.0,3.0,0.0,1.0,0.0,0.0,0.0,0.0,-3.0,250.0,58.0,7.0,8.0,6.0,8.0,0.66,0.12,-36.94,250.0,18.0,5.0,3.0,1.0,1.0,1.57,0.28,3.0,0.0,0.0,0.0,0.0,0.0,0.0,Milan,3693.0,214.0,29.0,29.0,23.0,12.0,0.96,0.14,-21.22,0,0.0,0.0,0.0,0.0,0.0,0.0,0.0,0.0,0.0,Soldier Of Fortune (IRE),4527.0,161.0,16.0,18.0,18.0,15.0,0.69,0.1,-54.66,0.0,Milan,3693.0,698.0,95.0,90.0,72.0,68.0,0.96,0.14,-123.99,Milano Glen (IRE),7.0,2.0,0.0,1.0,0.0,0.0,0.0,0.0,-2.0,Soldier Of Fortune (IRE),4527.0,646.0,74.0,96.0,79.0,80.0,0.73,0.11,-224.02,0.14,0.0,0.11,0.14,0.0,0.1,0.37,0.5,0.39,0.38,0.0,0.32,-0.04,-1.0,-0.27,-0.04,0.0,-0.31,0.08,0.08,0.0,0.47,0.5,0.51,0.43,0.0,0.42,0.37,0.0,0.3,0.36,0.0,0.31,-27.92,-2.0,-174.42,-8.56,0.0,-49.91,0.19,0.29,0.14,0.06,0.0,0.04,5,0,9,9,5.75
rac_11611678,Ffos Las,crs_31512,"Apr 17, 2025",5:45,24.0,5,1,10,4,1,12,hrs_30381540,Orange Diamond,7,Clive Boultbee-Brooks,trn_342837,6,1,0.17,C & C Boultbee Brooks,own_1255516,0,154,0.0,16.0,Ned Fox(3),jky_299007,40,67.0,13.0,Orange Bitter,dam_5418231,Diamond Boy,sir_5181561,Night Shift,dsi_2111641,303.0,15.0,3.0,2.0,4.0,2.0,0.91,0.2,-6.12,303.0,7.0,1.0,1.0,2.0,0.0,1.34,0.14,-2.0,303.0,8.0,1.0,1.0,2.0,0.0,1.24,0.12,-3.0,303.0,32.0,4.0,4.0,3.0,5.0,0.81,0.12,-9.54,0.0,0.0,0.0,0.0,0.0,0.0,Night Shift,21979.0,64.0,5.0,7.0,7.0,5.0,0.73,0.08,-22.0,0,0.0,0.0,0.0,0.0,0.0,0.0,0.0,0.0,0.0,Diamond Boy (FR),1564.0,40.0,4.0,5.0,3.0,4.0,0.82,0.1,15.5,0.0,Night Shift,21979.0,5096.0,524.0,552.0,537.0,497.0,0.85,0.1,-1473.65,Orange Bitter (FR),58.0,5.0,0.0,0.0,0.0,0.0,0.0,0.0,-5.0,Diamond Boy (FR),1564.0,259.0,25.0,35.0,40.0,21.0,0.71,0.1,-77.79,0.1,0.0,0.1,0.08,0.0,0.1,0.32,0.0,0.39,0.3,0.0,0.3,-0.15,-1.0,-0.29,-0.27,0.0,-0.18,0.07,0.06,0.0,0.41,0.0,0.47,0.38,0.0,0.4,0.32,0.0,0.25,0.26,0.0,0.33,-764.4,-5.0,-75.11,-17.28,0.0,-7.2,0.23,0.09,0.17,0.0,0.0,0.03,0,5,0,0,1.25
rac_11611678,Ffos Las,crs_31512,"Apr 17, 2025",5:45,24.0,5,1,10,4,1,12,hrs_24495793,Quickbuck,8,Alison Thorpe,trn_126324,2,0,0.0,Miss I Mathias,own_1380972,0,154,0.0,33.0,Miss Imogen Mathias(7),jky_296598,27,0.0,81.0,Buck's Blue,dam_4079943,Walk In The Park,sir_4218179,Epervier Bleu,dsi_409983,99.0,2.0,0.0,0.0,0.0,0.0,0.0,0.0,-2.0,99.0,15.0,1.0,1.0,1.0,5.0,0.97,0.07,11.0,99.0,4.0,0.0,0.0,0.0,1.0,0.0,0.0,-4.0,99.0,2.0,0.0,0.0,0.0,1.0,0.0,0.0,-2.0,1.0,0.0,0.0,0.0,0.0,0.0,Epervier Bleu,1755.0,122.0,15.0,11.0,15.0,14.0,0.8,0.12,-4.77,Buck's Blue (FR),134.0,18.0,2.0,1.0,2.0,2.0,0.72,0.11,-10.25,Walk In The Park (IRE),4614.0,203.0,21.0,29.0,14.0,21.0,0.73,0.1,-50.87,0.0,Epervier Bleu,1755.0,163.0,18.0,16.0,15.0,16.0,0.75,0.11,-54.57,Buck's Blue (FR),134.0,29.0,1.0,4.0,4.0,4.0,0.22,0.03,-24.8,Walk In The Park (IRE),4614.0,596.0,82.0,86.0,69.0,88.0,0.83,0.14,38.14,0.11,0.03,0.14,0.12,0.11,0.1,0.3,0.31,0.4,0.34,0.28,0.32,-0.25,-0.78,-0.17,-0.2,-0.28,-0.27,0.09,0.11,0.0,0.4,0.45,0.55,0.45,0.39,0.42,0.37,0.11,0.35,0.37,0.4,0.33,-40.75,-22.62,-101.32,-24.4,-5.04,-54.81,0.09,0.22,0.13,0.07,0.13,0.04,0,0,8,9,4.25
rac_11611678,Ffos Las,crs_31512,"Apr 17, 2025",5:45,24.0,5,1,10,4,1,12,hrs_33774664,Glengolly,6,Billy Aprahamian,trn_354006,8,2,0.25,Miss S Pilkington,own_9840,0,154,99.0,80.0,Gavin Sheehan,jky_266721,31,88.0,5.0,Tsarinova,dam_5252863,Black Sam Bellamy,sir_3852772,Alflora,dsi_468524,5157.0,163.0,36.0,24.0,14.0,11.0,1.12,0.22,-3.02,5157.0,12.0,3.0,0.0,1.0,2.0,2.53,0.25,18.73,5157.0,23.0,6.0,7.0,4.0,1.0,0.96,0.26,6.31,5157.0,377.0,47.0,49.0,36.0,44.0,0.83,0.12,-63.53,2.0,0.0,0.0,0.0,0.0,0.0,Alflora,4411.0,318.0,26.0,33.0,40.0,33.0,0.68,0.08,-153.77,Tsarinova (GB),16.0,2.0,0.0,0.0,0.0,0.0,0.0,0.0,-2.0,Black Sam Bellamy (IRE),4461.0,344.0,47.0,40.0,46.0,30.0,1.0,0.14,8.03,0.0,Alflora,4411.0,1019.0,105.0,103.0,90.0,101.0,0.94,0.1,31.57,Tsarinova (GB),16.0,9.0,0.0,0.0,0.0,0.0,0.0,0.0,-9.0,Black Sam Bellamy (IRE),4461.0,1130.0,92.0,116.0,128.0,118.0,0.76,0.08,-271.47,0.1,0.0,0.08,0.08,0.0,0.14,0.29,0.0,0.3,0.31,0.0,0.39,-0.06,-1.0,-0.24,-0.32,-1.0,0.0,0.06,0.07,0.12,0.39,0.0,0.4,0.42,0.0,0.47,0.35,0.0,0.27,0.26,0.0,0.35,-61.14,-9.0,-271.2,-101.76,-2.0,0.0,0.23,0.56,0.25,0.07,0.12,0.08,6,5,0,0,2.75
rac_11611678,Ffos Las,crs_31512,"Apr 17, 2025",5:45,24.0,5,1,10,4,1,12,hrs_33478886,Tuscan Rose,7,Neil Mulholland,trn_184059,15,3,0.2,Fighting Chance Syndicate,own_461940,0,153,101.0,66.0,Conor O'Farrell,jky_257538,42,47.0,6.5,Ma Furie,dam_4143230,Milan,sir_3734157,Balleroy,dsi_432558,4374.0,59.0,5.0,5.0,15.0,7.0,0.51,0.08,-5.01,0.0,0.0,0.0,0.0,0.0,0.0,0.0,0.0,0.0,4374.0,66.0,12.0,6.0,7.0,9.0,0.98,0.18,5.59,4374.0,346.0,38.0,51.0,50.0,33.0,0.86,0.11,-19.95,1.0,1.0,0.0,0.0,0.0,1.0,Balleroy,591.0,11.0,3.0,1.0,1.0,0.0,1.54,0.27,-0.34,Ma Furie (FR),106.0,8.0,3.0,1.0,1.0,0.0,1.69,0.38,2.66,Milan (GB),15902.0,1850.0,230.0,235.0,230.0,171.0,0.87,0.12,-300.4,0.0,Balleroy,591.0,40.0,2.0,5.0,2.0,6.0,0.3,0.05,-32.93,Ma Furie (FR),106.0,33.0,2.0,5.0,2.0,6.0,0.33,0.06,-25.93,Milan (GB),15902.0,2241.0,265.0,275.0,241.0,212.0,0.84,0.12,-533.65,0.05,0.06,0.12,0.27,0.38,0.12,0.22,0.27,0.35,0.45,0.62,0.38,-0.7,-0.67,-0.16,0.54,0.69,-0.13,0.08,0.26,0.11,0.38,0.45,0.44,0.45,0.62,0.47,0.22,0.22,0.34,0.6,0.6,0.33,-28.0,-22.11,-358.56,5.94,5.52,-240.5,0.07,0.31,0.14,0.02,0.08,0.12,1,2,2,0,1.25
rac_11611678,Ffos Las,crs_31512,"Apr 17, 2025",5:45,24.0,5,1,10,4,1,12,hrs_412694884,Jukebox Joker,5,Evan Williams,trn_121059,19,3,0.16,Baytree,own_1400500,0,150,95.0,44.0,Isabel Williams(3),jky_285321,67,32.0,7.0,Tudor Glyn,dam_6390076,Jukebox Jury,sir_4966836,Flemensfirth,dsi_676046,667.0,138.0,16.0,22.0,14.0,18.0,0.8,0.12,-20.37,667.0,9.0,1.0,1.0,1.0,3.0,0.93,0.11,-2.0,667.0,611.0,69.0,82.0,85.0,73.0,0.79,0.11,-192.51,667.0,58.0,7.0,10.0,6.0,8.0,0.78,0.12,-10.37,0.0,0.0,0.0,0.0,0.0,0.0,Flemensfirth,7643.0,533.0,52.0,72.0,69.0,58.0,0.71,0.1,-235.12,Tudor Glyn (IRE),108.0,4.0,1.0,0.0,1.0,1.0,1.15,0.25,-1.12,Jukebox Jury (IRE),1525.0,38.0,2.0,6.0,4.0,2.0,0.42,0.05,-33.37,0.0,Flemensfirth,7643.0,1269.0,158.0,144.0,156.0,131.0,0.91,0.12,-202.55,Tudor Glyn (IRE),108.0,20.0,1.0,1.0,0.0,5.0,0.59,0.05,1.0,Jukebox Jury (IRE),1525.0,191.0,31.0,17.0,31.0,24.0,1.05,0.16,-29.63,0.12,0.05,0.16,0.1,0.25,0.05,0.36,0.1,0.41,0.36,0.5,0.32,-0.09,-0.41,0.05,-0.29,0.15,-0.58,0.11,0.13,0.0,0.46,0.35,0.54,0.47,0.75,0.37,0.34,0.5,0.39,0.27,0.5,0.17,-114.21,-8.2,9.55,-154.57,0.6,-22.04,0.17,0.19,0.13,0.07,0.04,0.02,8,6,0,4,4.5
rac_11611678,Ffos Las,crs_31512,"Apr 17, 2025",5:45,24.0,5,1,10,4,1,12,hrs_48082650,Delgany Deadline,5,Dan Skelton,trn_146430,44,7,0.16,Charles and Rachel Wilson,own_538332,0,149,89.0,56.0,Tristan Durrell(3),jky_296364,55,50.0,5.0,New Bridge,dam_4965821,Blue Bresil,sir_4924724,Lost World,dsi_572439,549.0,4.0,0.0,0.0,1.0,0.0,0.0,0.0,-4.0,549.0,10.0,1.0,0.0,5.0,1.0,0.88,0.1,-6.25,549.0,443.0,48.0,45.0,52.0,52.0,0.84,0.11,-101.22,549.0,37.0,4.0,5.0,5.0,3.0,0.8,0.11,-23.67,0.0,0.0,0.0,0.0,0.0,0.0,Lost World,1403.0,45.0,4.0,4.0,6.0,8.0,0.8,0.09,-19.25,0,0.0,0.0,0.0,0.0,0.0,0.0,0.0,0.0,0.0,Blue Bresil (FR),2537.0,64.0,7.0,9.0,12.0,8.0,0.62,0.11,-23.62,0.0,Lost World,1403.0,112.0,13.0,8.0,14.0,14.0,0.82,0.12,-10.69,New Bridge (FR),19.0,7.0,0.0,0.0,0.0,2.0,0.0,0.0,-7.0,Blue Bresil (FR),2537.0,547.0,64.0,66.0,52.0,55.0,0.82,0.12,-188.98,0.12,0.0,0.12,0.09,0.0,0.11,0.31,0.0,0.33,0.31,0.0,0.44,-0.18,-1.0,-0.18,-0.2,0.0,-0.38,0.08,0.07,0.0,0.44,0.29,0.43,0.49,0.0,0.56,0.37,0.0,0.35,0.29,0.0,0.25,-20.16,-7.0,-98.46,-9.0,0.0,-24.32,0.08,0.37,0.22,0.03,0.0,0.03,0,6,5,0,2.75
rac_11611678,Ffos Las,crs_31512,"Apr 17, 2025",5:45,24.0,5,1,10,4,1,12,hrs_8867460,The Wire Flyer,10,Alison Thorpe,trn_126324,2,0,0.0,Aled Evans & Tommy Williams,own_1128388,0,142,99.0,74.0,Elizabeth Gale(7),jky_305181,7,0.0,51.0,Good Morning Star,dam_5531666,Champs Elysees,sir_4532486,Shirocco,dsi_4009460,141.0,3.0,0.0,0.0,1.0,0.0,0.0,0.0,-3.0,0.0,0.0,0.0,0.0,0.0,0.0,0.0,0.0,0.0,0.0,0.0,0.0,0.0,0.0,0.0,0.0,0.0,0.0,141.0,13.0,1.0,2.0,1.0,0.0,0.66,0.08,-10.75,0.0,0.0,0.0,0.0,0.0,0.0,Shirocco,2045.0,17.0,5.0,1.0,0.0,1.0,2.36,0.29,30.66,0,0.0,0.0,0.0,0.0,0.0,0.0,0.0,0.0,0.0,Champs Elysees (GB),6973.0,94.0,16.0,11.0,10.0,5.0,1.36,0.17,12.92,0.0,Shirocco,2045.0,390.0,40.0,45.0,50.0,31.0,0.89,0.1,-136.99,Good Morning Star (IRE),39.0,21.0,1.0,1.0,3.0,1.0,0.54,0.05,-16.5,Champs Elysees (GB),6973.0,1675.0,173.0,192.0,186.0,177.0,0.81,0.1,-504.21,0.1,0.05,0.1,0.29,0.0,0.17,0.35,0.24,0.33,0.35,0.0,0.39,-0.11,-0.46,-0.19,1.36,0.0,0.36,0.08,0.15,0.0,0.43,0.29,0.43,0.41,0.0,0.45,0.3,0.2,0.31,0.83,0.0,0.43,-42.9,-9.66,-318.25,23.12,0.0,33.84,0.19,0.54,0.24,0.01,0.0,0.01,0,4,5,0,2.25
rac_11611639,Ffos Las,crs_31512,"Apr 17, 2025",6:15,16.0,3,1,14,4,1,8,hrs_42326627,All Well And Good,5,Olly Murphy,trn_301977,16,2,0.13,Gary Allsopp,own_1280516,0,159,62.0,0.0,Beau Morgan(5),jky_302610,20,44.0,9.0,World Of Good,dam_6310689,Mukhadram,sir_5413016,Danehill Dancer,dsi_728077,241.0,6.0,0.0,0.0,2.0,0.0,0.0,0.0,-6.0,0.0,0.0,0.0,0.0,0.0,0.0,0.0,0.0,0.0,241.0,23.0,4.0,4.0,3.0,5.0,0.73,0.17,-11.84,241.0,30.0,3.0,5.0,3.0,7.0,0.61,0.1,-17.25,3.0,1.0,1.0,0.0,0.0,0.33,Danehill Dancer,19335.0,927.0,87.0,104.0,90.0,84.0,0.75,0.09,-410.98,World Of Good (GB),36.0,3.0,1.0,1.0,0.0,0.0,1.22,0.33,1.33,Mukhadram (GB),2264.0,143.0,16.0,13.0,11.0,12.0,1.05,0.11,-61.01,0.0,Danehill Dancer,19335.0,1262.0,140.0,160.0,160.0,142.0,0.8,0.11,-319.18,World Of Good (GB),36.0,4.0,0.0,0.0,1.0,0.0,0.0,0.0,-4.0,Mukhadram (GB),2264.0,104.0,13.0,15.0,18.0,10.0,0.77,0.12,-34.69,0.11,0.0,0.12,0.09,0.33,0.11,0.36,0.25,0.44,0.3,0.67,0.28,-0.2,-1.0,-0.23,-0.25,0.22,0.05,0.08,0.18,0.12,0.48,0.25,0.54,0.39,0.67,0.36,0.3,0.0,0.28,0.31,0.5,0.4,-252.4,-4.0,-23.92,-231.75,0.66,7.15,0.07,0.11,0.05,0.05,0.08,0.06,2,1,2,0,1.25
rac_11611639,Ffos Las,crs_31512,"Apr 17, 2025",6:15,16.0,3,1,14,4,1,8,hrs_47345459,Amazing Cleni,5,Kim Bailey & Mat Nicholls,trn_378207,14,1,0.07,May We Never Be Found Out Partnership 2,own_891428,0,159,90.0,45.0,Jack Hogan(3),jky_290703,49,36.0,41.0,Cleni River,dam_14073248,Balko,sir_4168122,Turgeon,dsi_366520,671.0,4.0,1.0,0.0,1.0,0.0,1.17,0.25,-0.75,0.0,0.0,0.0,0.0,0.0,0.0,0.0,0.0,0.0,671.0,1.0,0.0,0.0,0.0,0.0,0.0,0.0,-1.0,671.0,156.0,18.0,17.0,15.0,15.0,0.88,0.12,-70.64,3.0,0.0,0.0,0.0,1.0,0.0,Turgeon,5125.0,633.0,90.0,88.0,67.0,67.0,0.87,0.14,-247.49,Cleni River (FR),40.0,10.0,0.0,0.0,0.0,2.0,0.0,0.0,-10.0,Balko (FR),2356.0,272.0,28.0,41.0,41.0,36.0,0.62,0.1,-172.55,0.0,Turgeon,5125.0,500.0,73.0,79.0,74.0,68.0,0.84,0.15,-161.0,0,0.0,0.0,0.0,0.0,0.0,0.0,0.0,0.0,0.0,Balko (FR),2356.0,213.0,32.0,32.0,36.0,28.0,0.82,0.15,-29.99,0.15,0.0,0.15,0.14,0.0,0.1,0.45,0.0,0.47,0.39,0.0,0.4,-0.16,0.0,-0.18,-0.13,-1.0,-0.38,0.1,0.08,0.11,0.59,0.0,0.6,0.49,0.2,0.54,0.32,0.0,0.32,0.37,0.0,0.25,-80.0,0.0,-38.34,-82.29,-10.0,-103.36,0.1,0.0,0.09,0.12,0.25,0.12,4,6,8,0,4.5
rac_11611639,Ffos Las,crs_31512,"Apr 17, 2025",6:15,16.0,3,1,14,4,1,8,hrs_41596975,Berkenshtaaap,5,Olly Murphy,trn_301977,16,2,0.13,Mrs Diana L Whateley,own_389512,0,159,0.0,0.0,Sean Bowen,jky_279558,49,44.0,4.5,Vivi's Charis,dam_6039775,Berkshire,sir_5859679,Rock Of Gibraltar,dsi_3814832,5690.0,429.0,82.0,59.0,67.0,54.0,1.02,0.19,-22.38,5690.0,122.0,29.0,22.0,21.0,17.0,0.93,0.24,4.84,5690.0,805.0,194.0,139.0,103.0,92.0,1.0,0.24,-48.29,5690.0,1012.0,203.0,158.0,135.0,114.0,0.97,0.2,-98.83,1.0,0.0,0.0,0.0,0.0,0.0,Rock Of Gibraltar,10594.0,534.0,42.0,55.0,46.0,61.0,0.71,0.08,-266.74,Vivi's Charis (IRE),3.0,1.0,0.0,0.0,0.0,0.0,0.0,0.0,-1.0,Berkshire (IRE),119.0,38.0,7.0,4.0,3.0,1.0,1.5,0.18,11.33,0.0,Rock Of Gibraltar,10594.0,532.0,58.0,52.0,60.0,66.0,0.86,0.11,-90.29,0,0.0,0.0,0.0,0.0,0.0,0.0,0.0,0.0,0.0,Berkshire (IRE),119.0,4.0,0.0,0.0,1.0,0.0,0.0,0.0,-4.0,0.11,0.0,0.0,0.08,0.0,0.18,0.32,0.0,0.25,0.27,0.0,0.37,-0.14,0.0,-1.0,-0.29,-1.0,0.5,0.04,0.09,0.2,0.44,0.0,0.25,0.38,0.0,0.39,0.34,0.0,0.0,0.29,0.0,0.5,-74.48,0.0,-4.0,-154.86,-1.0,19.0,0.05,0.0,0.03,0.05,0.33,0.32,1,5,3,0,2.25
rac_11611639,Ffos Las,crs_31512,"Apr 17, 2025",6:15,16.0,3,1,14,4,1,8,hrs_39699170,High Tea,6,Kim Bailey & Mat Nicholls,trn_378207,14,1,0.07,Park View,own_1133680,0,159,0.0,0.0,Nathan Andrews(10),jky_307050,61,36.0,17.0,Thanks For Tea,dam_6106667,Mount Nelson,sir_4624228,Shantou,dsi_740670,0.0,0.0,0.0,0.0,0.0,0.0,0.0,0.0,0.0,17.0,1.0,0.0,0.0,0.0,0.0,0.0,0.0,-1.0,17.0,3.0,0.0,0.0,1.0,0.0,0.0,0.0,-3.0,17.0,4.0,1.0,0.0,1.0,0.0,2.9,0.25,3.0,0.0,0.0,0.0,0.0,0.0,0.0,Shantou,921.0,161.0,14.0,20.0,15.0,13.0,0.74,0.09,-110.42,0,0.0,0.0,0.0,0.0,0.0,0.0,0.0,0.0,0.0,Mount Nelson (GB),5571.0,732.0,66.0,69.0,68.0,72.0,0.8,0.09,-321.73,0.0,Shantou,921.0,61.0,17.0,10.0,4.0,9.0,1.21,0.28,7.25,0,0.0,0.0,0.0,0.0,0.0,0.0,0.0,0.0,0.0,Mount Nelson (GB),5571.0,381.0,43.0,64.0,48.0,35.0,0.78,0.11,-76.09,0.28,0.0,0.11,0.09,0.0,0.09,0.51,0.0,0.41,0.3,0.0,0.28,0.21,0.0,-0.22,-0.26,0.0,-0.2,0.13,0.06,0.0,0.66,0.0,0.5,0.39,0.0,0.38,0.55,0.0,0.28,0.29,0.0,0.33,12.81,0.0,-83.82,-41.86,0.0,-146.4,0.07,0.0,0.07,0.17,0.0,0.13,5,3,7,0,3.75
rac_11611639,Ffos Las,crs_31512,"Apr 17, 2025",6:15,16.0,3,1,14,4,1,8,hrs_34860063,Jackstell,6,Jamie Snowden,trn_187326,14,2,0.14,Value Racing - Jackstell,own_1407668,0,159,113.0,103.0,Gavin Sheehan,jky_266721,18,43.0,3.25,Prestelle,dam_5054112,No Risk At All,sir_5221342,Rochesson,dsi_578746,5157.0,163.0,36.0,24.0,14.0,11.0,1.12,0.22,-3.02,5157.0,2.0,0.0,1.0,1.0,0.0,0.0,0.0,-2.0,5157.0,1142.0,243.0,195.0,153.0,135.0,0.99,0.21,-70.03,5157.0,1056.0,204.0,149.0,129.0,128.0,1.07,0.19,188.29,1.0,0.0,1.0,0.0,0.0,0.0,Rochesson,166.0,13.0,5.0,2.0,2.0,1.0,2.4,0.38,12.83,Prestelle (FR),9.0,2.0,0.0,1.0,0.0,1.0,0.0,0.0,-2.0,No Risk At All (FR),2308.0,401.0,68.0,60.0,50.0,44.0,0.8,0.17,-144.78,0.0,Rochesson,166.0,11.0,4.0,2.0,0.0,1.0,1.33,0.36,9.25,Prestelle (FR),9.0,1.0,0.0,1.0,0.0,0.0,0.0,0.0,-1.0,No Risk At All (FR),2308.0,198.0,35.0,37.0,19.0,26.0,0.91,0.18,5.66,0.36,0.0,0.18,0.38,0.0,0.17,0.55,1.0,0.46,0.69,0.5,0.44,0.33,-1.0,-0.09,1.4,-1.0,-0.2,0.18,0.18,0.19,0.64,1.0,0.59,0.77,1.0,0.55,0.67,0.0,0.38,0.56,0.0,0.38,3.63,-1.0,-17.82,18.2,-2.0,-80.2,0.07,0.11,0.09,0.08,0.22,0.17,3,1,2,3,2.25
rac_11611639,Ffos Las,crs_31512,"Apr 17, 2025",6:15,16.0,3,1,14,4,1,8,hrs_41052158,Kenzoko,5,Olly Murphy,trn_301977,16,2,0.13,Adrian Butler,own_445076,0,159,0.0,0.0,Brendan Powell,jky_271218,354,44.0,15.0,Chakina,dam_6324682,Cokoriko,sir_5839988,Fragrant Mix,dsi_3223696,4906.0,116.0,11.0,17.0,18.0,11.0,0.69,0.09,-55.4,0.0,0.0,0.0,0.0,0.0,0.0,0.0,0.0,0.0,4906.0,11.0,0.0,1.0,1.0,0.0,0.0,0.0,-11.0,4906.0,898.0,88.0,95.0,85.0,103.0,0.92,0.1,-151.6,0.0,0.0,0.0,0.0,0.0,0.0,Fragrant Mix,630.0,65.0,10.0,7.0,4.0,8.0,1.0,0.15,-33.0,0,0.0,0.0,0.0,0.0,0.0,0.0,0.0,0.0,0.0,Cokoriko (FR),1675.0,221.0,34.0,28.0,27.0,22.0,0.93,0.15,150.35,0.0,Fragrant Mix,630.0,25.0,4.0,3.0,2.0,4.0,0.95,0.16,-13.32,0,0.0,0.0,0.0,0.0,0.0,0.0,0.0,0.0,0.0,Cokoriko (FR),1675.0,89.0,19.0,15.0,8.0,8.0,1.2,0.21,4.12,0.16,0.0,0.21,0.15,0.0,0.15,0.36,0.0,0.47,0.32,0.0,0.4,-0.05,0.0,0.2,0.0,0.0,-0.07,0.12,0.1,0.0,0.52,0.0,0.56,0.45,0.0,0.5,0.44,0.0,0.45,0.48,0.0,0.38,-1.25,0.0,17.8,0.0,0.0,-15.47,0.04,0.0,0.05,0.1,0.0,0.13,9,0,0,0,2.25
rac_11611639,Ffos Las,crs_31512,"Apr 17, 2025",6:15,16.0,3,1,14,4,1,8,hrs_40494181,Linden Lane,5,Evan Williams,trn_121059,19,3,0.16,Baytree,own_1400500,0,159,97.0,40.0,Conor Ring,jky_266001,34,32.0,23.0,Fortune Favours,dam_6506073,Linda's Lad,sir_4486727,Flemensfirth,dsi_676046,1693.0,216.0,12.0,22.0,23.0,17.0,0.62,0.06,-147.31,1693.0,10.0,0.0,0.0,0.0,1.0,0.0,0.0,-10.0,1693.0,814.0,48.0,68.0,92.0,80.0,0.63,0.06,-436.24,1693.0,361.0,16.0,29.0,33.0,37.0,0.58,0.04,-237.62,0.0,0.0,0.0,0.0,0.0,0.0,Flemensfirth,7643.0,1556.0,160.0,162.0,144.0,140.0,0.87,0.1,-291.1,Fortune Favours (IRE),1.0,1.0,0.0,0.0,1.0,0.0,0.0,0.0,-1.0,Linda's Lad (GB),1107.0,114.0,9.0,11.0,9.0,15.0,0.66,0.08,-25.38,0.0,Flemensfirth,7643.0,461.0,56.0,78.0,57.0,55.0,0.77,0.12,-189.31,0,0.0,0.0,0.0,0.0,0.0,0.0,0.0,0.0,0.0,Linda's Lad (GB),1107.0,75.0,8.0,10.0,12.0,19.0,0.71,0.11,-28.75,0.12,0.0,0.11,0.1,0.0,0.08,0.41,0.0,0.4,0.3,1.0,0.25,-0.23,0.0,-0.29,-0.13,-1.0,-0.34,0.08,0.06,0.0,0.53,0.0,0.65,0.39,1.0,0.39,0.29,0.0,0.27,0.34,0.0,0.31,-106.03,0.0,-21.75,-202.28,-1.0,-38.76,0.06,0.0,0.07,0.2,1.0,0.1,0,0,0,0,0.0
rac_11611639,Ffos Las,crs_31512,"Apr 17, 2025",6:15,16.0,3,1,14,4,1,8,hrs_40352564,Little Ledgend,5,Olly Murphy,trn_301977,16,2,0.13,Gracehill Uk & Partners,own_1407424,0,159,0.0,0.0,Lewis Stones(3),jky_279366,75,44.0,10.0,Nicat's Benefit,dam_6226584,Yeats,sir_4086887,Beneficial,dsi_530859,681.0,8.0,3.0,0.0,1.0,1.0,2.83,0.38,10.75,0.0,0.0,0.0,0.0,0.0,0.0,0.0,0.0,0.0,681.0,260.0,40.0,45.0,34.0,31.0,0.91,0.15,-65.36,681.0,161.0,17.0,23.0,25.0,19.0,0.92,0.11,-68.14,1.0,0.0,1.0,0.0,0.0,0.0,Beneficial,6618.0,1398.0,141.0,130.0,132.0,136.0,0.88,0.1,-488.98,Nicat's Benefit (IRE),10.0,1.0,0.0,1.0,0.0,0.0,0.0,0.0,-1.0,Yeats (IRE),8823.0,1431.0,159.0,159.0,167.0,136.0,0.85,0.11,-320.14,0.0,Beneficial,6618.0,525.0,89.0,87.0,84.0,56.0,0.93,0.17,-68.71,Nicat's Benefit (IRE),10.0,1.0,0.0,0.0,1.0,0.0,0.0,0.0,-1.0,Yeats (IRE),8823.0,717.0,103.0,106.0,107.0,78.0,0.82,0.14,-115.63,0.17,0.0,0.14,0.1,0.0,0.11,0.5,1.0,0.44,0.29,1.0,0.34,-0.07,-1.0,-0.18,-0.12,-1.0,-0.15,0.1,0.07,0.1,0.6,1.0,0.55,0.39,1.0,0.43,0.34,0.0,0.33,0.35,0.0,0.33,-36.75,-1.0,-129.06,-167.76,-1.0,-214.65,0.08,0.1,0.08,0.21,0.1,0.16,4,3,2,0,2.25
rac_11611639,Ffos Las,crs_31512,"Apr 17, 2025",6:15,16.0,3,1,14,4,1,8,hrs_39568396,Ronnies Rules,6,Dan Skelton,trn_146430,44,7,0.16,N Sutton And Eddie Benson,own_1393716,0,159,0.0,0.0,Mr Ben Sutton(5),jky_300468,181,50.0,6.0,Greatrisc,dam_9984142,Imperial Monarch,sir_5412708,Great Exhibition,dsi_4058824,150.0,8.0,1.0,2.0,2.0,0.0,0.74,0.12,-1.5,150.0,3.0,1.0,0.0,0.0,0.0,1.09,0.33,-0.8,150.0,44.0,9.0,4.0,2.0,5.0,1.18,0.2,6.32,150.0,19.0,3.0,3.0,0.0,2.0,0.94,0.16,-6.75,1.0,0.0,0.0,0.0,0.0,0.0,Great Exhibition,20.0,8.0,0.0,0.0,1.0,0.0,0.0,0.0,-8.0,Greatrisc (IRE),11.0,4.0,0.0,0.0,0.0,0.0,0.0,0.0,-4.0,Imperial Monarch (IRE),1360.0,283.0,19.0,16.0,24.0,32.0,0.77,0.07,-132.38,0.0,0,0.0,0.0,0.0,0.0,0.0,0.0,0.0,0.0,0.0,0,0.0,0.0,0.0,0.0,0.0,0.0,0.0,0.0,0.0,Imperial Monarch (IRE),1360.0,61.0,3.0,7.0,11.0,10.0,0.38,0.05,-47.12,0.0,0.0,0.05,0.0,0.0,0.07,0.0,0.0,0.34,0.12,0.0,0.21,0.0,0.0,-0.62,-1.0,-1.0,-0.23,0.02,0.02,0.15,0.0,0.0,0.51,0.12,0.0,0.32,0.0,0.0,0.14,0.0,0.0,0.32,0.0,0.0,-37.82,-8.0,-4.0,-65.09,0.0,0.0,0.04,0.4,0.36,0.21,1,1,1,1,1.0
rac_11611639,Ffos Las,crs_31512,"Apr 17, 2025",6:15,16.0,3,1,14,4,1,8,hrs_46851000,Dellahay,5,Rebecca Curtis,trn_182259,5,3,0.6,Miss Courtney Carter,own_1405472,0,152,0.0,0.0,Robert Dunne,jky_242007,40,60.0,51.0,Cooling,dam_11682069,Scorpion,sir_4224962,Firebreak,dsi_3805956,4141.0,146.0,11.0,7.0,17.0,19.0,0.72,0.08,-69.7,0.0,0.0,0.0,0.0,0.0,0.0,0.0,0.0,0.0,0.0,0.0,0.0,0.0,0.0,0.0,0.0,0.0,0.0,4141.0,1125.0,70.0,87.0,90.0,111.0,0.75,0.06,-477.33,2.0,0.0,0.0,0.0,0.0,0.0,Firebreak,539.0,3.0,0.0,0.0,0.0,0.0,0.0,0.0,-3.0,Cooling (GB),3.0,2.0,0.0,0.0,0.0,0.0,0.0,0.0,-2.0,Scorpion (IRE),6114.0,1274.0,91.0,103.0,105.0,119.0,0.73,0.07,-673.15,0.0,Firebreak,539.0,21.0,1.0,0.0,3.0,0.0,0.49,0.05,-18.38,0,0.0,0.0,0.0,0.0,0.0,0.0,0.0,0.0,0.0,Scorpion (IRE),6114.0,444.0,58.0,49.0,67.0,42.0,0.9,0.13,-148.66,0.05,0.0,0.13,0.0,0.0,0.07,0.19,0.0,0.39,0.0,0.0,0.23,-0.51,0.0,-0.1,-1.0,-1.0,-0.27,0.06,0.02,0.06,0.19,0.0,0.49,0.0,0.0,0.33,0.25,0.0,0.33,0.0,0.0,0.3,-10.71,0.0,-44.4,-3.0,-2.0,-343.98,0.04,0.0,0.07,0.01,0.67,0.21,7,5,7,0,4.75
rac_11611639,Ffos Las,crs_31512,"Apr 17, 2025",6:15,16.0,3,1,14,4,1,8,hrs_21615069,Flirtatious Girl,9,Kim Bailey & Mat Nicholls,trn_378207,14,1,0.07,Mrs I C Sellars And Miss D C Sellars,own_1334284,0,152,0.0,0.0,Ciaran Gethings,jky_277692,762,36.0,11.0,Another Gaye,dam_5748127,Flemensfirth,sir_676046,Classic Cliche,dsi_675766,2588.0,53.0,6.0,6.0,10.0,8.0,1.0,0.11,-22.62,0.0,0.0,0.0,0.0,0.0,0.0,0.0,0.0,0.0,2588.0,10.0,0.0,1.0,1.0,4.0,0.0,0.0,-10.0,2588.0,580.0,50.0,51.0,74.0,79.0,0.76,0.09,-275.89,0.0,0.0,0.0,0.0,0.0,0.0,Classic Cliche,1981.0,306.0,25.0,25.0,30.0,20.0,0.84,0.08,-154.19,0,0.0,0.0,0.0,0.0,0.0,0.0,0.0,0.0,0.0,Flemensfirth (USA),18264.0,3873.0,453.0,434.0,393.0,388.0,0.86,0.12,-1263.58,0.0,Classic Cliche,1981.0,137.0,20.0,16.0,15.0,8.0,0.98,0.15,-27.85,0,0.0,0.0,0.0,0.0,0.0,0.0,0.0,0.0,0.0,Flemensfirth (USA),18264.0,1590.0,240.0,213.0,188.0,190.0,0.92,0.15,-106.1,0.15,0.0,0.15,0.08,0.0,0.12,0.37,0.0,0.4,0.26,0.0,0.33,-0.02,0.0,-0.08,-0.16,0.0,-0.14,0.1,0.07,0.0,0.43,0.0,0.52,0.33,0.0,0.43,0.39,0.0,0.37,0.31,0.0,0.35,-2.74,0.0,-127.2,-48.96,0.0,-542.22,0.07,0.0,0.09,0.15,0.0,0.21,4,6,5,2,4.25
rac_11611639,Ffos Las,crs_31512,"Apr 17, 2025",6:15,16.0,3,1,14,4,1,8,hrs_46515406,Ourbrowneyedgirl,6,Sue Gardner,trn_55557,3,0,0.0,Woodhayes Racing Club,own_1307320,0,152,0.0,0.0,Sean Houlihan,jky_282387,68,33.0,51.0,Hello Sweetie,dam_6014323,Diamond Boy,sir_5181561,Westerner,dsi_3927665,1990.0,80.0,4.0,5.0,8.0,3.0,0.59,0.05,-55.5,0.0,0.0,0.0,0.0,0.0,0.0,0.0,0.0,0.0,1990.0,167.0,8.0,11.0,17.0,16.0,0.56,0.05,-95.62,1990.0,350.0,17.0,21.0,22.0,37.0,0.71,0.05,-172.72,1.0,0.0,0.0,0.0,0.0,0.0,Westerner,1876.0,379.0,44.0,36.0,47.0,42.0,0.85,0.12,-159.15,Hello Sweetie (GB),3.0,1.0,0.0,0.0,0.0,0.0,0.0,0.0,-1.0,Diamond Boy (FR),1564.0,407.0,51.0,57.0,46.0,31.0,0.88,0.13,-121.25,0.0,Westerner,1876.0,98.0,20.0,14.0,10.0,13.0,0.94,0.2,-27.87,0,0.0,0.0,0.0,0.0,0.0,0.0,0.0,0.0,0.0,Diamond Boy (FR),1564.0,131.0,28.0,29.0,10.0,12.0,1.03,0.21,-15.83,0.2,0.0,0.21,0.12,0.0,0.13,0.45,0.0,0.51,0.34,0.0,0.38,-0.06,0.0,0.03,-0.15,-1.0,-0.12,0.14,0.08,0.05,0.58,0.0,0.6,0.45,0.0,0.45,0.45,0.0,0.42,0.35,0.0,0.33,-5.88,0.0,3.93,-56.85,-1.0,-48.84,0.05,0.0,0.08,0.2,0.33,0.26,8,2,8,0,4.5
rac_11611639,Ffos Las,crs_31512,"Apr 17, 2025",6:15,16.0,3,1,14,4,1,8,hrs_49577822,White Noise,5,Kim Bailey & Mat Nicholls,trn_378207,14,1,0.07,J Perriss,own_173896,0,152,0.0,0.0,Harry Bannister,jky_276906,74,36.0,10.0,Sounds Poetic,dam_49578102,Kingston Hill,sir_5917226,Yeats,dsi_4086887,2421.0,40.0,4.0,5.0,6.0,3.0,0.67,0.1,-18.34,0.0,0.0,0.0,0.0,0.0,0.0,0.0,0.0,0.0,0.0,0.0,0.0,0.0,0.0,0.0,0.0,0.0,0.0,2421.0,441.0,41.0,48.0,63.0,48.0,0.73,0.09,-218.83,0.0,0.0,0.0,0.0,0.0,0.0,Yeats,532.0,121.0,18.0,11.0,12.0,15.0,0.87,0.15,-60.51,0,0.0,0.0,0.0,0.0,0.0,0.0,0.0,0.0,0.0,Kingston Hill (GB),984.0,215.0,25.0,25.0,16.0,18.0,1.02,0.12,-4.07,0.0,Yeats,532.0,27.0,1.0,8.0,3.0,3.0,0.27,0.04,-24.8,0,0.0,0.0,0.0,0.0,0.0,0.0,0.0,0.0,0.0,Kingston Hill (GB),984.0,54.0,8.0,10.0,7.0,2.0,1.03,0.15,-23.37,0.04,0.0,0.15,0.15,0.0,0.12,0.44,0.0,0.46,0.34,0.0,0.31,-0.73,0.0,0.03,-0.13,0.0,0.02,0.06,0.09,0.0,0.56,0.0,0.5,0.46,0.0,0.39,0.08,0.0,0.32,0.44,0.0,0.38,-19.71,0.0,1.62,-15.73,0.0,4.3,0.05,0.0,0.05,0.23,0.0,0.22,2,0,0,0,0.5
rac_11611639,Ffos Las,crs_31512,"Apr 17, 2025",6:15,16.0,3,1,14,4,1,8,hrs_47685057,Adaay Dancing,4,Stuart Kittow,trn_131103,7,2,0.29,The Adaay Dancing Partnership,own_1409328,0,144,96.0,0.0,Ben Godfrey,jky_288498,38,86.0,67.0,Dancing Storm,dam_4491256,Adaay,sir_6028827,Trans Island,dsi_3270568,790.0,38.0,5.0,2.0,6.0,5.0,0.85,0.13,-9.25,790.0,1.0,0.0,0.0,0.0,0.0,0.0,0.0,-1.0,790.0,1.0,0.0,0.0,0.0,0.0,0.0,0.0,-1.0,790.0,114.0,15.0,12.0,16.0,15.0,1.0,0.13,-33.52,0.0,0.0,0.0,0.0,0.0,0.0,Trans Island,1641.0,122.0,6.0,9.0,9.0,9.0,0.73,0.05,-76.67,0,0.0,0.0,0.0,0.0,0.0,0.0,0.0,0.0,0.0,Adaay (IRE),2517.0,40.0,6.0,4.0,5.0,7.0,1.05,0.15,112.5,0.0,Trans Island,1641.0,58.0,3.0,6.0,9.0,5.0,0.51,0.05,-6.75,0,0.0,0.0,0.0,0.0,0.0,0.0,0.0,0.0,0.0,Adaay (IRE),2517.0,110.0,15.0,7.0,10.0,16.0,1.04,0.14,112.74,0.05,0.0,0.14,0.05,0.0,0.15,0.31,0.0,0.29,0.2,0.0,0.38,-0.49,0.0,0.04,-0.27,0.0,0.05,0.06,0.07,0.0,0.4,0.0,0.44,0.27,0.0,0.55,0.17,0.0,0.47,0.25,0.0,0.4,-28.42,0.0,4.4,-32.94,0.0,2.0,0.04,0.0,0.04,0.07,0.0,0.02,9,7,6,0,5.5
rac_11611665,Ffos Las,crs_31512,"Apr 17, 2025",6:45,16.0,4,1,7,4,1,8,hrs_13524994,Stream Of Stars,10,Nigel Twiston-Davies,trn_2754,15,1,0.07,Susie & Bob Frosell,own_1188164,0,170,124.0,105.0,James Turner(5),jky_297195,58,20.0,6.0,Precious Gem,dam_5006554,Sea The Stars,sir_4868829,Sadler's Wells,dsi_3247825,264.0,10.0,0.0,0.0,2.0,0.0,0.0,0.0,-10.0,0.0,0.0,0.0,0.0,0.0,0.0,0.0,0.0,0.0,264.0,129.0,16.0,20.0,13.0,13.0,0.8,0.12,-30.64,264.0,47.0,4.0,5.0,3.0,6.0,0.88,0.09,-22.5,5.0,2.0,0.0,1.0,1.0,0.4,Sadler's Wells,46748.0,4401.0,481.0,461.0,434.0,393.0,0.86,0.11,-1374.31,Precious Gem (IRE),40.0,9.0,2.0,0.0,1.0,1.0,1.13,0.22,-4.67,Sea The Stars (IRE),8638.0,613.0,84.0,75.0,86.0,55.0,0.88,0.14,-163.98,0.0,Sadler's Wells,46748.0,8588.0,1088.0,1049.0,1001.0,828.0,0.9,0.13,-2098.51,Precious Gem (IRE),40.0,10.0,3.0,2.0,0.0,0.0,1.64,0.3,-3.67,Sea The Stars (IRE),8638.0,1421.0,235.0,201.0,177.0,178.0,0.88,0.17,-337.8,0.13,0.3,0.17,0.11,0.22,0.14,0.37,0.5,0.43,0.31,0.33,0.4,-0.1,0.64,-0.12,-0.14,0.13,-0.12,0.2,0.16,0.12,0.46,0.5,0.56,0.4,0.44,0.49,0.35,0.6,0.38,0.35,0.67,0.34,-858.8,6.4,-170.52,-616.14,1.17,-73.56,0.18,0.25,0.16,0.09,0.22,0.07,1,1,6,5,3.25
rac_11611665,Ffos Las,crs_31512,"Apr 17, 2025",6:45,16.0,4,1,7,4,1,8,hrs_34542641,Indeevar Bleu,7,Olly Murphy,trn_301977,16,2,0.13,Mrs Diana L Whateley,own_389512,0,168,122.0,91.0,Sean Bowen,jky_279558,108,44.0,2.38,Ardissone,dam_5296039,Blue Bresil,sir_4924724,Martaline,dsi_3862593,5690.0,429.0,82.0,59.0,67.0,54.0,1.02,0.19,-22.38,5690.0,122.0,29.0,22.0,21.0,17.0,0.93,0.24,4.84,5690.0,805.0,194.0,139.0,103.0,92.0,1.0,0.24,-48.29,5690.0,1012.0,203.0,158.0,135.0,114.0,0.97,0.2,-98.83,2.0,1.0,0.0,0.0,1.0,0.5,Martaline,1412.0,207.0,31.0,31.0,27.0,17.0,0.93,0.15,-82.05,Ardissone (FR),23.0,8.0,3.0,0.0,2.0,2.0,1.03,0.38,1.35,Blue Bresil (FR),2537.0,576.0,73.0,80.0,68.0,67.0,0.74,0.13,-260.08,0.0,Martaline,1412.0,214.0,31.0,41.0,22.0,30.0,0.77,0.14,-89.94,Ardissone (FR),23.0,5.0,1.0,0.0,2.0,1.0,0.54,0.2,1.5,Blue Bresil (FR),2537.0,678.0,78.0,82.0,68.0,72.0,0.79,0.12,-275.67,0.14,0.2,0.12,0.15,0.38,0.13,0.44,0.6,0.34,0.43,0.62,0.38,-0.23,-0.46,-0.21,-0.07,0.03,-0.26,0.15,0.22,0.2,0.58,0.8,0.44,0.51,0.88,0.5,0.33,0.33,0.34,0.35,0.6,0.33,-49.22,-2.3,-142.38,-14.49,0.24,-149.76,0.15,0.22,0.27,0.15,0.35,0.23,1,4,1,3,2.25
rac_11611665,Ffos Las,crs_31512,"Apr 17, 2025",6:45,16.0,4,1,7,4,1,8,hrs_47655209,Lass De La Blairie,5,Clive Boultbee-Brooks,trn_342837,6,1,0.17,C & C Boultbee Brooks,own_1255516,0,164,118.0,76.0,Ned Fox(3),jky_299007,63,67.0,8.5,Green Away,dam_31480113,Barastraight,sir_4598426,Gold Away,dsi_3310986,303.0,15.0,3.0,2.0,4.0,2.0,0.91,0.2,-6.12,303.0,7.0,1.0,1.0,2.0,0.0,1.34,0.14,-2.0,303.0,8.0,1.0,1.0,2.0,0.0,1.24,0.12,-3.0,303.0,37.0,6.0,7.0,4.0,3.0,1.34,0.16,49.38,1.0,0.0,0.0,0.0,0.0,0.0,Gold Away,1604.0,36.0,4.0,3.0,6.0,4.0,0.86,0.11,-12.06,Green Away (FR),2.0,1.0,0.0,0.0,0.0,0.0,0.0,0.0,-1.0,Barastraight (GB),291.0,20.0,0.0,2.0,3.0,3.0,0.0,0.0,-20.0,0.0,Gold Away,1604.0,115.0,12.0,8.0,13.0,12.0,0.76,0.1,-62.41,Green Away (FR),2.0,1.0,0.0,0.0,0.0,0.0,0.0,0.0,-1.0,Barastraight (GB),291.0,25.0,3.0,1.0,2.0,6.0,0.7,0.12,31.5,0.1,0.0,0.12,0.11,0.0,0.0,0.29,0.0,0.24,0.36,0.0,0.25,-0.24,-1.0,-0.3,-0.14,-1.0,-1.0,0.07,0.04,0.16,0.39,0.0,0.48,0.47,0.0,0.4,0.36,0.0,0.5,0.31,0.0,0.0,-27.6,-1.0,-7.5,-5.04,-1.0,-20.0,0.07,0.5,0.09,0.02,0.5,0.07,1,6,0,0,1.75
rac_11611665,Ffos Las,crs_31512,"Apr 17, 2025",6:45,16.0,4,1,7,4,1,8,hrs_31189592,Goblet Of Fire,5,Nicky Henderson,trn_2799,34,7,0.21,Mrs Angelica Spence,own_1354136,0,162,121.0,100.0,Freddie Gordon(3),jky_303945,166,41.0,0.0,War No More,dam_16423358,Saxon Warrior,sir_11118415,War Front,dsi_4544750,282.0,1.0,0.0,0.0,0.0,0.0,0.0,0.0,-1.0,0.0,0.0,0.0,0.0,0.0,0.0,0.0,0.0,0.0,282.0,29.0,4.0,3.0,2.0,1.0,0.79,0.14,-15.92,282.0,45.0,8.0,5.0,7.0,4.0,1.19,0.18,2.06,5.0,2.0,0.0,1.0,2.0,0.4,War Front,1084.0,21.0,4.0,1.0,5.0,4.0,1.2,0.19,-9.72,War No More (USA),34.0,6.0,2.0,1.0,1.0,2.0,1.2,0.33,-0.84,Saxon Warrior (JPN),1534.0,31.0,2.0,5.0,2.0,6.0,0.39,0.06,-25.84,0.0,War Front,1084.0,110.0,19.0,12.0,9.0,16.0,1.07,0.17,-21.33,War No More (USA),34.0,9.0,3.0,1.0,0.0,3.0,1.38,0.33,-1.93,Saxon Warrior (JPN),1534.0,252.0,38.0,28.0,30.0,26.0,0.98,0.15,-34.46,0.17,0.33,0.15,0.19,0.33,0.06,0.36,0.44,0.38,0.48,0.67,0.29,0.07,0.38,-0.02,0.2,0.2,-0.61,0.22,0.19,0.2,0.51,0.78,0.48,0.67,1.0,0.48,0.48,0.75,0.4,0.4,0.5,0.22,7.7,3.42,-5.04,4.2,1.2,-18.91,0.1,0.26,0.16,0.02,0.18,0.02,1,4,4,1,2.5
rac_11611665,Ffos Las,crs_31512,"Apr 17, 2025",6:45,16.0,4,1,7,4,1,8,hrs_22975442,Silent Revolution,9,Alison Thorpe,trn_126324,2,0,0.0,Chris Williams,own_944256,0,160,116.0,0.0,Jack Tudor,jky_296019,99,0.0,19.0,Watson River,dam_6019566,Sholokhov,sir_3839283,Presenting,dsi_676165,1710.0,126.0,17.0,12.0,9.0,14.0,1.04,0.13,-29.5,1710.0,1.0,0.0,0.0,0.0,1.0,0.0,0.0,-1.0,1710.0,1.0,0.0,0.0,0.0,1.0,0.0,0.0,-1.0,1710.0,295.0,26.0,30.0,26.0,30.0,0.8,0.09,-88.52,2.0,2.0,0.0,0.0,0.0,1.0,Presenting,17791.0,3413.0,377.0,349.0,303.0,324.0,0.86,0.11,-1215.73,Watson River (IRE),107.0,23.0,5.0,1.0,3.0,3.0,0.87,0.22,-9.13,Sholokhov (IRE),3894.0,584.0,79.0,58.0,61.0,62.0,0.91,0.14,-221.61,0.0,Presenting,17791.0,4440.0,645.0,653.0,525.0,467.0,0.9,0.15,-1365.43,Watson River (IRE),107.0,28.0,6.0,5.0,2.0,6.0,1.07,0.21,-7.3,Sholokhov (IRE),3894.0,780.0,91.0,82.0,82.0,81.0,0.85,0.12,-312.11,0.15,0.21,0.12,0.11,0.22,0.14,0.41,0.46,0.33,0.3,0.39,0.34,-0.1,0.07,-0.15,-0.14,-0.13,-0.09,0.16,0.16,0.09,0.52,0.68,0.43,0.4,0.52,0.45,0.35,0.46,0.36,0.37,0.56,0.4,-444.0,1.96,-117.0,-477.82,-2.99,-52.56,0.25,0.26,0.2,0.19,0.21,0.15,0,6,2,0,2.0
rac_11611665,Ffos Las,crs_31512,"Apr 17, 2025",6:45,16.0,4,1,7,4,1,8,hrs_37933644,Another Fine Mess,6,Jeremy Scott,trn_11763,9,0,0.0,Mrs Helen L Stoneman,own_241656,0,153,118.0,79.0,Bryan Carver,jky_289578,55,56.0,5.0,Miss Blueyes,dam_4239543,Mount Nelson,sir_4624228,Dushyantor,dsi_740320,1155.0,29.0,4.0,2.0,6.0,3.0,1.07,0.14,-10.17,1155.0,15.0,2.0,2.0,2.0,2.0,0.79,0.13,-0.5,1155.0,72.0,9.0,11.0,5.0,8.0,1.04,0.12,-21.75,1155.0,164.0,24.0,16.0,16.0,19.0,1.22,0.15,-11.92,1.0,1.0,0.0,0.0,0.0,1.0,Dushyantor,900.0,137.0,19.0,11.0,6.0,13.0,1.16,0.14,5.37,Miss Blueyes (IRE),95.0,19.0,3.0,2.0,0.0,1.0,1.2,0.16,-0.1,Mount Nelson (GB),5571.0,732.0,66.0,69.0,68.0,72.0,0.8,0.09,-321.73,0.0,Dushyantor,900.0,139.0,24.0,19.0,13.0,19.0,1.08,0.17,-1.53,Miss Blueyes (IRE),95.0,15.0,5.0,2.0,2.0,1.0,1.96,0.33,17.73,Mount Nelson (GB),5571.0,1170.0,122.0,132.0,164.0,128.0,0.76,0.1,-344.27,0.17,0.33,0.1,0.14,0.16,0.09,0.4,0.6,0.36,0.26,0.26,0.28,0.08,0.96,-0.24,0.16,0.2,-0.2,0.2,0.13,0.15,0.54,0.67,0.47,0.36,0.32,0.38,0.43,0.56,0.29,0.53,0.6,0.33,11.12,14.4,-280.8,21.92,3.8,-146.4,0.15,0.16,0.21,0.15,0.2,0.13,7,6,4,0,4.25
rac_11611665,Ffos Las,crs_31512,"Apr 17, 2025",6:45,16.0,4,1,7,4,1,8,hrs_39901120,Klic Boum,5,Evan Williams,trn_121059,19,3,0.16,Baytree,own_1400500,0,148,122.0,112.0,Isabel Williams(3),jky_285321,38,32.0,5.5,Ula De Mai,dam_22907388,Buck's Boum,sir_5010166,Passing Sale,dsi_420119,667.0,138.0,16.0,22.0,14.0,18.0,0.8,0.12,-20.37,667.0,9.0,1.0,1.0,1.0,3.0,0.93,0.11,-2.0,667.0,611.0,69.0,82.0,85.0,73.0,0.79,0.11,-192.51,667.0,132.0,12.0,18.0,20.0,17.0,0.6,0.09,-64.0,3.0,0.0,0.0,0.0,0.0,0.0,Passing Sale,1111.0,226.0,35.0,29.0,31.0,19.0,0.87,0.15,-57.87,Ula De Mai (FR),18.0,4.0,1.0,0.0,0.0,0.0,2.31,0.25,-1.5,Buck's Boum (FR),1057.0,143.0,16.0,17.0,16.0,19.0,0.69,0.11,180.01,0.0,Passing Sale,1111.0,258.0,36.0,34.0,33.0,37.0,0.84,0.14,-121.42,Ula De Mai (FR),18.0,10.0,2.0,1.0,2.0,0.0,1.41,0.2,-3.75,Buck's Boum (FR),1057.0,198.0,34.0,23.0,23.0,27.0,0.96,0.17,40.66,0.14,0.2,0.17,0.15,0.25,0.11,0.4,0.5,0.4,0.42,0.25,0.34,-0.16,0.41,-0.04,-0.13,1.31,-0.31,0.17,0.17,0.09,0.54,0.5,0.54,0.5,0.25,0.48,0.35,0.4,0.42,0.37,1.0,0.33,-41.28,4.1,-7.92,-29.38,5.24,-44.33,0.23,0.56,0.19,0.2,0.22,0.14,0,7,7,5,4.75
rac_11611704,Ffos Las,crs_31512,"Apr 17, 2025",7:15,16.0,4,3,9,4,1,0,hrs_48414058,Harbour Island,6,Olly Murphy,trn_301977,16,2,0.13,Mrs Diana L Whateley,own_389512,0,164,110.0,63.0,Sean Bowen,jky_279558,111,44.0,2.25,Saroushka,dam_5227103,Ultra,sir_6125980,Westerner,dsi_3927665,5690.0,429.0,82.0,59.0,67.0,54.0,1.02,0.19,-22.38,5690.0,122.0,29.0,22.0,21.0,17.0,0.93,0.24,4.84,5690.0,805.0,194.0,139.0,103.0,92.0,1.0,0.24,-48.29,5690.0,1012.0,203.0,158.0,135.0,114.0,0.97,0.2,-98.83,1.0,1.0,0.0,0.0,0.0,1.0,Westerner,1876.0,379.0,44.0,36.0,47.0,42.0,0.85,0.12,-159.15,Saroushka (FR),69.0,10.0,1.0,2.0,4.0,0.0,0.44,0.1,-4.5,Ultra (IRE),253.0,7.0,2.0,1.0,2.0,0.0,1.25,0.29,0.0,0.0,Westerner,1876.0,398.0,60.0,55.0,57.0,46.0,0.86,0.15,-111.25,Saroushka (FR),69.0,3.0,1.0,0.0,1.0,0.0,2.38,0.33,-0.3,Ultra (IRE),253.0,4.0,0.0,0.0,0.0,0.0,0.0,0.0,-4.0,0.15,0.33,0.0,0.12,0.1,0.29,0.43,0.67,0.0,0.34,0.7,0.71,-0.14,1.38,-1.0,-0.15,-0.56,0.25,0.16,0.17,0.2,0.55,0.67,0.0,0.45,0.7,0.71,0.35,0.5,0.0,0.35,0.14,0.4,-55.72,4.14,-4.0,-56.85,-5.6,1.75,0.21,0.04,0.02,0.2,0.14,0.03,1,0,0,0,0.25
rac_11611704,Ffos Las,crs_31512,"Apr 17, 2025",7:15,16.0,4,3,9,4,1,0,hrs_40352396,Island Bridge,5,Kim Bailey & Mat Nicholls,trn_378207,14,1,0.07,J Perriss,own_173896,0,157,105.0,0.0,Ciaran Gethings,jky_277692,70,36.0,21.0,Elephant Island,dam_5805366,Order Of St George,sir_6059046,Oscar,dsi_3234945,2588.0,53.0,6.0,6.0,10.0,8.0,1.0,0.11,-22.62,2588.0,11.0,2.0,1.0,1.0,1.0,1.89,0.18,3.0,2588.0,10.0,0.0,1.0,1.0,4.0,0.0,0.0,-10.0,2588.0,580.0,50.0,51.0,74.0,79.0,0.76,0.09,-275.89,1.0,0.0,0.0,0.0,0.0,0.0,Oscar,8435.0,1783.0,188.0,174.0,174.0,134.0,0.96,0.11,-337.7,Elephant Island (IRE),1.0,1.0,0.0,0.0,0.0,0.0,0.0,0.0,-1.0,Order Of St George (IRE),213.0,72.0,2.0,12.0,7.0,4.0,0.22,0.03,-66.1,0.0,Oscar,8435.0,1892.0,257.0,240.0,237.0,189.0,0.93,0.14,-301.39,0,0.0,0.0,0.0,0.0,0.0,0.0,0.0,0.0,0.0,Order Of St George (IRE),213.0,44.0,1.0,8.0,5.0,3.0,0.18,0.02,-42.0,0.14,0.0,0.02,0.11,0.0,0.03,0.39,0.0,0.32,0.3,0.0,0.29,-0.07,0.0,-0.82,-0.04,-1.0,-0.78,0.05,0.05,0.09,0.49,0.0,0.39,0.38,0.0,0.35,0.35,0.0,0.07,0.35,0.0,0.1,-132.44,0.0,-36.08,-71.32,-1.0,-56.16,0.22,0.0,0.21,0.21,1.0,0.34,2,1,0,0,0.75
rac_11611704,Ffos Las,crs_31512,"Apr 17, 2025",7:15,16.0,4,3,9,4,1,0,hrs_50123472,King Sacre,5,Nigel Hawke,trn_92313,4,1,0.25,Russell Lane,own_1045032,0,157,89.0,71.0,Lorcan Murtagh,jky_281496,22,50.0,34.0,Altesse Sacree,dam_16245551,Bathyrhon,sir_5740294,Daramsar,dsi_4348540,1267.0,11.0,0.0,0.0,1.0,3.0,0.0,0.0,-11.0,1267.0,10.0,1.0,1.0,2.0,1.0,0.69,0.1,-6.0,1267.0,92.0,8.0,5.0,10.0,10.0,1.12,0.09,-18.0,1267.0,217.0,12.0,29.0,21.0,26.0,0.6,0.06,-95.29,0.0,0.0,0.0,0.0,0.0,0.0,Daramsar,102.0,24.0,3.0,1.0,1.0,6.0,1.15,0.12,-11.05,Altesse Sacree (FR),68.0,19.0,3.0,1.0,0.0,6.0,1.38,0.16,-6.05,Bathyrhon (GER),654.0,79.0,9.0,11.0,10.0,12.0,0.74,0.11,-31.93,0.0,Daramsar,102.0,26.0,1.0,3.0,5.0,3.0,0.35,0.04,-21.5,Altesse Sacree (FR),68.0,23.0,1.0,2.0,5.0,3.0,0.38,0.04,-18.5,Bathyrhon (GER),654.0,85.0,16.0,16.0,16.0,8.0,0.82,0.19,-26.01,0.04,0.04,0.19,0.12,0.16,0.11,0.35,0.35,0.56,0.21,0.21,0.38,-0.65,-0.62,-0.18,0.15,0.38,-0.26,0.09,0.13,0.0,0.46,0.48,0.66,0.46,0.53,0.53,0.11,0.12,0.33,0.6,0.75,0.3,-16.9,-14.26,-15.3,3.6,7.22,-20.54,0.25,0.34,0.13,0.24,0.28,0.12,4,0,0,0,1.0
rac_11611704,Ffos Las,crs_31512,"Apr 17, 2025",7:15,16.0,4,3,9,4,1,0,hrs_41052102,Moon Over America,5,Nigel Twiston-Davies,trn_2754,15,1,0.07,Options O Syndicate,own_724188,0,157,0.0,0.0,James Turner(5),jky_297195,346,20.0,6.5,Academy Miss,dam_9721110,Sea Moon,sir_5379878,Dushyantor,dsi_740320,264.0,10.0,0.0,0.0,2.0,0.0,0.0,0.0,-10.0,264.0,4.0,1.0,1.0,0.0,0.0,0.77,0.25,-0.5,264.0,129.0,16.0,20.0,13.0,13.0,0.8,0.12,-30.64,264.0,47.0,4.0,5.0,3.0,6.0,0.88,0.09,-22.5,0.0,0.0,0.0,0.0,0.0,0.0,Dushyantor,900.0,137.0,19.0,11.0,6.0,13.0,1.16,0.14,5.37,Academy Miss (IRE),38.0,11.0,1.0,1.0,2.0,0.0,0.69,0.09,-8.75,Sea Moon (GB),357.0,71.0,7.0,5.0,9.0,7.0,0.82,0.1,-15.88,0.0,Dushyantor,900.0,139.0,24.0,19.0,13.0,19.0,1.08,0.17,-1.53,Academy Miss (IRE),38.0,24.0,1.0,5.0,3.0,3.0,0.27,0.04,-21.75,Sea Moon (GB),357.0,82.0,12.0,5.0,16.0,7.0,0.92,0.15,-26.46,0.17,0.04,0.15,0.14,0.09,0.1,0.4,0.38,0.4,0.26,0.36,0.3,0.08,-0.73,-0.08,0.16,-0.31,-0.18,0.12,0.11,0.0,0.54,0.5,0.49,0.36,0.36,0.39,0.43,0.11,0.36,0.53,0.25,0.33,11.12,-17.52,-6.56,21.92,-3.41,-12.78,0.15,0.63,0.23,0.15,0.29,0.2,1,0,0,0,0.25
rac_11611704,Ffos Las,crs_31512,"Apr 17, 2025",7:15,16.0,4,3,9,4,1,0,hrs_48617324,Necronaut,5,Paul Nicholls,trn_51903,36,7,0.19,Colm Donlon,own_895472,0,157,113.0,29.0,Freddie Gingell,jky_304638,91,47.0,3.0,Potters Den,dam_48644015,Blue Bresil,sir_4924724,Stowaway,dsi_3188248,441.0,4.0,2.0,0.0,0.0,1.0,4.28,0.5,6.75,441.0,2.0,1.0,0.0,0.0,0.0,3.0,0.5,3.0,441.0,176.0,35.0,30.0,22.0,23.0,0.9,0.2,-36.06,441.0,29.0,5.0,2.0,4.0,5.0,0.73,0.17,-17.81,0.0,0.0,0.0,0.0,0.0,0.0,Stowaway,659.0,155.0,12.0,10.0,21.0,20.0,0.64,0.08,-98.96,0,0.0,0.0,0.0,0.0,0.0,0.0,0.0,0.0,0.0,Blue Bresil (FR),2537.0,576.0,73.0,80.0,68.0,67.0,0.74,0.13,-260.08,0.0,Stowaway,659.0,124.0,10.0,12.0,18.0,21.0,0.61,0.08,-71.59,0,0.0,0.0,0.0,0.0,0.0,0.0,0.0,0.0,0.0,Blue Bresil (FR),2537.0,678.0,78.0,82.0,68.0,72.0,0.79,0.12,-275.67,0.08,0.0,0.12,0.08,0.0,0.13,0.32,0.0,0.34,0.28,0.0,0.38,-0.39,0.0,-0.21,-0.36,0.0,-0.26,0.07,0.07,0.0,0.49,0.0,0.44,0.41,0.0,0.5,0.25,0.0,0.34,0.28,0.0,0.33,-48.36,0.0,-142.38,-55.8,0.0,-149.76,0.19,0.0,0.27,0.24,0.0,0.23,2,0,0,0,0.5
rac_11611704,Ffos Las,crs_31512,"Apr 17, 2025",7:15,16.0,4,3,9,4,1,0,hrs_46913510,Rap Soul,6,Richard J Bandey,trn_253314,5,0,0.0,The Soul Searchers,own_1125180,0,157,0.0,0.0,Harry Bannister,jky_276906,158,40.0,19.0,Natacha Hilda,dam_12020099,Kamsin,sir_4944793,Diamond Boy,dsi_5181561,2421.0,40.0,4.0,5.0,6.0,3.0,0.67,0.1,-18.34,0.0,0.0,0.0,0.0,0.0,0.0,0.0,0.0,0.0,2421.0,272.0,39.0,38.0,30.0,39.0,0.85,0.14,-79.81,2421.0,441.0,41.0,48.0,63.0,48.0,0.73,0.09,-218.83,0.0,0.0,0.0,0.0,0.0,0.0,0,0.0,0.0,0.0,0.0,0.0,0.0,0.0,0.0,0.0,0,0.0,0.0,0.0,0.0,0.0,0.0,0.0,0.0,0.0,Kamsin (GER),721.0,81.0,7.0,7.0,12.0,7.0,0.64,0.09,-40.45,0.0,0,0.0,0.0,0.0,0.0,0.0,0.0,0.0,0.0,0.0,0,0.0,0.0,0.0,0.0,0.0,0.0,0.0,0.0,0.0,Kamsin (GER),721.0,93.0,12.0,13.0,15.0,12.0,0.7,0.13,-36.33,0.0,0.0,0.13,0.0,0.0,0.09,0.0,0.0,0.43,0.0,0.0,0.32,0.0,0.0,-0.3,0.0,0.0,-0.36,0.04,0.03,0.0,0.0,0.0,0.56,0.0,0.0,0.41,0.0,0.0,0.3,0.0,0.0,0.27,0.0,0.0,-27.9,0.0,0.0,-29.16,0.0,0.0,0.13,0.0,0.0,0.11,2,0,0,0,0.5
rac_11611704,Ffos Las,crs_31512,"Apr 17, 2025",7:15,16.0,4,3,9,4,1,0,hrs_50842050,See You Again,5,Sue Gardner,trn_55557,3,0,0.0,D V Gardner,own_68348,0,157,0.0,0.0,Lucy Gardner,jky_240126,0,33.0,67.0,A Star In My Eye,dam_5637380,Telescope,sir_5728562,Authorized,dsi_4645585,1127.0,46.0,4.0,4.0,6.0,7.0,0.87,0.09,-21.09,1127.0,461.0,36.0,42.0,45.0,45.0,0.87,0.08,-148.27,1127.0,1047.0,85.0,89.0,93.0,100.0,0.9,0.08,-384.8,1127.0,132.0,8.0,10.0,8.0,17.0,0.77,0.06,-92.92,0.0,0.0,0.0,0.0,0.0,0.0,Authorized,2701.0,236.0,37.0,33.0,29.0,22.0,1.0,0.16,-15.14,0,0.0,0.0,0.0,0.0,0.0,0.0,0.0,0.0,0.0,Telescope (IRE),1253.0,327.0,21.0,24.0,31.0,32.0,0.86,0.06,-115.95,0.0,Authorized,2701.0,481.0,93.0,67.0,47.0,53.0,1.22,0.19,266.49,0,0.0,0.0,0.0,0.0,0.0,0.0,0.0,0.0,0.0,Telescope (IRE),1253.0,471.0,29.0,34.0,46.0,56.0,0.69,0.06,-332.6,0.19,0.0,0.06,0.16,0.0,0.06,0.43,0.0,0.23,0.42,0.0,0.23,0.22,0.0,-0.31,0.0,0.0,-0.14,0.08,0.07,0.0,0.54,0.0,0.35,0.51,0.0,0.33,0.45,0.0,0.27,0.37,0.0,0.28,105.82,0.0,-146.01,0.0,0.0,-45.78,0.18,0.0,0.38,0.09,0.0,0.26,0,0,0,0,0.0
rac_11611704,Ffos Las,crs_31512,"Apr 17, 2025",7:15,16.0,4,3,9,4,1,0,hrs_51766519,Zamek,5,Paul Nicholls,trn_51903,36,7,0.19,Neil Smith & Alfie Smith,own_1326808,0,157,0.0,0.0,NON-RUNNER,jky_224913,0,47.0,0.0,Zanatiya,dam_5790946,Beaumec De Houelle,sir_13423760,Sinndar,dsi_3622080,0.0,0.0,0.0,0.0,0.0,0.0,0.0,0.0,0.0,0.0,0.0,0.0,0.0,0.0,0.0,0.0,0.0,0.0,0.0,0.0,0.0,0.0,0.0,0.0,0.0,0.0,0.0,0.0,0.0,0.0,0.0,0.0,0.0,0.0,0.0,0.0,0.0,0.0,0.0,0.0,0.0,0.0,Sinndar,4365.0,362.0,41.0,39.0,36.0,45.0,0.87,0.11,-179.27,0,0.0,0.0,0.0,0.0,0.0,0.0,0.0,0.0,0.0,Beaumec De Houelle (FR),175.0,28.0,6.0,6.0,1.0,4.0,0.97,0.21,3.81,0.0,Sinndar,4365.0,588.0,64.0,60.0,56.0,84.0,0.83,0.11,-144.51,0,0.0,0.0,0.0,0.0,0.0,0.0,0.0,0.0,0.0,Beaumec De Houelle (FR),175.0,20.0,3.0,5.0,1.0,1.0,0.69,0.15,1.28,0.11,0.0,0.15,0.11,0.0,0.21,0.31,0.0,0.45,0.32,0.0,0.46,-0.17,0.0,-0.31,-0.13,0.0,-0.03,0.09,0.11,0.0,0.45,0.0,0.5,0.44,0.0,0.61,0.36,0.0,0.33,0.35,0.0,0.46,-99.96,0.0,-6.2,-47.06,0.0,-0.84,0.13,0.0,0.11,0.08,0.0,0.16,0,0,0,0,0.0
rac_11611704,Ffos Las,crs_31512,"Apr 17, 2025",7:15,16.0,4,3,9,4,1,0,hrs_49821646,Fight My Fire,4,Joe Tizzard,trn_355275,10,1,0.1,The Colin Tizzard Racing Club,own_976756,0,149,95.0,76.0,Brendan Powell,jky_271218,64,40.0,17.0,Truly Magnificent,dam_5407465,Vadamos,sir_6028491,Elusive Quality,dsi_3263337,4906.0,116.0,11.0,17.0,18.0,11.0,0.69,0.09,-55.4,4906.0,13.0,1.0,1.0,0.0,1.0,0.86,0.08,-9.75,4906.0,760.0,100.0,122.0,106.0,94.0,0.82,0.13,-226.92,4906.0,898.0,88.0,95.0,85.0,103.0,0.92,0.1,-151.6,1.0,0.0,0.0,0.0,0.0,0.0,Elusive Quality,7405.0,117.0,4.0,9.0,5.0,14.0,0.34,0.03,-89.03,Truly Magnificent (USA),79.0,6.0,0.0,1.0,0.0,0.0,0.0,0.0,-6.0,Vadamos (FR),1530.0,199.0,15.0,30.0,20.0,17.0,0.58,0.08,-116.79,0.0,Elusive Quality,7405.0,1158.0,108.0,107.0,146.0,117.0,0.74,0.09,-237.34,Truly Magnificent (USA),79.0,6.0,0.0,0.0,0.0,3.0,0.0,0.0,-6.0,Vadamos (FR),1530.0,182.0,19.0,22.0,14.0,13.0,0.76,0.1,-95.81,0.09,0.0,0.1,0.03,0.0,0.08,0.31,0.0,0.3,0.15,0.17,0.33,-0.26,-1.0,-0.24,-0.66,-1.0,-0.42,0.06,0.04,0.1,0.41,0.5,0.37,0.27,0.17,0.41,0.3,0.0,0.35,0.22,0.0,0.23,-301.08,-6.0,-43.68,-77.22,-6.0,-83.58,0.16,0.08,0.12,0.02,0.08,0.13,6,0,0,0,1.5
rac_11611704,Ffos Las,crs_31512,"Apr 17, 2025",7:15,16.0,4,3,9,4,1,0,hrs_49262465,Peter's Last Deal,4,Tom Symonds,trn_231435,9,1,0.11,Lady Gibbings,own_108544,0,149,107.0,93.0,Caoilin Quinn,jky_297747,64,22.0,11.0,Taradissima Has,dam_5398078,Walzertakt,sir_6096356,Robin Des Pres,dsi_3384073,761.0,11.0,1.0,0.0,1.0,2.0,0.97,0.09,-3.5,761.0,6.0,0.0,0.0,1.0,2.0,0.0,0.0,-6.0,761.0,24.0,3.0,6.0,5.0,3.0,0.65,0.12,-8.25,761.0,148.0,13.0,25.0,18.0,8.0,0.61,0.09,-41.58,1.0,0.0,0.0,1.0,0.0,0.0,Robin Des Pres,424.0,78.0,0.0,9.0,8.0,10.0,0.0,0.0,-78.0,Taradissima Has (FR),5.0,2.0,0.0,0.0,1.0,0.0,0.0,0.0,-2.0,Walzertakt (GER),206.0,34.0,4.0,7.0,9.0,2.0,0.71,0.12,-20.14,0.0,Robin Des Pres,424.0,101.0,7.0,7.0,12.0,13.0,0.79,0.07,-43.75,0,0.0,0.0,0.0,0.0,0.0,0.0,0.0,0.0,0.0,Walzertakt (GER),206.0,58.0,8.0,8.0,10.0,3.0,1.13,0.14,-0.35,0.07,0.0,0.14,0.0,0.0,0.12,0.26,0.0,0.45,0.22,0.5,0.59,-0.21,0.0,0.13,-1.0,-1.0,-0.29,0.07,0.04,0.09,0.39,0.0,0.5,0.35,0.5,0.65,0.27,0.0,0.31,0.0,0.0,0.2,-21.21,0.0,7.54,-78.0,-2.0,-9.86,0.24,0.0,0.28,0.18,0.4,0.17,3,0,0,0,0.75
rac_11612848,Ffos Las,crs_31512,"Apr 17, 2025",7:45,16.0,4,3,10,4,1,0,hrs_50123458,Idaho Bridge,5,Philip Hobbs & Johnson White,trn_362835,9,2,0.22,Johnson White Racing - Idaho Bridge,own_1420196,0,157,101.0,72.0,Sean Houlihan,jky_282387,23,78.0,19.0,Quivvy Bridge,dam_4894379,Idaho,sir_6265854,Alflora,dsi_468524,1990.0,80.0,4.0,5.0,8.0,3.0,0.59,0.05,-55.5,1990.0,2.0,0.0,0.0,0.0,0.0,0.0,0.0,-2.0,1990.0,95.0,11.0,8.0,11.0,10.0,0.89,0.12,-18.61,1990.0,350.0,17.0,21.0,22.0,37.0,0.71,0.05,-172.72,0.0,0.0,0.0,0.0,0.0,0.0,Alflora,4411.0,973.0,78.0,106.0,86.0,87.0,0.79,0.08,-370.5,Quivvy Bridge (IRE),15.0,4.0,0.0,0.0,0.0,0.0,0.0,0.0,-4.0,Idaho (IRE),45.0,13.0,1.0,1.0,1.0,0.0,1.13,0.08,-8.5,0.0,Alflora,4411.0,1484.0,159.0,166.0,170.0,147.0,0.86,0.11,-573.6,0,0.0,0.0,0.0,0.0,0.0,0.0,0.0,0.0,0.0,Idaho (IRE),45.0,11.0,0.0,4.0,3.0,1.0,0.0,0.0,-11.0,0.11,0.0,0.0,0.08,0.0,0.08,0.33,0.0,0.64,0.28,0.0,0.23,-0.14,0.0,-1.0,-0.21,-1.0,0.13,0.04,0.05,0.0,0.43,0.0,0.73,0.37,0.0,0.23,0.32,0.0,0.0,0.29,0.0,0.33,-207.76,0.0,-11.0,-204.33,-4.0,1.69,0.34,0.0,0.24,0.22,0.27,0.29,6,6,0,0,3.0
rac_11612848,Ffos Las,crs_31512,"Apr 17, 2025",7:45,16.0,4,3,10,4,1,0,hrs_50809640,Jaffa Cake,5,Ben Pauling,trn_256320,23,0,0.0,Steve Ashley,own_808276,0,157,110.0,0.0,Callum Pritchard(5),jky_307311,34,26.0,3.75,Tetou,dam_3995439,Order Of St George,sir_6059046,Peintre Celebre,dsi_3187051,250.0,10.0,0.0,3.0,2.0,0.0,0.0,0.0,-10.0,0.0,0.0,0.0,0.0,0.0,0.0,0.0,0.0,0.0,250.0,58.0,7.0,8.0,6.0,8.0,0.66,0.12,-36.94,250.0,33.0,4.0,5.0,5.0,4.0,0.84,0.12,-18.95,0.0,0.0,0.0,0.0,0.0,0.0,Peintre Celebre,10157.0,617.0,57.0,63.0,74.0,74.0,0.77,0.09,-228.2,Tetou (IRE),48.0,15.0,4.0,2.0,1.0,1.0,1.26,0.27,-0.82,Order Of St George (IRE),213.0,72.0,2.0,12.0,7.0,4.0,0.22,0.03,-66.1,0.0,Peintre Celebre,10157.0,1569.0,159.0,175.0,192.0,195.0,0.77,0.1,-395.21,Tetou (IRE),48.0,2.0,1.0,1.0,0.0,0.0,2.18,0.5,7.0,Order Of St George (IRE),213.0,44.0,1.0,8.0,5.0,3.0,0.18,0.02,-42.0,0.1,0.5,0.02,0.09,0.27,0.03,0.34,1.0,0.32,0.31,0.47,0.29,-0.23,1.18,-0.82,-0.23,0.26,-0.78,0.21,0.13,0.0,0.46,1.0,0.39,0.43,0.53,0.35,0.3,0.5,0.07,0.29,0.57,0.1,-360.87,2.36,-36.08,-141.91,3.9,-56.16,0.15,0.04,0.21,0.06,0.31,0.34,2,0,0,0,0.5
rac_11612848,Ffos Las,crs_31512,"Apr 17, 2025",7:45,16.0,4,3,10,4,1,0,hrs_50809640,Jaffa Cake,5,Ben Pauling,trn_256320,23,0,0.0,Steve Ashley,own_808276,0,157,110.0,0.0,Callum Pritchard(5),jky_307311,34,26.0,3.75,Tetou,dam_3995439,Order Of St George,sir_6059046,Peintre Celebre,dsi_3187051,250.0,10.0,0.0,3.0,2.0,0.0,0.0,0.0,-10.0,0.0,0.0,0.0,0.0,0.0,0.0,0.0,0.0,0.0,250.0,58.0,7.0,8.0,6.0,8.0,0.66,0.12,-36.94,250.0,33.0,4.0,5.0,5.0,4.0,0.84,0.12,-18.95,0.0,0.0,0.0,0.0,0.0,0.0,Peintre Celebre,10157.0,617.0,57.0,63.0,74.0,74.0,0.77,0.09,-228.2,Tetou (IRE),48.0,15.0,4.0,2.0,1.0,1.0,1.26,0.27,-0.82,Order Of St George (IRE),213.0,72.0,2.0,12.0,7.0,4.0,0.22,0.03,-66.1,0.0,Peintre Celebre,10157.0,1569.0,159.0,175.0,192.0,195.0,0.77,0.1,-395.21,Tetou (IRE),48.0,2.0,1.0,1.0,0.0,0.0,2.18,0.5,7.0,Order Of St George (IRE),213.0,44.0,1.0,8.0,5.0,3.0,0.18,0.02,-42.0,0.1,0.5,0.02,0.09,0.27,0.03,0.34,1.0,0.32,0.31,0.47,0.29,-0.23,1.18,-0.82,-0.23,0.26,-0.78,0.21,0.13,0.0,0.46,1.0,0.39,0.43,0.53,0.35,0.3,0.5,0.07,0.29,0.57,0.1,-360.87,2.36,-36.08,-141.91,3.9,-56.16,0.15,0.04,0.21,0.06,0.31,0.34,2,0,0,0,0.5
rac_11612848,Ffos Las,crs_31512,"Apr 17, 2025",7:45,16.0,4,3,10,4,1,0,hrs_49821618,Kings Champion,5,Paul Nicholls,trn_51903,36,7,0.19,Neil Smith & Alfie Smith,own_1326808,0,157,0.0,0.0,Freddie Gingell,jky_304638,0,47.0,3.5,Joly Nelsa,dam_4961754,Jeu St Eloi,sir_6006707,Brier Creek,dsi_501326,441.0,4.0,2.0,0.0,0.0,1.0,4.28,0.5,6.75,441.0,7.0,4.0,1.0,0.0,0.0,1.78,0.57,3.69,441.0,176.0,35.0,30.0,22.0,23.0,0.9,0.2,-36.06,441.0,29.0,5.0,2.0,4.0,5.0,0.73,0.17,-17.81,0.0,0.0,0.0,0.0,0.0,0.0,Brier Creek,409.0,48.0,4.0,2.0,5.0,8.0,0.72,0.08,-31.5,0,0.0,0.0,0.0,0.0,0.0,0.0,0.0,0.0,0.0,Jeu St Eloi (FR),455.0,64.0,12.0,5.0,10.0,5.0,1.08,0.19,6.95,0.0,Brier Creek,409.0,55.0,11.0,10.0,8.0,3.0,1.09,0.2,-20.48,0,0.0,0.0,0.0,0.0,0.0,0.0,0.0,0.0,0.0,Jeu St Eloi (FR),455.0,75.0,12.0,8.0,12.0,4.0,0.94,0.16,2.31,0.2,0.0,0.16,0.08,0.0,0.19,0.53,0.0,0.43,0.23,0.0,0.42,0.09,0.0,-0.06,-0.28,0.0,0.08,0.12,0.09,0.0,0.58,0.0,0.48,0.4,0.0,0.5,0.38,0.0,0.38,0.36,0.0,0.44,4.95,0.0,-4.5,-13.44,0.0,5.12,0.13,0.0,0.16,0.12,0.0,0.14,0,0,0,0,0.0
rac_11612848,Ffos Las,crs_31512,"Apr 17, 2025",7:45,16.0,4,3,10,4,1,0,hrs_40096014,Name Me Nicely,5,Kim Bailey & Mat Nicholls,trn_378207,14,1,0.07,Nicely Does It,own_1424396,0,157,0.0,0.0,Ciaran Gethings,jky_277692,403,36.0,17.0,Presenting Melody,dam_26525541,Kingston Hill,sir_5917226,Presenting,dsi_676165,2588.0,53.0,6.0,6.0,10.0,8.0,1.0,0.11,-22.62,0.0,0.0,0.0,0.0,0.0,0.0,0.0,0.0,0.0,2588.0,10.0,0.0,1.0,1.0,4.0,0.0,0.0,-10.0,2588.0,580.0,50.0,51.0,74.0,79.0,0.76,0.09,-275.89,0.0,0.0,0.0,0.0,0.0,0.0,Presenting,17791.0,3413.0,377.0,349.0,303.0,324.0,0.86,0.11,-1215.73,Presenting Melody (IRE),11.0,7.0,0.0,0.0,0.0,1.0,0.0,0.0,-7.0,Kingston Hill (GB),984.0,215.0,25.0,25.0,16.0,18.0,1.02,0.12,-4.07,0.0,Presenting,17791.0,4440.0,645.0,653.0,525.0,467.0,0.9,0.15,-1365.43,Presenting Melody (IRE),11.0,5.0,1.0,0.0,0.0,1.0,1.49,0.2,1.0,Kingston Hill (GB),984.0,231.0,20.0,39.0,26.0,28.0,0.62,0.09,-80.82,0.15,0.2,0.09,0.11,0.0,0.12,0.41,0.2,0.37,0.3,0.0,0.31,-0.1,0.49,-0.38,-0.14,-1.0,0.02,0.15,0.08,0.0,0.52,0.4,0.49,0.4,0.14,0.39,0.35,1.0,0.24,0.37,0.0,0.38,-444.0,2.45,-87.78,-477.82,-7.0,4.3,0.25,0.45,0.23,0.19,0.64,0.22,3,0,0,0,0.75
rac_11612848,Ffos Las,crs_31512,"Apr 17, 2025",7:45,16.0,4,3,10,4,1,0,hrs_47162122,Spanish Dancer,6,Richard J Bandey,trn_253314,5,0,0.0,The Make It So Partnership,own_1407160,0,157,104.0,69.0,Harry Bannister,jky_276906,146,40.0,13.0,Aurore Celtique,dam_4062443,Spanish Moon,sir_4548635,Alamo Bay,dsi_3186393,2421.0,40.0,4.0,5.0,6.0,3.0,0.67,0.1,-18.34,2421.0,1.0,0.0,0.0,0.0,1.0,0.0,0.0,-1.0,2421.0,272.0,39.0,38.0,30.0,39.0,0.85,0.14,-79.81,2421.0,441.0,41.0,48.0,63.0,48.0,0.73,0.09,-218.83,1.0,0.0,0.0,0.0,1.0,0.0,Alamo Bay,414.0,35.0,4.0,2.0,3.0,3.0,0.83,0.11,10.98,Aurore Celtique (FR),50.0,2.0,0.0,0.0,0.0,1.0,0.0,0.0,-2.0,Spanish Moon (USA),1374.0,235.0,38.0,27.0,33.0,31.0,0.82,0.16,-17.42,0.0,Alamo Bay,414.0,62.0,9.0,1.0,9.0,10.0,1.21,0.15,18.5,Aurore Celtique (FR),50.0,12.0,1.0,1.0,3.0,1.0,0.77,0.08,1.0,Spanish Moon (USA),1374.0,199.0,31.0,34.0,25.0,32.0,0.85,0.16,44.63,0.15,0.08,0.16,0.11,0.0,0.16,0.31,0.42,0.45,0.26,0.0,0.42,0.21,-0.23,-0.15,-0.17,-1.0,-0.18,0.13,0.09,0.09,0.47,0.5,0.61,0.34,0.5,0.55,0.47,0.2,0.34,0.44,0.0,0.39,13.02,-2.76,-29.85,-5.95,-2.0,-42.3,0.15,0.24,0.14,0.08,0.04,0.17,4,0,0,0,1.0
rac_11612848,Ffos Las,crs_31512,"Apr 17, 2025",7:45,16.0,4,3,10,4,1,0,hrs_40786494,The Blue Room,5,Olly Murphy,trn_301977,16,2,0.13,Bective Stud,own_1204404,0,157,114.0,88.0,Sean Bowen,jky_279558,55,44.0,3.5,Saintly Lady,dam_5234971,Order Of St George,sir_6059046,Old Vic,dsi_296359,5690.0,429.0,82.0,59.0,67.0,54.0,1.02,0.19,-22.38,5690.0,21.0,5.0,1.0,3.0,2.0,0.95,0.24,-9.76,5690.0,805.0,194.0,139.0,103.0,92.0,1.0,0.24,-48.29,5690.0,1012.0,203.0,158.0,135.0,114.0,0.97,0.2,-98.83,0.0,0.0,0.0,0.0,0.0,0.0,Old Vic,9880.0,1846.0,209.0,195.0,166.0,178.0,0.92,0.11,-327.52,Saintly Lady (IRE),43.0,6.0,0.0,0.0,0.0,1.0,0.0,0.0,-6.0,Order Of St George (IRE),213.0,72.0,2.0,12.0,7.0,4.0,0.22,0.03,-66.1,0.0,Old Vic,9880.0,2220.0,333.0,301.0,295.0,221.0,0.94,0.15,-424.07,Saintly Lady (IRE),43.0,12.0,2.0,1.0,2.0,2.0,0.85,0.17,-4.59,Order Of St George (IRE),213.0,44.0,1.0,8.0,5.0,3.0,0.18,0.02,-42.0,0.15,0.17,0.02,0.11,0.0,0.03,0.42,0.42,0.32,0.31,0.0,0.29,-0.06,-0.15,-0.82,-0.08,-1.0,-0.78,0.11,0.05,0.0,0.52,0.58,0.39,0.41,0.17,0.35,0.36,0.4,0.07,0.37,0.0,0.1,-133.2,-1.8,-36.08,-147.68,-6.0,-56.16,0.22,0.28,0.21,0.19,0.14,0.34,2,2,4,0,2.0
rac_11612848,Ffos Las,crs_31512,"Apr 17, 2025",7:45,16.0,4,3,10,4,1,0,hrs_40394375,Eton Mes,4,David Pipe,trn_91413,11,1,0.09,South West Rail Solutions Limited,own_1393076,0,149,107.0,56.0,Jack Tudor,jky_296019,106,18.0,15.0,Tutti Frutti,dam_6092492,Expert Eye,sir_10504137,Teofilo,dsi_4546038,1710.0,126.0,17.0,12.0,9.0,14.0,1.04,0.13,-29.5,1710.0,14.0,1.0,2.0,3.0,3.0,0.57,0.07,-10.0,1710.0,539.0,83.0,68.0,52.0,60.0,1.0,0.15,-100.21,1710.0,295.0,26.0,30.0,26.0,30.0,0.8,0.09,-88.52,0.0,0.0,0.0,0.0,0.0,0.0,Teofilo,6790.0,323.0,31.0,38.0,40.0,31.0,0.77,0.1,-161.83,0,0.0,0.0,0.0,0.0,0.0,0.0,0.0,0.0,0.0,Expert Eye (GB),1389.0,19.0,2.0,2.0,2.0,3.0,0.66,0.11,-15.43,0.0,Teofilo,6790.0,1109.0,144.0,136.0,130.0,122.0,0.97,0.13,-86.02,Tutti Frutti (GB),34.0,4.0,3.0,0.0,0.0,0.0,5.27,0.75,31.12,Expert Eye (GB),1389.0,283.0,30.0,34.0,32.0,44.0,0.76,0.11,-83.86,0.13,0.75,0.11,0.1,0.0,0.11,0.37,0.75,0.34,0.34,0.0,0.32,-0.03,4.27,-0.24,-0.23,0.0,-0.34,0.33,0.07,0.0,0.48,0.75,0.49,0.43,0.0,0.47,0.35,1.0,0.31,0.28,0.0,0.33,-33.27,17.08,-67.92,-74.29,0.0,-6.46,0.16,0.12,0.2,0.05,0.0,0.01,3,0,0,0,0.75
rac_11612848,Ffos Las,crs_31512,"Apr 17, 2025",7:45,16.0,4,3,10,4,1,0,hrs_48243573,Kind Intention,4,Tom Symonds,trn_231435,9,1,0.11,Mrs C Antcliff,own_1004092,0,149,106.0,95.0,Caoilin Quinn,jky_297747,46,22.0,12.0,Ask Catkin,dam_10338622,Dartmouth,sir_5957371,Ask,dsi_4538492,761.0,11.0,1.0,0.0,1.0,2.0,0.97,0.09,-3.5,0.0,0.0,0.0,0.0,0.0,0.0,0.0,0.0,0.0,761.0,24.0,3.0,6.0,5.0,3.0,0.65,0.12,-8.25,761.0,148.0,13.0,25.0,18.0,8.0,0.61,0.09,-41.58,1.0,0.0,0.0,0.0,0.0,0.0,Ask,52.0,15.0,1.0,0.0,2.0,2.0,1.08,0.07,-5.0,Ask Catkin (IRE),2.0,1.0,0.0,0.0,0.0,0.0,0.0,0.0,-1.0,Dartmouth (GB),260.0,81.0,4.0,8.0,5.0,11.0,0.72,0.05,-26.5,0.0,Ask,52.0,17.0,2.0,0.0,2.0,3.0,1.54,0.12,-1.0,0,0.0,0.0,0.0,0.0,0.0,0.0,0.0,0.0,0.0,Dartmouth (GB),260.0,124.0,4.0,10.0,9.0,21.0,0.45,0.03,-95.5,0.12,0.0,0.03,0.07,0.0,0.05,0.24,0.0,0.19,0.2,0.0,0.21,0.54,0.0,-0.55,0.08,-1.0,-0.28,0.05,0.04,0.09,0.41,0.0,0.35,0.33,0.0,0.35,0.5,0.0,0.17,0.33,0.0,0.24,9.18,0.0,-68.2,1.2,-1.0,-22.68,0.33,0.0,0.48,0.29,0.5,0.31,2,5,0,0,1.75
rac_11612848,Ffos Las,crs_31512,"Apr 17, 2025",7:45,16.0,4,3,10,4,1,0,hrs_51273299,Not Without Danger,4,Samuel Drinkwater,trn_294597,2,0,0.0,Anthony R Hunt,own_1347528,0,149,0.0,0.0,Robert Dunne,jky_242007,0,50.0,23.0,Sleeping Diva,dam_6090903,Walk In The Park,sir_4218179,Sleeping Car,dsi_453460,4141.0,146.0,11.0,7.0,17.0,19.0,0.72,0.08,-69.7,4141.0,2.0,0.0,0.0,0.0,1.0,0.0,0.0,-2.0,4141.0,186.0,17.0,21.0,18.0,25.0,0.77,0.09,2.33,4141.0,1125.0,70.0,87.0,90.0,111.0,0.75,0.06,-477.33,0.0,0.0,0.0,0.0,0.0,0.0,Sleeping Car,1618.0,159.0,24.0,27.0,14.0,21.0,0.83,0.15,19.91,Sleeping Diva (FR),65.0,12.0,0.0,2.0,1.0,0.0,0.0,0.0,-12.0,Walk In The Park (IRE),4614.0,1032.0,143.0,133.0,125.0,111.0,0.82,0.14,-341.4,0.0,Sleeping Car,1618.0,296.0,39.0,45.0,34.0,34.0,0.71,0.13,-118.57,Sleeping Diva (FR),65.0,12.0,1.0,4.0,3.0,2.0,0.44,0.08,-9.8,Walk In The Park (IRE),4614.0,861.0,114.0,135.0,125.0,103.0,0.74,0.13,-337.4,0.13,0.08,0.13,0.15,0.0,0.14,0.4,0.67,0.43,0.41,0.25,0.39,-0.29,-0.56,-0.26,-0.17,-1.0,-0.18,0.11,0.1,0.0,0.51,0.83,0.55,0.54,0.25,0.5,0.33,0.12,0.3,0.37,0.0,0.36,-85.84,-6.72,-223.86,-27.03,-12.0,-185.76,0.18,0.18,0.19,0.1,0.18,0.22,0,0,0,0,0.0
rac_11612848,Ffos Las,crs_31512,"Apr 17, 2025",7:45,16.0,4,3,10,4,1,0,hrs_51957115,Passage Du Maure,4,Nigel Hawke,trn_92313,4,1,0.25,Mrs K Hawke & W Simms,own_950480,0,149,0.0,0.0,Lorcan Murtagh,jky_281496,0,50.0,41.0,Tourtour,dam_5664701,Rail Link,sir_4589844,Gold Away,dsi_3310986,1267.0,11.0,0.0,0.0,1.0,3.0,0.0,0.0,-11.0,1267.0,2.0,0.0,0.0,0.0,0.0,0.0,0.0,-2.0,1267.0,92.0,8.0,5.0,10.0,10.0,1.12,0.09,-18.0,1267.0,217.0,12.0,29.0,21.0,26.0,0.6,0.06,-95.29,0.0,0.0,0.0,0.0,0.0,0.0,Gold Away,1604.0,36.0,4.0,3.0,6.0,4.0,0.86,0.11,-12.06,0,0.0,0.0,0.0,0.0,0.0,0.0,0.0,0.0,0.0,Rail Link (GB),2884.0,256.0,27.0,24.0,30.0,23.0,0.86,0.11,-73.07,0.0,Gold Away,1604.0,115.0,12.0,8.0,13.0,12.0,0.76,0.1,-62.41,0,0.0,0.0,0.0,0.0,0.0,0.0,0.0,0.0,0.0,Rail Link (GB),2884.0,498.0,58.0,57.0,50.0,42.0,0.88,0.12,-96.24,0.1,0.0,0.12,0.11,0.0,0.11,0.29,0.0,0.33,0.36,0.0,0.32,-0.24,0.0,-0.12,-0.14,0.0,-0.14,0.07,0.07,0.0,0.39,0.0,0.42,0.47,0.0,0.41,0.36,0.0,0.35,0.31,0.0,0.33,-27.6,0.0,-59.76,-5.04,0.0,-35.84,0.07,0.0,0.17,0.02,0.0,0.09,0,0,0,0,0.0
rac_11575226,Newmarket,crs_988,"Apr 17, 2025",1:15,5.0,4,4,6,1,1,0,hrs_51273005,Exclamation,2,Grace Harris,trn_226845,9,1,0.11,Foxhills Racing Limited,own_1202756,3,133,84.0,60.0,Finley Marsh,jky_287355,19,33.0,8.0,Amanda,dam_21653870,Acclamation,sir_3789198,Kendargent,dsi_4514419,1951.0,14.0,4.0,0.0,1.0,0.0,3.22,0.29,8.75,1951.0,3.0,0.0,1.0,1.0,0.0,0.0,0.0,-3.0,1951.0,34.0,3.0,2.0,3.0,6.0,1.01,0.09,27.0,1951.0,197.0,17.0,34.0,24.0,24.0,0.56,0.09,-113.67,0.0,0.0,0.0,0.0,0.0,0.0,Kendargent,1283.0,63.0,8.0,8.0,9.0,7.0,0.97,0.13,29.65,Amanda (FR),1.0,1.0,0.0,0.0,1.0,0.0,0.0,0.0,-1.0,Acclamation (GB),19683.0,3469.0,378.0,419.0,418.0,415.0,0.77,0.11,-1028.79,0.0,Kendargent,1283.0,93.0,12.0,15.0,10.0,13.0,0.93,0.13,36.28,0,0.0,0.0,0.0,0.0,0.0,0.0,0.0,0.0,0.0,Acclamation (GB),19683.0,3372.0,397.0,414.0,393.0,398.0,0.89,0.12,-628.86,0.13,0.0,0.12,0.13,0.0,0.11,0.4,0.0,0.36,0.4,1.0,0.35,-0.07,0.0,-0.11,-0.03,-1.0,-0.23,0.08,0.08,0.0,0.54,0.0,0.48,0.51,1.0,0.47,0.32,0.0,0.33,0.32,0.0,0.31,-6.51,0.0,-370.92,-1.89,-1.0,-797.87,0.07,0.0,0.17,0.05,1.0,0.18,3,0,0,0,0.75
rac_11575226,Newmarket,crs_988,"Apr 17, 2025",1:15,5.0,4,4,6,1,1,0,hrs_51735922,Henrythenate,2,Charlie Fellowes,trn_260217,9,0,0.0,J Soiza,own_1048604,5,133,0.0,0.0,Stevie Donohoe,jky_241263,0,33.0,34.0,Mayfair Pompette,dam_18293051,Mayson,sir_5298622,Toronado,dsi_5601218,8055.0,147.0,6.0,6.0,14.0,11.0,0.64,0.04,-98.75,8055.0,36.0,6.0,6.0,7.0,6.0,1.25,0.17,0.0,8055.0,741.0,92.0,87.0,92.0,69.0,0.9,0.12,-108.74,8055.0,676.0,52.0,62.0,70.0,75.0,0.71,0.08,-255.39,0.0,0.0,0.0,0.0,0.0,0.0,Toronado,161.0,55.0,7.0,7.0,9.0,7.0,1.05,0.13,11.33,0,0.0,0.0,0.0,0.0,0.0,0.0,0.0,0.0,0.0,Mayson (GB),6457.0,1340.0,190.0,168.0,164.0,173.0,1.0,0.14,-79.52,0.0,Toronado,161.0,42.0,4.0,7.0,4.0,4.0,0.71,0.1,-14.42,0,0.0,0.0,0.0,0.0,0.0,0.0,0.0,0.0,0.0,Mayson (GB),6457.0,1056.0,127.0,128.0,110.0,141.0,0.9,0.12,-320.11,0.1,0.0,0.12,0.13,0.0,0.14,0.36,0.0,0.35,0.42,0.0,0.39,-0.29,0.0,-0.1,0.05,0.0,0.0,0.07,0.09,0.0,0.45,0.0,0.48,0.55,0.0,0.52,0.27,0.0,0.35,0.3,0.0,0.36,-12.18,0.0,-105.6,2.75,0.0,0.0,0.26,0.0,0.16,0.34,0.0,0.21,0,0,0,0,0.0
rac_11575226,Newmarket,crs_988,"Apr 17, 2025",1:15,5.0,4,4,6,1,1,0,hrs_51897587,Military Code,2,Charlie Appleby,trn_255042,21,5,0.24,Godolphin,own_199380,6,133,0.0,0.0,William Buick,jky_257379,0,58.0,1.73,Wishfully,dam_16500323,Wootton Bassett,sir_5246346,Invincible Spirit,dsi_3548489,11701.0,1075.0,220.0,130.0,120.0,101.0,1.07,0.2,-10.28,11701.0,2878.0,812.0,459.0,366.0,259.0,0.95,0.28,-65.53,11701.0,2500.0,742.0,411.0,332.0,224.0,0.96,0.3,-15.52,11701.0,828.0,153.0,105.0,90.0,73.0,1.02,0.18,-6.69,0.0,0.0,0.0,0.0,0.0,0.0,Invincible Spirit,16059.0,2103.0,219.0,228.0,250.0,234.0,0.8,0.1,-710.57,0,0.0,0.0,0.0,0.0,0.0,0.0,0.0,0.0,0.0,Wootton Bassett (GB),3615.0,79.0,11.0,13.0,8.0,9.0,0.82,0.14,-12.86,0.0,Invincible Spirit,16059.0,2145.0,224.0,238.0,270.0,245.0,0.8,0.1,-604.36,0,0.0,0.0,0.0,0.0,0.0,0.0,0.0,0.0,0.0,Wootton Bassett (GB),3615.0,355.0,38.0,26.0,60.0,45.0,0.79,0.11,-90.22,0.1,0.0,0.11,0.1,0.0,0.14,0.34,0.0,0.35,0.33,0.0,0.41,-0.2,0.0,-0.21,-0.2,0.0,-0.18,0.07,0.08,0.0,0.46,0.0,0.48,0.44,0.0,0.52,0.31,0.0,0.31,0.31,0.0,0.34,-429.0,0.0,-74.55,-420.6,0.0,-14.22,0.13,0.0,0.1,0.13,0.0,0.02,0,0,0,0,0.0
rac_11575226,Newmarket,crs_988,"Apr 17, 2025",1:15,5.0,4,4,6,1,1,0,hrs_51736048,Moonfall,2,George Boughey,trn_325899,23,4,0.17,Sheikh Mohammed Obaid Al Maktoum,own_221344,1,133,0.0,0.0,Billy Loughnane,jky_233301,0,59.0,4.5,Lealas Daughter,dam_34472361,Starman,sir_21670145,Excelebration,dsi_5245191,2400.0,23.0,0.0,3.0,2.0,3.0,0.0,0.0,-23.0,2400.0,16.0,6.0,4.0,4.0,1.0,1.2,0.38,10.87,2400.0,467.0,83.0,84.0,57.0,42.0,0.9,0.18,-55.53,2400.0,248.0,42.0,44.0,28.0,27.0,0.9,0.17,5.48,0.0,0.0,0.0,0.0,0.0,0.0,Excelebration,679.0,62.0,9.0,4.0,10.0,7.0,1.08,0.15,10.98,Lealas Daughter (IRE),16.0,1.0,1.0,0.0,0.0,0.0,2.5,1.0,1.5,0,0.0,0.0,0.0,0.0,0.0,0.0,0.0,0.0,0.0,0.0,Excelebration,679.0,98.0,12.0,8.0,11.0,14.0,0.94,0.12,-53.2,0,0.0,0.0,0.0,0.0,0.0,0.0,0.0,0.0,0.0,0,0.0,0.0,0.0,0.0,0.0,0.0,0.0,0.0,0.0,0.12,0.0,0.0,0.15,1.0,0.0,0.32,0.0,0.0,0.37,1.0,0.0,-0.06,0.0,0.0,0.08,1.5,0.0,0.04,0.38,0.0,0.46,0.0,0.0,0.48,1.0,0.0,0.39,0.0,0.0,0.39,1.0,0.0,-5.88,0.0,0.0,4.96,1.5,0.0,0.14,0.0,0.0,0.09,0.06,0.0,0,0,0,0,0.0
rac_11575226,Newmarket,crs_988,"Apr 17, 2025",1:15,5.0,4,4,6,1,1,0,hrs_51897622,This Guy,2,Clive Cox,trn_52767,9,1,0.11,Valmont & Partner,own_1252544,4,133,0.0,0.0,Rossa Ryan,jky_287232,0,50.0,7.0,Baheeja,dam_5452335,Blue Point,sir_7175189,Dubawi,dsi_4127830,5990.0,195.0,20.0,16.0,24.0,30.0,0.84,0.1,-17.38,0.0,0.0,0.0,0.0,0.0,0.0,0.0,0.0,0.0,5990.0,181.0,29.0,25.0,25.0,22.0,0.88,0.16,-31.28,5990.0,569.0,85.0,75.0,86.0,66.0,0.84,0.15,38.19,0.0,0.0,0.0,0.0,0.0,0.0,Dubawi,9500.0,634.0,61.0,75.0,67.0,54.0,0.75,0.1,-177.62,Baheeja (GB),60.0,1.0,0.0,0.0,0.0,0.0,0.0,0.0,-1.0,Blue Point (IRE),1399.0,303.0,46.0,45.0,32.0,29.0,0.8,0.15,-50.57,0.0,Dubawi,9500.0,1570.0,224.0,188.0,163.0,161.0,0.95,0.14,-32.03,Baheeja (GB),60.0,15.0,4.0,3.0,1.0,1.0,1.23,0.27,-1.17,Blue Point (IRE),1399.0,293.0,52.0,40.0,36.0,37.0,0.91,0.18,12.3,0.14,0.27,0.18,0.1,0.0,0.15,0.37,0.53,0.44,0.32,0.0,0.41,-0.05,0.23,-0.09,-0.25,-1.0,-0.2,0.2,0.08,0.0,0.47,0.6,0.56,0.41,0.0,0.5,0.39,0.5,0.41,0.3,0.0,0.37,-78.5,3.45,-26.37,-158.5,-1.0,-60.6,0.17,0.25,0.21,0.07,0.02,0.22,0,0,0,0,0.0
rac_11575226,Newmarket,crs_988,"Apr 17, 2025",1:15,5.0,4,4,6,1,1,0,hrs_51832263,Slay Queen,2,Richard Hannon,trn_259083,39,3,0.08,Dove Valley Holdings Ltd,own_1185144,2,128,0.0,0.0,Joe Leavy(3),jky_303777,0,54.0,17.0,Asterella,dam_21686231,Acclamation,sir_3789198,Olympic Glory,dsi_5677651,736.0,3.0,0.0,0.0,0.0,0.0,0.0,0.0,-3.0,736.0,5.0,0.0,0.0,0.0,0.0,0.0,0.0,-5.0,736.0,203.0,23.0,24.0,25.0,21.0,0.95,0.11,-20.05,736.0,53.0,10.0,5.0,6.0,10.0,1.0,0.19,-4.55,0.0,0.0,0.0,0.0,0.0,0.0,Olympic Glory,104.0,13.0,1.0,0.0,0.0,2.0,0.66,0.08,-5.0,0,0.0,0.0,0.0,0.0,0.0,0.0,0.0,0.0,0.0,Acclamation (GB),19683.0,3469.0,378.0,419.0,418.0,415.0,0.77,0.11,-1028.79,0.0,Olympic Glory,104.0,6.0,0.0,0.0,1.0,0.0,0.0,0.0,-6.0,0,0.0,0.0,0.0,0.0,0.0,0.0,0.0,0.0,0.0,Acclamation (GB),19683.0,3372.0,397.0,414.0,393.0,398.0,0.89,0.12,-628.86,0.0,0.0,0.12,0.08,0.0,0.11,0.17,0.0,0.36,0.08,0.0,0.35,-1.0,0.0,-0.11,-0.34,0.0,-0.23,0.04,0.06,0.0,0.17,0.0,0.48,0.23,0.0,0.47,0.0,0.0,0.33,1.0,0.0,0.31,-6.0,0.0,-370.92,-4.42,0.0,-797.87,0.06,0.0,0.17,0.12,0.0,0.18,0,0,0,0,0.0
rac_11575213,Newmarket,crs_988,"Apr 17, 2025",1:50,7.0,4,4,12,1,1,0,hrs_51897580,Competizione,3,John & Thady Gosden,trn_344619,31,6,0.19,The Thoroughbred Racing Corporation Ltd,own_1270588,5,128,0.0,0.0,Kieran Shoemark,jky_279711,0,55.0,13.0,Walk In Beauty,dam_5403146,Too Darn Hot,sir_14985173,Shamardal,dsi_4214315,4834.0,183.0,16.0,24.0,19.0,20.0,0.86,0.09,-27.0,4834.0,28.0,6.0,5.0,2.0,4.0,1.13,0.21,5.12,4834.0,366.0,68.0,72.0,44.0,45.0,0.82,0.19,-66.63,4834.0,1013.0,127.0,111.0,111.0,106.0,0.98,0.13,74.3,0.0,0.0,0.0,0.0,0.0,0.0,Shamardal,11307.0,2082.0,253.0,228.0,212.0,208.0,0.89,0.12,-505.19,0,0.0,0.0,0.0,0.0,0.0,0.0,0.0,0.0,0.0,Too Darn Hot (GB),934.0,305.0,54.0,36.0,45.0,33.0,1.0,0.18,-36.79,0.0,Shamardal,11307.0,1758.0,223.0,216.0,212.0,178.0,0.85,0.13,-286.09,0,0.0,0.0,0.0,0.0,0.0,0.0,0.0,0.0,0.0,Too Darn Hot (GB),934.0,219.0,36.0,29.0,31.0,30.0,0.92,0.16,15.09,0.13,0.0,0.16,0.12,0.0,0.18,0.37,0.0,0.44,0.33,0.0,0.44,-0.15,0.0,-0.08,-0.11,0.0,0.0,0.1,0.1,0.0,0.47,0.0,0.58,0.43,0.0,0.55,0.34,0.0,0.38,0.37,0.0,0.4,-263.7,0.0,-17.52,-229.02,0.0,0.0,0.16,0.0,0.23,0.18,0.0,0.33,0,0,0,0,0.0
rac_11575213,Newmarket,crs_988,"Apr 17, 2025",1:50,7.0,4,4,12,1,1,0,hrs_43287741,Dragonflame,3,Brian Meehan,trn_64989,9,0,0.0,McOzi Racing - Manton,own_1388004,2,128,82.0,71.0,Billy Loughnane,jky_233301,194,33.0,34.0,Vadivina,dam_16377851,Pinatubo,sir_18619580,New Approach,dsi_4690833,2400.0,23.0,0.0,3.0,2.0,3.0,0.0,0.0,-23.0,0.0,0.0,0.0,0.0,0.0,0.0,0.0,0.0,0.0,2400.0,18.0,4.0,1.0,4.0,0.0,2.35,0.22,91.0,2400.0,492.0,70.0,70.0,66.0,41.0,0.88,0.14,-74.67,1.0,0.0,0.0,0.0,0.0,0.0,New Approach,4202.0,828.0,81.0,94.0,77.0,92.0,0.81,0.1,-251.7,Vadivina (IRE),2.0,1.0,0.0,0.0,0.0,0.0,0.0,0.0,-1.0,Pinatubo (IRE),166.0,47.0,6.0,7.0,6.0,5.0,0.9,0.13,30.25,0.0,New Approach,4202.0,771.0,93.0,97.0,80.0,79.0,0.86,0.12,-272.78,Vadivina (IRE),2.0,1.0,0.0,0.0,0.0,0.0,0.0,0.0,-1.0,Pinatubo (IRE),166.0,36.0,4.0,5.0,5.0,3.0,0.71,0.11,-12.88,0.12,0.0,0.11,0.1,0.0,0.13,0.35,0.0,0.39,0.3,0.0,0.4,-0.14,-1.0,-0.29,-0.19,-1.0,-0.1,0.08,0.08,0.14,0.45,0.0,0.47,0.42,0.0,0.51,0.34,0.0,0.29,0.32,0.0,0.32,-107.94,-1.0,-10.44,-157.32,-1.0,-4.7,0.18,0.5,0.22,0.2,0.5,0.28,7,8,0,0,3.75
rac_11575213,Newmarket,crs_988,"Apr 17, 2025",1:50,7.0,4,4,12,1,1,0,hrs_39961992,Great,3,Richard Hannon,trn_259083,39,3,0.08,Mrs J Wood,own_175604,3,128,91.0,79.0,Pat Dobbs,jky_226518,186,54.0,8.5,Barathea Dancer,dam_5330906,Twilight Son,sir_6066578,Barathea,dsi_510454,9947.0,315.0,26.0,24.0,34.0,31.0,0.83,0.08,-29.29,9947.0,318.0,36.0,31.0,35.0,45.0,0.9,0.11,-16.06,9947.0,1671.0,186.0,195.0,223.0,210.0,0.8,0.11,-431.91,9947.0,2126.0,222.0,222.0,258.0,245.0,0.8,0.1,-655.77,0.0,0.0,0.0,0.0,0.0,0.0,Barathea,16988.0,2596.0,238.0,260.0,272.0,259.0,0.83,0.09,-740.96,Barathea Dancer (IRE),54.0,10.0,0.0,3.0,0.0,1.0,0.0,0.0,-10.0,Twilight Son (GB),2732.0,621.0,54.0,65.0,74.0,79.0,0.8,0.09,-173.35,0.0,Barathea,16988.0,2758.0,282.0,332.0,289.0,325.0,0.8,0.1,-875.59,Barathea Dancer (IRE),54.0,5.0,0.0,3.0,0.0,1.0,0.0,0.0,-5.0,Twilight Son (GB),2732.0,401.0,43.0,50.0,34.0,55.0,0.81,0.11,-119.35,0.1,0.0,0.11,0.09,0.0,0.09,0.33,0.6,0.32,0.3,0.3,0.31,-0.2,-1.0,-0.19,-0.17,-1.0,-0.2,0.07,0.06,0.0,0.45,0.8,0.45,0.4,0.4,0.44,0.31,0.0,0.34,0.31,0.0,0.28,-551.6,-5.0,-76.19,-441.32,-10.0,-124.2,0.16,0.09,0.15,0.15,0.19,0.23,2,0,0,0,0.5
rac_11575213,Newmarket,crs_988,"Apr 17, 2025",1:50,7.0,4,4,12,1,1,0,hrs_51897608,Hockney,3,Tom Dascombe,trn_161406,6,0,0.0,The David Partnership,own_1428736,9,128,0.0,0.0,Pierre-Louis Jamin,jky_283893,0,17.0,41.0,Brookside Banner,dam_19768623,Showcasing,sir_5152770,Starspangledbanner,dsi_5084065,1141.0,11.0,1.0,1.0,0.0,3.0,0.76,0.09,-8.25,0.0,0.0,0.0,0.0,0.0,0.0,0.0,0.0,0.0,1141.0,209.0,25.0,28.0,18.0,24.0,1.03,0.12,-48.37,1141.0,236.0,24.0,27.0,22.0,26.0,0.8,0.1,-33.97,0.0,0.0,0.0,0.0,0.0,0.0,Starspangledbanner,429.0,84.0,11.0,2.0,14.0,6.0,1.07,0.13,-24.59,0,0.0,0.0,0.0,0.0,0.0,0.0,0.0,0.0,0.0,Showcasing (GB),10352.0,2093.0,219.0,189.0,205.0,207.0,0.9,0.1,-470.99,0.0,Starspangledbanner,429.0,69.0,8.0,8.0,11.0,9.0,0.75,0.12,-26.38,0,0.0,0.0,0.0,0.0,0.0,0.0,0.0,0.0,0.0,Showcasing (GB),10352.0,1841.0,190.0,193.0,192.0,189.0,0.83,0.1,-592.69,0.12,0.0,0.1,0.13,0.0,0.1,0.39,0.0,0.31,0.32,0.0,0.29,-0.25,0.0,-0.17,0.07,0.0,-0.1,0.07,0.08,0.0,0.52,0.0,0.41,0.39,0.0,0.39,0.3,0.0,0.33,0.41,0.0,0.36,-17.25,0.0,-312.97,5.88,0.0,-209.3,0.16,0.0,0.18,0.2,0.0,0.2,0,0,0,0,0.0
rac_11575213,Newmarket,crs_988,"Apr 17, 2025",1:50,7.0,4,4,12,1,1,0,hrs_42452522,Indian Springs,3,Charlie Appleby,trn_255042,21,5,0.24,Godolphin,own_199380,13,128,87.0,0.0,William Buick,jky_257379,134,58.0,5.0,Floristry,dam_4787454,Too Darn Hot,sir_14985173,Fasliyev,dsi_3580101,11701.0,1075.0,220.0,130.0,120.0,101.0,1.07,0.2,-10.28,11701.0,2878.0,812.0,459.0,366.0,259.0,0.95,0.28,-65.53,11701.0,2500.0,742.0,411.0,332.0,224.0,0.96,0.3,-15.52,11701.0,2262.0,458.0,329.0,277.0,228.0,0.95,0.2,-262.13,0.0,0.0,0.0,0.0,0.0,0.0,Fasliyev,7713.0,1171.0,119.0,97.0,104.0,118.0,0.86,0.1,-448.32,Floristry (GB),70.0,4.0,2.0,0.0,1.0,0.0,1.83,0.5,5.17,Too Darn Hot (GB),934.0,305.0,54.0,36.0,45.0,33.0,1.0,0.18,-36.79,0.0,Fasliyev,7713.0,1151.0,132.0,137.0,151.0,126.0,0.9,0.11,-278.2,Floristry (GB),70.0,9.0,2.0,0.0,2.0,1.0,0.95,0.22,0.6,Too Darn Hot (GB),934.0,219.0,36.0,29.0,31.0,30.0,0.92,0.16,15.09,0.11,0.22,0.16,0.1,0.5,0.18,0.36,0.44,0.44,0.27,0.75,0.44,-0.1,-0.05,-0.08,-0.14,0.83,0.0,0.16,0.26,0.0,0.47,0.56,0.58,0.37,0.75,0.55,0.31,0.5,0.38,0.37,0.67,0.4,-115.1,-0.45,-17.52,-163.94,3.32,0.0,0.15,0.13,0.23,0.15,0.06,0.33,3,0,0,0,0.75
rac_11575213,Newmarket,crs_988,"Apr 17, 2025",1:50,7.0,4,4,12,1,1,0,hrs_46383988,Kaleido,3,John & Thady Gosden,trn_344619,31,6,0.19,Prince A A Faisal,own_53908,10,128,93.0,59.0,Oisin Murphy,jky_278184,174,55.0,3.25,Contradict,dam_5619110,Make Believe,sir_6104063,Raven's Pass,dsi_4779124,10073.0,484.0,57.0,64.0,63.0,53.0,0.8,0.12,-112.03,10073.0,12.0,2.0,4.0,2.0,1.0,0.81,0.17,-6.5,10073.0,94.0,28.0,20.0,9.0,10.0,1.03,0.3,-4.36,10073.0,1873.0,303.0,274.0,239.0,198.0,0.9,0.16,-349.88,1.0,0.0,1.0,0.0,0.0,0.0,Raven's Pass,2806.0,604.0,58.0,61.0,62.0,59.0,0.78,0.1,-231.94,Contradict (GB),104.0,30.0,2.0,7.0,4.0,1.0,0.52,0.07,-21.67,Make Believe (GB),2645.0,390.0,39.0,51.0,32.0,47.0,0.77,0.1,-104.32,0.0,Raven's Pass,2806.0,478.0,53.0,46.0,53.0,46.0,0.87,0.11,-71.57,Contradict (GB),104.0,17.0,2.0,0.0,4.0,5.0,0.81,0.12,-5.0,Make Believe (GB),2645.0,388.0,53.0,52.0,39.0,43.0,0.86,0.14,-57.17,0.11,0.12,0.14,0.1,0.07,0.1,0.32,0.35,0.37,0.3,0.43,0.31,-0.13,-0.19,-0.14,-0.22,-0.48,-0.23,0.12,0.09,0.16,0.41,0.65,0.48,0.4,0.47,0.43,0.35,0.33,0.37,0.32,0.15,0.32,-62.14,-3.23,-54.32,-132.88,-14.4,-89.7,0.17,0.16,0.15,0.22,0.29,0.15,2,0,0,0,0.5
rac_11575213,Newmarket,crs_988,"Apr 17, 2025",1:50,7.0,4,4,12,1,1,0,hrs_43667106,Licence To Conquer,3,Dylan Cunha,trn_354717,13,3,0.23,"D Mooney, J Belcher & J Gerber",own_1390148,1,128,0.0,0.0,Kyle Strydom,jky_301491,0,77.0,41.0,Miranda Frost,dam_6754188,Invincible Army,sir_10246215,Cape Cross,dsi_3153248,147.0,5.0,1.0,0.0,0.0,0.0,3.99,0.2,18.0,0.0,0.0,0.0,0.0,0.0,0.0,0.0,0.0,0.0,147.0,48.0,6.0,1.0,5.0,9.0,1.11,0.12,8.88,147.0,30.0,3.0,2.0,3.0,4.0,1.36,0.1,29.0,0.0,0.0,0.0,0.0,0.0,0.0,Cape Cross,14689.0,2579.0,240.0,293.0,262.0,258.0,0.78,0.09,-698.93,Miranda Frost (IRE),72.0,16.0,1.0,1.0,2.0,2.0,0.64,0.06,-11.0,Invincible Army (IRE),694.0,168.0,9.0,22.0,10.0,18.0,0.54,0.05,-79.15,0.0,Cape Cross,14689.0,2306.0,273.0,259.0,252.0,261.0,0.9,0.12,-698.28,Miranda Frost (IRE),72.0,3.0,1.0,1.0,1.0,0.0,1.71,0.33,2.0,Invincible Army (IRE),694.0,131.0,16.0,20.0,13.0,15.0,0.86,0.12,-65.21,0.12,0.33,0.12,0.09,0.06,0.05,0.34,1.0,0.37,0.31,0.25,0.24,-0.1,0.71,-0.14,-0.22,-0.36,-0.46,0.19,0.07,0.0,0.45,1.0,0.49,0.41,0.38,0.35,0.35,0.33,0.33,0.3,0.25,0.22,-230.6,2.13,-18.34,-567.38,-5.76,-77.28,0.16,0.04,0.19,0.18,0.22,0.24,0,0,0,0,0.0
rac_11575213,Newmarket,crs_988,"Apr 17, 2025",1:50,7.0,4,4,12,1,1,0,hrs_45791928,Nakeeb,3,Richard Hannon,trn_259083,39,3,0.08,Shadwell Estate Company Ltd,own_1209752,4,128,90.0,68.0,Jim Crowley,jky_42702,194,54.0,4.33,Ridaa,dam_19071143,Night Of Thunder,sir_5876514,New Approach,dsi_4690833,16808.0,631.0,71.0,70.0,52.0,65.0,0.88,0.11,-162.31,16808.0,642.0,162.0,93.0,76.0,83.0,1.01,0.25,34.95,16808.0,244.0,40.0,35.0,26.0,19.0,0.93,0.16,-38.64,16808.0,2832.0,396.0,314.0,301.0,299.0,0.91,0.14,-441.45,0.0,0.0,0.0,0.0,0.0,0.0,New Approach,4202.0,828.0,81.0,94.0,77.0,92.0,0.81,0.1,-251.7,0,0.0,0.0,0.0,0.0,0.0,0.0,0.0,0.0,0.0,Night Of Thunder (IRE),3710.0,824.0,149.0,101.0,88.0,82.0,1.08,0.18,41.42,0.0,New Approach,4202.0,771.0,93.0,97.0,80.0,79.0,0.86,0.12,-272.78,Ridaa (IRE),1.0,1.0,0.0,0.0,1.0,0.0,0.0,0.0,-1.0,Night Of Thunder (IRE),3710.0,621.0,113.0,71.0,72.0,71.0,1.08,0.18,42.17,0.12,0.0,0.18,0.1,0.0,0.18,0.35,1.0,0.41,0.3,0.0,0.41,-0.14,-1.0,0.08,-0.19,0.0,0.08,0.1,0.09,0.0,0.45,1.0,0.53,0.42,0.0,0.51,0.34,0.0,0.44,0.32,0.0,0.44,-107.94,-1.0,49.68,-157.32,0.0,65.92,0.18,1.0,0.17,0.2,0.0,0.22,3,0,0,0,0.75
rac_11575213,Newmarket,crs_988,"Apr 17, 2025",1:50,7.0,4,4,12,1,1,0,hrs_46295760,Raafedd,3,William Haggas,trn_30735,21,3,0.14,Sheikh Ahmed Al Maktoum,own_59124,12,128,86.0,0.0,Tom Marquand,jky_281841,159,44.0,6.5,Ejaazah,dam_6217813,Teofilo,sir_4546038,Acclamation,dsi_3789198,9181.0,378.0,27.0,36.0,27.0,46.0,0.67,0.07,-150.52,9181.0,199.0,50.0,31.0,25.0,22.0,0.98,0.25,-7.16,9181.0,1594.0,348.0,225.0,208.0,184.0,0.94,0.22,-135.14,9181.0,1774.0,216.0,201.0,192.0,194.0,0.86,0.12,-413.22,1.0,0.0,0.0,0.0,0.0,0.0,Acclamation,9203.0,1714.0,164.0,170.0,139.0,168.0,0.83,0.1,-479.41,Ejaazah (IRE),12.0,6.0,2.0,0.0,2.0,0.0,1.32,0.33,2.0,Teofilo (IRE),10764.0,1000.0,125.0,107.0,99.0,94.0,0.93,0.12,-109.99,0.0,Acclamation,9203.0,1511.0,162.0,205.0,183.0,154.0,0.78,0.11,-342.28,Ejaazah (IRE),12.0,4.0,1.0,0.0,2.0,0.0,1.35,0.25,1.0,Teofilo (IRE),10764.0,1399.0,186.0,172.0,162.0,161.0,0.88,0.13,-406.59,0.11,0.25,0.13,0.1,0.33,0.12,0.36,0.75,0.37,0.28,0.67,0.33,-0.22,0.35,-0.12,-0.17,0.32,-0.07,0.16,0.18,0.12,0.47,0.75,0.49,0.37,0.67,0.42,0.29,0.33,0.36,0.35,0.5,0.38,-332.42,1.4,-167.88,-291.38,1.92,-70.0,0.16,0.33,0.13,0.19,0.5,0.09,6,0,0,0,1.5
rac_11575213,Newmarket,crs_988,"Apr 17, 2025",1:50,7.0,4,4,12,1,1,0,hrs_44264500,Regal Guest,3,George Margarson,trn_88164,3,0,0.0,John Guest Racing,own_772620,7,128,79.0,40.0,NON-RUNNER,jky_224913,22,33.0,0.0,Odyssee,dam_2991296,Kodiac,sir_4080139,Teofilo,dsi_4546038,0.0,0.0,0.0,0.0,0.0,0.0,0.0,0.0,0.0,0.0,0.0,0.0,0.0,0.0,0.0,0.0,0.0,0.0,0.0,0.0,0.0,0.0,0.0,0.0,0.0,0.0,0.0,0.0,0.0,0.0,0.0,0.0,0.0,0.0,0.0,0.0,2.0,0.0,0.0,1.0,0.0,0.0,Teofilo,6790.0,1000.0,107.0,93.0,92.0,90.0,0.9,0.11,-196.9,Odyssee (FR),49.0,9.0,0.0,0.0,2.0,0.0,0.0,0.0,-9.0,Kodiac (GB),22160.0,4494.0,437.0,462.0,475.0,469.0,0.83,0.1,-1205.24,0.0,Teofilo,6790.0,1109.0,144.0,136.0,130.0,122.0,0.97,0.13,-86.02,Odyssee (FR),49.0,3.0,0.0,0.0,0.0,0.0,0.0,0.0,-3.0,Kodiac (GB),22160.0,3902.0,456.0,476.0,475.0,439.0,0.9,0.12,-885.94,0.13,0.0,0.12,0.11,0.0,0.1,0.37,0.0,0.36,0.29,0.22,0.31,-0.03,-1.0,-0.1,-0.1,-1.0,-0.17,0.08,0.07,0.0,0.48,0.0,0.47,0.38,0.22,0.41,0.35,0.0,0.32,0.37,0.0,0.32,-33.27,-3.0,-390.2,-100.0,-9.0,-763.98,0.16,0.06,0.18,0.15,0.18,0.2,7,3,0,0,2.5
rac_11575213,Newmarket,crs_988,"Apr 17, 2025",1:50,7.0,4,4,12,1,1,0,hrs_43860096,Sheikh Raj,3,Tom Clover,trn_294885,10,1,0.1,Jastar Ltd And Murt Khan,own_1342224,8,128,86.0,0.0,Rossa Ryan,jky_287232,225,75.0,26.0,Bikini Babe,dam_5145637,Pinatubo,sir_18619580,Montjeu,dsi_3521238,5990.0,195.0,20.0,16.0,24.0,30.0,0.84,0.1,-17.38,0.0,0.0,0.0,0.0,0.0,0.0,0.0,0.0,0.0,5990.0,13.0,3.0,0.0,3.0,0.0,1.44,0.23,6.12,5990.0,1251.0,177.0,151.0,147.0,148.0,0.89,0.14,-159.02,2.0,0.0,1.0,0.0,0.0,0.0,Montjeu,15581.0,1828.0,193.0,184.0,221.0,174.0,0.85,0.11,-355.64,Bikini Babe (IRE),117.0,24.0,3.0,3.0,2.0,2.0,0.79,0.12,-12.93,Pinatubo (IRE),166.0,47.0,6.0,7.0,6.0,5.0,0.9,0.13,30.25,0.0,Montjeu,15581.0,2462.0,315.0,294.0,304.0,288.0,0.91,0.13,-294.59,Bikini Babe (IRE),117.0,2.0,0.0,1.0,0.0,0.0,0.0,0.0,-2.0,Pinatubo (IRE),166.0,36.0,4.0,5.0,5.0,3.0,0.71,0.11,-12.88,0.13,0.0,0.11,0.11,0.12,0.13,0.37,0.5,0.39,0.33,0.33,0.4,-0.09,-1.0,-0.29,-0.15,-0.21,-0.1,0.08,0.12,0.14,0.49,0.5,0.47,0.42,0.42,0.51,0.35,0.0,0.29,0.32,0.38,0.32,-221.58,-2.0,-10.44,-274.2,-5.04,-4.7,0.16,0.02,0.22,0.12,0.21,0.28,2,6,0,0,2.0
rac_11575213,Newmarket,crs_988,"Apr 17, 2025",1:50,7.0,4,4,12,1,1,0,hrs_51897594,Silent Storm,3,Charles Hills,trn_230652,15,3,0.2,"J Kimber, J Savory, A O'Callaghan",own_1428732,6,128,0.0,0.0,Callum Shepherd,jky_280029,0,53.0,34.0,Tamarisk,dam_6346347,Dark Angel,sir_4701529,Selkirk,dsi_435050,5540.0,143.0,11.0,8.0,9.0,17.0,1.15,0.08,7.25,0.0,0.0,0.0,0.0,0.0,0.0,0.0,0.0,0.0,5504.0,276.0,28.0,28.0,30.0,28.0,0.87,0.1,-27.17,5540.0,1046.0,86.0,105.0,109.0,130.0,0.72,0.08,-363.62,0.0,0.0,0.0,0.0,0.0,0.0,Selkirk,17972.0,2724.0,289.0,277.0,273.0,266.0,0.88,0.11,-703.53,Tamarisk (GER),77.0,33.0,7.0,3.0,10.0,3.0,1.11,0.21,-11.47,Dark Angel (IRE),20406.0,4902.0,557.0,555.0,581.0,544.0,0.83,0.11,-1589.73,0.0,Selkirk,17972.0,3151.0,357.0,365.0,320.0,350.0,0.89,0.11,-449.1,Tamarisk (GER),77.0,11.0,3.0,0.0,5.0,2.0,1.45,0.27,6.82,Dark Angel (IRE),20406.0,3510.0,416.0,406.0,423.0,436.0,0.84,0.12,-934.7,0.11,0.27,0.12,0.11,0.21,0.11,0.33,0.73,0.35,0.31,0.61,0.35,-0.11,0.45,-0.16,-0.12,0.11,-0.17,0.17,0.14,0.0,0.44,0.91,0.48,0.41,0.7,0.46,0.34,0.38,0.33,0.34,0.35,0.33,-346.61,4.95,-561.6,-326.88,3.63,-833.34,0.18,0.14,0.17,0.15,0.43,0.24,0,0,0,0,0.0
rac_11575213,Newmarket,crs_988,"Apr 17, 2025",1:50,7.0,4,4,12,1,1,0,hrs_51897601,Time Allowed,3,Andrew Balding,trn_140445,46,11,0.24,St Albans Bloodstock & Fittocks Stud,own_1342536,11,128,0.0,0.0,Jason Watson,jky_288666,0,65.0,17.0,Time Tunnel,dam_18323662,Lope De Vega,sir_5186867,Invincible Spirit,dsi_3548489,4035.0,89.0,9.0,10.0,6.0,6.0,0.77,0.1,-29.86,4035.0,1.0,1.0,0.0,0.0,0.0,29.0,1.0,28.0,4035.0,335.0,60.0,54.0,58.0,35.0,0.97,0.18,-25.95,4035.0,775.0,92.0,103.0,84.0,90.0,0.83,0.12,-222.33,0.0,0.0,0.0,0.0,0.0,0.0,Invincible Spirit,16059.0,2965.0,263.0,270.0,308.0,281.0,0.76,0.09,-1044.56,Time Tunnel (GB),9.0,7.0,3.0,1.0,1.0,0.0,2.26,0.43,26.4,Lope De Vega (IRE),11424.0,1998.0,269.0,228.0,225.0,225.0,0.88,0.13,-473.52,0.0,Invincible Spirit,16059.0,2145.0,224.0,238.0,270.0,245.0,0.8,0.1,-604.36,Time Tunnel (GB),9.0,2.0,2.0,0.0,0.0,0.0,2.67,1.0,28.4,Lope De Vega (IRE),11424.0,1791.0,272.0,223.0,195.0,223.0,0.94,0.15,-130.67,0.1,1.0,0.15,0.09,0.43,0.13,0.34,1.0,0.39,0.28,0.71,0.36,-0.2,1.67,-0.06,-0.24,1.26,-0.12,0.42,0.22,0.0,0.46,1.0,0.51,0.38,0.71,0.47,0.31,1.0,0.39,0.31,0.6,0.37,-429.0,3.34,-107.46,-711.6,8.82,-239.76,0.13,0.22,0.16,0.18,0.78,0.17,0,0,0,0,0.0
rac_11575187,Newmarket,crs_988,"Apr 17, 2025",2:25,8.0,4,4,10,1,1,0,hrs_42103775,Fearnot,3,Clive Cox,trn_52767,9,1,0.11,J Goddard,own_331596,3,135,92.0,0.0,Rossa Ryan,jky_287232,22,50.0,7.0,Alsindi,dam_5545547,Invincible Spirit,sir_3548489,Acclamation,dsi_3789198,5990.0,195.0,20.0,16.0,24.0,30.0,0.84,0.1,-17.38,5990.0,7.0,2.0,1.0,1.0,0.0,1.62,0.29,19.25,5990.0,181.0,29.0,25.0,25.0,22.0,0.88,0.16,-31.28,5990.0,959.0,132.0,116.0,127.0,104.0,0.93,0.14,-127.15,0.0,0.0,0.0,0.0,0.0,0.0,Acclamation,9203.0,1194.0,103.0,111.0,136.0,125.0,0.78,0.09,-299.33,Alsindi (IRE),72.0,8.0,1.0,2.0,0.0,0.0,0.61,0.12,-5.75,Invincible Spirit (IRE),21494.0,3621.0,432.0,416.0,399.0,399.0,0.88,0.12,-590.29,0.0,Acclamation,9203.0,1511.0,162.0,205.0,183.0,154.0,0.78,0.11,-342.28,Alsindi (IRE),72.0,32.0,3.0,7.0,2.0,5.0,0.46,0.09,-19.55,Invincible Spirit (IRE),21494.0,3597.0,421.0,456.0,423.0,375.0,0.8,0.12,-968.85,0.11,0.09,0.12,0.09,0.12,0.12,0.36,0.38,0.36,0.29,0.38,0.34,-0.22,-0.54,-0.2,-0.22,-0.39,-0.12,0.11,0.11,0.0,0.47,0.53,0.47,0.4,0.38,0.45,0.29,0.25,0.32,0.29,0.33,0.35,-332.42,-17.28,-719.4,-262.68,-3.12,-434.52,0.16,0.44,0.17,0.13,0.11,0.17,1,2,0,0,0.75
rac_11575187,Newmarket,crs_988,"Apr 17, 2025",2:25,8.0,4,4,10,1,1,0,hrs_45887632,Transparent,3,Tom Ward,trn_327069,6,0,0.0,The Transparent Syndicate,own_1400328,5,135,90.0,0.0,Jim Crowley,jky_42702,70,83.0,8.5,Light Glass,dam_6080249,Mehmas,sir_7032655,Lope De Vega,dsi_5186867,16808.0,631.0,71.0,70.0,52.0,65.0,0.88,0.11,-162.31,0.0,0.0,0.0,0.0,0.0,0.0,0.0,0.0,0.0,16808.0,11.0,2.0,1.0,0.0,0.0,1.43,0.18,1.5,16808.0,2779.0,398.0,293.0,275.0,312.0,0.96,0.14,-251.87,1.0,1.0,0.0,0.0,0.0,1.0,Lope De Vega,1683.0,316.0,38.0,36.0,37.0,29.0,0.84,0.12,-64.78,Light Glass (IRE),57.0,19.0,4.0,1.0,3.0,2.0,1.28,0.21,3.86,Mehmas (IRE),5092.0,598.0,71.0,75.0,50.0,58.0,1.0,0.12,-105.89,0.0,Lope De Vega,1683.0,244.0,45.0,38.0,21.0,22.0,1.16,0.18,56.49,Light Glass (IRE),57.0,31.0,5.0,3.0,2.0,5.0,1.43,0.16,15.0,Mehmas (IRE),5092.0,778.0,85.0,103.0,107.0,96.0,0.75,0.11,-190.67,0.18,0.16,0.11,0.12,0.21,0.12,0.43,0.32,0.38,0.35,0.42,0.33,0.16,0.43,-0.25,-0.16,0.28,0.0,0.15,0.15,0.14,0.52,0.48,0.5,0.44,0.53,0.42,0.43,0.5,0.29,0.34,0.5,0.36,39.04,13.33,-194.5,-50.56,5.32,0.0,0.14,0.54,0.15,0.19,0.33,0.12,2,1,1,0,1.0
rac_11575187,Newmarket,crs_988,"Apr 17, 2025",2:25,8.0,4,4,10,1,1,0,hrs_44786581,Byblos,3,John & Thady Gosden,trn_344619,31,6,0.19,Juddmonte,own_1206684,7,135,91.0,69.0,Kieran Shoemark,jky_279711,176,55.0,4.5,Bird Flown,dam_5891774,Frankel,sir_5344171,Oasis Dream,dsi_3960579,4834.0,183.0,16.0,24.0,19.0,20.0,0.86,0.09,-27.0,4834.0,48.0,14.0,12.0,4.0,6.0,0.97,0.29,-2.99,4834.0,366.0,68.0,72.0,44.0,45.0,0.82,0.19,-66.63,4834.0,892.0,113.0,112.0,106.0,90.0,0.95,0.13,-120.28,2.0,0.0,2.0,0.0,0.0,0.0,Oasis Dream,18670.0,2859.0,289.0,291.0,316.0,278.0,0.83,0.1,-612.19,Bird Flown (GB),19.0,10.0,3.0,4.0,1.0,1.0,1.0,0.3,-1.15,Frankel (GB),6877.0,1439.0,254.0,174.0,145.0,153.0,0.92,0.18,-351.25,0.0,Oasis Dream,18670.0,2816.0,340.0,335.0,333.0,317.0,0.87,0.12,-611.1,Bird Flown (GB),19.0,2.0,0.0,1.0,0.0,1.0,0.0,0.0,-2.0,Frankel (GB),6877.0,1029.0,202.0,135.0,125.0,107.0,0.97,0.2,-173.1,0.12,0.0,0.2,0.1,0.3,0.18,0.36,0.5,0.45,0.31,0.8,0.4,-0.13,-1.0,-0.03,-0.17,0.0,-0.08,0.11,0.19,0.13,0.47,1.0,0.55,0.41,0.9,0.5,0.34,0.0,0.44,0.32,0.38,0.44,-366.08,-2.0,-30.87,-486.03,0.0,-115.12,0.15,0.11,0.15,0.15,0.53,0.21,4,2,2,0,2.0
rac_11575187,Newmarket,crs_988,"Apr 17, 2025",2:25,8.0,4,4,10,1,1,0,hrs_45475612,Present Times,3,Charlie Appleby,trn_255042,21,5,0.24,Godolphin,own_199380,2,135,91.0,86.0,William Buick,jky_257379,155,58.0,4.5,Feliciana De Vega,dam_16155531,Sea The Stars,sir_4868829,Lope De Vega,dsi_5186867,11701.0,1075.0,220.0,130.0,120.0,101.0,1.07,0.2,-10.28,11701.0,2878.0,812.0,459.0,366.0,259.0,0.95,0.28,-65.53,11701.0,2500.0,742.0,411.0,332.0,224.0,0.96,0.3,-15.52,11701.0,2257.0,436.0,293.0,261.0,225.0,0.93,0.19,-337.34,3.0,1.0,1.0,1.0,0.0,0.33,Lope De Vega,1683.0,316.0,38.0,36.0,37.0,29.0,0.84,0.12,-64.78,Feliciana De Vega (GB),3.0,3.0,1.0,1.0,1.0,0.0,0.66,0.33,-1.17,Sea The Stars (IRE),8638.0,1211.0,183.0,152.0,139.0,136.0,0.86,0.15,-248.46,0.0,Lope De Vega,1683.0,244.0,45.0,38.0,21.0,22.0,1.16,0.18,56.49,Feliciana De Vega (GB),3.0,2.0,0.0,1.0,1.0,0.0,0.0,0.0,-2.0,Sea The Stars (IRE),8638.0,1421.0,235.0,201.0,177.0,178.0,0.88,0.17,-337.8,0.18,0.0,0.17,0.12,0.33,0.15,0.43,1.0,0.43,0.35,1.0,0.39,0.16,-1.0,-0.12,-0.16,-0.34,-0.14,0.12,0.2,0.19,0.52,1.0,0.56,0.44,1.0,0.5,0.43,0.0,0.38,0.34,0.33,0.39,39.04,-2.0,-170.52,-50.56,-1.02,-169.54,0.14,0.67,0.16,0.19,1.0,0.14,2,3,1,0,1.5
rac_11575187,Newmarket,crs_988,"Apr 17, 2025",2:25,8.0,4,4,10,1,1,0,hrs_43951068,Watching Stars,3,Charlie Appleby,trn_255042,21,5,0.24,Godolphin,own_199380,10,134,92.0,72.0,James Doyle,jky_20703,176,58.0,7.5,Half Light,dam_20678952,Sea The Stars,sir_4868829,Shamardal,dsi_4214315,11865.0,643.0,67.0,91.0,82.0,79.0,0.72,0.1,-253.72,11865.0,1659.0,400.0,297.0,222.0,165.0,0.93,0.24,-178.83,11865.0,960.0,251.0,172.0,132.0,94.0,0.98,0.26,-45.26,11865.0,2205.0,354.0,303.0,265.0,239.0,0.95,0.16,-221.07,1.0,0.0,0.0,0.0,1.0,0.0,Shamardal,11307.0,1856.0,231.0,202.0,180.0,172.0,0.94,0.12,-211.23,Half Light (IRE),4.0,1.0,0.0,0.0,0.0,1.0,0.0,0.0,-1.0,Sea The Stars (IRE),8638.0,1211.0,183.0,152.0,139.0,136.0,0.86,0.15,-248.46,0.0,Shamardal,11307.0,1758.0,223.0,216.0,212.0,178.0,0.85,0.13,-286.09,Half Light (IRE),4.0,2.0,1.0,0.0,0.0,1.0,2.11,0.5,4.0,Sea The Stars (IRE),8638.0,1421.0,235.0,201.0,177.0,178.0,0.88,0.17,-337.8,0.13,0.5,0.17,0.12,0.0,0.15,0.37,0.5,0.43,0.33,0.0,0.39,-0.15,1.11,-0.12,-0.06,-1.0,-0.14,0.27,0.09,0.16,0.47,1.0,0.56,0.42,1.0,0.5,0.34,1.0,0.38,0.38,0.0,0.39,-263.7,2.22,-170.52,-111.36,-1.0,-169.54,0.16,0.5,0.16,0.16,0.25,0.14,4,4,1,3,3.0
rac_11575187,Newmarket,crs_988,"Apr 17, 2025",2:25,8.0,4,4,10,1,1,0,hrs_44816457,Yabher,3,William Haggas,trn_30735,21,3,0.14,Sheikh Juma Dalmook Al Maktoum,own_804908,8,133,90.0,89.0,Tom Marquand,jky_281841,181,44.0,5.0,Muffri'Ha,dam_5989298,Sea The Stars,sir_4868829,Iffraaj,dsi_4091143,9181.0,378.0,27.0,36.0,27.0,46.0,0.67,0.07,-150.52,9181.0,123.0,14.0,8.0,22.0,19.0,0.64,0.11,-45.04,9181.0,1594.0,348.0,225.0,208.0,184.0,0.94,0.22,-135.14,9181.0,1669.0,206.0,216.0,184.0,183.0,0.84,0.12,-66.81,2.0,1.0,0.0,0.0,0.0,0.5,Iffraaj,4683.0,702.0,71.0,60.0,68.0,72.0,0.83,0.1,-243.5,Muffri'Ha (IRE),42.0,18.0,4.0,1.0,1.0,2.0,0.99,0.22,25.83,Sea The Stars (IRE),8638.0,1211.0,183.0,152.0,139.0,136.0,0.86,0.15,-248.46,0.0,Iffraaj,4683.0,712.0,86.0,83.0,77.0,87.0,0.86,0.12,-90.89,Muffri'Ha (IRE),42.0,5.0,1.0,0.0,0.0,0.0,0.89,0.2,0.5,Sea The Stars (IRE),8638.0,1421.0,235.0,201.0,177.0,178.0,0.88,0.17,-337.8,0.12,0.2,0.17,0.1,0.22,0.15,0.35,0.2,0.43,0.28,0.33,0.39,-0.14,-0.11,-0.12,-0.17,-0.01,-0.14,0.16,0.16,0.12,0.47,0.2,0.56,0.39,0.44,0.5,0.35,1.0,0.38,0.36,0.67,0.39,-99.68,-0.55,-170.52,-119.34,-0.18,-169.54,0.15,0.12,0.16,0.15,0.43,0.14,1,5,0,0,1.5
rac_11575187,Newmarket,crs_988,"Apr 17, 2025",2:25,8.0,4,4,10,1,1,0,hrs_43508563,King Casper,3,Hugo Palmer,trn_225081,11,0,0.0,The Roof Partnership,own_1299544,6,132,85.0,69.0,Oisin Murphy,jky_278184,224,45.0,13.0,Selfara,dam_5664554,Shaman,sir_14691040,Oasis Dream,dsi_3960579,10073.0,484.0,57.0,64.0,63.0,53.0,0.8,0.12,-112.03,10073.0,1.0,1.0,0.0,0.0,0.0,5.0,1.0,4.0,10073.0,160.0,37.0,32.0,21.0,19.0,1.14,0.23,7.5,10073.0,1781.0,297.0,248.0,244.0,167.0,0.94,0.17,-208.88,1.0,0.0,0.0,0.0,1.0,0.0,Oasis Dream,18670.0,2859.0,289.0,291.0,316.0,278.0,0.83,0.1,-612.19,Selfara (GB),76.0,8.0,0.0,0.0,1.0,2.0,0.0,0.0,-8.0,Shaman (IRE),131.0,46.0,0.0,3.0,5.0,5.0,0.0,0.0,-46.0,0.0,Oasis Dream,18670.0,2816.0,340.0,335.0,333.0,317.0,0.87,0.12,-611.1,Selfara (GB),76.0,19.0,0.0,1.0,3.0,1.0,0.0,0.0,-19.0,Shaman (IRE),131.0,8.0,2.0,0.0,1.0,1.0,3.01,0.25,2.0,0.12,0.0,0.25,0.1,0.0,0.0,0.36,0.21,0.38,0.31,0.12,0.17,-0.13,-1.0,2.01,-0.17,-1.0,-1.0,0.12,0.03,0.17,0.47,0.26,0.5,0.41,0.38,0.28,0.34,0.0,0.67,0.32,0.0,0.0,-366.08,-19.0,16.08,-486.03,-8.0,-46.0,0.15,0.25,0.06,0.15,0.11,0.35,5,1,4,0,2.5
rac_11575187,Newmarket,crs_988,"Apr 17, 2025",2:25,8.0,4,4,10,1,1,0,hrs_46295823,Happy Banner,3,Ed Walker,trn_215334,10,1,0.1,Lee Man Bun,own_576156,1,130,90.0,45.0,Ryan Moore,jky_237606,127,70.0,10.0,Lady Clinch,dam_7724059,Starspangledbanner,sir_5084065,High Chaparral,dsi_3823484,17137.0,1377.0,167.0,180.0,158.0,143.0,0.73,0.12,-413.01,0.0,0.0,0.0,0.0,0.0,0.0,0.0,0.0,0.0,17137.0,21.0,4.0,3.0,2.0,3.0,0.97,0.19,-6.63,17137.0,3282.0,550.0,508.0,398.0,366.0,0.84,0.17,-695.69,0.0,0.0,0.0,0.0,0.0,0.0,High Chaparral,8146.0,1353.0,125.0,154.0,141.0,129.0,0.8,0.09,-324.64,Lady Clinch (IRE),18.0,1.0,0.0,0.0,0.0,0.0,0.0,0.0,-1.0,Starspangledbanner (AUS),5963.0,860.0,78.0,94.0,78.0,82.0,0.73,0.09,-319.82,0.0,High Chaparral,8146.0,1262.0,117.0,142.0,135.0,132.0,0.73,0.09,-477.35,Lady Clinch (IRE),18.0,2.0,1.0,0.0,0.0,0.0,2.62,0.5,0.88,Starspangledbanner (AUS),5963.0,1144.0,136.0,147.0,127.0,121.0,0.88,0.12,-180.42,0.09,0.5,0.12,0.09,0.0,0.09,0.31,0.5,0.36,0.31,0.0,0.29,-0.27,1.62,-0.12,-0.2,-1.0,-0.27,0.24,0.06,0.0,0.42,0.5,0.46,0.41,0.0,0.39,0.3,1.0,0.33,0.3,0.0,0.31,-340.74,3.24,-137.28,-270.6,-1.0,-232.2,0.15,0.11,0.19,0.17,0.06,0.14,7,3,1,0,2.75
rac_11575187,Newmarket,crs_988,"Apr 17, 2025",2:25,8.0,4,4,10,1,1,0,hrs_41304746,Pappa Louis,3,Tom Dascombe,trn_161406,6,0,0.0,Laurence Bellman,own_764940,9,128,90.0,72.0,Pierre-Louis Jamin,jky_283893,229,17.0,51.0,Orange Sun,dam_6023899,Showcasing,sir_5152770,Duke Of Marmalade,dsi_4619972,1141.0,11.0,1.0,1.0,0.0,3.0,0.76,0.09,-8.25,1141.0,1.0,1.0,0.0,0.0,0.0,13.0,1.0,12.0,1141.0,209.0,25.0,28.0,18.0,24.0,1.03,0.12,-48.37,1141.0,148.0,17.0,14.0,13.0,23.0,1.02,0.11,-53.32,0.0,0.0,0.0,0.0,0.0,0.0,Duke Of Marmalade,2416.0,428.0,54.0,48.0,36.0,45.0,0.98,0.13,6.4,Orange Sun (GB),8.0,1.0,1.0,0.0,0.0,0.0,2.2,1.0,1.2,Showcasing (GB),10352.0,1469.0,132.0,133.0,127.0,127.0,0.81,0.09,-461.56,0.0,Duke Of Marmalade,2416.0,360.0,60.0,34.0,44.0,39.0,1.19,0.17,63.95,Orange Sun (GB),8.0,5.0,1.0,1.0,0.0,0.0,1.73,0.2,-2.0,Showcasing (GB),10352.0,1841.0,190.0,193.0,192.0,189.0,0.83,0.1,-592.69,0.17,0.2,0.1,0.13,1.0,0.09,0.38,0.4,0.31,0.32,1.0,0.27,0.19,0.73,-0.17,-0.02,1.2,-0.19,0.16,0.41,0.0,0.49,0.4,0.41,0.43,1.0,0.35,0.43,0.5,0.33,0.39,1.0,0.34,68.4,3.65,-312.97,-8.56,1.2,-279.11,0.15,0.62,0.18,0.18,0.12,0.14,0,0,2,1,0.75
rac_11575187,Newmarket,crs_988,"Apr 17, 2025",2:25,8.0,4,4,10,1,1,0,hrs_42005474,Canvas,3,Scott Dixon,trn_234891,18,2,0.11,Scott Dixon Racing Partnership,own_1192012,4,121,85.0,83.0,Hollie Doyle,jky_278085,15,50.0,81.0,Image,dam_11169543,Advertise,sir_13788572,Sepoy,dsi_5440085,7646.0,182.0,15.0,17.0,24.0,26.0,0.79,0.08,-15.84,7646.0,1.0,0.0,0.0,0.0,0.0,0.0,0.0,-1.0,7646.0,14.0,1.0,2.0,2.0,1.0,0.57,0.07,-4.5,7646.0,1190.0,154.0,130.0,119.0,142.0,0.96,0.13,-212.9,1.0,0.0,0.0,0.0,0.0,0.0,Sepoy,482.0,97.0,13.0,10.0,12.0,5.0,1.02,0.13,70.73,Image (GB),33.0,5.0,0.0,0.0,1.0,1.0,0.0,0.0,-5.0,Advertise (GB),793.0,120.0,11.0,10.0,13.0,8.0,1.01,0.09,-31.25,0.0,Sepoy,482.0,97.0,8.0,14.0,9.0,11.0,0.57,0.08,-46.42,Image (GB),33.0,6.0,0.0,0.0,0.0,0.0,0.0,0.0,-6.0,Advertise (GB),793.0,149.0,15.0,11.0,22.0,14.0,0.95,0.1,-79.32,0.08,0.0,0.1,0.13,0.0,0.09,0.32,0.0,0.32,0.36,0.2,0.28,-0.43,-1.0,-0.05,0.02,-1.0,0.01,0.06,0.07,0.13,0.43,0.0,0.42,0.41,0.4,0.35,0.26,0.0,0.31,0.37,0.0,0.32,-41.71,-6.0,-7.45,1.94,-5.0,1.2,0.2,0.18,0.19,0.2,0.15,0.15,5,4,6,7,5.5
rac_11575148,Newmarket,crs_988,"Apr 17, 2025",3:00,8.0,2,4,13,1,1,0,hrs_37617937,Harper's Ferry,4,Ed Walker,trn_215334,10,1,0.1,M H Dixon & J L Rowsell,own_1211000,9,135,115.0,101.0,Oisin Murphy,jky_278184,174,70.0,3.75,Talent,dam_5727729,Lope De Vega,sir_5186867,New Approach,dsi_4690833,10073.0,484.0,57.0,64.0,63.0,53.0,0.8,0.12,-112.03,10073.0,1.0,1.0,0.0,0.0,0.0,3.0,1.0,2.0,10073.0,175.0,41.0,28.0,19.0,16.0,1.04,0.23,-4.25,10073.0,1781.0,297.0,248.0,244.0,167.0,0.94,0.17,-208.88,2.0,1.0,1.0,0.0,0.0,0.5,New Approach,4202.0,766.0,93.0,90.0,67.0,80.0,0.9,0.12,-20.43,Talent (GB),32.0,3.0,1.0,1.0,0.0,0.0,4.31,0.33,2.0,Lope De Vega (IRE),11424.0,2405.0,333.0,295.0,271.0,265.0,0.88,0.14,-348.69,0.0,New Approach,4202.0,201.0,30.0,19.0,15.0,24.0,1.1,0.15,-24.51,Talent (GB),32.0,1.0,0.0,0.0,0.0,0.0,0.0,0.0,-1.0,Lope De Vega (IRE),11424.0,1000.0,122.0,103.0,90.0,87.0,0.91,0.12,-178.14,0.15,0.0,0.12,0.12,0.33,0.14,0.32,0.0,0.32,0.33,0.67,0.37,0.1,-1.0,-0.09,-0.1,3.31,-0.12,0.09,0.2,0.17,0.44,0.0,0.4,0.43,0.67,0.48,0.47,0.0,0.39,0.37,0.5,0.37,20.1,-1.0,-90.0,-76.6,9.93,-288.6,0.05,0.03,0.09,0.18,0.09,0.21,2,1,8,6,4.25
rac_11575148,Newmarket,crs_988,"Apr 17, 2025",3:00,8.0,2,4,13,1,1,0,hrs_15452024,Bopedro,9,David O'Meara,trn_205551,17,2,0.12,Georginio Rutter,own_1361596,10,131,112.0,97.0,Daniel Tudhope,jky_246693,180,38.0,17.0,Breizh Touch,dam_5208413,Pedro The Great,sir_5636379,Country Reel,dsi_3963078,10931.0,155.0,12.0,22.0,16.0,14.0,0.72,0.08,-75.67,10931.0,6.0,0.0,1.0,0.0,0.0,0.0,0.0,-6.0,10931.0,4386.0,673.0,602.0,570.0,482.0,0.91,0.15,-461.98,10931.0,1708.0,259.0,253.0,227.0,172.0,0.95,0.15,-207.73,32.0,4.0,1.0,4.0,3.0,0.12,Country Reel,716.0,114.0,14.0,5.0,10.0,14.0,1.05,0.12,73.05,Breizh Touch (FR),75.0,41.0,6.0,1.0,6.0,3.0,1.28,0.15,32.4,Pedro The Great (USA),1116.0,210.0,17.0,7.0,23.0,28.0,0.84,0.08,-58.8,0.0,Country Reel,716.0,42.0,4.0,2.0,7.0,2.0,1.04,0.1,-15.5,Breizh Touch (FR),75.0,31.0,2.0,2.0,5.0,2.0,0.75,0.06,-15.0,Pedro The Great (USA),1116.0,42.0,4.0,3.0,6.0,2.0,1.06,0.1,10.5,0.1,0.06,0.1,0.12,0.15,0.08,0.31,0.29,0.31,0.25,0.32,0.22,0.04,-0.25,0.06,0.05,0.28,-0.16,0.09,0.12,0.15,0.36,0.35,0.36,0.38,0.39,0.36,0.31,0.22,0.31,0.48,0.46,0.36,1.68,-7.75,2.52,5.7,11.48,-33.6,0.06,0.41,0.04,0.16,0.55,0.19,0,2,0,3,1.25
rac_11575148,Newmarket,crs_988,"Apr 17, 2025",3:00,8.0,2,4,13,1,1,0,hrs_36235108,Skukuza,4,Ed Dunlop,trn_81324,13,1,0.08,Cayton Park Stud Limited,own_1228064,3,131,112.0,97.0,William Buick,jky_257379,301,46.0,6.0,Shingwedzi,dam_6037570,Blue Point,sir_7175189,Trippi,dsi_3706570,11701.0,1075.0,220.0,130.0,120.0,101.0,1.07,0.2,-10.28,11701.0,11.0,1.0,1.0,3.0,1.0,0.57,0.09,-7.5,11701.0,143.0,16.0,21.0,18.0,16.0,0.68,0.11,-81.16,11701.0,2257.0,436.0,293.0,261.0,225.0,0.93,0.19,-337.34,3.0,1.0,2.0,0.0,0.0,0.33,Trippi,580.0,135.0,13.0,15.0,18.0,11.0,0.74,0.1,-86.97,Shingwedzi (SAF),38.0,9.0,1.0,3.0,0.0,1.0,0.78,0.11,-5.25,Blue Point (IRE),1399.0,165.0,25.0,18.0,23.0,15.0,1.04,0.15,0.2,0.0,Trippi,580.0,3.0,0.0,1.0,0.0,0.0,0.0,0.0,-3.0,Shingwedzi (SAF),38.0,1.0,0.0,1.0,0.0,0.0,0.0,0.0,-1.0,Blue Point (IRE),1399.0,110.0,10.0,12.0,17.0,11.0,0.66,0.09,-59.91,0.0,0.0,0.09,0.1,0.11,0.15,0.33,1.0,0.35,0.34,0.44,0.4,-1.0,-1.0,-0.34,-0.26,-0.22,0.04,0.03,0.12,0.19,0.33,1.0,0.45,0.42,0.56,0.49,0.0,0.0,0.26,0.28,0.25,0.38,-3.0,-1.0,-37.4,-35.1,-1.98,6.6,0.01,0.03,0.08,0.23,0.24,0.12,6,2,1,2,2.75
rac_11575148,Newmarket,crs_988,"Apr 17, 2025",3:00,8.0,2,4,13,1,1,0,hrs_37027137,Brioni,4,Alan King,trn_125352,15,1,0.07,Mrs M C Sweeney & Alan King,own_1338856,4,129,111.0,95.0,Rossa Ryan,jky_287232,188,60.0,13.0,High Story,dam_19445006,Cloth Of Stars,sir_6234816,Zanzibari,dsi_5147233,5990.0,195.0,20.0,16.0,24.0,30.0,0.84,0.1,-17.38,5990.0,3.0,1.0,1.0,0.0,0.0,0.98,0.33,-1.33,5990.0,175.0,28.0,34.0,21.0,16.0,1.03,0.16,-2.13,5990.0,959.0,132.0,116.0,127.0,104.0,0.93,0.14,-127.15,2.0,1.0,1.0,0.0,0.0,0.5,Zanzibari,128.0,22.0,3.0,4.0,1.0,1.0,0.92,0.14,-14.75,High Story (FR),24.0,2.0,1.0,1.0,0.0,0.0,1.47,0.5,-0.33,Cloth Of Stars (IRE),520.0,60.0,7.0,6.0,10.0,3.0,1.09,0.12,-18.73,0.0,Zanzibari,128.0,4.0,0.0,1.0,0.0,0.0,0.0,0.0,-4.0,High Story (FR),24.0,3.0,0.0,1.0,0.0,0.0,0.0,0.0,-3.0,Cloth Of Stars (IRE),520.0,20.0,2.0,2.0,3.0,2.0,0.74,0.1,16.5,0.0,0.0,0.1,0.14,0.5,0.12,0.25,0.33,0.35,0.36,1.0,0.38,-1.0,-1.0,-0.26,-0.08,0.47,0.09,0.03,0.25,0.14,0.25,0.33,0.45,0.41,1.0,0.43,0.0,0.0,0.29,0.38,0.5,0.3,-4.0,-3.0,-5.2,-1.76,0.94,5.4,0.03,0.12,0.04,0.17,0.08,0.12,0,7,2,1,2.5
rac_11575148,Newmarket,crs_988,"Apr 17, 2025",3:00,8.0,2,4,13,1,1,0,hrs_35149387,Tribal Chief,4,David Menuisier,trn_264699,8,1,0.13,All For One Racing (Ii),own_1319824,1,125,112.0,85.0,Ryan Moore,jky_237606,166,25.0,4.5,Araca,dam_10160794,Sioux Nation,sir_9923655,Elusive Quality,dsi_3263337,17137.0,1377.0,167.0,180.0,158.0,143.0,0.73,0.12,-413.01,0.0,0.0,0.0,0.0,0.0,0.0,0.0,0.0,0.0,17137.0,21.0,7.0,4.0,2.0,2.0,2.27,0.33,18.83,17137.0,3282.0,550.0,508.0,398.0,366.0,0.84,0.17,-695.69,5.0,2.0,1.0,1.0,0.0,0.4,Elusive Quality,7405.0,1230.0,128.0,109.0,123.0,123.0,0.85,0.1,-326.04,Araca (FR),26.0,5.0,2.0,1.0,1.0,0.0,1.38,0.4,4.5,Sioux Nation (USA),1676.0,272.0,29.0,41.0,22.0,37.0,0.76,0.11,-123.31,0.0,Elusive Quality,7405.0,314.0,34.0,26.0,31.0,21.0,0.91,0.11,-83.06,Araca (FR),26.0,6.0,1.0,0.0,1.0,0.0,1.23,0.17,-1.0,Sioux Nation (USA),1676.0,88.0,13.0,7.0,10.0,10.0,1.22,0.15,-25.27,0.11,0.17,0.15,0.1,0.4,0.11,0.29,0.33,0.34,0.29,0.8,0.34,-0.09,0.23,0.22,-0.15,0.38,-0.24,0.14,0.2,0.17,0.36,0.33,0.45,0.39,0.8,0.47,0.37,0.5,0.43,0.36,0.5,0.32,-28.26,1.38,19.36,-184.5,1.9,-65.28,0.04,0.23,0.05,0.17,0.19,0.16,3,1,1,1,1.5
rac_11575148,Newmarket,crs_988,"Apr 17, 2025",3:00,8.0,2,4,13,1,1,0,hrs_41130117,Bullet Point,4,William Haggas,trn_30735,21,3,0.14,The Marathon Partnership,own_1366260,2,124,111.0,84.0,Tom Marquand,jky_281841,166,44.0,8.5,Crying Lightening,dam_5319489,Advertise,sir_13788572,Holy Roman Emperor,dsi_4602234,9181.0,378.0,27.0,36.0,27.0,46.0,0.67,0.07,-150.52,9181.0,6.0,1.0,0.0,0.0,0.0,1.47,0.17,9.0,9181.0,1594.0,348.0,225.0,208.0,184.0,0.94,0.22,-135.14,9181.0,1669.0,206.0,216.0,184.0,183.0,0.84,0.12,-66.81,3.0,2.0,0.0,0.0,1.0,0.67,Holy Roman Emperor,6415.0,1136.0,121.0,125.0,114.0,118.0,0.85,0.11,-227.5,Crying Lightening (IRE),35.0,9.0,2.0,1.0,1.0,2.0,1.36,0.22,6.25,Advertise (GB),793.0,120.0,11.0,10.0,13.0,8.0,1.01,0.09,-31.25,0.0,Holy Roman Emperor,6415.0,253.0,23.0,25.0,25.0,21.0,0.81,0.09,-3.79,0,0.0,0.0,0.0,0.0,0.0,0.0,0.0,0.0,0.0,Advertise (GB),793.0,32.0,3.0,5.0,4.0,3.0,0.82,0.09,-15.17,0.09,0.0,0.09,0.11,0.22,0.09,0.29,0.0,0.38,0.32,0.44,0.28,-0.19,0.0,-0.18,-0.15,0.36,0.01,0.06,0.14,0.12,0.37,0.0,0.47,0.42,0.67,0.35,0.32,0.0,0.25,0.34,0.5,0.32,-48.07,0.0,-5.76,-170.4,3.24,1.2,0.04,0.0,0.04,0.18,0.26,0.15,5,4,4,1,3.5
rac_11575148,Newmarket,crs_988,"Apr 17, 2025",3:00,8.0,2,4,13,1,1,0,hrs_35459200,Zain Blue,4,John Butler,trn_235593,16,2,0.13,Asaad Al Banwan,own_746116,7,120,110.0,101.0,David Egan,jky_286164,221,50.0,15.0,Affability,dam_6505884,Blue Point,sir_7175189,Dalakhani,dsi_3974124,5349.0,328.0,32.0,38.0,32.0,39.0,0.88,0.1,-76.81,5349.0,10.0,2.0,1.0,1.0,1.0,1.88,0.2,2.0,5349.0,126.0,14.0,15.0,10.0,15.0,1.14,0.11,4.63,5349.0,920.0,106.0,111.0,105.0,119.0,0.82,0.12,-206.3,8.0,2.0,1.0,2.0,0.0,0.25,Dalakhani,7942.0,1289.0,138.0,123.0,129.0,123.0,0.88,0.11,-140.7,Affability (IRE),64.0,14.0,2.0,1.0,3.0,0.0,1.35,0.14,2.0,Blue Point (IRE),1399.0,165.0,25.0,18.0,23.0,15.0,1.04,0.15,0.2,0.0,Dalakhani,7942.0,405.0,43.0,52.0,51.0,43.0,0.85,0.11,-26.95,Affability (IRE),64.0,7.0,0.0,2.0,0.0,0.0,0.0,0.0,-7.0,Blue Point (IRE),1399.0,110.0,10.0,12.0,17.0,11.0,0.66,0.09,-59.91,0.11,0.0,0.09,0.11,0.14,0.15,0.36,0.29,0.35,0.3,0.43,0.4,-0.15,-1.0,-0.34,-0.12,0.35,0.04,0.07,0.13,0.12,0.47,0.29,0.45,0.4,0.43,0.49,0.29,0.0,0.26,0.35,0.33,0.38,-60.75,-7.0,-37.4,-154.68,4.9,6.6,0.05,0.11,0.08,0.16,0.22,0.12,5,1,3,5,3.5
rac_11575148,Newmarket,crs_988,"Apr 17, 2025",3:00,8.0,2,4,13,1,1,0,hrs_43730799,Noisy Jazz,4,James Owen,trn_360648,42,9,0.21,The Gredley Family,own_1209196,13,120,109.0,98.0,Harry Davies,jky_304524,194,52.0,15.0,Miss Brown To You,dam_4905159,Ulysses,sir_6125343,Fasliyev,dsi_3580101,1448.0,62.0,13.0,8.0,8.0,4.0,1.5,0.21,20.0,1448.0,7.0,2.0,1.0,0.0,1.0,2.21,0.29,8.0,1448.0,7.0,3.0,1.0,0.0,1.0,2.8,0.43,11.25,1448.0,269.0,30.0,29.0,26.0,31.0,0.84,0.11,-100.83,2.0,1.0,0.0,1.0,0.0,0.5,Fasliyev,7713.0,1016.0,73.0,80.0,118.0,80.0,0.66,0.07,-530.57,Miss Brown To You (IRE),90.0,9.0,1.0,1.0,2.0,0.0,1.26,0.11,17.0,Ulysses (IRE),1688.0,354.0,36.0,39.0,49.0,27.0,0.77,0.1,-20.47,0.0,Fasliyev,7713.0,334.0,29.0,19.0,36.0,18.0,0.88,0.09,-131.79,Miss Brown To You (IRE),90.0,4.0,1.0,0.0,0.0,0.0,1.87,0.25,-1.25,Ulysses (IRE),1688.0,112.0,5.0,11.0,14.0,13.0,0.37,0.04,-69.12,0.09,0.25,0.04,0.07,0.11,0.1,0.25,0.25,0.27,0.27,0.44,0.35,-0.12,0.87,-0.63,-0.34,0.26,-0.23,0.13,0.09,0.11,0.31,0.25,0.38,0.35,0.44,0.43,0.35,1.0,0.17,0.27,0.25,0.29,-40.08,3.48,-70.56,-345.44,2.34,-81.42,0.04,0.04,0.07,0.13,0.1,0.21,1,6,3,5,3.75
rac_11575148,Newmarket,crs_988,"Apr 17, 2025",3:00,8.0,2,4,13,1,1,0,hrs_22828771,Hiromichi,7,Jack Channon,trn_361449,11,3,0.27,Jon and Julia Aisbitt,own_602672,12,120,112.0,84.0,David Probert,jky_258039,289,45.0,29.0,Pachelbelle,dam_5854639,Dabirsim,sir_5535299,Anabaa,dsi_672525,14398.0,319.0,21.0,29.0,23.0,31.0,0.72,0.07,-118.67,14398.0,22.0,4.0,4.0,3.0,2.0,1.34,0.18,15.45,14398.0,103.0,16.0,11.0,12.0,7.0,1.1,0.16,14.51,14398.0,2344.0,246.0,259.0,251.0,261.0,0.85,0.1,-466.02,14.0,5.0,2.0,0.0,2.0,0.36,Anabaa,12221.0,1922.0,202.0,188.0,195.0,178.0,0.89,0.11,-487.61,Pachelbelle (FR),63.0,25.0,9.0,4.0,0.0,4.0,2.32,0.36,27.12,Dabirsim (FR),3776.0,719.0,45.0,62.0,58.0,56.0,0.66,0.06,-251.52,0.0,Anabaa,12221.0,455.0,50.0,39.0,46.0,37.0,1.0,0.11,32.88,Pachelbelle (FR),63.0,1.0,0.0,0.0,0.0,0.0,0.0,0.0,-1.0,Dabirsim (FR),3776.0,71.0,5.0,0.0,9.0,4.0,0.76,0.07,-44.5,0.11,0.0,0.07,0.11,0.36,0.06,0.3,0.0,0.2,0.3,0.52,0.23,0.0,-1.0,-0.24,-0.11,1.32,-0.34,0.06,0.18,0.11,0.38,0.0,0.25,0.4,0.68,0.31,0.37,0.0,0.36,0.35,0.69,0.27,0.0,-1.0,-17.04,-211.42,33.0,-244.46,0.04,0.02,0.02,0.16,0.4,0.19,1,4,1,7,3.25
rac_11575148,Newmarket,crs_988,"Apr 17, 2025",3:00,8.0,2,4,13,1,1,0,hrs_35081333,Mythical Guest,5,George Margarson,trn_88164,3,0,0.0,John Guest Racing,own_772620,5,119,112.0,107.0,Callum Shepherd,jky_280029,201,33.0,23.0,Fonda,dam_3240489,Make Believe,sir_6104063,Quiet American,dsi_5586742,5540.0,143.0,11.0,8.0,9.0,17.0,1.15,0.08,7.25,5540.0,16.0,2.0,3.0,2.0,2.0,0.91,0.12,3.0,5504.0,15.0,3.0,0.0,1.0,3.0,1.84,0.2,8.33,5540.0,912.0,85.0,84.0,93.0,100.0,0.85,0.09,-361.07,2.0,0.0,1.0,0.0,0.0,0.0,Quiet American,2642.0,403.0,42.0,52.0,43.0,39.0,0.81,0.1,21.81,Fonda (USA),74.0,13.0,0.0,2.0,2.0,2.0,0.0,0.0,-13.0,Make Believe (GB),2645.0,544.0,66.0,62.0,57.0,47.0,0.94,0.12,-89.05,0.0,Quiet American,2642.0,81.0,5.0,5.0,5.0,8.0,0.62,0.06,-38.62,Fonda (USA),74.0,7.0,0.0,0.0,1.0,1.0,0.0,0.0,-7.0,Make Believe (GB),2645.0,124.0,10.0,15.0,12.0,15.0,0.64,0.08,-70.0,0.06,0.0,0.08,0.1,0.0,0.12,0.19,0.14,0.3,0.34,0.31,0.34,-0.38,-1.0,-0.36,-0.19,-1.0,-0.06,0.05,0.07,0.09,0.28,0.29,0.42,0.44,0.46,0.43,0.33,0.0,0.27,0.31,0.0,0.36,-30.78,-7.0,-44.64,-76.57,-13.0,-32.64,0.03,0.09,0.05,0.15,0.18,0.21,9,7,8,4,7.0
rac_11575148,Newmarket,crs_988,"Apr 17, 2025",3:00,8.0,2,4,13,1,1,0,hrs_41305117,Desperate Dan,4,Peter Chapple-Hyam,trn_47997,5,0,0.0,Mark Venus & Peter Chapple-Hyam,own_1378336,11,117,112.0,104.0,Ray Dawson,jky_266394,173,80.0,19.0,Angel Grace,dam_6301449,Dandy Man,sir_4459483,Dark Angel,dsi_4701529,2630.0,70.0,5.0,7.0,11.0,6.0,0.7,0.07,-26.0,2630.0,5.0,0.0,2.0,1.0,0.0,0.0,0.0,-5.0,2630.0,9.0,0.0,2.0,1.0,1.0,0.0,0.0,-9.0,2630.0,475.0,36.0,53.0,74.0,55.0,0.56,0.08,-241.5,2.0,0.0,1.0,1.0,0.0,0.0,Dark Angel,4650.0,706.0,73.0,66.0,77.0,83.0,0.81,0.1,-140.37,Angel Grace (IRE),63.0,15.0,0.0,3.0,2.0,4.0,0.0,0.0,-15.0,Dandy Man (IRE),13328.0,1486.0,120.0,145.0,140.0,141.0,0.77,0.08,-495.98,0.0,Dark Angel,4650.0,247.0,24.0,23.0,29.0,26.0,0.88,0.1,-70.72,Angel Grace (IRE),63.0,2.0,1.0,0.0,0.0,0.0,6.74,0.5,5.5,Dandy Man (IRE),13328.0,625.0,58.0,50.0,67.0,64.0,0.94,0.09,-163.01,0.1,0.5,0.09,0.1,0.0,0.08,0.31,0.5,0.28,0.31,0.33,0.27,-0.12,5.74,-0.06,-0.19,-1.0,-0.23,0.23,0.06,0.08,0.41,0.5,0.38,0.42,0.6,0.37,0.32,1.0,0.33,0.34,0.0,0.3,-29.64,11.48,-37.5,-134.14,-15.0,-341.78,0.05,0.03,0.05,0.15,0.24,0.11,8,3,1,2,3.5
rac_11575148,Newmarket,crs_988,"Apr 17, 2025",3:00,8.0,2,4,13,1,1,0,hrs_30124675,Urban Sprawl,5,Charlie Johnston,trn_361179,30,1,0.03,Kingsley Park 43 - Ready To Run,own_1413824,8,117,109.0,95.0,Silvestre De Sousa,jky_251238,16,43.0,15.0,City Glam,dam_5757213,Iffraaj,sir_4091143,Grand Reward,dsi_4009054,13705.0,417.0,59.0,47.0,47.0,48.0,1.06,0.14,44.25,0.0,0.0,0.0,0.0,0.0,0.0,0.0,0.0,0.0,13705.0,28.0,3.0,5.0,3.0,5.0,0.76,0.11,-3.0,13705.0,2182.0,342.0,250.0,234.0,178.0,0.98,0.16,-163.15,18.0,2.0,4.0,5.0,2.0,0.11,Grand Reward,147.0,42.0,3.0,6.0,8.0,4.0,0.56,0.07,-31.7,City Glam (ARG),59.0,18.0,2.0,4.0,5.0,2.0,0.74,0.11,-9.5,Iffraaj (GB),14312.0,2846.0,298.0,309.0,282.0,304.0,0.84,0.1,-701.5,0.0,Grand Reward,147.0,15.0,2.0,1.0,3.0,1.0,1.05,0.13,3.0,City Glam (ARG),59.0,15.0,2.0,1.0,3.0,1.0,1.05,0.13,3.0,Iffraaj (GB),14312.0,819.0,73.0,74.0,57.0,58.0,0.82,0.09,-289.73,0.13,0.13,0.09,0.07,0.11,0.1,0.4,0.4,0.25,0.4,0.61,0.31,0.05,0.05,-0.18,-0.44,-0.26,-0.16,0.12,0.09,0.16,0.47,0.47,0.32,0.5,0.72,0.42,0.33,0.33,0.36,0.18,0.18,0.34,0.75,0.75,-147.42,-18.48,-4.68,-455.36,0.1,0.25,0.06,0.29,0.31,0.2,3,4,2,8,4.25
rac_11575148,Newmarket,crs_988,"Apr 17, 2025",3:00,8.0,2,4,13,1,1,0,hrs_29228794,Waiting All Night,5,Richard Spencer,trn_275985,7,0,0.0,Phil Cunningham,own_590392,6,117,114.0,103.0,Hollie Doyle,jky_278085,62,57.0,13.0,Goodnightsuzy,dam_6074691,Rajasinghe,sir_9601879,Azamour,dsi_4094377,7646.0,182.0,15.0,17.0,24.0,26.0,0.79,0.08,-15.84,7646.0,85.0,13.0,15.0,11.0,10.0,0.97,0.15,-20.14,7646.0,135.0,19.0,19.0,17.0,15.0,0.97,0.14,-24.14,7646.0,1190.0,154.0,130.0,119.0,142.0,0.96,0.13,-212.9,5.0,1.0,0.0,0.0,3.0,0.2,Azamour,3383.0,492.0,63.0,43.0,41.0,50.0,1.04,0.13,-86.68,Goodnightsuzy (IRE),64.0,15.0,2.0,1.0,1.0,3.0,1.16,0.13,-3.0,Rajasinghe (IRE),381.0,44.0,5.0,3.0,3.0,7.0,0.83,0.11,-25.83,0.0,Azamour,3383.0,133.0,12.0,13.0,11.0,13.0,0.8,0.09,-47.05,Goodnightsuzy (IRE),64.0,5.0,1.0,1.0,0.0,1.0,2.36,0.2,0.0,Rajasinghe (IRE),381.0,27.0,1.0,6.0,2.0,6.0,0.38,0.04,-22.0,0.09,0.2,0.04,0.13,0.13,0.11,0.27,0.4,0.33,0.3,0.27,0.25,-0.2,1.36,-0.62,0.04,0.16,-0.17,0.11,0.12,0.13,0.37,0.6,0.56,0.4,0.47,0.41,0.33,0.5,0.11,0.43,0.5,0.45,-26.6,6.8,-16.74,19.68,2.4,-7.48,0.04,0.08,0.07,0.15,0.23,0.12,4,4,3,6,4.25
rac_11575161,Newmarket,crs_988,"Apr 17, 2025",3:35,7.0,2,4,6,1,1,0,hrs_42103761,Anno Domini,3,Charlie Appleby,trn_255042,21,5,0.24,Godolphin,own_199380,7,137,102.0,90.0,William Buick,jky_257379,173,58.0,2.63,Alegra,dam_5877151,New Bay,sir_6106975,Galileo,dsi_3722383,11701.0,1075.0,220.0,130.0,120.0,101.0,1.07,0.2,-10.28,11701.0,2878.0,812.0,459.0,366.0,259.0,0.95,0.28,-65.53,11701.0,2500.0,742.0,411.0,332.0,224.0,0.96,0.3,-15.52,11701.0,2262.0,458.0,329.0,277.0,228.0,0.95,0.2,-262.13,1.0,1.0,0.0,0.0,0.0,1.0,Galileo,27740.0,3813.0,486.0,374.0,413.0,380.0,0.94,0.13,-720.89,Alegra (GB),81.0,11.0,2.0,1.0,1.0,0.0,1.12,0.18,-5.9,New Bay (GB),2315.0,514.0,91.0,64.0,53.0,49.0,1.12,0.18,-25.42,0.0,Galileo,27740.0,1700.0,196.0,174.0,157.0,162.0,0.93,0.12,-200.2,Alegra (GB),81.0,6.0,1.0,0.0,1.0,0.0,0.74,0.17,-3.9,New Bay (GB),2315.0,201.0,30.0,19.0,26.0,16.0,1.2,0.15,9.67,0.12,0.17,0.15,0.13,0.18,0.18,0.31,0.33,0.37,0.33,0.36,0.4,-0.07,-0.26,0.2,-0.06,0.12,0.12,0.15,0.16,0.2,0.41,0.33,0.45,0.43,0.36,0.5,0.37,0.5,0.4,0.38,0.5,0.44,-119.0,-1.56,40.2,-228.78,1.32,61.68,0.06,0.07,0.09,0.14,0.14,0.22,1,1,5,0,1.75
rac_11575161,Newmarket,crs_988,"Apr 17, 2025",3:35,7.0,2,4,6,1,1,0,hrs_41504169,Pellitory,3,James Owen,trn_360648,42,9,0.21,The Gredley Family,own_1209196,2,137,93.0,82.0,Harry Davies,jky_304524,173,52.0,15.0,Daphinia,dam_13446244,Sergei Prokofiev,sir_13368145,Kuroshio,dsi_5808516,1448.0,62.0,13.0,8.0,8.0,4.0,1.5,0.21,20.0,1448.0,7.0,2.0,1.0,0.0,1.0,2.21,0.29,8.0,1448.0,7.0,3.0,1.0,0.0,1.0,2.8,0.43,11.25,1448.0,281.0,31.0,34.0,39.0,28.0,0.83,0.11,-16.14,4.0,2.0,0.0,1.0,1.0,0.5,Kuroshio,21.0,7.0,2.0,1.0,1.0,1.0,2.51,0.29,7.5,Daphinia (GB),21.0,7.0,2.0,1.0,1.0,1.0,2.51,0.29,7.5,Sergei Prokofiev (CAN),302.0,78.0,8.0,6.0,10.0,8.0,0.87,0.1,-36.13,0.0,Kuroshio,21.0,3.0,0.0,0.0,1.0,1.0,0.0,0.0,-3.0,Daphinia (GB),21.0,3.0,0.0,0.0,1.0,1.0,0.0,0.0,-3.0,Sergei Prokofiev (CAN),302.0,32.0,5.0,3.0,3.0,4.0,1.16,0.16,-7.87,0.0,0.0,0.16,0.29,0.29,0.1,0.33,0.33,0.34,0.57,0.57,0.31,-1.0,-1.0,0.16,1.51,1.51,-0.13,0.05,0.23,0.12,0.67,0.67,0.47,0.71,0.71,0.41,0.0,0.0,0.45,0.5,0.5,0.33,-3.0,-3.0,5.12,10.57,10.57,-10.14,0.14,0.14,0.11,0.33,0.33,0.26,4,1,2,3,2.5
rac_11575161,Newmarket,crs_988,"Apr 17, 2025",3:35,7.0,2,4,6,1,1,0,hrs_40918822,Al Arbeed,3,Richard Hannon,trn_259083,39,3,0.08,Ziad A Galadari,own_190704,1,134,85.0,0.0,Jamie Spencer,jky_41067,29,54.0,12.0,Queen's Pearl,dam_6061846,Night Of Thunder,sir_5876514,Exceed And Excel,dsi_4045216,16956.0,948.0,89.0,94.0,101.0,100.0,0.77,0.09,-244.15,16956.0,7.0,1.0,1.0,1.0,3.0,0.44,0.14,-3.0,16956.0,89.0,7.0,11.0,10.0,15.0,0.54,0.08,-1.59,16956.0,2994.0,433.0,393.0,368.0,325.0,0.87,0.14,-606.79,0.0,0.0,0.0,0.0,0.0,0.0,Exceed And Excel,11861.0,2298.0,241.0,234.0,245.0,226.0,0.84,0.1,-707.85,Queen's Pearl (IRE),71.0,29.0,4.0,1.0,5.0,2.0,1.26,0.14,-3.3,Night Of Thunder (IRE),3710.0,824.0,149.0,101.0,88.0,82.0,1.08,0.18,41.42,0.0,Exceed And Excel,11861.0,558.0,55.0,45.0,57.0,55.0,0.87,0.1,-115.47,Queen's Pearl (IRE),71.0,6.0,0.0,2.0,0.0,1.0,0.0,0.0,-6.0,Night Of Thunder (IRE),3710.0,310.0,41.0,44.0,40.0,21.0,0.9,0.13,-35.06,0.1,0.0,0.13,0.1,0.14,0.18,0.28,0.33,0.4,0.31,0.34,0.41,-0.13,-1.0,-0.1,-0.16,0.26,0.08,0.08,0.14,0.0,0.38,0.5,0.47,0.41,0.41,0.51,0.35,0.0,0.33,0.33,0.4,0.44,-72.54,-6.0,-31.0,-367.68,7.54,65.92,0.05,0.08,0.08,0.19,0.41,0.22,1,0,0,0,0.25
rac_11575161,Newmarket,crs_988,"Apr 17, 2025",3:35,7.0,2,4,6,1,1,0,hrs_41189750,Righthere Rightnow,3,Richard Spencer,trn_275985,7,0,0.0,Phil Cunningham,own_590392,5,134,98.0,73.0,Robert Havlin,jky_29508,215,57.0,12.0,Runner Runner,dam_6016724,Kodiac,sir_4080139,Dark Angel,dsi_4701529,12698.0,361.0,31.0,38.0,33.0,34.0,0.79,0.09,-147.45,12698.0,19.0,2.0,1.0,3.0,0.0,1.63,0.11,-2.5,12698.0,13.0,2.0,1.0,1.0,0.0,2.28,0.15,3.5,12698.0,2480.0,264.0,274.0,273.0,257.0,0.81,0.11,-598.0,2.0,1.0,0.0,0.0,0.0,0.5,Dark Angel,4650.0,887.0,96.0,87.0,87.0,98.0,0.9,0.11,-228.87,Runner Runner (IRE),18.0,8.0,1.0,0.0,0.0,1.0,1.56,0.12,4.0,Kodiac (GB),22160.0,4494.0,437.0,462.0,475.0,469.0,0.83,0.1,-1205.24,0.0,Dark Angel,4650.0,247.0,24.0,23.0,29.0,26.0,0.88,0.1,-70.72,0,0.0,0.0,0.0,0.0,0.0,0.0,0.0,0.0,0.0,Kodiac (GB),22160.0,1407.0,119.0,125.0,126.0,150.0,0.8,0.08,-399.51,0.1,0.0,0.08,0.11,0.12,0.1,0.31,0.0,0.26,0.3,0.12,0.31,-0.12,0.0,-0.2,-0.1,0.56,-0.17,0.06,0.11,0.11,0.41,0.0,0.37,0.41,0.25,0.41,0.32,0.0,0.32,0.36,1.0,0.32,-29.64,0.0,-281.4,-88.7,4.48,-763.98,0.05,0.0,0.06,0.19,0.44,0.2,1,5,0,0,1.5
rac_11575161,Newmarket,crs_988,"Apr 17, 2025",3:35,7.0,2,4,6,1,1,0,hrs_45568418,Sea Baaeed,3,Richard Hughes,trn_280692,14,3,0.21,Jaber Abdullah,own_11164,6,134,94.0,0.0,Ryan Moore,jky_237606,192,57.0,9.0,Tiger Eye,dam_16500330,Sea The Stars,sir_4868829,Frankel,dsi_5344171,17137.0,1377.0,167.0,180.0,158.0,143.0,0.73,0.12,-413.01,17137.0,55.0,9.0,4.0,9.0,5.0,0.84,0.16,-25.0,17137.0,61.0,10.0,4.0,12.0,7.0,0.97,0.16,-22.12,17137.0,3027.0,544.0,419.0,352.0,319.0,0.9,0.18,-353.08,1.0,1.0,0.0,0.0,0.0,1.0,Frankel,870.0,196.0,32.0,17.0,21.0,29.0,1.15,0.16,11.97,Tiger Eye (IRE),6.0,3.0,1.0,0.0,1.0,0.0,1.79,0.33,10.0,Sea The Stars (IRE),8638.0,524.0,72.0,70.0,56.0,54.0,0.85,0.14,-114.11,0.0,Frankel,870.0,61.0,6.0,13.0,4.0,2.0,0.71,0.1,-36.23,0,0.0,0.0,0.0,0.0,0.0,0.0,0.0,0.0,0.0,Sea The Stars (IRE),8638.0,570.0,75.0,85.0,64.0,65.0,0.82,0.13,-79.73,0.1,0.0,0.13,0.16,0.33,0.14,0.38,0.0,0.39,0.36,0.67,0.38,-0.29,0.0,-0.18,0.15,0.79,-0.15,0.08,0.21,0.18,0.41,0.0,0.51,0.51,0.67,0.48,0.26,0.0,0.33,0.46,0.5,0.36,-17.69,0.0,-102.6,29.4,2.37,-78.6,0.07,0.0,0.07,0.23,0.5,0.06,1,0,0,0,0.25
rac_11575161,Newmarket,crs_988,"Apr 17, 2025",3:35,7.0,2,4,6,1,1,0,hrs_41814801,Tiger Mask,3,K R Burke,trn_45171,37,7,0.19,Ryan Kent,own_1350296,4,134,100.0,86.0,Clifford Lee,jky_280440,208,61.0,0.0,House Point,dam_5136152,Havana Grey,sir_9602586,Pivotal,dsi_753900,4048.0,81.0,8.0,11.0,15.0,15.0,0.84,0.1,-25.62,4048.0,4.0,0.0,1.0,0.0,2.0,0.0,0.0,-4.0,4048.0,2108.0,317.0,312.0,277.0,260.0,0.91,0.15,-328.12,4048.0,785.0,88.0,97.0,91.0,78.0,0.85,0.11,-173.85,3.0,1.0,0.0,0.0,2.0,0.33,Pivotal,25151.0,4448.0,515.0,476.0,442.0,421.0,0.9,0.12,-912.26,House Point (GB),41.0,18.0,2.0,1.0,2.0,4.0,0.68,0.11,-11.25,Havana Grey (GB),2544.0,462.0,44.0,67.0,58.0,52.0,0.69,0.1,-145.91,0.0,Pivotal,25151.0,1435.0,169.0,137.0,129.0,133.0,0.95,0.12,-261.89,House Point (GB),41.0,4.0,1.0,0.0,0.0,0.0,2.16,0.25,-0.25,Havana Grey (GB),2544.0,206.0,24.0,17.0,20.0,25.0,0.95,0.12,-31.0,0.12,0.25,0.12,0.12,0.11,0.1,0.3,0.25,0.3,0.32,0.28,0.37,-0.05,1.16,-0.05,-0.1,-0.32,-0.31,0.16,0.11,0.11,0.4,0.25,0.42,0.42,0.5,0.48,0.39,1.0,0.39,0.36,0.4,0.26,-71.75,4.64,-10.3,-444.8,-5.76,-143.22,0.06,0.1,0.08,0.18,0.44,0.18,2,1,4,4,2.75
rac_11575161,Newmarket,crs_988,"Apr 17, 2025",3:35,7.0,2,4,6,1,1,0,hrs_46046021,Treble Tee,3,Simon & Ed Crisford,trn_337302,20,3,0.15,Michael Geoghegan Et Al,own_1401316,3,134,94.0,72.0,James Doyle,jky_20703,176,74.0,2.5,Sefroua,dam_4905187,Persian King,sir_15030547,Kingmambo,dsi_553315,11865.0,643.0,67.0,91.0,82.0,79.0,0.72,0.1,-253.72,11865.0,1.0,1.0,0.0,0.0,0.0,4.33,1.0,3.33,11865.0,281.0,61.0,50.0,46.0,24.0,0.87,0.22,-42.03,11865.0,2361.0,417.0,345.0,256.0,235.0,1.0,0.18,-155.17,1.0,1.0,0.0,0.0,0.0,1.0,Kingmambo,10638.0,1309.0,162.0,152.0,144.0,144.0,0.87,0.12,-227.85,Sefroua (USA),42.0,8.0,1.0,1.0,2.0,1.0,0.49,0.12,-3.67,Persian King (IRE),115.0,28.0,4.0,4.0,4.0,4.0,1.16,0.14,25.33,0.0,Kingmambo,10638.0,607.0,60.0,55.0,69.0,56.0,0.86,0.1,-145.94,0,0.0,0.0,0.0,0.0,0.0,0.0,0.0,0.0,0.0,Persian King (IRE),115.0,5.0,0.0,0.0,1.0,0.0,0.0,0.0,-5.0,0.1,0.0,0.0,0.12,0.12,0.14,0.3,0.0,0.2,0.35,0.5,0.43,-0.14,0.0,-1.0,-0.13,-0.51,0.16,0.03,0.13,0.18,0.4,0.0,0.2,0.46,0.62,0.57,0.33,0.0,0.0,0.35,0.25,0.33,-84.98,0.0,-5.0,-170.17,-4.08,4.48,0.06,0.0,0.04,0.12,0.19,0.24,1,0,0,0,0.25
rac_11575174,Newmarket,crs_988,"Apr 17, 2025",4:10,5.0,3,4,10,1,1,0,hrs_35553406,Toca Madera,4,Brian Meehan,trn_64989,9,0,0.0,Family Amusements Ltd & J Botton,own_1324620,3,136,105.0,95.0,Tommie Jakes(5),jky_307032,222,33.0,9.0,Hala Hala,dam_5877900,Bated Breath,sir_5178992,Invincible Spirit,dsi_3548489,377.0,7.0,1.0,0.0,0.0,1.0,2.67,0.14,12.0,0.0,0.0,0.0,0.0,0.0,0.0,0.0,0.0,0.0,377.0,2.0,1.0,0.0,0.0,0.0,2.73,0.5,3.0,377.0,57.0,10.0,9.0,7.0,4.0,1.25,0.18,48.88,7.0,0.0,0.0,2.0,0.0,0.0,Invincible Spirit,16059.0,2103.0,219.0,228.0,250.0,234.0,0.8,0.1,-710.57,Hala Hala (IRE),40.0,10.0,0.0,0.0,2.0,1.0,0.0,0.0,-10.0,Bated Breath (GB),6815.0,796.0,90.0,92.0,94.0,88.0,0.84,0.11,-214.84,0.0,Invincible Spirit,16059.0,689.0,85.0,70.0,77.0,79.0,0.93,0.12,-153.53,Hala Hala (IRE),40.0,3.0,2.0,0.0,1.0,0.0,3.51,0.67,8.25,Bated Breath (GB),6815.0,433.0,35.0,45.0,58.0,47.0,0.61,0.08,-226.68,0.12,0.67,0.08,0.1,0.0,0.11,0.34,1.0,0.32,0.33,0.2,0.35,-0.07,2.51,-0.39,-0.2,-1.0,-0.16,0.29,0.07,0.16,0.45,1.0,0.43,0.44,0.3,0.46,0.37,0.67,0.25,0.31,0.0,0.33,-48.23,7.53,-168.87,-420.6,-10.0,-127.36,0.04,0.08,0.06,0.13,0.25,0.12,0,3,1,9,3.25
rac_11575174,Newmarket,crs_988,"Apr 17, 2025",4:10,5.0,3,4,10,1,1,0,hrs_34473264,Rosario,4,Roger Teal,trn_172827,3,0,0.0,Mrs Sue Teal,own_708964,1,135,106.0,64.0,David Probert,jky_258039,34,33.0,6.5,City Glam,dam_5757213,Harry Angel,sir_7013188,Grand Reward,dsi_4009054,14398.0,319.0,21.0,29.0,23.0,31.0,0.72,0.07,-118.67,0.0,0.0,0.0,0.0,0.0,0.0,0.0,0.0,0.0,14398.0,75.0,6.0,6.0,5.0,8.0,0.77,0.08,53.33,14398.0,1400.0,180.0,144.0,176.0,176.0,0.96,0.13,-258.81,4.0,1.0,1.0,1.0,0.0,0.25,Grand Reward,147.0,15.0,1.0,2.0,1.0,5.0,0.64,0.07,-3.0,City Glam (ARG),59.0,5.0,1.0,1.0,1.0,0.0,2.63,0.2,7.0,Harry Angel (IRE),1582.0,379.0,50.0,49.0,51.0,47.0,0.84,0.13,-101.6,0.0,Grand Reward,147.0,14.0,1.0,2.0,4.0,2.0,0.35,0.07,-7.5,City Glam (ARG),59.0,14.0,1.0,2.0,4.0,2.0,0.35,0.07,-7.5,Harry Angel (IRE),1582.0,86.0,17.0,7.0,11.0,11.0,1.37,0.2,35.53,0.07,0.07,0.2,0.07,0.2,0.13,0.5,0.5,0.41,0.27,0.6,0.4,-0.65,-0.65,0.37,-0.36,1.63,-0.16,0.11,0.13,0.13,0.64,0.64,0.53,0.6,0.6,0.52,0.14,0.14,0.49,0.25,0.33,0.33,-9.1,-9.1,31.82,-5.4,8.15,-60.64,0.1,0.24,0.05,0.1,0.08,0.24,5,7,5,3,5.0
rac_11575174,Newmarket,crs_988,"Apr 17, 2025",4:10,5.0,3,4,10,1,1,0,hrs_29228990,Fair Wind,5,Owen Burrows,trn_286011,3,1,0.33,Kennet Valley Syndicates V,own_1338048,4,134,110.0,92.0,Pat Dobbs,jky_226518,261,50.0,6.5,Gone Sailing,dam_5867491,Tasleet,sir_6138986,Mizzen Mast,dsi_3739757,9947.0,315.0,26.0,24.0,34.0,31.0,0.83,0.08,-29.29,9947.0,3.0,2.0,0.0,0.0,0.0,4.34,0.67,14.0,9947.0,15.0,5.0,2.0,1.0,3.0,2.5,0.33,17.5,9947.0,814.0,122.0,110.0,96.0,91.0,0.95,0.15,-152.67,12.0,4.0,3.0,1.0,2.0,0.33,Mizzen Mast,1823.0,107.0,14.0,16.0,19.0,14.0,0.77,0.13,-24.18,Gone Sailing (GB),175.0,63.0,9.0,10.0,15.0,8.0,0.86,0.14,1.98,Tasleet (GB),655.0,192.0,31.0,24.0,20.0,28.0,1.12,0.16,4.19,0.0,Mizzen Mast,1823.0,70.0,11.0,7.0,10.0,9.0,1.12,0.16,5.85,Gone Sailing (GB),175.0,18.0,4.0,3.0,4.0,1.0,1.38,0.22,21.0,Tasleet (GB),655.0,27.0,2.0,3.0,2.0,7.0,0.63,0.07,-16.25,0.16,0.22,0.07,0.13,0.14,0.16,0.4,0.61,0.26,0.46,0.54,0.39,0.12,0.38,-0.37,-0.23,-0.14,0.12,0.15,0.14,0.15,0.53,0.67,0.52,0.59,0.67,0.54,0.39,0.36,0.29,0.29,0.26,0.41,8.4,6.84,-9.99,-24.61,-8.82,23.04,0.04,0.1,0.04,0.06,0.36,0.29,2,1,4,1,2.0
rac_11575174,Newmarket,crs_988,"Apr 17, 2025",4:10,5.0,3,4,10,1,1,0,hrs_30314627,The X O,5,Robert Cowell,trn_108513,7,2,0.29,Newsells Park Stud-Ardiles/Brazil/Hoddle,own_1363988,7,133,107.0,95.0,Ryan Moore,jky_237606,174,86.0,4.5,Pivotal Era,dam_9251053,Zoffany,sir_5292651,Pivotal,dsi_753900,17137.0,1377.0,167.0,180.0,158.0,143.0,0.73,0.12,-413.01,17137.0,1.0,0.0,0.0,0.0,1.0,0.0,0.0,-1.0,17137.0,39.0,5.0,8.0,4.0,8.0,0.68,0.13,-13.12,17137.0,1405.0,239.0,202.0,174.0,146.0,0.85,0.17,-383.07,0.0,0.0,0.0,0.0,0.0,0.0,Pivotal,25151.0,1984.0,265.0,218.0,217.0,216.0,0.97,0.13,-185.07,Pivotal Era (GB),52.0,4.0,1.0,0.0,0.0,2.0,1.14,0.25,-1.5,Zoffany (IRE),10767.0,377.0,25.0,44.0,33.0,34.0,0.55,0.07,-255.72,0.0,Pivotal,25151.0,1544.0,192.0,203.0,192.0,184.0,0.86,0.12,-69.49,Pivotal Era (GB),52.0,2.0,0.0,0.0,0.0,0.0,0.0,0.0,-2.0,Zoffany (IRE),10767.0,668.0,61.0,83.0,78.0,78.0,0.74,0.09,-59.61,0.12,0.0,0.09,0.13,0.25,0.07,0.38,0.0,0.33,0.35,0.25,0.27,-0.14,-1.0,-0.26,-0.03,0.14,-0.45,0.07,0.15,0.0,0.5,0.0,0.45,0.46,0.75,0.36,0.33,0.0,0.27,0.38,1.0,0.25,-216.16,-2.0,-173.68,-59.52,0.56,-169.65,0.06,0.04,0.06,0.08,0.08,0.04,3,9,0,7,4.75
rac_11575174,Newmarket,crs_988,"Apr 17, 2025",4:10,5.0,3,4,10,1,1,0,hrs_29889916,Brave Nation,5,Michael Bell,trn_37017,9,1,0.11,Brian Goodyear,own_611988,9,125,108.0,93.0,Callum Shepherd,jky_280029,11,33.0,6.5,Suite,dam_5849998,Sioux Nation,sir_9923655,Invincible Spirit,dsi_3548489,5540.0,143.0,11.0,8.0,9.0,17.0,1.15,0.08,7.25,0.0,0.0,0.0,0.0,0.0,0.0,0.0,0.0,0.0,5504.0,236.0,24.0,25.0,36.0,36.0,0.73,0.1,-76.17,5540.0,478.0,62.0,57.0,51.0,52.0,0.99,0.13,24.65,15.0,3.0,2.0,2.0,2.0,0.2,Invincible Spirit,16059.0,2103.0,219.0,228.0,250.0,234.0,0.8,0.1,-710.57,Suite (IRE),122.0,60.0,12.0,5.0,9.0,6.0,1.47,0.2,27.19,Sioux Nation (USA),1676.0,267.0,49.0,42.0,35.0,33.0,1.11,0.18,21.19,0.0,Invincible Spirit,16059.0,689.0,85.0,70.0,77.0,79.0,0.93,0.12,-153.53,Suite (IRE),122.0,8.0,1.0,1.0,0.0,1.0,1.05,0.12,-3.67,Sioux Nation (USA),1676.0,80.0,12.0,11.0,11.0,8.0,1.08,0.15,-22.53,0.12,0.12,0.15,0.1,0.2,0.18,0.34,0.25,0.42,0.33,0.43,0.47,-0.07,0.05,0.08,-0.2,0.47,0.11,0.13,0.16,0.13,0.45,0.38,0.52,0.44,0.53,0.6,0.37,0.5,0.35,0.31,0.46,0.39,-48.23,0.4,6.4,-420.6,28.2,29.37,0.04,0.07,0.05,0.13,0.49,0.16,9,1,3,8,5.25
rac_11575174,Newmarket,crs_988,"Apr 17, 2025",4:10,5.0,3,4,10,1,1,0,hrs_24686235,Regal Envoy,6,William Knight,trn_161694,13,0,0.0,Oakman Racing Club,own_1294532,6,124,109.0,91.0,Oisin Murphy,jky_278184,13,46.0,7.5,Regina,dam_3101518,Ardad,sir_7157318,Green Desert,dsi_2126159,10073.0,484.0,57.0,64.0,63.0,53.0,0.8,0.12,-112.03,10073.0,2.0,1.0,0.0,0.0,0.0,2.31,0.5,1.75,10073.0,73.0,16.0,6.0,11.0,10.0,1.22,0.22,6.69,10073.0,938.0,155.0,137.0,129.0,114.0,0.89,0.17,-51.61,12.0,3.0,2.0,0.0,2.0,0.25,Green Desert,27418.0,3068.0,346.0,348.0,324.0,324.0,0.87,0.11,-590.43,Regina (GB),258.0,158.0,21.0,22.0,21.0,18.0,1.0,0.13,-5.11,Ardad (IRE),1771.0,530.0,62.0,45.0,64.0,75.0,0.9,0.12,-50.0,0.0,Green Desert,27418.0,1739.0,167.0,177.0,193.0,193.0,0.78,0.1,-431.29,Regina (GB),258.0,16.0,1.0,5.0,3.0,0.0,0.58,0.06,-7.0,Ardad (IRE),1771.0,74.0,10.0,7.0,5.0,10.0,1.01,0.14,-13.96,0.1,0.06,0.14,0.11,0.13,0.12,0.31,0.56,0.3,0.33,0.41,0.32,-0.22,-0.42,0.01,-0.13,0.0,-0.1,0.1,0.12,0.17,0.42,0.56,0.43,0.44,0.52,0.46,0.31,0.11,0.45,0.34,0.33,0.36,-382.58,-6.72,0.74,-398.84,0.0,-53.0,0.06,0.06,0.04,0.11,0.61,0.3,2,6,1,1,2.5
rac_11575174,Newmarket,crs_988,"Apr 17, 2025",4:10,5.0,3,4,10,1,1,0,hrs_21649096,Fantasy Master,7,Darryll Holland,trn_343899,12,2,0.17,The Fantasy Fellowship B,own_468552,10,120,107.0,99.0,Ray Dawson,jky_266394,154,33.0,11.0,Dinvar Diva,dam_5548459,Sepoy,sir_5440085,Dalakhani,dsi_3974124,2630.0,70.0,5.0,7.0,11.0,6.0,0.7,0.07,-26.0,2630.0,7.0,1.0,0.0,3.0,1.0,1.18,0.14,3.0,2630.0,6.0,0.0,0.0,1.0,0.0,0.0,0.0,-6.0,2630.0,320.0,40.0,33.0,58.0,33.0,0.94,0.12,-6.66,25.0,4.0,3.0,7.0,4.0,0.16,Dalakhani,7942.0,202.0,15.0,17.0,35.0,21.0,0.59,0.07,-57.17,Dinvar Diva (GB),60.0,26.0,4.0,3.0,7.0,4.0,0.97,0.15,67.5,Sepoy (AUS),3807.0,374.0,41.0,43.0,46.0,45.0,0.82,0.11,-74.87,0.0,Dalakhani,7942.0,416.0,54.0,56.0,52.0,56.0,0.86,0.13,-87.64,Dinvar Diva (GB),60.0,14.0,1.0,0.0,5.0,3.0,0.46,0.07,-10.5,Sepoy (AUS),3807.0,276.0,17.0,27.0,37.0,36.0,0.55,0.06,-195.65,0.13,0.07,0.06,0.07,0.15,0.11,0.39,0.43,0.29,0.33,0.54,0.35,-0.14,-0.54,-0.45,-0.41,-0.03,-0.18,0.09,0.11,0.13,0.52,0.64,0.42,0.44,0.69,0.47,0.33,0.17,0.21,0.22,0.29,0.32,-58.24,-7.56,-124.2,-82.82,-0.78,-67.32,0.05,0.23,0.07,0.03,0.43,0.1,4,3,6,1,3.5
rac_11575174,Newmarket,crs_988,"Apr 17, 2025",4:10,5.0,3,4,10,1,1,0,hrs_20976340,Isle Of Lismore,7,Robert Cowell,trn_108513,7,2,0.29,P S Ryan,own_846172,8,119,106.0,101.0,Harry Davies,jky_304524,191,86.0,19.0,Spring Bouquet,dam_5335806,Zebedee,sir_5248348,King's Best,dsi_3616368,1448.0,62.0,13.0,8.0,8.0,4.0,1.5,0.21,20.0,0.0,0.0,0.0,0.0,0.0,0.0,0.0,0.0,0.0,1448.0,6.0,0.0,1.0,0.0,1.0,0.0,0.0,-6.0,1448.0,103.0,16.0,12.0,12.0,13.0,0.93,0.16,-26.96,32.0,6.0,5.0,4.0,3.0,0.19,King's Best,10560.0,677.0,69.0,67.0,77.0,86.0,0.77,0.1,-240.71,Spring Bouquet (IRE),142.0,33.0,6.0,5.0,4.0,4.0,1.49,0.18,6.83,Zebedee (GB),7361.0,1750.0,171.0,169.0,199.0,213.0,0.8,0.1,-508.69,0.0,King's Best,10560.0,704.0,70.0,81.0,95.0,73.0,0.81,0.1,-124.99,Spring Bouquet (IRE),142.0,17.0,1.0,3.0,2.0,2.0,0.55,0.06,-8.0,Zebedee (GB),7361.0,389.0,40.0,46.0,38.0,51.0,0.87,0.1,110.6,0.1,0.06,0.1,0.1,0.18,0.1,0.35,0.35,0.32,0.31,0.45,0.31,-0.19,-0.45,-0.13,-0.23,0.49,-0.2,0.09,0.13,0.16,0.45,0.47,0.45,0.44,0.58,0.43,0.28,0.17,0.32,0.32,0.4,0.32,-133.76,-7.65,-50.57,-155.71,16.17,-350.0,0.07,0.12,0.05,0.06,0.23,0.24,8,5,9,7,7.25
rac_11575174,Newmarket,crs_988,"Apr 17, 2025",4:10,5.0,3,4,10,1,1,0,hrs_36207409,Mesaafi,4,Ross Burdon,trn_380655,0,0,0.0,Rb Racing Syndicate,own_1413500,2,118,106.0,87.0,Sean D Bowen,jky_303900,57,0.0,15.0,Romaana,dam_11268124,Exceed And Excel,sir_4045216,Iffraaj,dsi_4091143,1060.0,8.0,1.0,1.0,1.0,1.0,0.91,0.12,0.0,0.0,0.0,0.0,0.0,0.0,0.0,0.0,0.0,0.0,0.0,0.0,0.0,0.0,0.0,0.0,0.0,0.0,0.0,1060.0,91.0,6.0,7.0,9.0,9.0,0.77,0.07,-20.88,0.0,0.0,0.0,0.0,0.0,0.0,Iffraaj,4683.0,446.0,54.0,46.0,49.0,49.0,0.95,0.12,-62.47,0,0.0,0.0,0.0,0.0,0.0,0.0,0.0,0.0,0.0,Exceed And Excel (AUS),19404.0,4075.0,557.0,470.0,465.0,458.0,0.94,0.14,-245.19,0.0,Iffraaj,4683.0,299.0,35.0,41.0,36.0,28.0,0.86,0.12,-85.97,0,0.0,0.0,0.0,0.0,0.0,0.0,0.0,0.0,0.0,Exceed And Excel (AUS),19404.0,1664.0,161.0,192.0,176.0,169.0,0.78,0.1,-570.45,0.12,0.0,0.1,0.12,0.0,0.14,0.37,0.0,0.32,0.33,0.0,0.37,-0.14,0.0,-0.22,-0.05,0.0,-0.06,0.07,0.09,0.0,0.47,0.0,0.42,0.44,0.0,0.48,0.31,0.0,0.3,0.36,0.0,0.37,-41.86,0.0,-366.08,-22.3,0.0,-244.5,0.06,0.0,0.09,0.1,0.0,0.21,3,2,0,1,1.5
rac_11575174,Newmarket,crs_988,"Apr 17, 2025",4:10,5.0,3,4,10,1,1,0,hrs_18518857,Spring Bloom,8,Robert Eddery,trn_225468,2,1,0.5,Mrs Pam Aitken,own_1212500,5,117,108.0,101.0,Silvestre De Sousa,jky_251238,166,100.0,11.0,Almond Branches,dam_5470360,Power,sir_5454624,Dutch Art,dsi_4618404,13705.0,417.0,59.0,47.0,47.0,48.0,1.06,0.14,44.25,0.0,0.0,0.0,0.0,0.0,0.0,0.0,0.0,0.0,13705.0,8.0,2.0,0.0,0.0,0.0,1.53,0.25,4.0,13705.0,1622.0,243.0,210.0,170.0,194.0,0.91,0.15,-149.6,25.0,4.0,6.0,2.0,2.0,0.16,Dutch Art,4242.0,684.0,77.0,86.0,87.0,89.0,0.8,0.11,-120.35,Almond Branches (GB),124.0,72.0,11.0,8.0,12.0,8.0,1.06,0.15,-12.47,Power (GB),3098.0,262.0,34.0,36.0,25.0,24.0,0.96,0.13,114.6,0.0,Dutch Art,4242.0,256.0,29.0,33.0,25.0,27.0,0.89,0.11,-45.55,Almond Branches (GB),124.0,23.0,1.0,2.0,2.0,3.0,0.65,0.04,-15.0,Power (GB),3098.0,211.0,21.0,15.0,24.0,18.0,0.93,0.1,-90.2,0.11,0.04,0.1,0.11,0.15,0.13,0.34,0.22,0.28,0.37,0.43,0.36,-0.11,-0.35,-0.07,-0.2,0.06,-0.04,0.08,0.13,0.15,0.45,0.35,0.37,0.5,0.54,0.45,0.33,0.2,0.35,0.31,0.35,0.36,-28.16,-8.05,-14.77,-136.8,4.32,-10.48,0.06,0.19,0.07,0.16,0.58,0.08,1,6,4,4,3.75
rac_11575200,Newmarket,crs_988,"Apr 17, 2025",4:45,7.0,4,4,10,1,1,0,hrs_42261891,White Chapel Road,3,Paul & Oliver Cole,trn_337338,5,1,0.2,Pollyanna Gredley,own_1383404,7,135,89.0,84.0,Ryan Moore,jky_237606,200,80.0,5.5,Ozone Kindly,dam_25893854,Land Force,sir_13368124,Sea The Stars,dsi_4868829,17137.0,1377.0,167.0,180.0,158.0,143.0,0.73,0.12,-413.01,0.0,0.0,0.0,0.0,0.0,0.0,0.0,0.0,0.0,17137.0,4.0,1.0,1.0,1.0,0.0,1.16,0.25,0.5,17137.0,3027.0,544.0,419.0,352.0,319.0,0.9,0.18,-353.08,3.0,1.0,0.0,1.0,0.0,0.33,Sea The Stars,3372.0,557.0,59.0,86.0,67.0,60.0,0.7,0.11,-132.8,Ozone Kindly (GB),26.0,6.0,1.0,0.0,1.0,1.0,1.03,0.17,-4.2,Land Force (IRE),775.0,173.0,14.0,8.0,17.0,17.0,0.89,0.08,-74.91,0.0,Sea The Stars,3372.0,516.0,72.0,81.0,73.0,59.0,0.85,0.14,-141.18,Ozone Kindly (GB),26.0,7.0,0.0,1.0,2.0,1.0,0.0,0.0,-7.0,Land Force (IRE),775.0,140.0,10.0,14.0,8.0,16.0,0.74,0.07,-41.46,0.14,0.0,0.07,0.11,0.17,0.08,0.44,0.43,0.23,0.38,0.33,0.23,-0.15,-1.0,-0.26,-0.3,0.03,-0.11,0.07,0.12,0.18,0.55,0.57,0.34,0.49,0.5,0.32,0.32,0.0,0.31,0.28,0.5,0.36,-77.4,-7.0,-36.4,-167.1,0.18,-19.03,0.15,0.27,0.18,0.17,0.23,0.22,2,4,8,1,3.75
rac_11575200,Newmarket,crs_988,"Apr 17, 2025",4:45,7.0,4,4,10,1,1,0,hrs_39060623,Cavolo Nero,3,James Ferguson,trn_330048,7,1,0.14,Highclere Thoroughbred Racing - Robin,own_1359216,2,134,85.0,0.0,Daniel Muscutt,jky_275571,48,71.0,7.5,Brassica,dam_13988261,Make Believe,sir_6104063,Australia,dsi_5785444,5905.0,104.0,5.0,6.0,4.0,10.0,0.62,0.05,-75.75,5905.0,2.0,1.0,1.0,0.0,0.0,2.05,0.5,6.0,5905.0,452.0,76.0,75.0,51.0,55.0,0.97,0.17,-37.96,5905.0,1194.0,136.0,134.0,127.0,139.0,0.9,0.11,-239.45,2.0,1.0,1.0,0.0,0.0,0.5,Australia,251.0,87.0,26.0,14.0,9.0,3.0,1.58,0.3,52.71,Brassica (IRE),2.0,2.0,1.0,1.0,0.0,0.0,2.05,0.5,6.0,Make Believe (GB),2645.0,390.0,39.0,51.0,32.0,47.0,0.77,0.1,-104.32,0.0,Australia,251.0,43.0,9.0,6.0,5.0,1.0,1.3,0.21,-14.56,0,0.0,0.0,0.0,0.0,0.0,0.0,0.0,0.0,0.0,Make Believe (GB),2645.0,388.0,53.0,52.0,39.0,43.0,0.86,0.14,-57.17,0.21,0.0,0.14,0.3,0.5,0.1,0.47,0.0,0.37,0.56,1.0,0.31,0.3,0.0,-0.14,0.58,1.05,-0.23,0.12,0.3,0.11,0.49,0.0,0.48,0.6,1.0,0.43,0.45,0.0,0.37,0.53,0.5,0.32,12.9,0.0,-54.32,50.46,2.1,-89.7,0.17,0.0,0.15,0.35,1.0,0.15,1,2,0,0,0.75
rac_11575200,Newmarket,crs_988,"Apr 17, 2025",4:45,7.0,4,4,10,1,1,0,hrs_44816513,Power Fizz,3,William Haggas,trn_30735,21,3,0.14,Sheikh Juma Dalmook Al Maktoum,own_804908,4,134,87.0,75.0,Tom Marquand,jky_281841,76,44.0,3.75,Cristal Fizz,dam_6752669,Wootton Bassett,sir_5246346,Power,dsi_5454624,9181.0,378.0,27.0,36.0,27.0,46.0,0.67,0.07,-150.52,9181.0,123.0,14.0,8.0,22.0,19.0,0.64,0.11,-45.04,9181.0,1594.0,348.0,225.0,208.0,184.0,0.94,0.22,-135.14,9181.0,1774.0,216.0,201.0,192.0,194.0,0.86,0.12,-413.22,2.0,1.0,0.0,0.0,0.0,0.5,Power,247.0,55.0,4.0,2.0,2.0,5.0,0.85,0.07,-43.7,Cristal Fizz (IRE),25.0,2.0,1.0,0.0,0.0,0.0,1.36,0.5,-0.2,Wootton Bassett (GB),3615.0,607.0,98.0,77.0,63.0,69.0,1.04,0.16,28.08,0.0,Power,247.0,31.0,3.0,2.0,2.0,2.0,0.7,0.1,-23.95,Cristal Fizz (IRE),25.0,4.0,2.0,0.0,0.0,0.0,1.69,0.5,0.55,Wootton Bassett (GB),3615.0,355.0,38.0,26.0,60.0,45.0,0.79,0.11,-90.22,0.1,0.5,0.11,0.07,0.5,0.16,0.23,0.5,0.35,0.15,0.5,0.39,-0.3,0.69,-0.21,-0.15,0.36,0.04,0.24,0.24,0.12,0.29,0.5,0.48,0.24,0.5,0.51,0.43,1.0,0.31,0.5,1.0,0.41,-9.3,2.76,-74.55,-8.25,0.72,24.28,0.13,0.16,0.1,0.22,0.08,0.17,8,5,1,0,3.5
rac_11575200,Newmarket,crs_988,"Apr 17, 2025",4:45,7.0,4,4,10,1,1,0,hrs_43508451,Prosperitas,3,T J Kent,trn_337851,3,2,0.67,The Property Investor Partnership Ltd,own_1366488,10,134,88.0,68.0,Ray Dawson,jky_266394,173,67.0,6.5,Castle Cross,dam_11067273,No Nay Never,sir_5874547,Cape Cross,dsi_3153248,2630.0,70.0,5.0,7.0,11.0,6.0,0.7,0.07,-26.0,2630.0,4.0,0.0,0.0,1.0,0.0,0.0,0.0,-4.0,2630.0,76.0,9.0,10.0,6.0,11.0,1.08,0.12,-19.91,2630.0,526.0,66.0,54.0,50.0,42.0,1.03,0.13,26.75,1.0,0.0,0.0,0.0,0.0,0.0,Cape Cross,14689.0,2579.0,240.0,293.0,262.0,258.0,0.78,0.09,-698.93,Castle Cross (IRE),51.0,3.0,0.0,0.0,0.0,0.0,0.0,0.0,-3.0,No Nay Never (USA),5285.0,1152.0,127.0,110.0,129.0,134.0,0.84,0.11,-302.75,0.0,Cape Cross,14689.0,2306.0,273.0,259.0,252.0,261.0,0.9,0.12,-698.28,Castle Cross (IRE),51.0,14.0,1.0,0.0,1.0,0.0,1.82,0.07,-10.0,No Nay Never (USA),5285.0,787.0,98.0,102.0,77.0,87.0,0.93,0.12,-194.88,0.12,0.07,0.12,0.09,0.0,0.11,0.34,0.14,0.35,0.31,0.0,0.32,-0.1,0.82,-0.07,-0.22,-1.0,-0.16,0.1,0.07,0.13,0.45,0.14,0.46,0.41,0.0,0.43,0.35,0.5,0.35,0.3,0.0,0.35,-230.6,11.48,-55.09,-567.38,-3.0,-184.32,0.16,0.27,0.15,0.18,0.06,0.22,3,8,3,5,4.75
rac_11575200,Newmarket,crs_988,"Apr 17, 2025",4:45,7.0,4,4,10,1,1,0,hrs_39961607,Toy Soldier,3,George Scott,trn_283149,18,2,0.11,Knights And Kings Racing Stable,own_1332332,6,133,88.0,59.0,Darragh Keenan,jky_287445,33,59.0,29.0,Royal Highness,dam_19052635,Soldier's Call,sir_13020504,Dream Ahead,dsi_5327504,3091.0,60.0,3.0,3.0,2.0,5.0,0.99,0.05,-21.0,3091.0,3.0,2.0,0.0,1.0,0.0,2.82,0.67,4.5,3091.0,102.0,18.0,7.0,14.0,13.0,1.28,0.18,-11.51,3091.0,604.0,47.0,41.0,44.0,53.0,1.04,0.08,1.48,3.0,1.0,0.0,1.0,0.0,0.33,Dream Ahead,1066.0,199.0,26.0,24.0,22.0,20.0,0.99,0.13,-45.94,Royal Highness (IRE),8.0,3.0,1.0,0.0,1.0,0.0,1.46,0.33,-1.09,Soldier's Call (GB),1058.0,174.0,18.0,13.0,14.0,13.0,1.0,0.1,-80.13,0.0,Dream Ahead,1066.0,214.0,37.0,34.0,29.0,23.0,1.12,0.17,7.4,Royal Highness (IRE),8.0,3.0,0.0,0.0,0.0,0.0,0.0,0.0,-3.0,Soldier's Call (GB),1058.0,181.0,27.0,20.0,17.0,15.0,1.18,0.15,-44.53,0.17,0.0,0.15,0.13,0.33,0.1,0.47,0.0,0.35,0.36,0.67,0.26,0.12,-1.0,0.18,-0.01,0.46,0.0,0.11,0.19,0.08,0.57,0.0,0.44,0.46,0.67,0.33,0.37,0.0,0.42,0.36,0.5,0.4,25.68,-3.0,32.58,-1.99,1.38,0.0,0.2,0.38,0.17,0.19,0.38,0.16,3,1,2,6,3.0
rac_11575200,Newmarket,crs_988,"Apr 17, 2025",4:45,7.0,4,4,10,1,1,0,hrs_44975553,Lunar Orbit,3,Warren Greatrex,trn_198099,13,3,0.23,Jim And Claire Limited,own_1147748,8,133,80.0,51.0,Edward Greatrex,jky_282474,183,77.0,15.0,Dealbata,dam_5399667,Sea The Moon,sir_5927481,Dubawi,dsi_4127830,2181.0,28.0,1.0,4.0,4.0,2.0,0.53,0.04,-15.0,2181.0,36.0,7.0,6.0,4.0,3.0,1.4,0.19,24.12,2181.0,74.0,14.0,14.0,9.0,4.0,1.14,0.19,9.41,2181.0,363.0,27.0,34.0,42.0,30.0,0.69,0.07,-150.93,2.0,0.0,0.0,1.0,1.0,0.0,Dubawi,9500.0,1676.0,227.0,184.0,148.0,156.0,0.99,0.14,-76.04,Dealbata (IRE),32.0,2.0,0.0,0.0,1.0,1.0,0.0,0.0,-2.0,Sea The Moon (GER),3346.0,378.0,37.0,40.0,46.0,41.0,0.79,0.1,-186.1,0.0,Dubawi,9500.0,1570.0,224.0,188.0,163.0,161.0,0.95,0.14,-32.03,Dealbata (IRE),32.0,2.0,0.0,0.0,1.0,1.0,0.0,0.0,-2.0,Sea The Moon (GER),3346.0,531.0,62.0,65.0,72.0,63.0,0.82,0.12,-174.32,0.14,0.0,0.12,0.14,0.0,0.1,0.37,0.5,0.37,0.33,0.5,0.33,-0.05,-1.0,-0.18,-0.01,-1.0,-0.21,0.09,0.08,0.07,0.47,1.0,0.49,0.43,1.0,0.43,0.39,0.0,0.31,0.41,0.0,0.3,-78.5,-2.0,-95.58,-16.76,-2.0,-79.38,0.17,0.06,0.16,0.18,0.06,0.11,4,3,6,0,3.25
rac_11575200,Newmarket,crs_988,"Apr 17, 2025",4:45,7.0,4,4,10,1,1,0,hrs_45314927,Panama Black,3,Brian Meehan,trn_64989,9,0,0.0,B J Meehan,own_173404,3,132,88.0,60.0,Billy Loughnane,jky_233301,55,33.0,6.5,Positive Vibration,dam_6279399,Tamayuz,sir_4817246,Canford Cliffs,dsi_5126478,2400.0,23.0,0.0,3.0,2.0,3.0,0.0,0.0,-23.0,0.0,0.0,0.0,0.0,0.0,0.0,0.0,0.0,0.0,2400.0,18.0,4.0,1.0,4.0,0.0,2.35,0.22,91.0,2400.0,492.0,70.0,70.0,66.0,41.0,0.88,0.14,-74.67,3.0,0.0,1.0,1.0,1.0,0.0,Canford Cliffs,1433.0,265.0,31.0,29.0,23.0,21.0,1.05,0.12,-27.58,Positive Vibration (IRE),47.0,16.0,1.0,2.0,1.0,1.0,0.71,0.06,-13.75,Tamayuz (GB),5095.0,989.0,100.0,97.0,109.0,112.0,0.87,0.1,-173.22,0.0,Canford Cliffs,1433.0,202.0,25.0,26.0,25.0,30.0,0.94,0.12,-11.77,Positive Vibration (IRE),47.0,3.0,0.0,0.0,0.0,0.0,0.0,0.0,-3.0,Tamayuz (GB),5095.0,781.0,89.0,101.0,97.0,88.0,0.91,0.11,-157.41,0.12,0.0,0.11,0.12,0.06,0.1,0.38,0.0,0.37,0.31,0.25,0.31,-0.06,-1.0,-0.09,0.05,-0.29,-0.13,0.08,0.09,0.14,0.52,0.0,0.48,0.39,0.31,0.42,0.33,0.0,0.31,0.37,0.25,0.33,-12.12,-3.0,-70.29,13.25,-4.64,-128.57,0.14,0.06,0.15,0.18,0.34,0.19,4,3,2,2,2.75
rac_11575200,Newmarket,crs_988,"Apr 17, 2025",4:45,7.0,4,4,10,1,1,0,hrs_41305068,Organ,3,Martyn Meade,trn_40752,0,0,0.0,Sefton Syndicate,own_931604,9,131,83.0,73.0,Hollie Doyle,jky_278085,272,0.0,7.0,Rock Choir,dam_5842312,Ulysses,sir_6125343,Pivotal,dsi_753900,7646.0,182.0,15.0,17.0,24.0,26.0,0.79,0.08,-15.84,0.0,0.0,0.0,0.0,0.0,0.0,0.0,0.0,0.0,7646.0,5.0,0.0,0.0,1.0,1.0,0.0,0.0,-5.0,7646.0,1483.0,185.0,166.0,167.0,162.0,0.86,0.12,-350.93,1.0,0.0,0.0,0.0,0.0,0.0,Pivotal,25151.0,4448.0,515.0,476.0,442.0,421.0,0.9,0.12,-912.26,Rock Choir (GB),88.0,2.0,0.0,0.0,0.0,0.0,0.0,0.0,-2.0,Ulysses (IRE),1688.0,272.0,29.0,26.0,33.0,28.0,0.93,0.11,-11.24,0.0,Pivotal,25151.0,3885.0,466.0,447.0,453.0,437.0,0.87,0.12,-1034.75,Rock Choir (GB),88.0,29.0,4.0,3.0,7.0,4.0,1.03,0.14,9.0,Ulysses (IRE),1688.0,360.0,41.0,40.0,44.0,49.0,0.94,0.11,-64.82,0.12,0.14,0.11,0.12,0.0,0.11,0.35,0.48,0.35,0.32,0.0,0.32,-0.13,0.03,-0.06,-0.1,-1.0,-0.07,0.12,0.08,0.12,0.46,0.62,0.48,0.42,0.0,0.43,0.34,0.29,0.33,0.36,0.0,0.33,-505.05,0.87,-21.6,-444.8,-2.0,-19.04,0.15,0.33,0.21,0.18,0.02,0.16,4,7,5,0,4.0
rac_11575200,Newmarket,crs_988,"Apr 17, 2025",4:45,7.0,4,4,10,1,1,0,hrs_43572858,Letsbeatsepsis,3,Gary & Josh Moore,trn_372564,19,4,0.21,P B Moorhead,own_764944,5,128,84.0,58.0,Tom Queally,jky_236805,227,58.0,11.0,Lady Morpheus,dam_15205344,Expert Eye,sir_10504137,Morpheus,dsi_5753181,12833.0,489.0,47.0,43.0,40.0,56.0,0.88,0.1,-115.41,12833.0,4.0,0.0,0.0,1.0,1.0,0.0,0.0,-4.0,12833.0,149.0,16.0,11.0,13.0,13.0,0.83,0.11,-8.63,12833.0,2388.0,206.0,195.0,197.0,227.0,0.81,0.09,-607.33,1.0,0.0,0.0,0.0,1.0,0.0,Morpheus,59.0,11.0,0.0,1.0,1.0,1.0,0.0,0.0,-11.0,Lady Morpheus (GB),3.0,1.0,0.0,0.0,0.0,1.0,0.0,0.0,-1.0,Expert Eye (GB),1389.0,336.0,33.0,27.0,28.0,28.0,0.85,0.1,-86.0,0.0,Morpheus,59.0,13.0,0.0,2.0,1.0,1.0,0.0,0.0,-13.0,0,0.0,0.0,0.0,0.0,0.0,0.0,0.0,0.0,0.0,Expert Eye (GB),1389.0,283.0,30.0,34.0,32.0,44.0,0.76,0.11,-83.86,0.0,0.0,0.11,0.0,0.0,0.1,0.23,0.0,0.34,0.18,0.0,0.26,-1.0,0.0,-0.24,-1.0,-1.0,-0.15,0.04,0.03,0.09,0.31,0.0,0.49,0.27,1.0,0.35,0.0,0.0,0.31,0.0,0.0,0.38,-13.0,0.0,-67.92,-11.0,-1.0,-50.4,0.22,0.0,0.2,0.19,0.33,0.24,3,3,4,0,2.5
rac_11575200,Newmarket,crs_988,"Apr 17, 2025",4:45,7.0,4,4,10,1,1,0,hrs_48258721,Final Night,3,John Butler,trn_235593,16,2,0.13,K Snell,own_608124,1,125,83.0,0.0,Benoit De La Sayette,jky_301920,22,50.0,34.0,Night Lily,dam_4981592,Muhaarar,sir_5988269,Night Shift,dsi_2111641,1274.0,46.0,2.0,11.0,5.0,4.0,0.46,0.04,-15.38,1274.0,1.0,0.0,0.0,0.0,0.0,0.0,0.0,-1.0,1274.0,11.0,0.0,0.0,3.0,0.0,0.0,0.0,-11.0,1274.0,261.0,29.0,31.0,36.0,17.0,0.82,0.11,-55.84,3.0,0.0,0.0,0.0,1.0,0.0,Night Shift,21979.0,3602.0,314.0,322.0,363.0,348.0,0.79,0.09,-1029.81,Night Lily (IRE),135.0,37.0,6.0,2.0,2.0,2.0,1.83,0.16,39.21,Muhaarar (GB),3999.0,701.0,79.0,71.0,59.0,91.0,0.85,0.11,-216.16,0.0,Night Shift,21979.0,4207.0,401.0,490.0,456.0,499.0,0.8,0.1,-1345.28,Night Lily (IRE),135.0,6.0,0.0,0.0,0.0,1.0,0.0,0.0,-6.0,Muhaarar (GB),3999.0,642.0,79.0,67.0,86.0,74.0,0.82,0.12,-148.22,0.1,0.0,0.12,0.09,0.16,0.11,0.32,0.0,0.36,0.28,0.27,0.3,-0.2,-1.0,-0.18,-0.21,0.83,-0.15,0.07,0.12,0.11,0.44,0.17,0.48,0.37,0.32,0.43,0.3,0.0,0.34,0.31,0.6,0.38,-841.4,-6.0,-115.56,-756.42,30.71,-105.15,0.19,0.04,0.16,0.16,0.27,0.18,0,4,6,5,3.75
rac_11612835,Newmarket,crs_988,"Apr 17, 2025",5:20,7.0,4,4,10,1,1,0,hrs_42327677,Line Of Force,3,Joseph Parr,trn_332928,3,0,0.0,John Stocker,own_613656,1,135,86.0,83.0,Jim Crowley,jky_42702,33,33.0,19.0,Ligne D'Amour,dam_22095605,Calyx,sir_14220731,Galileo,dsi_3722383,16808.0,631.0,71.0,70.0,52.0,65.0,0.88,0.11,-162.31,16808.0,27.0,6.0,1.0,4.0,3.0,1.58,0.22,7.25,0.0,0.0,0.0,0.0,0.0,0.0,0.0,0.0,0.0,16808.0,2832.0,396.0,314.0,301.0,299.0,0.91,0.14,-441.45,3.0,0.0,0.0,0.0,1.0,0.0,Galileo,27740.0,3813.0,486.0,374.0,413.0,380.0,0.94,0.13,-720.89,Ligne D'Amour (IRE),10.0,3.0,0.0,0.0,0.0,1.0,0.0,0.0,-3.0,Calyx (GB),662.0,161.0,26.0,12.0,19.0,17.0,1.09,0.16,48.84,0.0,Galileo,27740.0,4285.0,562.0,544.0,563.0,459.0,0.88,0.13,-770.18,Ligne D'Amour (IRE),10.0,4.0,1.0,0.0,0.0,1.0,1.03,0.25,-2.64,Calyx (GB),662.0,121.0,17.0,17.0,11.0,17.0,0.81,0.14,-49.43,0.13,0.25,0.14,0.13,0.0,0.16,0.39,0.25,0.37,0.33,0.0,0.35,-0.12,0.03,-0.19,-0.06,-1.0,0.09,0.17,0.1,0.14,0.5,0.5,0.51,0.43,0.33,0.46,0.34,1.0,0.38,0.38,0.0,0.46,-514.2,0.12,-22.99,-228.78,-3.0,14.49,0.15,0.4,0.18,0.14,0.3,0.24,1,4,8,5,4.5
rac_11612835,Newmarket,crs_988,"Apr 17, 2025",5:20,7.0,4,4,10,1,1,0,hrs_42815003,Love Is The Law,3,George Scott,trn_283149,18,2,0.11,Fox And Badger Racing,own_1385952,3,134,88.0,74.0,Callum Shepherd,jky_280029,195,59.0,10.0,Rinaria,dam_9758322,Sergei Prokofiev,sir_13368145,Tamayuz,dsi_4817246,5540.0,143.0,11.0,8.0,9.0,17.0,1.15,0.08,7.25,5540.0,3.0,1.0,0.0,0.0,1.0,1.31,0.33,-0.8,5504.0,273.0,43.0,28.0,44.0,40.0,1.13,0.16,25.59,5540.0,1046.0,86.0,105.0,109.0,130.0,0.72,0.08,-363.62,3.0,1.0,0.0,0.0,1.0,0.33,Tamayuz,1911.0,314.0,22.0,31.0,30.0,39.0,0.62,0.07,-165.08,Rinaria (IRE),22.0,5.0,1.0,0.0,1.0,1.0,1.34,0.2,-0.5,Sergei Prokofiev (CAN),302.0,78.0,8.0,6.0,10.0,8.0,0.87,0.1,-36.13,0.0,Tamayuz,1911.0,288.0,28.0,36.0,27.0,38.0,0.79,0.1,-42.41,Rinaria (IRE),22.0,4.0,0.0,0.0,1.0,1.0,0.0,0.0,-4.0,Sergei Prokofiev (CAN),302.0,58.0,5.0,5.0,6.0,5.0,0.79,0.09,-29.0,0.1,0.0,0.09,0.07,0.2,0.1,0.32,0.25,0.28,0.26,0.4,0.31,-0.21,-1.0,-0.21,-0.38,0.34,-0.13,0.06,0.12,0.08,0.45,0.5,0.36,0.39,0.6,0.41,0.31,0.0,0.31,0.27,0.5,0.33,-60.48,-4.0,-12.18,-119.32,1.7,-10.14,0.15,0.18,0.19,0.16,0.23,0.26,5,1,1,6,3.25
rac_11612835,Newmarket,crs_988,"Apr 17, 2025",5:20,7.0,4,4,10,1,1,0,hrs_41503924,Art Market,3,William Haggas,trn_30735,21,3,0.14,R A Green,own_574684,5,134,87.0,74.0,Tom Marquand,jky_281841,85,44.0,6.5,Mrs Bouquet,dam_18849033,Calyx,sir_14220731,Toronado,dsi_5601218,9181.0,378.0,27.0,36.0,27.0,46.0,0.67,0.07,-150.52,9181.0,30.0,2.0,6.0,3.0,4.0,0.45,0.07,-13.5,9181.0,1594.0,348.0,225.0,208.0,184.0,0.94,0.22,-135.14,9181.0,1774.0,216.0,201.0,192.0,194.0,0.86,0.12,-413.22,6.0,1.0,1.0,1.0,1.0,0.17,Toronado,161.0,32.0,3.0,3.0,1.0,3.0,0.77,0.09,-22.45,Mrs Bouquet (GB),10.0,6.0,1.0,1.0,1.0,1.0,0.7,0.17,-2.0,Calyx (GB),662.0,161.0,26.0,12.0,19.0,17.0,1.09,0.16,48.84,0.0,Toronado,161.0,42.0,4.0,7.0,4.0,4.0,0.71,0.1,-14.42,Mrs Bouquet (GB),10.0,7.0,2.0,1.0,1.0,1.0,1.19,0.29,1.33,Calyx (GB),662.0,121.0,17.0,17.0,11.0,17.0,0.81,0.14,-49.43,0.1,0.29,0.14,0.09,0.17,0.16,0.36,0.57,0.37,0.22,0.5,0.35,-0.29,0.19,-0.19,-0.23,-0.3,0.09,0.18,0.14,0.12,0.45,0.71,0.51,0.31,0.67,0.46,0.27,0.5,0.38,0.43,0.33,0.46,-12.18,1.33,-22.99,-7.36,-1.8,14.49,0.26,0.7,0.18,0.2,0.6,0.24,6,3,7,2,4.5
rac_11612835,Newmarket,crs_988,"Apr 17, 2025",5:20,7.0,4,4,10,1,1,0,hrs_43062936,White Crown Star,3,Andrew Balding,trn_140445,46,11,0.24,Saeed Suhail,own_12132,6,133,90.0,68.0,Oisin Murphy,jky_278184,22,65.0,2.5,Drama School,dam_43062985,Sea The Stars,sir_4868829,Lawman,dsi_4677225,10073.0,484.0,57.0,64.0,63.0,53.0,0.8,0.12,-112.03,10073.0,25.0,9.0,1.0,7.0,3.0,1.28,0.36,4.89,10073.0,2140.0,398.0,347.0,305.0,255.0,0.93,0.19,-143.28,10073.0,1873.0,303.0,274.0,239.0,198.0,0.9,0.16,-349.88,3.0,1.0,0.0,1.0,0.0,0.33,Lawman,3922.0,674.0,67.0,66.0,58.0,78.0,0.84,0.1,-275.9,Drama School (IRE),4.0,3.0,1.0,0.0,1.0,0.0,1.63,0.33,-1.17,Sea The Stars (IRE),8638.0,524.0,72.0,70.0,56.0,54.0,0.85,0.14,-114.11,0.0,Lawman,3922.0,525.0,59.0,43.0,67.0,69.0,0.85,0.11,-154.85,Drama School (IRE),4.0,1.0,0.0,0.0,1.0,0.0,0.0,0.0,-1.0,Sea The Stars (IRE),8638.0,1421.0,235.0,201.0,177.0,178.0,0.88,0.17,-337.8,0.11,0.0,0.17,0.1,0.33,0.14,0.32,1.0,0.43,0.28,0.67,0.38,-0.15,-1.0,-0.12,-0.16,0.63,-0.15,0.09,0.19,0.16,0.45,1.0,0.56,0.4,0.67,0.48,0.35,0.0,0.38,0.35,0.5,0.36,-78.75,-1.0,-170.52,-107.84,1.89,-78.6,0.13,0.25,0.16,0.17,0.75,0.06,7,3,5,1,4.0
rac_11612835,Newmarket,crs_988,"Apr 17, 2025",5:20,7.0,4,4,10,1,1,0,hrs_44166248,Isabella Castile,3,Jack Channon,trn_361449,11,3,0.27,Box 41 Racing,own_919596,10,133,82.0,59.0,David Probert,jky_258039,173,45.0,13.0,Last Lahar,dam_17191650,Rock Of Gibraltar,sir_3814832,Sixties Icon,dsi_4494735,14398.0,319.0,21.0,29.0,23.0,31.0,0.72,0.07,-118.67,0.0,0.0,0.0,0.0,0.0,0.0,0.0,0.0,0.0,14398.0,103.0,16.0,11.0,12.0,7.0,1.1,0.16,14.51,14398.0,2692.0,301.0,306.0,285.0,322.0,0.92,0.11,-284.32,2.0,0.0,0.0,1.0,0.0,0.0,Sixties Icon,552.0,97.0,12.0,12.0,20.0,8.0,0.95,0.12,-24.04,Last Lahar (GB),33.0,14.0,1.0,1.0,2.0,0.0,1.37,0.07,-7.5,Rock Of Gibraltar (IRE),12945.0,1617.0,149.0,148.0,174.0,158.0,0.77,0.09,-498.33,0.0,Sixties Icon,552.0,73.0,11.0,8.0,7.0,8.0,1.27,0.15,-23.42,Last Lahar (GB),33.0,4.0,1.0,0.0,0.0,0.0,4.32,0.25,2.5,Rock Of Gibraltar (IRE),12945.0,1678.0,188.0,196.0,216.0,168.0,0.86,0.11,-424.81,0.15,0.25,0.11,0.12,0.07,0.09,0.36,0.25,0.36,0.45,0.29,0.29,0.27,3.32,-0.14,-0.05,0.37,-0.23,0.17,0.09,0.11,0.47,0.25,0.46,0.54,0.29,0.39,0.42,1.0,0.31,0.27,0.25,0.32,19.71,13.28,-234.92,-4.85,5.18,-371.91,0.13,0.12,0.13,0.18,0.42,0.12,9,3,1,0,3.25
rac_11612835,Newmarket,crs_988,"Apr 17, 2025",5:20,7.0,4,4,10,1,1,0,hrs_39960333,Montpellier Green,3,Jack Jones,trn_355347,7,2,0.29,Eurotrading Ireland Ltd,own_1391704,8,132,89.0,71.0,Dylan Hogan,jky_277860,127,71.0,15.0,Cumbfree,dam_6993021,Mehmas,sir_7032655,Footstepsinthesand,dsi_4217458,2490.0,34.0,0.0,0.0,3.0,1.0,0.0,0.0,-34.0,2490.0,2.0,0.0,0.0,0.0,1.0,0.0,0.0,-2.0,2490.0,224.0,31.0,24.0,32.0,32.0,1.03,0.14,-13.76,2490.0,485.0,24.0,50.0,63.0,56.0,0.52,0.05,-268.93,1.0,1.0,0.0,0.0,0.0,1.0,Footstepsinthesand,3118.0,492.0,47.0,41.0,40.0,33.0,0.9,0.1,-187.27,Cumbfree (IRE),54.0,16.0,1.0,1.0,2.0,1.0,0.65,0.06,-5.0,Mehmas (IRE),5092.0,959.0,112.0,90.0,94.0,85.0,0.99,0.12,-150.54,0.0,Footstepsinthesand,3118.0,341.0,36.0,49.0,45.0,30.0,0.76,0.11,-152.05,Cumbfree (IRE),54.0,4.0,0.0,0.0,1.0,1.0,0.0,0.0,-4.0,Mehmas (IRE),5092.0,778.0,85.0,103.0,107.0,96.0,0.75,0.11,-190.67,0.11,0.0,0.11,0.1,0.06,0.12,0.38,0.25,0.38,0.26,0.25,0.31,-0.24,-1.0,-0.25,-0.1,-0.35,-0.01,0.07,0.09,0.05,0.47,0.5,0.5,0.33,0.31,0.4,0.28,0.0,0.29,0.37,0.25,0.38,-81.84,-4.0,-194.5,-49.2,-5.6,-9.59,0.11,0.07,0.15,0.16,0.3,0.19,4,1,3,4,3.0
rac_11612835,Newmarket,crs_988,"Apr 17, 2025",5:20,7.0,4,4,10,1,1,0,hrs_39960445,Simply Blue,3,David Loughnane,trn_285282,10,1,0.1,D R Passant,own_783516,7,131,89.0,79.0,Laura Pearson,jky_295806,264,50.0,10.0,So Hi Society,dam_10320219,Blue Point,sir_7175189,Society Rock,dsi_5171712,1245.0,19.0,0.0,0.0,0.0,1.0,0.0,0.0,-19.0,0.0,0.0,0.0,0.0,0.0,0.0,0.0,0.0,0.0,1245.0,320.0,37.0,39.0,19.0,29.0,1.02,0.12,5.35,1245.0,270.0,24.0,24.0,22.0,31.0,0.85,0.09,-54.51,0.0,0.0,0.0,0.0,0.0,0.0,Society Rock,185.0,21.0,1.0,1.0,1.0,3.0,0.68,0.05,-13.5,So Hi Society (IRE),11.0,2.0,0.0,1.0,0.0,0.0,0.0,0.0,-2.0,Blue Point (IRE),1399.0,327.0,40.0,41.0,44.0,36.0,0.77,0.12,-27.08,0.0,Society Rock,185.0,22.0,2.0,6.0,1.0,0.0,0.61,0.09,-16.62,So Hi Society (IRE),11.0,7.0,0.0,4.0,0.0,0.0,0.0,0.0,-7.0,Blue Point (IRE),1399.0,293.0,52.0,40.0,36.0,37.0,0.91,0.18,12.3,0.09,0.0,0.18,0.05,0.0,0.12,0.41,0.57,0.44,0.14,0.5,0.38,-0.39,-1.0,-0.09,-0.32,-1.0,-0.23,0.09,0.06,0.0,0.41,0.57,0.56,0.29,0.5,0.49,0.22,0.0,0.41,0.33,0.0,0.32,-8.58,-7.0,-26.37,-6.72,-2.0,-75.21,0.12,0.64,0.21,0.11,0.18,0.23,7,2,2,6,4.25
rac_11612835,Newmarket,crs_988,"Apr 17, 2025",5:20,7.0,4,4,10,1,1,0,hrs_41305145,Camera Shy,3,Michael Bell,trn_37017,9,1,0.11,P Trainor And Mrs G Rowland-Clark,own_1378352,2,130,88.0,53.0,Saffie Osborne,jky_301050,58,33.0,11.0,Darwell,dam_6348013,Kodiac,sir_4080139,Zamindar,dsi_3150539,2159.0,69.0,5.0,9.0,7.0,7.0,0.86,0.07,5.5,0.0,0.0,0.0,0.0,0.0,0.0,0.0,0.0,0.0,2159.0,27.0,4.0,2.0,4.0,2.0,1.24,0.15,-1.5,2159.0,396.0,43.0,35.0,35.0,46.0,0.92,0.11,-119.14,1.0,0.0,0.0,0.0,1.0,0.0,Zamindar,4835.0,803.0,62.0,99.0,79.0,93.0,0.63,0.08,-398.5,Darwell (IRE),50.0,13.0,1.0,1.0,0.0,1.0,0.68,0.08,-8.0,Kodiac (GB),22160.0,4494.0,437.0,462.0,475.0,469.0,0.83,0.1,-1205.24,0.0,Zamindar,4835.0,586.0,65.0,64.0,75.0,49.0,0.8,0.11,-251.3,Darwell (IRE),50.0,10.0,3.0,0.0,1.0,1.0,1.65,0.3,6.38,Kodiac (GB),22160.0,3902.0,456.0,476.0,475.0,439.0,0.9,0.12,-885.94,0.11,0.3,0.12,0.08,0.08,0.1,0.35,0.4,0.36,0.3,0.15,0.31,-0.2,0.65,-0.1,-0.37,-0.32,-0.17,0.18,0.09,0.11,0.43,0.5,0.47,0.41,0.23,0.41,0.32,0.75,0.32,0.26,0.5,0.32,-117.2,6.5,-390.2,-297.11,-4.16,-763.98,0.12,0.2,0.18,0.17,0.26,0.2,1,9,3,9,5.5
rac_11612835,Newmarket,crs_988,"Apr 17, 2025",5:20,7.0,4,4,10,1,1,0,hrs_43163848,Noble Guest,3,George Margarson,trn_88164,3,0,0.0,John Guest Racing,own_772620,9,126,83.0,77.0,Harry Davies,jky_304524,22,33.0,13.0,Maid For Winning,dam_4934328,Mohaather,sir_15566474,Gone West,dsi_2129603,1448.0,62.0,13.0,8.0,8.0,4.0,1.5,0.21,20.0,1448.0,4.0,0.0,1.0,0.0,2.0,0.0,0.0,-4.0,1448.0,9.0,0.0,1.0,0.0,2.0,0.0,0.0,-9.0,1448.0,281.0,31.0,34.0,39.0,28.0,0.83,0.11,-16.14,3.0,0.0,0.0,0.0,1.0,0.0,Gone West,9110.0,1413.0,144.0,134.0,136.0,141.0,0.78,0.1,-502.02,Maid For Winning (USA),138.0,21.0,1.0,4.0,1.0,1.0,0.39,0.05,-8.0,Mohaather (GB),229.0,91.0,18.0,8.0,9.0,16.0,1.37,0.2,-3.32,0.0,Gone West,9110.0,1433.0,142.0,153.0,152.0,147.0,0.73,0.1,-630.52,Maid For Winning (USA),138.0,29.0,2.0,1.0,2.0,6.0,0.55,0.07,-18.5,Mohaather (GB),229.0,67.0,5.0,7.0,11.0,9.0,0.67,0.07,-15.38,0.1,0.07,0.07,0.1,0.05,0.2,0.31,0.17,0.34,0.29,0.29,0.38,-0.27,-0.45,-0.33,-0.22,-0.61,0.37,0.08,0.12,0.11,0.41,0.38,0.48,0.39,0.33,0.56,0.32,0.4,0.22,0.35,0.17,0.51,-386.91,-13.05,-22.11,-310.86,-12.81,33.67,0.16,0.21,0.29,0.16,0.15,0.4,7,4,5,0,4.0
rac_11612835,Newmarket,crs_988,"Apr 17, 2025",5:20,7.0,4,4,10,1,1,0,hrs_39190634,Valsharah,3,Charles Hills,trn_230652,15,3,0.2,Martin Hughes & Partner,own_1336752,4,123,86.0,83.0,Jason Watson,jky_288666,43,53.0,7.0,Amurra,dam_6106191,Dark Angel,sir_4701529,Oasis Dream,dsi_3960579,4035.0,89.0,9.0,10.0,6.0,6.0,0.77,0.1,-29.86,4035.0,1.0,0.0,0.0,1.0,0.0,0.0,0.0,-1.0,4035.0,65.0,9.0,15.0,7.0,7.0,0.97,0.14,3.56,4035.0,775.0,92.0,103.0,84.0,90.0,0.83,0.12,-222.33,5.0,0.0,0.0,1.0,2.0,0.0,Oasis Dream,18670.0,3596.0,386.0,419.0,362.0,366.0,0.85,0.11,-748.76,Amurra (GB),58.0,21.0,1.0,1.0,3.0,3.0,0.52,0.05,-18.12,Dark Angel (IRE),20406.0,4902.0,557.0,555.0,581.0,544.0,0.83,0.11,-1589.73,0.0,Oasis Dream,18670.0,2816.0,340.0,335.0,333.0,317.0,0.87,0.12,-611.1,Amurra (GB),58.0,6.0,0.0,1.0,1.0,2.0,0.0,0.0,-6.0,Dark Angel (IRE),20406.0,3510.0,416.0,406.0,423.0,436.0,0.84,0.12,-934.7,0.12,0.0,0.12,0.11,0.05,0.11,0.36,0.33,0.35,0.32,0.24,0.35,-0.13,-1.0,-0.16,-0.15,-0.48,-0.17,0.08,0.09,0.12,0.47,0.67,0.48,0.43,0.38,0.46,0.34,0.0,0.33,0.33,0.2,0.33,-366.08,-6.0,-561.6,-539.4,-10.08,-833.34,0.15,0.1,0.17,0.19,0.36,0.24,5,5,4,4,4.5
rac_11575408,Ripon,crs_1274,"Apr 17, 2025",2:00,6.0,5,4,11,1,1,0,hrs_47098898,The Quiet Gent,3,Ralph Beckett,trn_125253,19,2,0.11,The Quiet Gents,own_1406816,6,137,74.0,0.0,Hector Crouch,jky_278418,134,37.0,1.91,Passified Lady,dam_5918157,Mehmas,sir_7032655,Speightstown,dsi_4204263,4432.0,12.0,3.0,4.0,3.0,0.0,1.12,0.25,15.5,4432.0,1.0,1.0,0.0,0.0,0.0,3.0,1.0,2.0,4432.0,628.0,133.0,85.0,86.0,70.0,1.04,0.21,-33.08,4432.0,719.0,80.0,70.0,71.0,81.0,0.86,0.11,-100.27,2.0,1.0,1.0,0.0,0.0,0.5,Speightstown,1419.0,331.0,42.0,40.0,46.0,34.0,0.79,0.13,-124.06,Passified Lady (USA),54.0,8.0,1.0,1.0,2.0,0.0,1.37,0.12,-5.0,Mehmas (IRE),5092.0,1572.0,172.0,170.0,202.0,182.0,0.8,0.11,-527.65,0.0,Speightstown,1419.0,180.0,28.0,22.0,25.0,18.0,1.01,0.16,-3.67,Passified Lady (USA),54.0,6.0,2.0,2.0,1.0,0.0,1.89,0.33,5.0,Mehmas (IRE),5092.0,1230.0,180.0,152.0,162.0,163.0,0.92,0.15,-301.91,0.16,0.33,0.15,0.13,0.12,0.11,0.42,0.83,0.4,0.39,0.5,0.35,0.01,0.89,-0.08,-0.21,0.37,-0.2,0.21,0.12,0.11,0.52,0.83,0.53,0.49,0.5,0.46,0.37,0.4,0.36,0.33,0.25,0.32,1.8,5.34,-98.4,-69.51,2.96,-314.4,0.13,0.11,0.24,0.23,0.15,0.31,2,1,0,0,0.75
rac_11575408,Ripon,crs_1274,"Apr 17, 2025",2:00,6.0,5,4,11,1,1,0,hrs_33946808,Willow Baby,5,Jason Ward,trn_227349,0,0,0.0,R J Ward,own_1335120,8,136,64.0,52.0,J F Egan,jky_7368,26,0.0,51.0,Va Pensiero,dam_6709017,Camacho,sir_4216086,High Chaparral,dsi_3823484,14940.0,75.0,10.0,8.0,6.0,7.0,1.07,0.13,11.41,14940.0,2.0,0.0,0.0,0.0,0.0,0.0,0.0,-2.0,14940.0,21.0,3.0,3.0,2.0,3.0,1.09,0.14,-4.75,14940.0,2798.0,220.0,273.0,282.0,284.0,0.78,0.08,-962.12,10.0,0.0,2.0,3.0,1.0,0.0,High Chaparral,8146.0,955.0,97.0,94.0,83.0,86.0,0.89,0.1,-108.06,Va Pensiero (IRE),59.0,13.0,0.0,4.0,3.0,2.0,0.0,0.0,-13.0,Camacho (GB),8977.0,2335.0,210.0,229.0,252.0,255.0,0.81,0.09,-789.94,0.0,High Chaparral,8146.0,1394.0,161.0,160.0,133.0,148.0,0.9,0.12,-284.8,Va Pensiero (IRE),59.0,8.0,3.0,2.0,1.0,0.0,2.55,0.38,10.88,Camacho (GB),8977.0,2290.0,197.0,251.0,284.0,254.0,0.74,0.09,-796.24,0.12,0.38,0.09,0.1,0.0,0.09,0.33,0.75,0.32,0.29,0.54,0.3,-0.1,1.55,-0.26,-0.11,-1.0,-0.19,0.2,0.06,0.08,0.43,0.75,0.43,0.38,0.69,0.41,0.35,0.5,0.27,0.35,0.0,0.3,-139.4,12.4,-595.4,-105.05,-13.0,-443.65,0.17,0.14,0.26,0.12,0.22,0.26,6,5,0,0,2.75
rac_11575408,Ripon,crs_1274,"Apr 17, 2025",2:00,6.0,5,4,11,1,1,0,hrs_46169648,Get Up Everybody,3,Paul Midgley,trn_143532,18,0,0.0,J N Blackburn,own_574780,10,128,49.0,0.0,Mark Winn,jky_301131,155,33.0,67.0,Laila Honiwillow,dam_6275976,Invincible Army,sir_10246215,Bahamian Bounty,dsi_3136021,909.0,33.0,3.0,5.0,4.0,5.0,0.65,0.09,-22.7,909.0,2.0,0.0,1.0,0.0,0.0,0.0,0.0,-2.0,909.0,79.0,10.0,10.0,9.0,10.0,1.01,0.13,-14.55,909.0,181.0,23.0,15.0,22.0,17.0,1.1,0.13,43.85,1.0,0.0,0.0,0.0,0.0,0.0,Bahamian Bounty,6784.0,1833.0,173.0,175.0,198.0,191.0,0.83,0.09,-555.08,Laila Honiwillow (GB),23.0,4.0,1.0,0.0,1.0,0.0,3.85,0.25,1.5,Invincible Army (IRE),694.0,216.0,29.0,25.0,26.0,30.0,1.07,0.13,-32.57,0.0,Bahamian Bounty,6784.0,1946.0,229.0,236.0,212.0,228.0,0.92,0.12,-154.02,Laila Honiwillow (GB),23.0,10.0,2.0,1.0,0.0,2.0,2.9,0.2,4.5,Invincible Army (IRE),694.0,197.0,26.0,26.0,23.0,19.0,0.97,0.13,-70.61,0.12,0.2,0.13,0.09,0.25,0.13,0.35,0.3,0.38,0.3,0.5,0.37,-0.08,1.9,-0.03,-0.17,2.85,0.07,0.15,0.16,0.13,0.47,0.5,0.48,0.4,0.5,0.51,0.34,0.67,0.35,0.32,0.5,0.36,-155.68,19.0,-5.91,-311.61,11.4,15.12,0.29,0.43,0.28,0.27,0.17,0.31,9,9,0,0,4.5
rac_11575408,Ripon,crs_1274,"Apr 17, 2025",2:00,6.0,5,4,11,1,1,0,hrs_51897643,Mister Invincible,3,David O'Meara,trn_205551,17,2,0.12,Hambleton Racing Xxii & Partner,own_1428740,4,128,0.0,0.0,David Nolan,jky_42996,0,38.0,8.5,Lady Andaz,dam_21682682,Invincible Army,sir_10246215,Dark Angel,dsi_4701529,6070.0,269.0,35.0,33.0,26.0,33.0,0.99,0.13,-39.53,0.0,0.0,0.0,0.0,0.0,0.0,0.0,0.0,0.0,6070.0,1383.0,172.0,165.0,168.0,170.0,0.93,0.12,-224.47,6070.0,1227.0,133.0,123.0,128.0,126.0,0.93,0.11,-131.96,0.0,0.0,0.0,0.0,0.0,0.0,Dark Angel,4650.0,1115.0,108.0,117.0,114.0,118.0,0.82,0.1,-392.76,0,0.0,0.0,0.0,0.0,0.0,0.0,0.0,0.0,0.0,Invincible Army (IRE),694.0,216.0,29.0,25.0,26.0,30.0,1.07,0.13,-32.57,0.0,Dark Angel,4650.0,1067.0,143.0,135.0,116.0,109.0,0.95,0.13,-237.14,0,0.0,0.0,0.0,0.0,0.0,0.0,0.0,0.0,0.0,Invincible Army (IRE),694.0,197.0,26.0,26.0,23.0,19.0,0.97,0.13,-70.61,0.13,0.0,0.13,0.1,0.0,0.13,0.37,0.0,0.38,0.3,0.0,0.37,-0.05,0.0,-0.03,-0.18,0.0,0.07,0.09,0.08,0.0,0.47,0.0,0.48,0.41,0.0,0.51,0.36,0.0,0.35,0.32,0.0,0.36,-53.35,0.0,-5.91,-200.7,0.0,15.12,0.23,0.0,0.28,0.24,0.0,0.31,0,0,0,0,0.0
rac_11575408,Ripon,crs_1274,"Apr 17, 2025",2:00,6.0,5,4,11,1,1,0,hrs_39962937,Hidden Hero,3,Declan Carroll,trn_29673,5,1,0.2,Sapphire Print Solutions Ltd,own_1190688,11,126,0.0,0.0,Zak Wheatley(3),jky_290007,390,60.0,41.0,She's Amazing,dam_39962944,Land Force,sir_13368124,Showcasing,dsi_5152770,785.0,18.0,2.0,0.0,0.0,0.0,1.65,0.11,-2.5,785.0,3.0,0.0,0.0,0.0,0.0,0.0,0.0,-3.0,785.0,456.0,45.0,36.0,44.0,47.0,0.89,0.1,-110.51,785.0,156.0,15.0,5.0,15.0,13.0,1.0,0.1,34.25,0.0,0.0,0.0,0.0,0.0,0.0,Showcasing,1485.0,487.0,56.0,51.0,43.0,59.0,0.98,0.11,-20.06,0,0.0,0.0,0.0,0.0,0.0,0.0,0.0,0.0,0.0,Land Force (IRE),775.0,237.0,7.0,24.0,18.0,24.0,0.34,0.03,-191.67,0.0,Showcasing,1485.0,383.0,56.0,34.0,40.0,49.0,1.21,0.15,128.48,0,0.0,0.0,0.0,0.0,0.0,0.0,0.0,0.0,0.0,Land Force (IRE),775.0,307.0,25.0,29.0,36.0,35.0,0.77,0.08,-109.16,0.15,0.0,0.08,0.11,0.0,0.03,0.34,0.0,0.29,0.31,0.0,0.21,0.21,0.0,-0.23,-0.02,0.0,-0.66,0.08,0.05,0.0,0.47,0.0,0.41,0.43,0.0,0.31,0.43,0.0,0.28,0.37,0.0,0.14,80.43,0.0,-70.61,-9.74,0.0,-156.42,0.26,0.0,0.4,0.33,0.0,0.31,0,0,0,0,0.0
rac_11575408,Ripon,crs_1274,"Apr 17, 2025",2:00,6.0,5,4,11,1,1,0,hrs_51897636,Kennedys Pass,3,John & Sean Quinn,trn_369855,15,1,0.07,MPS Racing Ltd & The Ayrshire Tradesmen,own_1266388,1,125,0.0,0.0,Jason Hart,jky_270729,0,53.0,12.0,Satin Kiss,dam_4208484,Profitable,sir_6035519,Seeking The Gold,dsi_2133222,8124.0,260.0,34.0,34.0,34.0,28.0,0.99,0.13,6.16,8124.0,21.0,4.0,1.0,4.0,6.0,1.72,0.19,13.0,8124.0,270.0,33.0,34.0,30.0,27.0,0.81,0.12,-82.92,8124.0,1781.0,200.0,198.0,205.0,149.0,0.9,0.11,-395.95,0.0,0.0,0.0,0.0,0.0,0.0,Seeking The Gold,6810.0,802.0,114.0,91.0,69.0,74.0,0.98,0.14,-125.62,0,0.0,0.0,0.0,0.0,0.0,0.0,0.0,0.0,0.0,Profitable (IRE),2976.0,952.0,94.0,109.0,97.0,119.0,0.8,0.1,-198.12,0.0,Seeking The Gold,6810.0,1209.0,127.0,162.0,140.0,119.0,0.73,0.11,-533.07,0,0.0,0.0,0.0,0.0,0.0,0.0,0.0,0.0,0.0,Profitable (IRE),2976.0,721.0,80.0,96.0,69.0,83.0,0.84,0.11,-126.94,0.11,0.0,0.11,0.14,0.0,0.1,0.35,0.0,0.34,0.34,0.0,0.32,-0.27,0.0,-0.16,-0.02,0.0,-0.2,0.07,0.08,0.0,0.45,0.0,0.45,0.43,0.0,0.44,0.3,0.0,0.33,0.42,0.0,0.31,-326.43,0.0,-115.36,-16.04,0.0,-190.4,0.18,0.0,0.24,0.12,0.0,0.32,0,0,0,0,0.0
rac_11575408,Ripon,crs_1274,"Apr 17, 2025",2:00,6.0,5,4,11,1,1,0,hrs_40786144,Marajito,3,Tim Easterby,trn_91368,63,6,0.1,D A West & Partner,own_1010732,2,123,61.0,58.0,David Allan,jky_234669,362,35.0,9.0,Midnight Mojito,dam_5969012,Ardad,sir_7157318,Azamour,dsi_4094377,13004.0,1052.0,130.0,129.0,142.0,131.0,0.85,0.12,-269.11,13004.0,53.0,7.0,1.0,10.0,14.0,1.1,0.13,-16.63,13004.0,8167.0,888.0,942.0,942.0,928.0,0.84,0.11,-1901.04,13004.0,2964.0,246.0,313.0,325.0,309.0,0.75,0.08,-608.0,0.0,0.0,0.0,0.0,0.0,0.0,Azamour,3383.0,386.0,41.0,32.0,35.0,49.0,0.91,0.11,-106.49,Midnight Mojito (GB),69.0,46.0,6.0,2.0,9.0,10.0,1.04,0.13,-6.88,Ardad (IRE),1771.0,637.0,53.0,59.0,58.0,65.0,0.83,0.08,-129.65,0.0,Azamour,3383.0,611.0,68.0,65.0,65.0,92.0,0.89,0.11,-203.6,Midnight Mojito (GB),69.0,20.0,4.0,0.0,5.0,4.0,1.41,0.2,-4.13,Ardad (IRE),1771.0,477.0,41.0,41.0,47.0,57.0,0.81,0.09,-31.76,0.11,0.2,0.09,0.11,0.13,0.08,0.32,0.45,0.27,0.28,0.37,0.27,-0.11,0.41,-0.19,-0.09,0.04,-0.17,0.13,0.11,0.0,0.47,0.65,0.39,0.41,0.59,0.37,0.34,0.44,0.32,0.38,0.35,0.31,-67.21,8.2,-90.63,-34.74,1.84,-108.29,0.18,0.29,0.27,0.11,0.67,0.36,4,0,0,0,1.0
rac_11575408,Ripon,crs_1274,"Apr 17, 2025",2:00,6.0,5,4,11,1,1,0,hrs_45950758,Angelic Bugler,3,Tim Easterby,trn_91368,63,6,0.1,D B & Mrs C Lamplough & Partner,own_1137156,3,121,0.0,0.0,James Sullivan,jky_253623,0,35.0,19.0,Seraphina,dam_3556483,Soldier's Call,sir_13020504,Pips Pride,dsi_525343,9207.0,394.0,28.0,43.0,36.0,43.0,0.83,0.07,-93.55,9207.0,3.0,0.0,0.0,1.0,0.0,0.0,0.0,-3.0,9207.0,518.0,43.0,34.0,57.0,51.0,0.92,0.08,-166.64,9207.0,1963.0,147.0,168.0,188.0,169.0,0.87,0.07,-419.31,0.0,0.0,0.0,0.0,0.0,0.0,0,0.0,0.0,0.0,0.0,0.0,0.0,0.0,0.0,0.0,0,0.0,0.0,0.0,0.0,0.0,0.0,0.0,0.0,0.0,Soldier's Call (GB),1058.0,328.0,29.0,41.0,23.0,32.0,0.8,0.09,-134.46,0.0,0,0.0,0.0,0.0,0.0,0.0,0.0,0.0,0.0,0.0,0,0.0,0.0,0.0,0.0,0.0,0.0,0.0,0.0,0.0,Soldier's Call (GB),1058.0,274.0,26.0,38.0,28.0,29.0,0.67,0.09,-156.37,0.0,0.0,0.09,0.0,0.0,0.09,0.0,0.0,0.34,0.0,0.0,0.28,0.0,0.0,-0.33,0.0,0.0,-0.2,0.03,0.03,0.0,0.0,0.0,0.44,0.0,0.0,0.38,0.0,0.0,0.28,0.0,0.0,0.31,0.0,0.0,-90.42,0.0,0.0,-65.6,0.0,0.0,0.26,0.0,0.0,0.31,0,0,0,0,0.0
rac_11575408,Ripon,crs_1274,"Apr 17, 2025",2:00,6.0,5,4,11,1,1,0,hrs_50754480,Hyzenthlay Rah,3,Noel Wilson,trn_90063,1,0,0.0,MPS Racing & Partners,own_1266556,7,121,15.0,0.0,Cam Hardie,jky_278196,8,0.0,67.0,Glen Molly,dam_4991126,Rumble Inthejungle,sir_12573540,Danetime,dsi_3136224,7220.0,185.0,5.0,12.0,10.0,28.0,0.41,0.03,-114.5,0.0,0.0,0.0,0.0,0.0,0.0,0.0,0.0,0.0,0.0,0.0,0.0,0.0,0.0,0.0,0.0,0.0,0.0,7220.0,1561.0,80.0,135.0,126.0,145.0,0.67,0.05,-760.6,0.0,0.0,0.0,0.0,0.0,0.0,Danetime,3436.0,874.0,92.0,86.0,90.0,90.0,0.89,0.11,-108.71,Glen Molly (IRE),143.0,46.0,1.0,3.0,4.0,7.0,0.27,0.02,-12.0,Rumble Inthejungle (IRE),58.0,17.0,2.0,1.0,2.0,0.0,1.29,0.12,-8.75,0.0,Danetime,3436.0,826.0,89.0,82.0,75.0,92.0,0.9,0.11,-237.43,Glen Molly (IRE),143.0,27.0,0.0,1.0,2.0,1.0,0.0,0.0,-27.0,Rumble Inthejungle (IRE),58.0,27.0,3.0,1.0,3.0,4.0,1.18,0.11,-16.0,0.11,0.0,0.11,0.11,0.02,0.12,0.3,0.11,0.26,0.31,0.17,0.29,-0.1,-1.0,0.18,-0.11,-0.73,0.29,0.07,0.08,0.0,0.41,0.15,0.41,0.41,0.33,0.29,0.36,0.0,0.43,0.34,0.12,0.4,-82.6,-27.0,4.86,-96.14,-33.58,4.93,0.24,0.19,0.47,0.25,0.32,0.29,7,0,0,0,1.75
rac_11575408,Ripon,crs_1274,"Apr 17, 2025",2:00,6.0,5,4,11,1,1,0,hrs_46265457,Miss Yorkshire,3,Gemma Tutty,trn_354429,7,1,0.14,G Vasey,own_1249128,5,121,78.0,0.0,Connor Beasley,jky_272604,177,71.0,3.75,Coldgirl,dam_6223742,Johnny Barnes,sir_6065969,Verglas,dsi_3126837,6418.0,226.0,21.0,27.0,35.0,40.0,0.74,0.09,-72.38,0.0,0.0,0.0,0.0,0.0,0.0,0.0,0.0,0.0,6418.0,100.0,8.0,9.0,16.0,13.0,0.6,0.08,-30.36,6418.0,1435.0,165.0,178.0,176.0,145.0,0.93,0.11,-80.85,0.0,0.0,0.0,0.0,0.0,0.0,Verglas,5664.0,766.0,83.0,72.0,83.0,81.0,0.91,0.11,57.07,Coldgirl (FR),51.0,8.0,0.0,2.0,0.0,1.0,0.0,0.0,-8.0,Johnny Barnes (IRE),333.0,28.0,2.0,2.0,2.0,2.0,0.72,0.07,78.7,0.0,Verglas,5664.0,879.0,117.0,117.0,98.0,96.0,0.99,0.13,-33.47,Coldgirl (FR),51.0,10.0,0.0,4.0,0.0,1.0,0.0,0.0,-10.0,Johnny Barnes (IRE),333.0,37.0,1.0,4.0,4.0,4.0,0.32,0.03,-34.5,0.13,0.0,0.03,0.11,0.0,0.07,0.38,0.4,0.24,0.31,0.25,0.21,-0.01,-1.0,-0.68,-0.09,-1.0,-0.28,0.05,0.06,0.0,0.49,0.5,0.35,0.42,0.38,0.29,0.35,0.0,0.11,0.35,0.0,0.33,-8.79,-10.0,-25.16,-68.94,-8.0,-7.84,0.16,0.2,0.11,0.14,0.16,0.08,2,0,0,0,0.5
rac_11575408,Ripon,crs_1274,"Apr 17, 2025",2:00,6.0,5,4,11,1,1,0,hrs_48112169,Sharp Call,3,Michael & David Easterby,trn_346887,21,1,0.05,B Padgett Racing,own_1004452,9,121,20.0,20.0,Billy Garritty,jky_285456,8,43.0,23.0,Sharp Practice,dam_14106771,Soldier's Call,sir_13020504,Redoute's Choice,dsi_3565226,2139.0,51.0,9.0,3.0,9.0,2.0,1.18,0.18,-1.76,2139.0,16.0,0.0,2.0,1.0,2.0,0.0,0.0,-16.0,2139.0,253.0,28.0,16.0,27.0,31.0,0.98,0.11,38.39,2139.0,377.0,44.0,38.0,43.0,35.0,1.01,0.12,19.1,2.0,0.0,0.0,0.0,0.0,0.0,Redoute's Choice,4306.0,1094.0,97.0,99.0,87.0,115.0,0.82,0.09,-357.1,Sharp Practice (GB),3.0,2.0,0.0,0.0,0.0,0.0,0.0,0.0,-2.0,Soldier's Call (GB),1058.0,328.0,29.0,41.0,23.0,32.0,0.8,0.09,-134.46,0.0,Redoute's Choice,4306.0,384.0,41.0,36.0,41.0,38.0,0.84,0.11,-110.66,Sharp Practice (GB),3.0,2.0,0.0,0.0,0.0,0.0,0.0,0.0,-2.0,Soldier's Call (GB),1058.0,274.0,26.0,38.0,28.0,29.0,0.67,0.09,-156.37,0.11,0.0,0.09,0.09,0.0,0.09,0.31,0.0,0.34,0.26,0.0,0.28,-0.16,-1.0,-0.33,-0.18,-1.0,-0.2,0.07,0.06,0.12,0.41,0.0,0.44,0.36,0.0,0.38,0.35,0.0,0.28,0.34,0.0,0.31,-61.44,-2.0,-90.42,-196.92,-2.0,-65.6,0.09,0.67,0.26,0.25,0.67,0.31,9,7,5,7,7.0
rac_11575395,Ripon,crs_1274,"Apr 17, 2025",2:35,12.0,5,4,6,1,1,0,hrs_33036024,Dino Bellagio,6,Donald McCain,trn_141066,21,1,0.05,Nick Brown Racing,own_645964,1,142,0.0,0.0,Paul Mulrennan,jky_238113,112,43.0,8.0,Savingforvegas,dam_6207054,Doyen,sir_3983700,Beneficial,dsi_530859,14367.0,583.0,73.0,49.0,66.0,61.0,1.05,0.13,-163.25,0.0,0.0,0.0,0.0,0.0,0.0,0.0,0.0,0.0,14367.0,46.0,5.0,4.0,3.0,12.0,1.09,0.11,-10.17,14367.0,823.0,72.0,83.0,95.0,102.0,0.72,0.09,-327.91,0.0,0.0,0.0,0.0,0.0,0.0,Beneficial,6618.0,12.0,1.0,0.0,1.0,1.0,1.4,0.08,-5.0,0,0.0,0.0,0.0,0.0,0.0,0.0,0.0,0.0,0.0,Doyen (IRE),6534.0,215.0,15.0,20.0,32.0,25.0,0.63,0.07,-119.9,0.0,Beneficial,6618.0,1022.0,126.0,123.0,116.0,93.0,0.91,0.12,-88.71,Savingforvegas (IRE),26.0,7.0,4.0,0.0,1.0,0.0,3.45,0.57,14.25,Doyen (IRE),6534.0,1082.0,131.0,120.0,125.0,110.0,0.94,0.12,-184.87,0.12,0.57,0.12,0.08,0.0,0.07,0.36,0.71,0.35,0.17,0.0,0.31,-0.09,2.45,-0.06,0.4,0.0,-0.37,0.27,0.05,0.0,0.45,0.71,0.45,0.25,0.0,0.43,0.35,0.8,0.35,0.5,0.0,0.22,-91.98,17.15,-64.92,4.8,0.0,-79.55,0.15,0.27,0.17,0.0,0.0,0.03,0,0,0,0,0.0
rac_11575395,Ripon,crs_1274,"Apr 17, 2025",2:35,12.0,5,4,6,1,1,0,hrs_51244340,Dollar's Dream,4,Danny Brooke,trn_339516,0,0,0.0,The Dalby Family & Partners,own_1358628,4,142,0.0,0.0,Sam James,jky_261870,20,0.0,34.0,Josette,dam_4241874,Phoenix Of Spain,sir_14576338,Danehill,dsi_296611,4973.0,177.0,19.0,24.0,25.0,15.0,0.86,0.11,-66.94,0.0,0.0,0.0,0.0,0.0,0.0,0.0,0.0,0.0,4973.0,23.0,1.0,1.0,1.0,0.0,0.65,0.04,-17.0,4973.0,275.0,23.0,38.0,22.0,32.0,0.79,0.08,-107.2,0.0,0.0,0.0,0.0,0.0,0.0,Danehill,28982.0,2169.0,248.0,247.0,235.0,262.0,0.83,0.11,-508.35,0,0.0,0.0,0.0,0.0,0.0,0.0,0.0,0.0,0.0,Phoenix Of Spain (IRE),611.0,29.0,3.0,3.0,5.0,3.0,0.68,0.1,-15.9,0.0,Danehill,28982.0,5481.0,639.0,685.0,631.0,588.0,0.85,0.12,-1223.62,Josette (IRE),24.0,13.0,0.0,1.0,1.0,4.0,0.0,0.0,-13.0,Phoenix Of Spain (IRE),611.0,129.0,24.0,19.0,16.0,17.0,1.03,0.19,-50.25,0.12,0.0,0.19,0.11,0.0,0.1,0.36,0.15,0.46,0.34,0.0,0.38,-0.15,-1.0,0.03,-0.17,0.0,-0.32,0.1,0.07,0.0,0.46,0.46,0.59,0.46,0.0,0.48,0.33,0.0,0.41,0.34,0.0,0.27,-822.15,-13.0,3.87,-368.73,0.0,-9.28,0.19,0.54,0.21,0.07,0.0,0.05,0,0,0,0,0.0
rac_11575395,Ripon,crs_1274,"Apr 17, 2025",2:35,12.0,5,4,6,1,1,0,hrs_45314878,Emerald Island,3,David Menuisier,trn_264699,8,1,0.13,Guy Pariente Holding,own_1310004,2,122,0.0,0.0,Luke Morris,jky_254571,0,25.0,4.5,Oranor,dam_5179265,Galiway,sir_5895316,Starborough,dsi_3155264,21764.0,75.0,9.0,6.0,11.0,9.0,0.68,0.12,-37.77,0.0,0.0,0.0,0.0,0.0,0.0,0.0,0.0,0.0,21764.0,10.0,0.0,3.0,0.0,2.0,0.0,0.0,-10.0,21764.0,1637.0,204.0,232.0,206.0,209.0,0.84,0.12,-293.98,0.0,0.0,0.0,0.0,0.0,0.0,Starborough,1164.0,56.0,9.0,2.0,5.0,3.0,1.45,0.16,66.7,0,0.0,0.0,0.0,0.0,0.0,0.0,0.0,0.0,0.0,Galiway (GB),940.0,67.0,6.0,4.0,6.0,7.0,0.75,0.09,-9.29,0.0,Starborough,1164.0,152.0,19.0,11.0,16.0,18.0,1.08,0.12,-40.37,0,0.0,0.0,0.0,0.0,0.0,0.0,0.0,0.0,0.0,Galiway (GB),940.0,19.0,3.0,2.0,5.0,2.0,1.03,0.16,0.98,0.12,0.0,0.16,0.16,0.0,0.09,0.3,0.0,0.53,0.29,0.0,0.24,0.08,0.0,0.03,0.45,0.0,-0.25,0.09,0.08,0.0,0.42,0.0,0.63,0.34,0.0,0.34,0.41,0.0,0.3,0.56,0.0,0.38,12.16,0.0,0.57,25.2,0.0,-16.75,0.13,0.0,0.02,0.05,0.0,0.07,0,0,0,0,0.0
rac_11575395,Ripon,crs_1274,"Apr 17, 2025",2:35,12.0,5,4,6,1,1,0,hrs_51897650,Gravitas,3,Charlie Johnston,trn_361179,30,1,0.03,Gallop Racing,own_940648,5,122,0.0,0.0,Jason Hart,jky_270729,0,43.0,3.0,Amazone,dam_6340082,Sea The Stars,sir_4868829,Adlerflug,dsi_4761330,8124.0,260.0,34.0,34.0,34.0,28.0,0.99,0.13,6.16,8124.0,10.0,1.0,2.0,1.0,2.0,0.73,0.1,-6.0,8124.0,239.0,28.0,29.0,26.0,33.0,0.84,0.12,-40.44,8124.0,388.0,37.0,32.0,56.0,45.0,0.77,0.1,-78.3,0.0,0.0,0.0,0.0,0.0,0.0,Adlerflug,264.0,30.0,3.0,3.0,1.0,5.0,0.87,0.1,-21.4,Amazone (GER),34.0,9.0,2.0,1.0,0.0,0.0,1.32,0.22,-5.2,Sea The Stars (IRE),8638.0,1525.0,262.0,228.0,190.0,172.0,0.93,0.17,-388.08,0.0,Adlerflug,264.0,30.0,9.0,2.0,3.0,2.0,1.47,0.3,5.09,Amazone (GER),34.0,3.0,2.0,1.0,0.0,0.0,1.87,0.67,2.3,Sea The Stars (IRE),8638.0,1621.0,286.0,246.0,212.0,186.0,0.89,0.18,-451.35,0.3,0.67,0.18,0.1,0.22,0.17,0.47,1.0,0.46,0.23,0.33,0.45,0.47,0.87,-0.11,-0.13,0.32,-0.07,0.38,0.16,0.0,0.53,1.0,0.57,0.4,0.33,0.56,0.64,0.67,0.38,0.43,0.67,0.39,14.1,2.61,-178.31,-3.9,2.88,-106.75,0.11,0.09,0.19,0.11,0.26,0.18,0,0,0,0,0.0
rac_11575395,Ripon,crs_1274,"Apr 17, 2025",2:35,12.0,5,4,6,1,1,0,hrs_46326966,Highland George,3,Liam Bailey,trn_321390,5,1,0.2,Colin Stirling,own_701288,6,122,29.0,19.0,Billy Garritty,jky_285456,10,80.0,19.0,Full Moon Fever,dam_5928090,Highland Reel,sir_5957532,Azamour,dsi_4094377,2139.0,51.0,9.0,3.0,9.0,2.0,1.18,0.18,-1.76,2139.0,11.0,1.0,1.0,1.0,0.0,2.15,0.09,-3.5,2139.0,194.0,17.0,20.0,27.0,20.0,0.93,0.09,-55.88,2139.0,87.0,8.0,10.0,10.0,5.0,0.81,0.09,-22.05,0.0,0.0,0.0,0.0,0.0,0.0,Azamour,3383.0,250.0,27.0,25.0,34.0,27.0,0.9,0.11,22.95,0,0.0,0.0,0.0,0.0,0.0,0.0,0.0,0.0,0.0,Highland Reel (IRE),1202.0,125.0,6.0,7.0,15.0,15.0,0.54,0.05,-60.0,0.0,Azamour,3383.0,611.0,68.0,65.0,65.0,92.0,0.89,0.11,-203.6,Full Moon Fever (IRE),16.0,4.0,0.0,0.0,0.0,0.0,0.0,0.0,-4.0,Highland Reel (IRE),1202.0,247.0,23.0,20.0,24.0,24.0,0.85,0.09,-124.41,0.11,0.0,0.09,0.11,0.0,0.05,0.32,0.0,0.27,0.34,0.0,0.22,-0.11,-1.0,-0.15,-0.1,0.0,-0.46,0.07,0.05,0.0,0.47,0.0,0.37,0.45,0.0,0.34,0.34,0.0,0.34,0.31,0.0,0.21,-67.21,-4.0,-37.05,-25.0,0.0,-57.5,0.18,0.25,0.21,0.07,0.0,0.1,0,7,0,0,1.75
rac_11575395,Ripon,crs_1274,"Apr 17, 2025",2:35,12.0,5,4,6,1,1,0,hrs_43637048,Middle Ages,3,Andrew Balding,trn_140445,46,11,0.24,Isa Salman Al Khalifa,own_925812,3,122,63.0,46.0,Rob Hornby,jky_278322,260,65.0,2.5,Arte Volante,dam_6044815,Camelot,sir_5493992,Dutch Art,dsi_4618404,5622.0,8.0,1.0,0.0,3.0,1.0,0.91,0.12,-3.5,0.0,0.0,0.0,0.0,0.0,0.0,0.0,0.0,0.0,5622.0,695.0,82.0,78.0,86.0,87.0,0.83,0.12,-171.25,5622.0,513.0,48.0,61.0,66.0,51.0,0.74,0.09,-118.15,0.0,0.0,0.0,0.0,0.0,0.0,Dutch Art,4242.0,107.0,14.0,11.0,15.0,13.0,0.94,0.13,-19.61,0,0.0,0.0,0.0,0.0,0.0,0.0,0.0,0.0,0.0,Camelot (GB),6458.0,911.0,103.0,115.0,129.0,100.0,0.75,0.11,-331.44,0.0,Dutch Art,4242.0,1033.0,139.0,112.0,113.0,104.0,1.0,0.13,-79.81,0,0.0,0.0,0.0,0.0,0.0,0.0,0.0,0.0,0.0,Camelot (GB),6458.0,1040.0,123.0,109.0,131.0,126.0,0.87,0.12,-369.95,0.13,0.0,0.12,0.13,0.0,0.11,0.35,0.0,0.35,0.37,0.0,0.38,0.0,0.0,-0.13,-0.06,0.0,-0.25,0.08,0.08,0.0,0.45,0.0,0.47,0.5,0.0,0.49,0.38,0.0,0.34,0.35,0.0,0.3,0.0,0.0,-135.2,-6.42,0.0,-227.75,0.24,0.0,0.16,0.03,0.0,0.14,8,0,0,0,2.0
rac_11575369,Ripon,crs_1274,"Apr 17, 2025",3:10,6.0,4,4,9,1,1,0,hrs_39961068,Cairdeas,3,William Haggas,trn_30735,21,3,0.14,Trailer Resources Ltd,own_747056,7,136,89.0,67.0,Cieren Fallon,jky_295557,176,44.0,5.5,Avengers Queen,dam_18952528,Sergei Prokofiev,sir_13368145,Brazen Beau,dsi_6026251,3123.0,20.0,3.0,4.0,2.0,4.0,0.79,0.15,-10.67,0.0,0.0,0.0,0.0,0.0,0.0,0.0,0.0,0.0,3123.0,593.0,119.0,95.0,78.0,67.0,0.93,0.2,55.08,3123.0,578.0,72.0,63.0,66.0,62.0,0.89,0.12,-40.35,2.0,0.0,0.0,1.0,0.0,0.0,Brazen Beau,9.0,3.0,0.0,0.0,1.0,0.0,0.0,0.0,-3.0,Avengers Queen (GB),5.0,2.0,0.0,0.0,1.0,0.0,0.0,0.0,-2.0,Sergei Prokofiev (CAN),302.0,114.0,8.0,6.0,15.0,10.0,0.67,0.07,-78.65,0.0,Brazen Beau,9.0,4.0,1.0,0.0,1.0,0.0,1.54,0.25,1.0,Avengers Queen (GB),5.0,3.0,1.0,0.0,1.0,0.0,2.38,0.33,2.0,Sergei Prokofiev (CAN),302.0,58.0,5.0,5.0,6.0,5.0,0.79,0.09,-29.0,0.25,0.33,0.09,0.0,0.0,0.07,0.5,0.67,0.28,0.33,0.5,0.25,0.54,1.38,-0.21,-1.0,-1.0,-0.33,0.22,0.02,0.12,0.5,0.67,0.36,0.33,0.5,0.34,0.5,0.5,0.31,0.0,0.0,0.28,2.16,4.14,-12.18,-3.0,-2.0,-37.62,0.44,0.6,0.19,0.33,0.4,0.38,6,3,1,0,2.5
rac_11575369,Ripon,crs_1274,"Apr 17, 2025",3:10,6.0,4,4,9,1,1,0,hrs_41051906,Lord Roxby,3,Nigel Tinkler,trn_7785,18,2,0.11,N Skinner D Jenkins T Goodair J Glover,own_1374916,1,135,85.0,69.0,Rowan Scott,jky_277695,188,56.0,13.0,Miami Breeze,dam_26356596,Soldier's Call,sir_13020504,Born To Sea,dsi_5411385,3332.0,137.0,10.0,7.0,15.0,16.0,0.75,0.07,-61.87,3332.0,4.0,1.0,2.0,0.0,0.0,1.54,0.25,1.0,3332.0,911.0,76.0,86.0,103.0,96.0,0.82,0.08,-165.43,3332.0,787.0,64.0,81.0,74.0,69.0,0.87,0.08,-174.26,1.0,0.0,1.0,0.0,0.0,0.0,Born To Sea,328.0,104.0,15.0,12.0,6.0,13.0,1.1,0.14,-3.0,Miami Breeze (IRE),10.0,2.0,0.0,1.0,0.0,0.0,0.0,0.0,-2.0,Soldier's Call (GB),1058.0,328.0,29.0,41.0,23.0,32.0,0.8,0.09,-134.46,0.0,Born To Sea,328.0,73.0,6.0,7.0,10.0,9.0,0.62,0.08,-29.77,0,0.0,0.0,0.0,0.0,0.0,0.0,0.0,0.0,0.0,Soldier's Call (GB),1058.0,181.0,27.0,20.0,17.0,15.0,1.18,0.15,-44.53,0.08,0.0,0.15,0.14,0.0,0.09,0.32,0.0,0.35,0.32,0.5,0.28,-0.38,0.0,0.18,0.1,-1.0,-0.2,0.08,0.08,0.08,0.44,0.0,0.44,0.44,0.5,0.38,0.26,0.0,0.42,0.45,0.0,0.31,-27.74,0.0,32.58,10.4,-2.0,-65.6,0.22,0.0,0.17,0.32,0.2,0.31,2,1,2,7,3.0
rac_11575369,Ripon,crs_1274,"Apr 17, 2025",3:10,6.0,4,4,9,1,1,0,hrs_40919753,American Style,3,Kevin Ryan,trn_202725,25,1,0.04,Hambleton Racing Ltd XXXVIII,own_900032,3,133,87.0,79.0,Tom Eaves,jky_230493,194,40.0,8.5,Dance On The Day,dam_11664128,Washington DC,sir_6201195,Epaulette,dsi_5648727,17176.0,497.0,27.0,33.0,40.0,44.0,0.64,0.05,-271.14,17176.0,18.0,2.0,3.0,3.0,1.0,0.73,0.11,-0.75,17176.0,1801.0,193.0,212.0,201.0,191.0,0.9,0.11,-402.0,17176.0,3743.0,290.0,331.0,356.0,367.0,0.82,0.08,-1073.6,5.0,0.0,3.0,0.0,0.0,0.0,Epaulette,166.0,43.0,3.0,6.0,6.0,6.0,0.5,0.07,-33.25,Dance On The Day (IRE),7.0,5.0,0.0,3.0,0.0,0.0,0.0,0.0,-5.0,Washington DC (IRE),505.0,175.0,16.0,23.0,15.0,14.0,0.91,0.09,-37.36,0.0,Epaulette,166.0,29.0,2.0,5.0,4.0,5.0,0.53,0.07,-15.67,Dance On The Day (IRE),7.0,1.0,0.0,1.0,0.0,0.0,0.0,0.0,-1.0,Washington DC (IRE),505.0,62.0,5.0,7.0,9.0,5.0,0.62,0.08,-36.5,0.07,0.0,0.08,0.07,0.0,0.09,0.38,1.0,0.34,0.35,0.6,0.31,-0.47,-1.0,-0.38,-0.5,-1.0,-0.09,0.05,0.05,0.08,0.55,1.0,0.42,0.49,0.6,0.39,0.18,0.0,0.24,0.2,0.0,0.3,-13.63,-1.0,-23.56,-21.5,-5.0,-15.75,0.17,0.14,0.12,0.26,0.71,0.35,2,2,0,1,1.25
rac_11575369,Ripon,crs_1274,"Apr 17, 2025",3:10,6.0,4,4,9,1,1,0,hrs_40434002,Far Above The Law,3,Alice Haynes,trn_343530,14,0,0.0,Syndicates Racing II And Partners,own_1366320,2,131,87.0,78.0,Kieran O'Neill,jky_250764,216,36.0,8.5,Cindy Bear,dam_18857062,Far Above,sir_18120207,Kodiac,dsi_4080139,8228.0,32.0,11.0,5.0,6.0,2.0,1.79,0.34,30.76,8228.0,7.0,1.0,0.0,4.0,1.0,0.86,0.14,-4.75,8228.0,965.0,105.0,105.0,134.0,127.0,0.85,0.11,-174.11,8228.0,1589.0,135.0,131.0,188.0,161.0,0.91,0.08,-314.35,4.0,1.0,0.0,3.0,0.0,0.25,Kodiac,3736.0,1014.0,113.0,109.0,120.0,116.0,0.88,0.11,-248.85,Cindy Bear (IRE),7.0,4.0,1.0,0.0,3.0,0.0,1.27,0.25,-1.75,Far Above (IRE),147.0,48.0,4.0,9.0,8.0,0.0,0.72,0.08,1.08,0.0,Kodiac,3736.0,569.0,67.0,63.0,64.0,70.0,0.9,0.12,-137.99,Cindy Bear (IRE),7.0,3.0,0.0,0.0,3.0,0.0,0.0,0.0,-3.0,Far Above (IRE),147.0,22.0,2.0,2.0,6.0,1.0,0.63,0.09,-4.12,0.12,0.0,0.09,0.11,0.25,0.08,0.34,1.0,0.45,0.34,1.0,0.44,-0.1,-1.0,-0.37,-0.12,0.27,-0.28,0.07,0.15,0.09,0.46,1.0,0.5,0.45,1.0,0.44,0.35,0.0,0.2,0.33,0.25,0.19,-56.9,-3.0,-8.14,-121.68,1.08,-13.44,0.15,0.43,0.15,0.27,0.57,0.33,3,1,3,3,2.5
rac_11575369,Ripon,crs_1274,"Apr 17, 2025",3:10,6.0,4,4,9,1,1,0,hrs_40786179,Larchill Lass,3,Michael & David Easterby,trn_346887,21,1,0.05,Nick Bradley Racing 8 & Partner,own_1166192,9,129,87.0,81.0,Billy Garritty,jky_285456,178,43.0,26.0,Final Set,dam_11016152,Territories,sir_6051941,Dark Angel,dsi_4701529,2139.0,51.0,9.0,3.0,9.0,2.0,1.18,0.18,-1.76,0.0,0.0,0.0,0.0,0.0,0.0,0.0,0.0,0.0,2139.0,253.0,28.0,16.0,27.0,31.0,0.98,0.11,38.39,2139.0,377.0,44.0,38.0,43.0,35.0,1.01,0.12,19.1,3.0,0.0,1.0,0.0,0.0,0.0,Dark Angel,4650.0,1115.0,108.0,117.0,114.0,118.0,0.82,0.1,-392.76,Final Set (IRE),29.0,3.0,0.0,1.0,0.0,0.0,0.0,0.0,-3.0,Territories (IRE),2626.0,510.0,45.0,53.0,57.0,66.0,0.73,0.09,-195.21,0.0,Dark Angel,4650.0,722.0,76.0,89.0,72.0,81.0,0.82,0.11,-197.34,Final Set (IRE),29.0,9.0,1.0,1.0,1.0,0.0,0.97,0.11,-6.5,Territories (IRE),2626.0,385.0,33.0,50.0,48.0,52.0,0.64,0.09,-235.73,0.11,0.11,0.09,0.1,0.0,0.09,0.33,0.33,0.34,0.3,0.33,0.3,-0.18,-0.03,-0.36,-0.18,-1.0,-0.27,0.1,0.06,0.12,0.44,0.33,0.48,0.41,0.33,0.43,0.32,0.33,0.25,0.32,0.0,0.29,-129.96,-0.27,-138.6,-200.7,-3.0,-137.7,0.16,0.31,0.15,0.24,0.1,0.19,6,3,7,2,4.5
rac_11575369,Ripon,crs_1274,"Apr 17, 2025",3:10,6.0,4,4,9,1,1,0,hrs_41877542,Green Pursuit,3,Adrian Paul Keatley,trn_265617,9,2,0.22,Eco-Power Racing,own_1324580,6,129,94.0,75.0,Connor Beasley,jky_272604,8,67.0,1.91,High Regards,dam_26678190,Arizona,sir_18092508,High Chaparral,dsi_3823484,6418.0,226.0,21.0,27.0,35.0,40.0,0.74,0.09,-72.38,0.0,0.0,0.0,0.0,0.0,0.0,0.0,0.0,0.0,6418.0,22.0,1.0,3.0,3.0,3.0,0.35,0.05,-16.5,6418.0,1435.0,165.0,178.0,176.0,145.0,0.93,0.11,-80.85,3.0,0.0,0.0,1.0,0.0,0.0,High Chaparral,8146.0,955.0,97.0,94.0,83.0,86.0,0.89,0.1,-108.06,High Regards (IRE),33.0,4.0,0.0,0.0,1.0,0.0,0.0,0.0,-4.0,Arizona (IRE),135.0,28.0,0.0,1.0,3.0,0.0,0.0,0.0,-28.0,0.0,High Chaparral,8146.0,1262.0,117.0,142.0,135.0,132.0,0.73,0.09,-477.35,High Regards (IRE),33.0,1.0,0.0,0.0,1.0,0.0,0.0,0.0,-1.0,Arizona (IRE),135.0,14.0,1.0,0.0,3.0,0.0,1.14,0.07,-5.5,0.09,0.0,0.07,0.1,0.0,0.0,0.31,1.0,0.29,0.29,0.25,0.14,-0.27,-1.0,0.14,-0.11,-1.0,-1.0,0.05,0.03,0.11,0.42,1.0,0.29,0.38,0.25,0.14,0.3,0.0,0.25,0.35,0.0,0.0,-340.74,-1.0,1.96,-105.05,-4.0,-28.0,0.15,0.03,0.1,0.12,0.12,0.21,0,3,7,6,4.0
rac_11575369,Ripon,crs_1274,"Apr 17, 2025",3:10,6.0,4,4,9,1,1,0,hrs_41189505,Stirrup Cup,3,Tim Easterby,trn_91368,63,6,0.1,Reality Partnerships XIII,own_1049800,4,128,84.0,64.0,David Allan,jky_234669,192,35.0,17.0,Hip Flask,dam_5972113,Washington DC,sir_6201195,Motivator,dsi_4131533,13004.0,1052.0,130.0,129.0,142.0,131.0,0.85,0.12,-269.11,13004.0,24.0,4.0,2.0,3.0,6.0,1.0,0.17,-3.75,13004.0,8167.0,888.0,942.0,942.0,928.0,0.84,0.11,-1901.04,13004.0,2964.0,246.0,313.0,325.0,309.0,0.75,0.08,-608.0,6.0,1.0,2.0,0.0,1.0,0.17,Motivator,2923.0,382.0,26.0,42.0,38.0,35.0,0.58,0.07,-84.12,Hip Flask (GB),8.0,6.0,1.0,2.0,0.0,1.0,1.72,0.17,0.5,Washington DC (IRE),505.0,175.0,16.0,23.0,15.0,14.0,0.91,0.09,-37.36,0.0,Motivator,2923.0,450.0,58.0,53.0,55.0,49.0,0.95,0.13,-71.69,Hip Flask (GB),8.0,1.0,0.0,0.0,0.0,0.0,0.0,0.0,-1.0,Washington DC (IRE),505.0,62.0,5.0,7.0,9.0,5.0,0.62,0.08,-36.5,0.13,0.0,0.08,0.07,0.17,0.09,0.37,0.0,0.34,0.28,0.5,0.31,-0.05,-1.0,-0.38,-0.42,0.72,-0.09,0.07,0.11,0.08,0.48,0.0,0.42,0.37,0.67,0.39,0.35,0.0,0.24,0.25,0.33,0.3,-22.5,-1.0,-23.56,-160.44,4.32,-15.75,0.15,0.12,0.12,0.13,0.75,0.35,4,5,1,2,3.0
rac_11575369,Ripon,crs_1274,"Apr 17, 2025",3:10,6.0,4,4,9,1,1,0,hrs_40959800,Invincible Annice,3,Tracy Waggott,trn_160227,6,0,0.0,W J Laws,own_193976,8,126,87.0,80.0,Jason Hart,jky_270729,194,33.0,21.0,Mokhtarah,dam_39060959,Invincible Spirit,sir_3548489,Dark Angel,dsi_4701529,8124.0,260.0,34.0,34.0,34.0,28.0,0.99,0.13,6.16,8124.0,9.0,1.0,2.0,1.0,0.0,0.64,0.11,-4.67,8124.0,75.0,5.0,8.0,12.0,6.0,0.55,0.07,-51.67,8124.0,1781.0,200.0,198.0,205.0,149.0,0.9,0.11,-395.95,1.0,0.0,0.0,0.0,0.0,0.0,Dark Angel,4650.0,1115.0,108.0,117.0,114.0,118.0,0.82,0.1,-392.76,Mokhtarah (IRE),11.0,1.0,0.0,0.0,0.0,0.0,0.0,0.0,-1.0,Invincible Spirit (IRE),21494.0,5012.0,573.0,560.0,544.0,483.0,0.81,0.11,-1187.72,0.0,Dark Angel,4650.0,722.0,76.0,89.0,72.0,81.0,0.82,0.11,-197.34,Mokhtarah (IRE),11.0,4.0,1.0,1.0,1.0,1.0,0.77,0.25,-0.75,Invincible Spirit (IRE),21494.0,3597.0,421.0,456.0,423.0,375.0,0.8,0.12,-968.85,0.11,0.25,0.12,0.1,0.0,0.11,0.33,0.75,0.36,0.3,0.0,0.33,-0.18,-0.23,-0.2,-0.18,-1.0,-0.19,0.16,0.07,0.11,0.44,1.0,0.47,0.41,0.0,0.43,0.32,0.33,0.32,0.32,0.0,0.34,-129.96,-0.92,-719.4,-200.7,-1.0,-952.28,0.16,0.36,0.17,0.24,0.09,0.23,2,1,4,3,2.5
rac_11575369,Ripon,crs_1274,"Apr 17, 2025",3:10,6.0,4,4,9,1,1,0,hrs_41014064,Spring Corn,3,Tim Easterby,trn_91368,63,6,0.1,"S Bulmer, P Hebdon & R Taylor",own_1182660,5,118,88.0,80.0,Cam Hardie,jky_278196,213,35.0,19.0,Harvest Moon,dam_8110508,Ardad,sir_7157318,Mayson,dsi_5298622,7220.0,185.0,5.0,12.0,10.0,28.0,0.41,0.03,-114.5,0.0,0.0,0.0,0.0,0.0,0.0,0.0,0.0,0.0,7220.0,271.0,17.0,24.0,17.0,35.0,0.87,0.06,-6.25,7220.0,1561.0,80.0,135.0,126.0,145.0,0.67,0.05,-760.6,2.0,0.0,0.0,1.0,0.0,0.0,Mayson,494.0,183.0,20.0,15.0,17.0,21.0,1.03,0.11,52.66,Harvest Moon (GB),13.0,2.0,0.0,0.0,1.0,0.0,0.0,0.0,-2.0,Ardad (IRE),1771.0,637.0,53.0,59.0,58.0,65.0,0.83,0.08,-129.65,0.0,Mayson,494.0,76.0,12.0,5.0,8.0,7.0,1.26,0.16,36.2,Harvest Moon (GB),13.0,8.0,0.0,0.0,2.0,0.0,0.0,0.0,-8.0,Ardad (IRE),1771.0,248.0,27.0,20.0,25.0,34.0,0.92,0.11,-57.87,0.16,0.0,0.11,0.11,0.0,0.08,0.33,0.25,0.29,0.28,0.5,0.27,0.26,-1.0,-0.08,0.03,-1.0,-0.17,0.09,0.06,0.05,0.42,0.25,0.43,0.4,0.5,0.37,0.48,0.0,0.38,0.38,0.0,0.31,19.76,-8.0,-19.84,5.49,-2.0,-108.29,0.15,0.62,0.14,0.37,0.15,0.36,3,0,3,5,2.75
rac_11575330,Ripon,crs_1274,"Apr 17, 2025",3:42,6.0,4,4,14,1,1,0,hrs_6988408,Dakota Gold,11,Michael Dods,trn_45711,17,0,0.0,"Doug Graham,Ian Davison,Alan Drysdale 1",own_1169476,9,135,99.0,86.0,Connor Beasley,jky_272604,180,29.0,10.0,Joyeaux,dam_4145323,Equiano,sir_4846485,Mark Of Esteem,dsi_736484,6418.0,226.0,21.0,27.0,35.0,40.0,0.74,0.09,-72.38,6418.0,40.0,6.0,7.0,4.0,0.0,0.95,0.15,0.62,6418.0,1804.0,197.0,242.0,218.0,189.0,0.79,0.11,-428.98,6418.0,1435.0,165.0,178.0,176.0,145.0,0.93,0.11,-80.85,33.0,9.0,8.0,2.0,1.0,0.27,Mark Of Esteem,9047.0,1164.0,158.0,139.0,102.0,125.0,1.06,0.14,-48.45,Joyeaux (GB),154.0,76.0,21.0,13.0,6.0,6.0,1.75,0.28,90.91,Equiano (FR),7694.0,2566.0,226.0,269.0,256.0,251.0,0.8,0.09,-821.55,0.0,Mark Of Esteem,9047.0,1497.0,185.0,186.0,145.0,157.0,0.93,0.12,-422.32,Joyeaux (GB),154.0,20.0,5.0,1.0,2.0,1.0,2.25,0.25,11.75,Equiano (FR),7694.0,1076.0,132.0,109.0,134.0,115.0,0.99,0.12,-58.41,0.12,0.25,0.12,0.14,0.28,0.09,0.34,0.4,0.35,0.34,0.53,0.29,-0.07,1.25,-0.01,0.06,0.75,-0.2,0.16,0.17,0.12,0.45,0.45,0.46,0.45,0.61,0.39,0.36,0.62,0.35,0.4,0.52,0.3,-104.79,25.0,-10.76,69.84,57.0,-513.2,0.17,0.13,0.14,0.13,0.49,0.33,7,9,5,0,5.25
rac_11575330,Ripon,crs_1274,"Apr 17, 2025",3:42,6.0,4,4,14,1,1,0,hrs_22131046,Wobwobwob,7,Adrian Paul Keatley,trn_265617,9,2,0.22,Andy Finneran,own_1397640,3,134,94.0,93.0,Oisin McSweeney(3),jky_298641,173,67.0,10.0,Ishimagic,dam_4626951,Prince Of Lir,sir_7108171,Ishiguru,dsi_3728466,776.0,22.0,1.0,6.0,2.0,2.0,0.28,0.05,-16.5,776.0,4.0,1.0,0.0,0.0,0.0,5.2,0.25,15.0,776.0,41.0,3.0,7.0,2.0,2.0,0.78,0.07,-13.75,776.0,192.0,21.0,22.0,15.0,15.0,0.94,0.11,-12.5,16.0,3.0,0.0,1.0,1.0,0.19,Ishiguru,1152.0,383.0,46.0,33.0,37.0,38.0,1.1,0.12,-56.77,Ishimagic (GB),270.0,68.0,10.0,4.0,5.0,7.0,1.59,0.15,52.5,Prince Of Lir (IRE),1078.0,352.0,38.0,23.0,31.0,32.0,0.93,0.11,-107.71,0.0,Ishiguru,1152.0,182.0,20.0,22.0,25.0,16.0,0.87,0.11,-60.24,Ishimagic (GB),270.0,14.0,3.0,1.0,4.0,0.0,1.42,0.21,0.75,Prince Of Lir (IRE),1078.0,147.0,20.0,12.0,17.0,16.0,1.06,0.14,7.5,0.11,0.21,0.14,0.12,0.15,0.11,0.37,0.57,0.33,0.3,0.28,0.26,-0.13,0.42,0.06,0.1,0.59,-0.07,0.15,0.13,0.12,0.46,0.57,0.44,0.4,0.38,0.35,0.3,0.38,0.41,0.4,0.53,0.41,-23.66,5.88,8.82,38.3,40.12,-24.64,0.16,0.05,0.14,0.33,0.25,0.33,6,5,7,9,6.75
rac_11575330,Ripon,crs_1274,"Apr 17, 2025",3:42,6.0,4,4,14,1,1,0,hrs_21342055,Cairn Gorm,7,Michael Appleby,trn_93267,12,0,0.0,Value Racing - Cairn Gorm,own_1410560,1,134,98.0,0.0,Luke Morris,jky_254571,55,50.0,11.0,In Your Time,dam_5311341,Bated Breath,sir_5178992,Dalakhani,dsi_3974124,21764.0,75.0,9.0,6.0,11.0,9.0,0.68,0.12,-37.77,21764.0,2.0,1.0,1.0,0.0,0.0,2.36,0.5,9.0,21764.0,668.0,74.0,66.0,75.0,100.0,0.82,0.11,-117.41,21764.0,4009.0,353.0,428.0,449.0,483.0,0.75,0.09,-1467.31,23.0,5.0,1.0,4.0,3.0,0.22,Dalakhani,7942.0,636.0,82.0,72.0,69.0,60.0,0.99,0.13,-103.81,In Your Time (GB),59.0,29.0,7.0,3.0,4.0,4.0,1.43,0.24,13.53,Bated Breath (GB),6815.0,1763.0,233.0,179.0,192.0,173.0,0.97,0.13,62.34,0.0,Dalakhani,7942.0,1192.0,143.0,136.0,153.0,129.0,0.89,0.12,14.82,In Your Time (GB),59.0,12.0,4.0,1.0,1.0,0.0,2.28,0.33,19.88,Bated Breath (GB),6815.0,1021.0,132.0,106.0,118.0,124.0,0.97,0.13,-172.99,0.12,0.33,0.13,0.13,0.24,0.13,0.36,0.5,0.35,0.35,0.48,0.34,-0.11,1.28,-0.03,-0.01,0.43,-0.03,0.19,0.17,0.09,0.47,0.5,0.47,0.44,0.62,0.44,0.33,0.67,0.37,0.37,0.5,0.39,-131.12,15.36,-30.63,-6.36,12.47,-52.89,0.15,0.2,0.15,0.08,0.49,0.26,0,1,2,5,2.0
rac_11575330,Ripon,crs_1274,"Apr 17, 2025",3:42,6.0,4,4,14,1,1,0,hrs_18518801,Aberama Gold,8,David O'Meara,trn_205551,17,2,0.12,Evan M Sutherland,own_653444,6,133,99.0,84.0,Mark Winn,jky_301131,126,38.0,8.0,Nigella,dam_2148713,Heeraat,sir_5528656,Band On The Run,dsi_370027,909.0,33.0,3.0,5.0,4.0,5.0,0.65,0.09,-22.7,909.0,26.0,3.0,2.0,2.0,2.0,1.17,0.12,-2.5,909.0,276.0,30.0,30.0,35.0,26.0,0.89,0.11,-27.52,909.0,181.0,23.0,15.0,22.0,17.0,1.1,0.13,43.85,69.0,10.0,9.0,5.0,13.0,0.14,Band On The Run,282.0,143.0,20.0,18.0,15.0,24.0,1.15,0.14,54.25,Nigella (GB),282.0,143.0,20.0,18.0,15.0,24.0,1.15,0.14,54.25,Heeraat (IRE),2737.0,723.0,38.0,48.0,58.0,74.0,0.66,0.05,-422.65,0.0,Band On The Run,282.0,40.0,6.0,4.0,4.0,7.0,1.24,0.15,36.5,Nigella (GB),282.0,40.0,6.0,4.0,4.0,7.0,1.24,0.15,36.5,Heeraat (IRE),2737.0,271.0,26.0,25.0,25.0,36.0,0.97,0.1,-125.98,0.15,0.15,0.1,0.14,0.14,0.05,0.35,0.35,0.28,0.37,0.37,0.2,0.24,0.24,-0.03,0.15,0.15,-0.34,0.13,0.11,0.13,0.52,0.52,0.41,0.54,0.54,0.3,0.43,0.43,0.34,0.38,0.38,0.26,9.6,9.6,-8.13,21.45,21.45,-245.82,0.14,0.14,0.1,0.51,0.51,0.26,7,4,0,2,3.25
rac_11575330,Ripon,crs_1274,"Apr 17, 2025",3:42,6.0,4,4,14,1,1,0,hrs_35336686,Valentine Catcher,4,Tim Easterby,trn_91368,63,6,0.1,J Musgrave & Partner,own_1068456,11,132,101.0,84.0,David Allan,jky_234669,231,35.0,9.0,Flycatcher,dam_5881701,Bated Breath,sir_5178992,Medicean,dsi_3697442,13004.0,1052.0,130.0,129.0,142.0,131.0,0.85,0.12,-269.11,13004.0,24.0,3.0,1.0,1.0,4.0,1.05,0.12,0.83,13004.0,8167.0,888.0,942.0,942.0,928.0,0.84,0.11,-1901.04,13004.0,2964.0,246.0,313.0,325.0,309.0,0.75,0.08,-608.0,4.0,2.0,1.0,0.0,0.0,0.5,Medicean,8062.0,1223.0,111.0,128.0,126.0,118.0,0.8,0.09,-287.96,Flycatcher (IRE),90.0,11.0,2.0,2.0,1.0,1.0,1.24,0.18,19.0,Bated Breath (GB),6815.0,1763.0,233.0,179.0,192.0,173.0,0.97,0.13,62.34,0.0,Medicean,8062.0,1310.0,142.0,147.0,142.0,172.0,0.84,0.11,-360.83,Flycatcher (IRE),90.0,28.0,4.0,7.0,4.0,3.0,1.02,0.14,6.0,Bated Breath (GB),6815.0,1021.0,132.0,106.0,118.0,124.0,0.97,0.13,-172.99,0.11,0.14,0.13,0.09,0.18,0.13,0.33,0.54,0.35,0.3,0.45,0.34,-0.16,0.02,-0.03,-0.2,0.24,-0.03,0.13,0.13,0.08,0.46,0.64,0.47,0.39,0.55,0.44,0.33,0.27,0.37,0.3,0.4,0.39,-209.6,0.56,-30.63,-244.6,2.64,-52.89,0.16,0.31,0.15,0.15,0.12,0.26,4,2,1,5,3.0
rac_11575330,Ripon,crs_1274,"Apr 17, 2025",3:42,6.0,4,4,14,1,1,0,hrs_36023190,La Rochette,4,Tracy Waggott,trn_160227,6,0,0.0,S Rain,own_1214084,7,132,94.0,72.0,William Pyle(5),jky_301428,18,33.0,51.0,Byburg,dam_6050184,Tornibush,sir_7322763,Sageburg,dsi_4782463,675.0,17.0,1.0,1.0,3.0,4.0,0.6,0.06,6.0,675.0,21.0,2.0,6.0,3.0,1.0,0.79,0.1,-9.5,675.0,44.0,3.0,7.0,4.0,3.0,0.59,0.07,-29.25,675.0,169.0,15.0,21.0,16.0,18.0,0.77,0.09,-78.63,0.0,0.0,0.0,0.0,0.0,0.0,Sageburg,640.0,58.0,8.0,6.0,3.0,1.0,1.04,0.14,-17.1,Byburg (FR),80.0,16.0,4.0,3.0,1.0,0.0,1.4,0.25,0.7,Tornibush (IRE),18.0,4.0,1.0,0.0,0.0,0.0,4.69,0.25,3.2,0.0,Sageburg,640.0,41.0,3.0,3.0,7.0,4.0,0.62,0.07,-18.2,0,0.0,0.0,0.0,0.0,0.0,0.0,0.0,0.0,0.0,0,0.0,0.0,0.0,0.0,0.0,0.0,0.0,0.0,0.0,0.07,0.0,0.0,0.14,0.25,0.25,0.32,0.0,0.0,0.29,0.5,0.25,-0.38,0.0,0.0,0.04,0.4,3.69,0.02,0.21,0.0,0.41,0.0,0.0,0.31,0.5,0.25,0.23,0.0,0.0,0.47,0.5,1.0,-15.58,0.0,0.0,2.32,6.4,14.76,0.06,0.0,0.0,0.09,0.2,0.22,0,0,9,5,3.5
rac_11575330,Ripon,crs_1274,"Apr 17, 2025",3:42,6.0,4,4,14,1,1,0,hrs_17485237,Fortamour,9,Ben Haslam,trn_201303,8,0,0.0,Chris Cleevely & Racing Knights,own_1240596,8,131,99.0,82.0,Paul Mulrennan,jky_238113,180,50.0,5.0,Kathy Sun,dam_4473777,Es Que Love,sir_5483324,Intikhab,dsi_764127,14367.0,583.0,73.0,49.0,66.0,61.0,1.05,0.13,-163.25,14367.0,4.0,2.0,1.0,0.0,0.0,3.04,0.5,5.12,14367.0,217.0,28.0,24.0,24.0,23.0,0.96,0.13,-48.37,14367.0,2958.0,313.0,273.0,316.0,293.0,0.91,0.11,-654.71,43.0,7.0,3.0,7.0,4.0,0.16,Intikhab,3973.0,725.0,87.0,76.0,72.0,66.0,0.99,0.12,-109.9,Kathy Sun (IRE),128.0,70.0,12.0,9.0,9.0,4.0,1.1,0.17,4.26,Es Que Love (IRE),533.0,123.0,13.0,6.0,17.0,15.0,0.88,0.11,-50.28,0.0,Intikhab,3973.0,534.0,69.0,57.0,60.0,61.0,0.99,0.13,-148.97,Kathy Sun (IRE),128.0,44.0,9.0,5.0,6.0,5.0,1.23,0.2,-0.17,Es Que Love (IRE),533.0,105.0,14.0,9.0,10.0,16.0,0.88,0.13,-38.57,0.13,0.2,0.13,0.12,0.17,0.11,0.35,0.45,0.31,0.32,0.43,0.29,-0.01,0.23,-0.12,-0.01,0.1,-0.12,0.15,0.13,0.11,0.46,0.57,0.47,0.42,0.49,0.41,0.37,0.45,0.42,0.37,0.4,0.36,-5.34,10.12,-12.6,-7.25,7.0,-14.76,0.13,0.34,0.2,0.18,0.55,0.23,3,1,0,3,1.75
rac_11575330,Ripon,crs_1274,"Apr 17, 2025",3:42,6.0,4,4,14,1,1,0,hrs_35925575,Beyond Borders,4,Kevin Frost,trn_257130,10,1,0.1,Cragg Wood Racing,own_929000,2,131,100.0,73.0,Jack Mitchell,jky_253248,264,60.0,13.0,Beyond Limits,dam_35937489,Harry Angel,sir_7013188,Zoffany,dsi_5292651,6970.0,52.0,8.0,10.0,8.0,5.0,0.69,0.15,-22.17,0.0,0.0,0.0,0.0,0.0,0.0,0.0,0.0,0.0,6970.0,137.0,24.0,18.0,15.0,10.0,1.24,0.18,57.7,6970.0,1199.0,154.0,162.0,153.0,128.0,0.83,0.13,-306.58,13.0,4.0,2.0,1.0,1.0,0.31,Zoffany,935.0,178.0,22.0,16.0,17.0,20.0,0.98,0.12,79.72,Beyond Limits (IRE),18.0,13.0,4.0,2.0,1.0,1.0,1.38,0.31,3.44,Harry Angel (IRE),1582.0,537.0,79.0,60.0,61.0,53.0,0.96,0.15,-80.52,0.0,Zoffany,935.0,143.0,20.0,17.0,17.0,19.0,0.94,0.14,-35.59,Beyond Limits (IRE),18.0,8.0,3.0,0.0,0.0,0.0,2.46,0.38,7.0,Harry Angel (IRE),1582.0,305.0,38.0,32.0,40.0,41.0,0.81,0.12,-52.61,0.14,0.38,0.12,0.12,0.31,0.15,0.38,0.38,0.36,0.31,0.54,0.37,-0.06,1.46,-0.19,-0.02,0.38,-0.04,0.21,0.19,0.13,0.51,0.38,0.5,0.42,0.62,0.47,0.37,1.0,0.35,0.4,0.57,0.4,-8.58,11.68,-57.95,-3.56,4.94,-21.48,0.15,0.44,0.19,0.19,0.72,0.34,4,6,3,9,5.5
rac_11575330,Ripon,crs_1274,"Apr 17, 2025",3:42,6.0,4,4,14,1,1,0,hrs_30016455,Rock Opera,5,Richard Fahey,trn_72090,27,3,0.11,John Rhodes & Peter Timmins,own_1087268,5,129,99.0,92.0,Billy Garritty,jky_285456,150,30.0,13.0,Broughtons Jewel,dam_9914506,Unfortunately,sir_9992339,Bahri,dsi_632765,2139.0,51.0,9.0,3.0,9.0,2.0,1.18,0.18,-1.76,2139.0,1.0,0.0,0.0,0.0,0.0,0.0,0.0,-1.0,2139.0,392.0,47.0,55.0,40.0,43.0,0.91,0.12,-42.43,2139.0,377.0,44.0,38.0,43.0,35.0,1.01,0.12,19.1,21.0,3.0,4.0,3.0,4.0,0.14,Bahri,3027.0,348.0,42.0,35.0,40.0,30.0,0.91,0.12,-102.87,Broughtons Jewel (IRE),96.0,41.0,5.0,6.0,5.0,8.0,0.89,0.12,-8.25,Unfortunately (IRE),464.0,154.0,19.0,20.0,8.0,13.0,1.13,0.12,-11.2,0.0,Bahri,3027.0,477.0,43.0,54.0,51.0,62.0,0.68,0.09,-217.02,Broughtons Jewel (IRE),96.0,24.0,5.0,4.0,3.0,3.0,1.24,0.21,1.25,Unfortunately (IRE),464.0,83.0,7.0,13.0,9.0,8.0,0.68,0.08,-51.0,0.09,0.21,0.08,0.12,0.12,0.12,0.31,0.5,0.35,0.34,0.39,0.31,-0.32,0.24,-0.32,-0.09,-0.11,0.13,0.13,0.12,0.12,0.44,0.62,0.45,0.42,0.59,0.39,0.29,0.42,0.24,0.36,0.31,0.4,-152.64,5.76,-26.56,-31.32,-4.51,20.02,0.16,0.25,0.18,0.11,0.43,0.33,0,0,3,2,1.25
rac_11575330,Ripon,crs_1274,"Apr 17, 2025",3:42,6.0,4,4,14,1,1,0,hrs_32538737,Tiriac,5,Paul Midgley,trn_143532,18,0,0.0,"Buist, Shields, Thompson & Partner",own_1425632,4,129,94.0,91.0,Cam Hardie,jky_278196,204,33.0,11.0,Rough Courte,dam_5832365,Sixties Icon,sir_4494735,Clodovil,dsi_3952928,7220.0,185.0,5.0,12.0,10.0,28.0,0.41,0.03,-114.5,0.0,0.0,0.0,0.0,0.0,0.0,0.0,0.0,0.0,7220.0,146.0,8.0,14.0,7.0,18.0,0.8,0.05,-56.0,7220.0,1561.0,80.0,135.0,126.0,145.0,0.67,0.05,-760.6,17.0,3.0,2.0,3.0,2.0,0.18,Clodovil,2333.0,503.0,60.0,52.0,45.0,41.0,0.94,0.12,-90.76,Rough Courte (IRE),162.0,76.0,15.0,10.0,10.0,5.0,1.45,0.2,33.78,Sixties Icon (GB),5258.0,490.0,53.0,51.0,51.0,59.0,0.96,0.11,102.2,0.0,Clodovil,2333.0,257.0,29.0,29.0,21.0,31.0,0.8,0.11,-82.51,Rough Courte (IRE),162.0,20.0,3.0,1.0,4.0,3.0,0.98,0.15,3.0,Sixties Icon (GB),5258.0,1095.0,116.0,111.0,127.0,128.0,0.91,0.11,-337.9,0.11,0.15,0.11,0.12,0.2,0.11,0.31,0.4,0.32,0.31,0.46,0.32,-0.2,-0.02,-0.09,-0.06,0.45,-0.04,0.12,0.14,0.05,0.43,0.55,0.44,0.39,0.53,0.44,0.37,0.38,0.33,0.38,0.43,0.34,-51.4,-0.4,-98.55,-30.18,34.2,-19.6,0.11,0.12,0.21,0.22,0.47,0.09,4,5,6,5,5.0
rac_11575330,Ripon,crs_1274,"Apr 17, 2025",3:42,6.0,4,4,14,1,1,0,hrs_9056733,Mr Wagyu,10,John & Sean Quinn,trn_369855,15,1,0.07,The New Century Partnership,own_552876,10,129,99.0,94.0,Jason Hart,jky_270729,180,53.0,6.5,Lake Louise,dam_5647299,Choisir,sir_3920336,Haatef,dsi_4619986,8124.0,260.0,34.0,34.0,34.0,28.0,0.99,0.13,6.16,8124.0,88.0,13.0,7.0,9.0,7.0,1.28,0.15,10.36,8124.0,270.0,33.0,34.0,30.0,27.0,0.81,0.12,-82.92,8124.0,1781.0,200.0,198.0,205.0,149.0,0.9,0.11,-395.95,84.0,14.0,7.0,14.0,5.0,0.17,Haatef,411.0,132.0,20.0,12.0,21.0,9.0,1.28,0.15,17.57,Lake Louise (IRE),136.0,88.0,14.0,8.0,14.0,5.0,1.21,0.16,5.57,Choisir (AUS),7218.0,1799.0,184.0,138.0,200.0,166.0,0.91,0.1,-319.56,0.0,Haatef,411.0,61.0,10.0,3.0,5.0,2.0,1.45,0.16,-12.81,Lake Louise (IRE),136.0,25.0,8.0,3.0,3.0,0.0,2.26,0.32,20.29,Choisir (AUS),7218.0,1057.0,110.0,111.0,101.0,122.0,0.89,0.1,-180.36,0.16,0.32,0.1,0.15,0.16,0.1,0.3,0.56,0.3,0.4,0.41,0.29,0.45,1.26,-0.11,0.28,0.21,-0.09,0.19,0.14,0.11,0.33,0.56,0.42,0.47,0.47,0.38,0.56,0.57,0.34,0.38,0.39,0.35,27.45,31.5,-116.27,36.96,18.48,-161.91,0.15,0.18,0.15,0.32,0.65,0.25,0,0,9,0,2.25
rac_11575330,Ripon,crs_1274,"Apr 17, 2025",3:42,6.0,4,4,14,1,1,0,hrs_35881272,The Good Biscuit,4,Ruth Carr,trn_180405,20,2,0.1,Miss Vanessa Church & Toby Brereton,own_1011476,14,129,96.0,92.0,Joanna Mason,jky_257346,174,20.0,23.0,Rebecca Romero,dam_5146617,Sixties Icon,sir_4494735,Exceed And Excel,dsi_4045216,2391.0,79.0,12.0,7.0,12.0,5.0,1.07,0.15,-15.4,2391.0,4.0,0.0,0.0,0.0,0.0,0.0,0.0,-4.0,2391.0,177.0,18.0,18.0,24.0,16.0,0.9,0.1,-31.67,2391.0,438.0,41.0,43.0,42.0,41.0,0.9,0.09,-17.35,10.0,2.0,2.0,0.0,2.0,0.2,Exceed And Excel,11861.0,3525.0,392.0,354.0,383.0,334.0,0.88,0.11,-889.6,Rebecca Romero (GB),37.0,14.0,3.0,2.0,0.0,2.0,1.08,0.21,0.83,Sixties Icon (GB),5258.0,490.0,53.0,51.0,51.0,59.0,0.96,0.11,102.2,0.0,Exceed And Excel,11861.0,2085.0,246.0,205.0,245.0,233.0,0.88,0.12,-656.39,Rebecca Romero (GB),37.0,14.0,3.0,2.0,0.0,2.0,1.34,0.21,12.25,Sixties Icon (GB),5258.0,1095.0,116.0,111.0,127.0,128.0,0.91,0.11,-337.9,0.12,0.21,0.11,0.11,0.21,0.11,0.33,0.36,0.32,0.32,0.36,0.32,-0.12,0.34,-0.09,-0.12,0.08,-0.04,0.15,0.14,0.1,0.45,0.5,0.44,0.42,0.5,0.44,0.35,0.6,0.33,0.35,0.6,0.34,-250.2,4.76,-98.55,-423.0,1.12,-19.6,0.18,0.38,0.21,0.3,0.38,0.09,2,4,2,9,4.25
rac_11575330,Ripon,crs_1274,"Apr 17, 2025",3:42,6.0,4,4,14,1,1,0,hrs_36354276,American Bay,4,Paul Midgley,trn_143532,18,0,0.0,Mike Taylor & Partner,own_1424756,12,128,98.0,91.0,David Nolan,jky_42996,24,33.0,13.0,All I Need,dam_6347593,New Bay,sir_6106975,Peintre Celebre,dsi_3187051,6070.0,269.0,35.0,33.0,26.0,33.0,0.99,0.13,-39.53,6070.0,1.0,0.0,0.0,0.0,0.0,0.0,0.0,-1.0,6070.0,226.0,25.0,25.0,27.0,17.0,0.91,0.11,-48.72,6070.0,1227.0,133.0,123.0,128.0,126.0,0.93,0.11,-131.96,5.0,1.0,1.0,0.0,0.0,0.2,Peintre Celebre,10157.0,978.0,102.0,104.0,90.0,85.0,0.88,0.1,-181.44,All I Need (IRE),14.0,5.0,1.0,1.0,0.0,0.0,0.82,0.2,-3.7,New Bay (GB),2315.0,197.0,23.0,15.0,32.0,20.0,0.86,0.12,108.06,0.0,Peintre Celebre,10157.0,1569.0,159.0,175.0,192.0,195.0,0.77,0.1,-395.21,All I Need (IRE),14.0,6.0,0.0,1.0,0.0,1.0,0.0,0.0,-6.0,New Bay (GB),2315.0,427.0,81.0,57.0,49.0,52.0,1.1,0.19,30.37,0.1,0.0,0.19,0.1,0.2,0.12,0.34,0.17,0.44,0.3,0.4,0.36,-0.23,-1.0,0.1,-0.12,-0.18,-0.14,0.1,0.14,0.11,0.46,0.33,0.56,0.39,0.4,0.46,0.3,0.0,0.43,0.34,0.5,0.33,-360.87,-6.0,42.7,-117.36,-0.9,-27.58,0.15,0.43,0.18,0.1,0.36,0.09,5,4,1,5,3.75
rac_11575330,Ripon,crs_1274,"Apr 17, 2025",3:42,6.0,4,4,14,1,1,0,hrs_10170328,Danzan,10,Tim Easterby,trn_91368,63,6,0.1,Reality Partnerships XVII,own_1166496,13,122,97.0,90.0,Amie Waugh(3),jky_260070,174,35.0,15.0,Charanga,dam_9057783,Lawman,sir_4677225,Cadeaux Genereux,dsi_65541,876.0,15.0,1.0,2.0,2.0,1.0,0.86,0.07,66.0,876.0,1.0,0.0,1.0,0.0,0.0,0.0,0.0,-1.0,876.0,59.0,2.0,6.0,4.0,6.0,0.39,0.03,-12.0,876.0,119.0,8.0,9.0,8.0,13.0,0.8,0.07,-55.42,47.0,4.0,9.0,10.0,7.0,0.09,Cadeaux Genereux,17113.0,3204.0,330.0,318.0,330.0,313.0,0.85,0.1,-626.2,Charanga (GB),92.0,49.0,4.0,9.0,10.0,7.0,0.54,0.08,-29.74,Lawman (FR),9394.0,865.0,66.0,75.0,106.0,87.0,0.66,0.08,-313.31,0.0,Cadeaux Genereux,17113.0,3195.0,327.0,355.0,361.0,317.0,0.84,0.1,-946.04,Charanga (GB),92.0,29.0,4.0,5.0,6.0,4.0,0.84,0.14,-14.41,Lawman (FR),9394.0,1261.0,130.0,140.0,152.0,150.0,0.85,0.1,-351.96,0.1,0.14,0.1,0.1,0.08,0.08,0.33,0.52,0.33,0.31,0.47,0.29,-0.16,-0.16,-0.15,-0.15,-0.46,-0.34,0.11,0.09,0.07,0.43,0.66,0.45,0.4,0.61,0.39,0.31,0.27,0.31,0.34,0.17,0.27,-511.2,-4.64,-189.15,-480.6,-22.54,-294.1,0.19,0.32,0.13,0.19,0.53,0.09,0,3,3,2,2.0
rac_11575343,Ripon,crs_1274,"Apr 17, 2025",4:15,10.0,4,4,11,1,1,0,hrs_30381477,Loyal Touch,5,Charlie Johnston,trn_361179,30,1,0.03,Tw Racing,own_1380788,11,137,99.0,87.0,Archie Young(5),jky_307500,147,43.0,11.0,Devoted To You,dam_5122292,No Nay Never,sir_5874547,Danehill Dancer,dsi_728077,273.0,2.0,0.0,0.0,0.0,1.0,0.0,0.0,-2.0,273.0,5.0,1.0,0.0,0.0,0.0,2.49,0.2,5.0,273.0,93.0,17.0,12.0,9.0,11.0,1.32,0.18,46.23,273.0,38.0,5.0,9.0,3.0,2.0,0.96,0.13,-3.92,11.0,2.0,2.0,0.0,0.0,0.18,Danehill Dancer,19335.0,1700.0,188.0,200.0,204.0,198.0,0.81,0.11,-486.95,Devoted To You (IRE),115.0,16.0,4.0,3.0,1.0,1.0,1.66,0.25,13.12,No Nay Never (USA),5285.0,214.0,22.0,26.0,11.0,17.0,0.95,0.1,-16.37,0.0,Danehill Dancer,19335.0,3142.0,360.0,351.0,348.0,363.0,0.86,0.11,-829.65,Devoted To You (IRE),115.0,12.0,4.0,2.0,1.0,1.0,1.97,0.33,14.8,No Nay Never (USA),5285.0,787.0,98.0,102.0,77.0,87.0,0.93,0.12,-194.88,0.11,0.33,0.12,0.11,0.25,0.1,0.34,0.58,0.35,0.35,0.5,0.28,-0.14,0.97,-0.07,-0.19,0.66,-0.05,0.19,0.15,0.14,0.45,0.67,0.46,0.46,0.56,0.36,0.34,0.57,0.35,0.32,0.5,0.37,-439.88,11.64,-55.09,-323.0,10.56,-10.7,0.16,0.1,0.15,0.09,0.14,0.04,6,1,7,6,5.0
rac_11575343,Ripon,crs_1274,"Apr 17, 2025",4:15,10.0,4,4,11,1,1,0,hrs_22047494,Yorkshire Lady,7,Michael & David Easterby,trn_346887,21,1,0.05,"J Munroe, M McHale & R Wreglesworth",own_1290892,6,135,96.0,74.0,Joanna Mason,jky_257346,187,43.0,11.0,Brave Mave,dam_4791633,Mukhadram,sir_5413016,Daylami,dsi_763784,2391.0,79.0,12.0,7.0,12.0,5.0,1.07,0.15,-15.4,2391.0,10.0,1.0,1.0,1.0,0.0,1.05,0.1,-5.5,2391.0,700.0,81.0,65.0,93.0,72.0,0.9,0.12,-101.2,2391.0,240.0,25.0,27.0,31.0,24.0,0.82,0.1,-39.32,11.0,2.0,1.0,1.0,0.0,0.18,Daylami,5598.0,637.0,92.0,74.0,75.0,73.0,0.93,0.14,-68.24,Brave Mave (GB),205.0,15.0,2.0,1.0,2.0,0.0,1.1,0.13,8.5,Mukhadram (GB),2264.0,317.0,35.0,33.0,31.0,34.0,0.88,0.11,-64.21,0.0,Daylami,5598.0,1095.0,131.0,131.0,115.0,118.0,0.89,0.12,-298.61,Brave Mave (GB),205.0,95.0,13.0,12.0,13.0,11.0,1.03,0.14,0.41,Mukhadram (GB),2264.0,355.0,38.0,35.0,32.0,43.0,0.85,0.11,-92.25,0.12,0.14,0.11,0.14,0.13,0.11,0.34,0.4,0.3,0.38,0.33,0.31,-0.11,0.03,-0.15,-0.07,0.1,-0.12,0.12,0.13,0.11,0.45,0.52,0.42,0.49,0.33,0.42,0.35,0.34,0.36,0.38,0.4,0.35,-120.45,2.85,-53.25,-44.59,1.5,-38.04,0.2,0.46,0.16,0.11,0.07,0.14,3,4,1,0,2.0
rac_11575343,Ripon,crs_1274,"Apr 17, 2025",4:15,10.0,4,4,11,1,1,0,hrs_23055837,Lord Protector,7,Ruth Carr,trn_180405,20,2,0.1,The Beer Stalkers & Ruth Carr,own_874824,1,134,102.0,56.0,James Sullivan,jky_253623,28,20.0,7.0,Lady Jacamira,dam_5707933,Pastorius,sir_5561437,Lord Of England,dsi_4519235,9207.0,394.0,28.0,43.0,36.0,43.0,0.83,0.07,-93.55,9207.0,160.0,14.0,14.0,16.0,10.0,1.05,0.09,-63.75,9207.0,3485.0,304.0,314.0,346.0,352.0,0.86,0.09,-932.94,9207.0,573.0,27.0,43.0,43.0,61.0,0.64,0.05,-314.75,17.0,4.0,4.0,0.0,1.0,0.24,Lord Of England,357.0,48.0,7.0,9.0,0.0,6.0,1.28,0.15,-6.6,Lady Jacamira (GER),43.0,17.0,4.0,4.0,0.0,1.0,1.8,0.24,2.5,Pastorius (GER),628.0,55.0,8.0,13.0,2.0,7.0,1.05,0.15,-8.6,0.0,Lord Of England,357.0,27.0,7.0,4.0,5.0,1.0,1.43,0.26,14.36,Lady Jacamira (GER),43.0,5.0,0.0,2.0,2.0,0.0,0.0,0.0,-5.0,Pastorius (GER),628.0,43.0,7.0,7.0,6.0,4.0,1.03,0.16,-3.69,0.26,0.0,0.16,0.15,0.24,0.15,0.59,0.8,0.47,0.33,0.47,0.42,0.43,-1.0,0.03,0.28,0.8,0.05,0.14,0.18,0.05,0.63,0.8,0.56,0.46,0.53,0.55,0.44,0.0,0.35,0.44,0.5,0.35,11.61,-5.0,1.29,13.44,13.6,2.75,0.08,0.12,0.07,0.13,0.4,0.09,9,9,5,0,5.75
rac_11575343,Ripon,crs_1274,"Apr 17, 2025",4:15,10.0,4,4,11,1,1,0,hrs_31550470,Wintercrack,5,Pam Sly,trn_4266,3,0,0.0,Michael H Sly Dr T Davies Mrs Pam Sly,own_578580,3,133,98.0,68.0,Shane Kelly,jky_41100,174,67.0,9.0,Speciosa,dam_4476906,Cracksman,sir_8174257,Danehill Dancer,dsi_728077,14550.0,55.0,8.0,7.0,4.0,6.0,1.12,0.15,9.2,14550.0,12.0,2.0,0.0,0.0,0.0,1.67,0.17,-1.0,14550.0,113.0,15.0,9.0,20.0,12.0,1.02,0.13,50.25,14550.0,1446.0,128.0,138.0,155.0,154.0,0.79,0.09,-540.36,10.0,2.0,2.0,1.0,0.0,0.2,Danehill Dancer,19335.0,1700.0,188.0,200.0,204.0,198.0,0.81,0.11,-486.95,Speciosa (IRE),90.0,19.0,4.0,3.0,1.0,2.0,1.64,0.21,17.38,Cracksman (GB),1025.0,168.0,20.0,20.0,22.0,11.0,0.76,0.12,-15.25,0.0,Danehill Dancer,19335.0,3142.0,360.0,351.0,348.0,363.0,0.86,0.11,-829.65,Speciosa (IRE),90.0,32.0,4.0,4.0,3.0,5.0,1.0,0.12,-11.62,Cracksman (GB),1025.0,226.0,26.0,26.0,22.0,18.0,0.9,0.12,70.92,0.11,0.12,0.12,0.11,0.21,0.12,0.34,0.34,0.33,0.35,0.42,0.37,-0.14,0.0,-0.1,-0.19,0.64,-0.24,0.12,0.15,0.09,0.45,0.5,0.41,0.46,0.53,0.43,0.34,0.36,0.35,0.32,0.5,0.32,-439.88,0.0,-22.6,-323.0,12.16,-40.32,0.16,0.36,0.22,0.09,0.21,0.16,2,0,0,1,0.75
rac_11575343,Ripon,crs_1274,"Apr 17, 2025",4:15,10.0,4,4,11,1,1,0,hrs_37563820,Financer,4,Tim Easterby,trn_91368,63,6,0.1,"S Bulmer, P Hebdon & R Taylor",own_1182660,10,132,97.0,66.0,David Allan,jky_234669,187,35.0,9.0,Isa,dam_22047599,Cracksman,sir_8174257,Approve,dsi_5306966,13004.0,1052.0,130.0,129.0,142.0,131.0,0.85,0.12,-269.11,13004.0,42.0,3.0,5.0,5.0,6.0,0.43,0.07,-24.75,13004.0,8167.0,888.0,942.0,942.0,928.0,0.84,0.11,-1901.04,13004.0,912.0,115.0,105.0,104.0,111.0,1.02,0.13,3.4,7.0,3.0,1.0,1.0,0.0,0.43,Approve,326.0,19.0,3.0,3.0,3.0,2.0,1.27,0.16,38.0,Isa (GB),32.0,9.0,3.0,2.0,1.0,0.0,3.25,0.33,48.0,Cracksman (GB),1025.0,168.0,20.0,20.0,22.0,11.0,0.76,0.12,-15.25,0.0,Approve,326.0,40.0,5.0,5.0,1.0,1.0,1.3,0.12,-5.22,Isa (GB),32.0,8.0,1.0,0.0,0.0,0.0,1.47,0.12,4.0,Cracksman (GB),1025.0,226.0,26.0,26.0,22.0,18.0,0.9,0.12,70.92,0.12,0.12,0.12,0.16,0.33,0.12,0.28,0.12,0.33,0.47,0.67,0.37,0.3,0.47,-0.1,0.27,2.25,-0.24,0.12,0.2,0.13,0.3,0.12,0.41,0.58,0.67,0.43,0.45,1.0,0.35,0.33,0.5,0.32,12.0,3.76,-22.6,5.13,20.25,-40.32,0.12,0.25,0.22,0.06,0.28,0.16,5,8,0,1,3.5
rac_11575343,Ripon,crs_1274,"Apr 17, 2025",4:15,10.0,4,4,11,1,1,0,hrs_30314669,Have Secret,5,Richard Fahey,trn_72090,27,3,0.11,"Peter Timmins, John Rhodes & Partner",own_1385388,8,132,101.0,87.0,Billy Garritty,jky_285456,18,30.0,6.5,Secret Existence,dam_6282899,Havana Gold,sir_5617752,Sakhee's Secret,dsi_4631403,2139.0,51.0,9.0,3.0,9.0,2.0,1.18,0.18,-1.76,2139.0,3.0,0.0,1.0,0.0,0.0,0.0,0.0,-3.0,2139.0,392.0,47.0,55.0,40.0,43.0,0.91,0.12,-42.43,2139.0,130.0,19.0,11.0,12.0,10.0,1.22,0.15,-30.57,10.0,1.0,2.0,2.0,2.0,0.1,Sakhee's Secret,1328.0,38.0,4.0,5.0,5.0,6.0,0.79,0.11,38.75,Secret Existence (IRE),46.0,14.0,1.0,3.0,2.0,3.0,0.46,0.07,-10.25,Havana Gold (IRE),4468.0,292.0,26.0,27.0,32.0,36.0,0.78,0.09,-156.01,0.0,Sakhee's Secret,1328.0,232.0,27.0,28.0,32.0,25.0,0.92,0.12,108.32,Secret Existence (IRE),46.0,8.0,2.0,1.0,2.0,3.0,1.96,0.25,14.0,Havana Gold (IRE),4468.0,814.0,66.0,117.0,91.0,78.0,0.71,0.08,-414.26,0.12,0.25,0.08,0.11,0.07,0.09,0.38,0.62,0.34,0.37,0.43,0.29,-0.08,0.96,-0.29,-0.21,-0.54,-0.22,0.15,0.09,0.14,0.48,1.0,0.43,0.53,0.64,0.41,0.31,0.4,0.24,0.29,0.17,0.31,-18.56,7.68,-236.06,-7.98,-7.56,-64.24,0.17,0.17,0.18,0.03,0.3,0.07,5,0,2,6,3.25
rac_11575343,Ripon,crs_1274,"Apr 17, 2025",4:15,10.0,4,4,11,1,1,0,hrs_15687511,Baryshnikov,9,David & Nicola Barron,trn_354483,6,0,0.0,John Knotts & Partner,own_1167228,9,131,100.0,76.0,Connor Beasley,jky_272604,18,67.0,11.0,Tara Moon,dam_4510730,Mastercraftsman,sir_4870369,Pivotal,dsi_753900,6418.0,226.0,21.0,27.0,35.0,40.0,0.74,0.09,-72.38,6418.0,22.0,4.0,2.0,5.0,4.0,1.2,0.18,12.25,6418.0,109.0,13.0,12.0,19.0,13.0,0.8,0.12,-29.34,6418.0,462.0,36.0,50.0,52.0,64.0,0.65,0.08,-177.86,30.0,4.0,6.0,7.0,4.0,0.13,Pivotal,25151.0,1968.0,220.0,219.0,218.0,212.0,0.84,0.11,-471.85,Tara Moon (GB),143.0,37.0,5.0,7.0,8.0,4.0,0.97,0.14,29.58,Mastercraftsman (IRE),11896.0,1526.0,177.0,168.0,171.0,162.0,0.95,0.12,-322.12,0.0,Pivotal,25151.0,3885.0,466.0,447.0,453.0,437.0,0.87,0.12,-1034.75,Tara Moon (GB),143.0,37.0,8.0,6.0,8.0,2.0,1.27,0.22,21.53,Mastercraftsman (IRE),11896.0,1825.0,206.0,201.0,224.0,205.0,0.88,0.11,-383.33,0.12,0.22,0.11,0.11,0.14,0.12,0.35,0.59,0.35,0.33,0.54,0.34,-0.13,0.27,-0.12,-0.16,-0.03,-0.05,0.15,0.12,0.08,0.46,0.65,0.46,0.44,0.65,0.44,0.34,0.36,0.33,0.33,0.25,0.34,-505.05,9.99,-219.0,-314.88,-1.11,-76.3,0.15,0.26,0.15,0.08,0.26,0.13,6,4,9,4,5.75
rac_11575343,Ripon,crs_1274,"Apr 17, 2025",4:15,10.0,4,4,11,1,1,0,hrs_24506286,Ey Up Its The Boss,6,Tony Coyle & Kaine Wood,trn_370053,6,1,0.17,Mrs M Lingwood And S Bland,own_1211864,4,131,95.0,82.0,David Nolan,jky_42996,187,33.0,6.0,Velvet Jaguar,dam_6914327,Pastoral Pursuits,sir_4038104,Hurricane Run,dsi_4128131,6070.0,269.0,35.0,33.0,26.0,33.0,0.99,0.13,-39.53,6070.0,14.0,4.0,2.0,2.0,0.0,2.37,0.29,26.0,6070.0,41.0,7.0,9.0,7.0,4.0,1.1,0.17,0.66,6070.0,413.0,43.0,36.0,39.0,40.0,0.98,0.1,-114.14,9.0,3.0,1.0,2.0,0.0,0.33,Hurricane Run,2743.0,302.0,35.0,40.0,43.0,31.0,0.91,0.12,-60.09,Velvet Jaguar (GB),190.0,18.0,5.0,2.0,4.0,0.0,2.12,0.28,28.0,Pastoral Pursuits (GB),7126.0,262.0,16.0,17.0,20.0,28.0,0.63,0.06,-136.23,0.0,Hurricane Run,2743.0,415.0,46.0,53.0,51.0,62.0,0.8,0.11,-186.66,Velvet Jaguar (GB),190.0,40.0,3.0,3.0,5.0,4.0,0.68,0.07,-18.25,Pastoral Pursuits (GB),7126.0,1204.0,109.0,138.0,122.0,126.0,0.75,0.09,-342.44,0.11,0.08,0.09,0.12,0.28,0.06,0.36,0.28,0.31,0.39,0.61,0.2,-0.2,-0.32,-0.25,-0.09,1.12,-0.37,0.09,0.15,0.11,0.51,0.38,0.41,0.49,0.61,0.31,0.31,0.27,0.3,0.3,0.45,0.3,-83.0,-12.8,-301.0,-27.18,20.16,-96.94,0.15,0.21,0.17,0.11,0.09,0.04,3,2,0,1,1.5
rac_11575343,Ripon,crs_1274,"Apr 17, 2025",4:15,10.0,4,4,11,1,1,0,hrs_32249224,Hosanna Power,5,Tim Easterby,trn_91368,63,6,0.1,King Power Racing Co Ltd,own_1008844,7,130,98.0,79.0,Sean Kirrane,jky_288531,187,35.0,8.0,Belle Josephine,dam_2823891,Frankel,sir_5344171,Dubawi,dsi_4127830,1426.0,44.0,5.0,4.0,6.0,9.0,0.93,0.11,0.66,1426.0,15.0,1.0,0.0,3.0,5.0,0.64,0.07,-11.5,1426.0,493.0,51.0,50.0,62.0,42.0,0.9,0.1,-112.12,1426.0,112.0,11.0,4.0,8.0,7.0,0.99,0.1,-24.05,4.0,1.0,0.0,1.0,0.0,0.25,Dubawi,9500.0,770.0,95.0,87.0,115.0,81.0,0.8,0.12,-300.89,Belle Josephine (GB),74.0,11.0,1.0,0.0,3.0,1.0,0.47,0.09,-3.0,Frankel (GB),6877.0,1029.0,158.0,133.0,126.0,110.0,0.81,0.15,-336.36,0.0,Dubawi,9500.0,1570.0,224.0,188.0,163.0,161.0,0.95,0.14,-32.03,Belle Josephine (GB),74.0,16.0,3.0,1.0,3.0,2.0,0.94,0.19,-5.09,Frankel (GB),6877.0,1029.0,202.0,135.0,125.0,107.0,0.97,0.2,-173.1,0.14,0.19,0.2,0.12,0.09,0.15,0.37,0.44,0.45,0.39,0.36,0.41,-0.05,-0.06,-0.03,-0.2,-0.53,-0.19,0.18,0.12,0.1,0.47,0.56,0.55,0.49,0.45,0.51,0.39,0.43,0.44,0.32,0.25,0.38,-78.5,-0.96,-30.87,-154.0,-5.83,-195.51,0.17,0.22,0.15,0.08,0.15,0.15,1,3,9,6,4.75
rac_11575343,Ripon,crs_1274,"Apr 17, 2025",4:15,10.0,4,4,11,1,1,0,hrs_35149184,High Point,4,Kevin Philippart De Foy,trn_341541,10,1,0.1,Westminster Racing Syndicate,own_1246196,5,128,98.0,91.0,Jason Hart,jky_270729,24,60.0,15.0,Pacharana,dam_6285727,New Bay,sir_6106975,Oasis Dream,dsi_3960579,8124.0,260.0,34.0,34.0,34.0,28.0,0.99,0.13,6.16,0.0,0.0,0.0,0.0,0.0,0.0,0.0,0.0,0.0,8124.0,5.0,1.0,1.0,1.0,0.0,1.15,0.2,1.0,8124.0,481.0,57.0,44.0,49.0,68.0,0.96,0.12,-57.13,4.0,3.0,0.0,0.0,0.0,0.75,Oasis Dream,18670.0,1154.0,132.0,126.0,111.0,133.0,0.82,0.11,-374.12,Pacharana (GB),16.0,5.0,3.0,0.0,1.0,0.0,3.87,0.6,20.0,New Bay (GB),2315.0,254.0,51.0,27.0,30.0,39.0,1.32,0.2,56.99,0.0,Oasis Dream,18670.0,2816.0,340.0,335.0,333.0,317.0,0.87,0.12,-611.1,Pacharana (GB),16.0,7.0,1.0,0.0,1.0,0.0,1.63,0.14,6.0,New Bay (GB),2315.0,427.0,81.0,57.0,49.0,52.0,1.1,0.19,30.37,0.12,0.14,0.19,0.11,0.6,0.2,0.36,0.29,0.44,0.32,0.8,0.43,-0.13,0.63,0.1,-0.18,2.87,0.32,0.15,0.3,0.12,0.47,0.29,0.56,0.44,0.8,0.58,0.34,0.5,0.43,0.36,0.75,0.47,-366.08,4.41,42.7,-207.72,14.35,81.28,0.15,0.44,0.18,0.06,0.31,0.11,6,8,1,7,5.5
rac_11575343,Ripon,crs_1274,"Apr 17, 2025",4:15,10.0,4,4,11,1,1,0,hrs_12694661,Cockalorum,10,Roger Fell,trn_291465,11,1,0.09,R G Fell,own_398768,2,127,101.0,96.0,Rowan Scott,jky_277695,18,27.0,8.5,Opinionated,dam_5378779,Cape Cross,sir_3153248,Dubai Destination,dsi_3782352,3332.0,137.0,10.0,7.0,15.0,16.0,0.75,0.07,-61.87,3332.0,14.0,1.0,2.0,1.0,2.0,0.6,0.07,-8.0,3332.0,114.0,5.0,16.0,7.0,14.0,0.5,0.04,-58.0,3332.0,224.0,27.0,20.0,21.0,30.0,1.29,0.12,28.36,33.0,6.0,4.0,4.0,4.0,0.18,Dubai Destination,5912.0,627.0,84.0,84.0,70.0,65.0,0.87,0.13,-135.1,Opinionated (IRE),74.0,35.0,7.0,4.0,4.0,4.0,1.28,0.2,3.25,Cape Cross (IRE),16160.0,1936.0,277.0,240.0,211.0,203.0,0.96,0.14,-218.13,0.0,Dubai Destination,5912.0,822.0,105.0,115.0,87.0,75.0,0.95,0.13,-122.72,Opinionated (IRE),74.0,21.0,6.0,1.0,3.0,3.0,1.56,0.29,6.75,Cape Cross (IRE),16160.0,2849.0,412.0,362.0,349.0,282.0,0.97,0.14,-394.03,0.13,0.29,0.14,0.13,0.2,0.14,0.37,0.48,0.39,0.38,0.43,0.38,-0.05,0.56,-0.03,-0.13,0.28,-0.04,0.19,0.16,0.13,0.46,0.62,0.49,0.48,0.54,0.48,0.34,0.6,0.37,0.35,0.47,0.38,-41.1,11.76,-85.47,-81.51,9.8,-77.44,0.14,0.28,0.18,0.11,0.47,0.12,4,7,0,6,4.25
rac_11575382,Ripon,crs_1274,"Apr 17, 2025",4:50,8.0,5,4,8,1,1,0,hrs_41269249,The Outlaw,3,Ralph Beckett,trn_125253,19,2,0.11,M Blencowe & Valmont,own_1366204,1,135,82.0,49.0,Hector Crouch,jky_278418,78,37.0,2.5,Refusetolisten,dam_5902106,New Bay,sir_6106975,Clodovil,dsi_3952928,4432.0,12.0,3.0,4.0,3.0,0.0,1.12,0.25,15.5,4432.0,4.0,2.0,0.0,0.0,0.0,1.63,0.5,-0.47,4432.0,628.0,133.0,85.0,86.0,70.0,1.04,0.21,-33.08,4432.0,823.0,114.0,88.0,78.0,83.0,1.04,0.14,-40.48,2.0,2.0,0.0,0.0,0.0,1.0,Clodovil,2333.0,298.0,25.0,20.0,26.0,24.0,0.82,0.08,-97.89,Refusetolisten (IRE),58.0,7.0,2.0,0.0,1.0,0.0,1.12,0.29,-3.47,New Bay (GB),2315.0,539.0,75.0,77.0,67.0,49.0,0.95,0.14,-76.4,0.0,Clodovil,2333.0,516.0,58.0,46.0,53.0,56.0,0.95,0.11,-51.47,Refusetolisten (IRE),58.0,10.0,2.0,1.0,0.0,0.0,1.55,0.2,17.8,New Bay (GB),2315.0,458.0,72.0,55.0,63.0,44.0,0.92,0.16,-75.88,0.11,0.2,0.16,0.08,0.29,0.14,0.3,0.3,0.41,0.24,0.43,0.41,-0.05,0.55,-0.08,-0.18,0.12,-0.05,0.16,0.17,0.14,0.41,0.3,0.51,0.32,0.43,0.5,0.37,0.67,0.38,0.35,0.67,0.34,-25.8,5.5,-36.64,-53.64,0.84,-26.95,0.22,0.17,0.2,0.13,0.12,0.23,7,8,2,1,4.5
rac_11575382,Ripon,crs_1274,"Apr 17, 2025",4:50,8.0,5,4,8,1,1,0,hrs_45377962,Flagon Dry,3,Warren Greatrex,trn_198099,13,3,0.23,Jim And Claire Limited,own_1147748,5,134,83.0,0.0,Charles Bishop,jky_268881,175,77.0,6.0,Sweet Dragon Fly,dam_6149885,Invincible Army,sir_10246215,Oasis Dream,dsi_3960579,5187.0,36.0,8.0,8.0,4.0,2.0,1.36,0.22,-0.17,5187.0,6.0,1.0,0.0,1.0,2.0,0.97,0.17,-3.5,5187.0,9.0,2.0,0.0,1.0,2.0,1.14,0.22,-4.0,5187.0,977.0,101.0,91.0,103.0,107.0,0.95,0.1,-210.29,1.0,1.0,0.0,0.0,0.0,1.0,Oasis Dream,18670.0,2859.0,289.0,291.0,316.0,278.0,0.83,0.1,-612.19,Sweet Dragon Fly (GB),19.0,3.0,1.0,0.0,0.0,0.0,1.71,0.33,3.5,Invincible Army (IRE),694.0,78.0,6.0,10.0,4.0,5.0,0.68,0.08,-47.25,0.0,Oasis Dream,18670.0,4362.0,497.0,494.0,486.0,531.0,0.83,0.11,-1424.24,Sweet Dragon Fly (GB),19.0,4.0,1.0,2.0,0.0,0.0,1.15,0.25,2.5,Invincible Army (IRE),694.0,197.0,26.0,26.0,23.0,19.0,0.97,0.13,-70.61,0.11,0.25,0.13,0.1,0.33,0.08,0.34,0.75,0.38,0.31,0.33,0.26,-0.17,0.15,-0.03,-0.17,0.71,-0.32,0.16,0.17,0.1,0.46,0.75,0.48,0.41,0.33,0.32,0.34,0.33,0.35,0.32,1.0,0.3,-741.54,0.6,-5.91,-486.03,2.13,-24.96,0.23,0.21,0.28,0.15,0.16,0.11,5,2,1,0,2.0
rac_11575382,Ripon,crs_1274,"Apr 17, 2025",4:50,8.0,5,4,8,1,1,0,hrs_49939197,Last Shamardal,3,Jack Channon,trn_361449,11,3,0.27,Jaber Abdullah,own_11164,7,134,84.0,0.0,George Bass,jky_290508,12,45.0,5.0,Masaya,dam_5313259,Shaman,sir_14691040,Dansili,dsi_3527125,985.0,11.0,2.0,0.0,3.0,3.0,1.05,0.18,1.0,985.0,4.0,1.0,0.0,1.0,0.0,1.31,0.25,-1.9,985.0,157.0,25.0,22.0,24.0,18.0,1.12,0.16,-39.5,985.0,140.0,10.0,11.0,18.0,15.0,0.63,0.07,-83.13,0.0,0.0,0.0,0.0,0.0,0.0,Dansili,18686.0,3160.0,348.0,348.0,391.0,311.0,0.83,0.11,-835.47,Masaya (GB),58.0,1.0,0.0,0.0,0.0,0.0,0.0,0.0,-1.0,Shaman (IRE),131.0,46.0,0.0,3.0,5.0,5.0,0.0,0.0,-46.0,0.0,Dansili,18686.0,3652.0,450.0,444.0,456.0,419.0,0.85,0.12,-689.94,Masaya (GB),58.0,15.0,4.0,1.0,2.0,1.0,1.48,0.27,2.93,Shaman (IRE),131.0,37.0,4.0,6.0,2.0,1.0,1.01,0.11,5.51,0.12,0.27,0.11,0.11,0.0,0.0,0.37,0.47,0.32,0.34,0.0,0.17,-0.15,0.48,0.01,-0.17,-1.0,-1.0,0.17,0.04,0.0,0.48,0.53,0.35,0.44,0.0,0.28,0.33,0.57,0.33,0.32,0.0,0.0,-547.8,7.2,0.37,-537.2,-1.0,-46.0,0.2,0.26,0.28,0.17,0.02,0.35,3,1,1,0,1.25
rac_11575382,Ripon,crs_1274,"Apr 17, 2025",4:50,8.0,5,4,8,1,1,0,hrs_46233817,Criminal Shore,3,David O'Meara,trn_205551,17,2,0.12,N Cable,own_1328632,3,132,80.0,22.0,David Nolan,jky_42996,18,38.0,5.5,Ceist Eile,dam_4967599,Kodiac,sir_4080139,Noverre,dsi_3709314,6070.0,269.0,35.0,33.0,26.0,33.0,0.99,0.13,-39.53,0.0,0.0,0.0,0.0,0.0,0.0,0.0,0.0,0.0,6070.0,1383.0,172.0,165.0,168.0,170.0,0.93,0.12,-224.47,6070.0,848.0,69.0,88.0,86.0,93.0,0.76,0.08,-268.61,0.0,0.0,0.0,0.0,0.0,0.0,Noverre,3388.0,485.0,43.0,39.0,54.0,39.0,0.87,0.09,-152.47,Ceist Eile (IRE),56.0,15.0,1.0,1.0,3.0,3.0,0.56,0.07,0.0,Kodiac (GB),22160.0,2834.0,298.0,327.0,261.0,292.0,0.91,0.11,-439.01,0.0,Noverre,3388.0,767.0,91.0,91.0,94.0,85.0,0.89,0.12,-146.59,Ceist Eile (IRE),56.0,3.0,0.0,0.0,0.0,2.0,0.0,0.0,-3.0,Kodiac (GB),22160.0,5413.0,670.0,669.0,624.0,601.0,0.9,0.12,-934.24,0.12,0.0,0.12,0.09,0.07,0.11,0.36,0.0,0.36,0.28,0.33,0.31,-0.11,-1.0,-0.1,-0.13,-0.44,-0.09,0.08,0.09,0.0,0.47,0.67,0.47,0.36,0.53,0.42,0.33,0.0,0.34,0.32,0.2,0.34,-84.37,-3.0,-541.3,-63.05,-6.6,-255.06,0.23,0.05,0.24,0.14,0.27,0.13,4,4,9,0,4.25
rac_11575382,Ripon,crs_1274,"Apr 17, 2025",4:50,8.0,5,4,8,1,1,0,hrs_41346410,Bebside,3,Tim Easterby,trn_91368,63,6,0.1,Racing Knights & Ptnr,own_1279072,2,125,83.0,61.0,David Allan,jky_234669,189,35.0,15.0,Muritz,dam_20425300,Iffraaj,sir_4091143,Free Eagle,dsi_5783750,13004.0,1052.0,130.0,129.0,142.0,131.0,0.85,0.12,-269.11,13004.0,15.0,2.0,4.0,1.0,0.0,0.76,0.13,-6.34,13004.0,8167.0,888.0,942.0,942.0,928.0,0.84,0.11,-1901.04,13004.0,1573.0,133.0,151.0,166.0,177.0,0.77,0.08,-486.16,2.0,0.0,0.0,0.0,1.0,0.0,Free Eagle,19.0,3.0,0.0,0.0,0.0,1.0,0.0,0.0,-3.0,Muritz (GB),8.0,2.0,0.0,0.0,0.0,1.0,0.0,0.0,-2.0,Iffraaj (GB),14312.0,2846.0,298.0,309.0,282.0,304.0,0.84,0.1,-701.5,0.0,Free Eagle,19.0,6.0,0.0,0.0,1.0,2.0,0.0,0.0,-6.0,Muritz (GB),8.0,5.0,0.0,0.0,1.0,2.0,0.0,0.0,-5.0,Iffraaj (GB),14312.0,3462.0,423.0,387.0,404.0,412.0,0.88,0.12,-709.4,0.0,0.0,0.12,0.0,0.0,0.1,0.17,0.2,0.35,0.0,0.0,0.31,-1.0,-1.0,-0.12,-1.0,-1.0,-0.16,0.04,0.03,0.08,0.5,0.6,0.47,0.33,0.5,0.42,0.0,0.0,0.35,0.0,0.0,0.34,-6.0,-5.0,-415.44,-3.0,-2.0,-455.36,0.32,0.62,0.24,0.16,0.25,0.2,4,4,5,2,3.75
rac_11575382,Ripon,crs_1274,"Apr 17, 2025",4:50,8.0,5,4,8,1,1,0,hrs_41565083,Epicurian Lad,3,Richard Fahey,trn_72090,27,3,0.11,John Rhodes & Peter Timmins,own_1087268,8,125,81.0,65.0,Billy Garritty,jky_285456,12,30.0,7.5,Dance Diva,dam_10358803,Twilight Son,sir_6066578,Mayson,dsi_5298622,2139.0,51.0,9.0,3.0,9.0,2.0,1.18,0.18,-1.76,2139.0,1.0,0.0,0.0,0.0,0.0,0.0,0.0,-1.0,2139.0,392.0,47.0,55.0,40.0,43.0,0.91,0.12,-42.43,2139.0,206.0,9.0,20.0,22.0,31.0,0.47,0.04,-36.08,0.0,0.0,0.0,0.0,0.0,0.0,Mayson,494.0,39.0,2.0,2.0,4.0,1.0,0.77,0.05,8.0,Dance Diva (GB),11.0,3.0,0.0,0.0,0.0,0.0,0.0,0.0,-3.0,Twilight Son (GB),2732.0,399.0,25.0,39.0,54.0,34.0,0.58,0.06,-217.23,0.0,Mayson,494.0,130.0,12.0,17.0,17.0,16.0,0.65,0.09,-4.87,Dance Diva (GB),11.0,5.0,0.0,0.0,0.0,1.0,0.0,0.0,-5.0,Twilight Son (GB),2732.0,862.0,91.0,92.0,91.0,98.0,0.91,0.11,-200.53,0.09,0.0,0.11,0.05,0.0,0.06,0.35,0.0,0.32,0.21,0.0,0.3,-0.35,-1.0,-0.09,-0.23,-1.0,-0.42,0.07,0.04,0.0,0.48,0.2,0.43,0.23,0.0,0.38,0.26,0.0,0.33,0.25,0.0,0.21,-45.5,-5.0,-77.58,-8.97,-3.0,-167.58,0.26,0.45,0.32,0.08,0.27,0.15,9,6,5,3,5.75
rac_11575382,Ripon,crs_1274,"Apr 17, 2025",4:50,8.0,5,4,8,1,1,0,hrs_42943775,That Lucas Fella,3,Iain Jardine,trn_193644,16,3,0.19,A Branniff,own_1386452,4,120,78.0,67.0,Cam Hardie,jky_278196,15,50.0,41.0,Orpha,dam_5696159,Territories,sir_6051941,New Approach,dsi_4690833,7220.0,185.0,5.0,12.0,10.0,28.0,0.41,0.03,-114.5,0.0,0.0,0.0,0.0,0.0,0.0,0.0,0.0,0.0,7220.0,20.0,0.0,1.0,0.0,3.0,0.0,0.0,-20.0,7220.0,918.0,40.0,74.0,73.0,97.0,0.61,0.04,-528.37,0.0,0.0,0.0,0.0,0.0,0.0,New Approach,4202.0,766.0,93.0,90.0,67.0,80.0,0.9,0.12,-20.43,Orpha (GB),22.0,7.0,1.0,1.0,0.0,0.0,0.99,0.14,-4.38,Territories (IRE),2626.0,521.0,52.0,60.0,56.0,62.0,0.8,0.1,-139.65,0.0,New Approach,4202.0,947.0,113.0,121.0,92.0,89.0,0.86,0.12,-181.44,Orpha (GB),22.0,15.0,1.0,1.0,0.0,2.0,0.84,0.07,-12.38,Territories (IRE),2626.0,612.0,66.0,77.0,61.0,72.0,0.82,0.11,-203.48,0.12,0.07,0.11,0.12,0.14,0.1,0.34,0.13,0.33,0.33,0.29,0.32,-0.14,-0.16,-0.18,-0.1,-0.01,-0.2,0.1,0.12,0.0,0.44,0.27,0.45,0.43,0.29,0.44,0.35,0.5,0.32,0.37,0.5,0.31,-132.58,-2.4,-110.16,-76.6,-0.07,-104.2,0.23,0.68,0.23,0.18,0.32,0.2,9,4,4,7,6.0
rac_11575382,Ripon,crs_1274,"Apr 17, 2025",4:50,8.0,5,4,8,1,1,0,hrs_46667957,Orchestral Wave,3,Iain Jardine,trn_193644,16,3,0.19,D Lovatt & C Bacon,own_1312784,6,119,77.0,0.0,Andrew Mullen,jky_243498,28,50.0,67.0,Sea Chorus,dam_4927643,Kameko,sir_19359298,Singspiel,dsi_683137,9943.0,295.0,16.0,21.0,31.0,28.0,0.63,0.05,-146.16,9943.0,8.0,3.0,0.0,0.0,1.0,2.28,0.38,6.08,9943.0,1289.0,121.0,118.0,151.0,163.0,0.85,0.09,-346.82,9943.0,1311.0,100.0,140.0,103.0,113.0,0.8,0.08,-293.29,4.0,0.0,0.0,0.0,0.0,0.0,Singspiel,12809.0,2409.0,301.0,273.0,235.0,244.0,0.99,0.12,-288.77,Sea Chorus (GB),153.0,25.0,4.0,1.0,1.0,4.0,1.06,0.16,27.1,Kameko (USA),220.0,55.0,7.0,6.0,6.0,9.0,0.95,0.13,-31.87,0.0,Singspiel,12809.0,2646.0,339.0,334.0,300.0,310.0,0.93,0.13,-346.01,Sea Chorus (GB),153.0,50.0,5.0,6.0,4.0,6.0,0.65,0.1,-18.75,Kameko (USA),220.0,83.0,8.0,8.0,9.0,5.0,0.92,0.1,-32.22,0.13,0.1,0.1,0.12,0.16,0.13,0.37,0.3,0.3,0.34,0.24,0.35,-0.07,-0.35,-0.08,-0.01,0.06,-0.05,0.11,0.14,0.08,0.48,0.42,0.36,0.44,0.4,0.51,0.35,0.33,0.32,0.37,0.67,0.37,-185.22,-17.5,-6.64,-24.09,1.5,-2.75,0.21,0.33,0.38,0.19,0.16,0.25,3,3,9,8,5.75
rac_11575356,Ripon,crs_1274,"Apr 17, 2025",5:25,8.0,4,4,8,1,1,0,hrs_24734997,On The River,6,Harriet Bethell,trn_267615,4,1,0.25,W A Bethell,own_17496,1,140,91.0,74.0,Warren Fentiman(3),jky_312057,167,75.0,3.25,Lady Lekki,dam_6204037,Heeraat,sir_5528656,Champs Elysees,dsi_4532486,0.0,0.0,0.0,0.0,0.0,0.0,0.0,0.0,0.0,0.0,0.0,0.0,0.0,0.0,0.0,0.0,0.0,0.0,0.0,0.0,0.0,0.0,0.0,0.0,0.0,0.0,0.0,201.0,26.0,0.0,4.0,4.0,1.0,0.0,0.0,-26.0,17.0,5.0,2.0,0.0,3.0,0.29,Champs Elysees,1303.0,218.0,28.0,19.0,10.0,16.0,1.13,0.13,-23.34,Lady Lekki (IRE),66.0,20.0,5.0,2.0,0.0,4.0,1.68,0.25,15.78,Heeraat (IRE),2737.0,297.0,28.0,23.0,22.0,18.0,0.96,0.09,-98.34,0.0,Champs Elysees,1303.0,264.0,27.0,36.0,25.0,17.0,0.8,0.1,-58.27,Lady Lekki (IRE),66.0,20.0,4.0,2.0,1.0,2.0,1.31,0.2,-0.2,Heeraat (IRE),2737.0,271.0,26.0,25.0,25.0,36.0,0.97,0.1,-125.98,0.1,0.2,0.1,0.13,0.25,0.09,0.33,0.35,0.28,0.26,0.35,0.25,-0.2,0.31,-0.03,0.13,0.68,-0.04,0.13,0.16,0.12,0.4,0.45,0.41,0.33,0.55,0.31,0.31,0.57,0.34,0.49,0.71,0.38,-52.8,6.2,-8.13,28.34,13.6,-11.88,0.2,0.3,0.1,0.17,0.3,0.11,4,0,1,1,1.5
rac_11575356,Ripon,crs_1274,"Apr 17, 2025",5:25,8.0,4,4,8,1,1,0,hrs_18529931,Dutch Decoy,8,Charlie Johnston,trn_361179,30,1,0.03,Owners Group 052,own_1172940,5,140,94.0,84.0,Archie Young(3),jky_307500,187,43.0,6.5,The Terrier,dam_4387859,Dutch Art,sir_4618404,Foxhound,dsi_606095,273.0,2.0,0.0,0.0,0.0,1.0,0.0,0.0,-2.0,0.0,0.0,0.0,0.0,0.0,0.0,0.0,0.0,0.0,273.0,93.0,17.0,12.0,9.0,11.0,1.32,0.18,46.23,273.0,33.0,3.0,3.0,2.0,5.0,0.95,0.09,-14.17,26.0,3.0,5.0,4.0,4.0,0.12,Foxhound,2116.0,268.0,25.0,35.0,26.0,29.0,0.81,0.09,-109.45,The Terrier (GB),204.0,31.0,4.0,5.0,7.0,4.0,1.14,0.13,-8.5,Dutch Art (GB),8455.0,1454.0,152.0,156.0,134.0,160.0,0.86,0.1,-276.55,0.0,Foxhound,2116.0,331.0,42.0,39.0,39.0,40.0,0.97,0.13,-47.09,The Terrier (GB),204.0,44.0,10.0,4.0,7.0,7.0,1.51,0.23,28.13,Dutch Art (GB),8455.0,1559.0,196.0,174.0,163.0,191.0,0.91,0.13,-319.5,0.13,0.23,0.13,0.09,0.13,0.1,0.36,0.48,0.34,0.32,0.52,0.3,-0.03,0.51,-0.09,-0.19,0.14,-0.14,0.16,0.11,0.1,0.48,0.64,0.46,0.43,0.65,0.41,0.35,0.48,0.37,0.29,0.25,0.34,-9.93,22.44,-140.31,-50.92,4.34,-203.56,0.16,0.22,0.18,0.13,0.15,0.17,2,4,6,0,3.0
rac_11575356,Ripon,crs_1274,"Apr 17, 2025",5:25,8.0,4,4,8,1,1,0,hrs_36329006,Bowood,5,Ivan Furtado,trn_277803,11,0,0.0,Making Headway Racing & Star Racing,own_1388648,6,136,95.0,74.0,Elle-May Croot(6),jky_302214,84,0.0,7.5,Pretty Paper,dam_20523083,Siyouni,sir_5133128,Medaglia d'Oro,dsi_3930262,368.0,4.0,2.0,0.0,0.0,0.0,4.83,0.5,11.5,368.0,9.0,3.0,2.0,0.0,1.0,1.59,0.33,14.23,368.0,316.0,21.0,29.0,21.0,34.0,0.77,0.07,-129.44,368.0,68.0,3.0,7.0,4.0,7.0,0.47,0.04,-35.5,8.0,2.0,2.0,0.0,1.0,0.25,Medaglia d'Oro,2300.0,474.0,53.0,51.0,54.0,46.0,0.9,0.11,-31.17,Pretty Paper (IRE),79.0,17.0,3.0,2.0,1.0,2.0,1.16,0.18,7.0,Siyouni (FR),7675.0,1903.0,238.0,220.0,204.0,184.0,0.86,0.13,-440.19,0.0,Medaglia d'Oro,2300.0,215.0,25.0,24.0,18.0,23.0,0.89,0.12,37.82,Pretty Paper (IRE),79.0,16.0,5.0,3.0,1.0,2.0,1.41,0.31,4.2,Siyouni (FR),7675.0,789.0,93.0,114.0,81.0,76.0,0.78,0.12,-214.46,0.12,0.31,0.12,0.11,0.18,0.13,0.31,0.56,0.37,0.33,0.35,0.35,-0.11,0.41,-0.22,-0.1,0.16,-0.14,0.18,0.14,0.07,0.42,0.69,0.46,0.43,0.47,0.44,0.37,0.56,0.32,0.34,0.5,0.36,-23.65,6.56,-173.58,-47.4,2.72,-266.42,0.09,0.2,0.1,0.21,0.22,0.25,6,2,2,4,3.5
rac_11575356,Ripon,crs_1274,"Apr 17, 2025",5:25,8.0,4,4,8,1,1,0,hrs_24770494,Yermanthere,7,Tim Easterby,trn_91368,63,6,0.1,Habton Racing,own_1372540,2,136,92.0,72.0,Tom Kiely-Marshall,jky_302325,184,35.0,9.0,Fast Jazz,dam_24770487,Fast Company,sir_4759678,Frozen Power,dsi_5126548,308.0,3.0,0.0,1.0,0.0,1.0,0.0,0.0,-3.0,0.0,0.0,0.0,0.0,0.0,0.0,0.0,0.0,0.0,308.0,1.0,0.0,0.0,0.0,1.0,0.0,0.0,-1.0,308.0,55.0,3.0,7.0,8.0,8.0,0.61,0.05,35.5,5.0,0.0,0.0,0.0,0.0,0.0,Frozen Power,283.0,48.0,7.0,1.0,5.0,2.0,1.47,0.15,-12.05,Fast Jazz (IRE),49.0,11.0,3.0,0.0,0.0,0.0,2.31,0.27,7.0,Fast Company (IRE),7396.0,1145.0,106.0,86.0,114.0,113.0,0.87,0.09,-394.13,0.0,Frozen Power,283.0,31.0,4.0,2.0,2.0,6.0,1.22,0.13,13.0,Fast Jazz (IRE),49.0,2.0,1.0,0.0,0.0,0.0,4.44,0.5,6.0,Fast Company (IRE),7396.0,1033.0,121.0,110.0,109.0,116.0,0.96,0.12,-159.09,0.13,0.5,0.12,0.15,0.27,0.09,0.26,0.5,0.33,0.27,0.27,0.27,0.22,3.44,-0.04,0.47,1.31,-0.13,0.25,0.17,0.05,0.45,0.5,0.44,0.31,0.27,0.37,0.5,1.0,0.36,0.54,1.0,0.35,6.82,6.88,-41.32,22.56,14.41,-148.85,0.11,0.04,0.14,0.17,0.22,0.15,8,1,6,0,3.75
rac_11575356,Ripon,crs_1274,"Apr 17, 2025",5:25,8.0,4,4,8,1,1,0,hrs_19537924,Pisanello,8,David O'Meara,trn_205551,17,2,0.12,Trendy Ladies,own_721124,7,134,93.0,79.0,Cian Horgan(6),jky_303567,199,38.0,19.0,Painting,dam_5304894,Raven's Pass,sir_4779124,Peintre Celebre,dsi_3187051,0.0,0.0,0.0,0.0,0.0,0.0,0.0,0.0,0.0,0.0,0.0,0.0,0.0,0.0,0.0,0.0,0.0,0.0,453.0,13.0,0.0,1.0,2.0,3.0,0.0,0.0,-13.0,453.0,92.0,4.0,2.0,3.0,3.0,0.87,0.04,-52.5,24.0,2.0,3.0,5.0,1.0,0.08,Peintre Celebre,10157.0,1605.0,160.0,162.0,145.0,151.0,0.87,0.1,-223.33,Painting (IRE),58.0,24.0,2.0,3.0,5.0,1.0,0.79,0.08,8.6,Raven's Pass (USA),5052.0,980.0,103.0,113.0,106.0,107.0,0.75,0.11,-310.42,0.0,Peintre Celebre,10157.0,1569.0,159.0,175.0,192.0,195.0,0.77,0.1,-395.21,Painting (IRE),58.0,16.0,3.0,2.0,3.0,1.0,1.48,0.19,31.0,Raven's Pass (USA),5052.0,861.0,112.0,104.0,109.0,99.0,0.92,0.13,-122.28,0.1,0.19,0.13,0.1,0.08,0.11,0.34,0.5,0.38,0.29,0.42,0.33,-0.23,0.48,-0.08,-0.13,-0.21,-0.25,0.14,0.1,0.05,0.46,0.56,0.49,0.39,0.46,0.44,0.3,0.38,0.34,0.34,0.2,0.32,-360.87,7.68,-68.88,-208.65,-5.04,-245.0,0.15,0.28,0.17,0.16,0.41,0.19,3,0,9,0,3.0
rac_11575356,Ripon,crs_1274,"Apr 17, 2025",5:25,8.0,4,4,8,1,1,0,hrs_10661119,Garden Oasis,10,Tim Easterby,trn_91368,63,6,0.1,T A Scothern & Partner,own_1012424,4,132,92.0,84.0,Jake Dickson(10),jky_310494,210,35.0,5.0,Queen Arabella,dam_10358929,Excelebration,sir_5245191,Medicean,dsi_3697442,0.0,0.0,0.0,0.0,0.0,0.0,0.0,0.0,0.0,0.0,0.0,0.0,0.0,0.0,0.0,0.0,0.0,0.0,0.0,0.0,0.0,0.0,0.0,0.0,0.0,0.0,0.0,11.0,1.0,0.0,0.0,1.0,0.0,0.0,0.0,-1.0,53.0,10.0,7.0,5.0,2.0,0.19,Medicean,8062.0,1317.0,157.0,120.0,142.0,133.0,1.03,0.12,-22.61,Queen Arabella (GB),108.0,66.0,12.0,8.0,7.0,3.0,1.58,0.18,23.46,Excelebration (IRE),3836.0,729.0,67.0,76.0,77.0,63.0,0.78,0.09,-175.04,0.0,Medicean,8062.0,1310.0,142.0,147.0,142.0,172.0,0.84,0.11,-360.83,Queen Arabella (GB),108.0,34.0,4.0,7.0,6.0,2.0,0.93,0.12,-5.5,Excelebration (IRE),3836.0,589.0,67.0,75.0,84.0,64.0,0.88,0.11,-92.47,0.11,0.12,0.11,0.12,0.18,0.09,0.33,0.5,0.38,0.32,0.41,0.3,-0.16,-0.07,-0.12,0.03,0.58,-0.22,0.11,0.13,0.19,0.46,0.56,0.49,0.42,0.45,0.39,0.33,0.24,0.3,0.37,0.44,0.3,-209.6,-2.38,-70.68,39.51,38.28,-160.38,0.16,0.31,0.15,0.16,0.61,0.19,2,3,2,6,3.25
rac_11575356,Ripon,crs_1274,"Apr 17, 2025",5:25,8.0,4,4,8,1,1,0,hrs_30907877,Overnight Oats,5,James Owen,trn_360648,42,9,0.21,Gts Racing,own_1374924,3,131,92.0,53.0,Mason Paetel(8),jky_312036,13,52.0,7.0,Integral,dam_5859658,Muhaarar,sir_5988269,Dalakhani,dsi_3974124,0.0,0.0,0.0,0.0,0.0,0.0,0.0,0.0,0.0,0.0,0.0,0.0,0.0,0.0,0.0,0.0,0.0,0.0,61.0,8.0,3.0,1.0,0.0,0.0,2.48,0.38,24.0,61.0,7.0,1.0,1.0,0.0,1.0,1.57,0.14,-2.0,7.0,3.0,0.0,0.0,0.0,0.43,Dalakhani,7942.0,1289.0,138.0,123.0,129.0,123.0,0.88,0.11,-140.7,Integral (GB),65.0,8.0,4.0,0.0,0.0,0.0,1.91,0.5,4.41,Muhaarar (GB),3999.0,767.0,107.0,82.0,73.0,99.0,1.05,0.14,-52.3,0.0,Dalakhani,7942.0,1192.0,143.0,136.0,153.0,129.0,0.89,0.12,14.82,Integral (GB),65.0,13.0,0.0,3.0,0.0,1.0,0.0,0.0,-13.0,Muhaarar (GB),3999.0,642.0,79.0,67.0,86.0,74.0,0.82,0.12,-148.22,0.12,0.0,0.12,0.11,0.5,0.14,0.36,0.23,0.36,0.3,0.5,0.34,-0.11,-1.0,-0.18,-0.12,0.91,0.05,0.08,0.25,0.29,0.47,0.31,0.48,0.4,0.5,0.47,0.33,0.0,0.34,0.35,1.0,0.41,-131.12,-13.0,-115.56,-154.68,7.28,38.35,0.15,0.2,0.16,0.16,0.12,0.19,2,1,8,5,4.0
rac_11575356,Ripon,crs_1274,"Apr 17, 2025",5:25,8.0,4,4,8,1,1,0,hrs_13211772,Broken Spear,9,Tony Coyle & Kaine Wood,trn_370053,6,1,0.17,Tony Coyle,own_695088,8,125,93.0,79.0,Rhys Elliott(3),jky_308601,15,33.0,10.0,My Pretty Girl,dam_11337095,Pastoral Pursuits,sir_4038104,Arakan,dsi_3897313,239.0,4.0,1.0,0.0,0.0,1.0,3.58,0.25,4.5,0.0,0.0,0.0,0.0,0.0,0.0,0.0,0.0,0.0,239.0,1.0,0.0,0.0,0.0,0.0,0.0,0.0,-1.0,239.0,29.0,3.0,3.0,3.0,5.0,0.93,0.1,34.0,8.0,0.0,0.0,1.0,0.0,0.0,Arakan,553.0,99.0,10.0,11.0,3.0,7.0,1.02,0.1,10.45,My Pretty Girl (GB),106.0,20.0,1.0,1.0,1.0,1.0,0.71,0.05,-12.0,Pastoral Pursuits (GB),7126.0,753.0,50.0,72.0,67.0,75.0,0.68,0.07,-282.08,0.0,Arakan,553.0,96.0,8.0,13.0,9.0,12.0,0.69,0.08,-38.8,My Pretty Girl (GB),106.0,45.0,4.0,9.0,5.0,8.0,0.62,0.09,-3.5,Pastoral Pursuits (GB),7126.0,1204.0,109.0,138.0,122.0,126.0,0.75,0.09,-342.44,0.08,0.09,0.09,0.1,0.05,0.07,0.31,0.4,0.31,0.24,0.15,0.25,-0.31,-0.38,-0.25,0.02,-0.29,-0.32,0.09,0.07,0.08,0.44,0.58,0.41,0.31,0.2,0.35,0.27,0.22,0.3,0.42,0.33,0.26,-29.76,-17.1,-301.0,1.98,-5.8,-240.96,0.17,0.42,0.17,0.18,0.19,0.11,3,3,1,3,2.5
