race_id,course,course_id,date,off_time,distance_round,distance,distance_f,region,race_class,type,age_band,field_size,going,surface,jumps,horse_id,horse,age,trainer,trainer_id,trainer_location,trainer_14_days_runs,trainer_14_days_wins,trainer_14_days_percent,owner,owner_id,draw,lbs,rpr,ts,jockey,jockey_id,last_run,form,trainer_rtf,odds_decimal,dam,dam_id,sire,sire_id,damsire,damsire_id
rac_11574862,Musselburgh,crs_416,2025-04-13,3:45,1m,1m2y,8.0,GB,Class 5,Flat,4yo+,14,Good,Turf,,hrs_20183779,Shine On Brendan,8,Jim Goldie,trn_70155,"Uplawmoor, Lanarkshire",8,2,25.0,Let's Be Lucky Racing 29,own_1266544,14,133,82,72,Kaiya Fraser(3),jky_303564,185,44511-,38.0,10,Something Magic,dam_5680969,Society Rock,sir_5171712,Proud Citizen,dsi_3862180
rac_11574862,Musselburgh,crs_416,2025-04-13,3:45,1m,1m2y,8.0,GB,Class 5,Flat,4yo+,14,Good,Turf,,hrs_25702096,Dawn Of Liberation,6,Ruth Carr,trn_180405,"Stillington, N Yorks",20,2,10.0,Rjh Ltd And Facts & Figures,own_1306472,10,133,86,71,Jason Hart,jky_270729,55,556-80,15.0,17,Danetime Out,dam_5346082,Churchill,sir_6345339,Danetime,dsi_3136224
rac_11574862,Musselburgh,crs_416,2025-04-13,3:45,1m,1m2y,8.0,GB,Class 5,Flat,4yo+,14,Good,Turf,,hrs_19877760,Detective,9,Dianne Sayer,trn_96102,"Hackthorpe, Cumbria",4,0,0.0,A Slack And D Coppola,own_1428060,4,133,82,69,P J McDonald,jky_230616,194 (138J),19949-,,29,Promising Lead,dam_4748422,Kingman,sir_5880140,Danehill,dsi_296611
rac_11574862,Musselburgh,crs_416,2025-04-13,3:45,1m,1m2y,8.0,GB,Class 5,Flat,4yo+,14,Good,Turf,,hrs_36836982,Spun To Gold,4,Jim Goldie,trn_70155,"Uplawmoor, Lanarkshire",8,2,25.0,Belgate Racing Limited,own_1400508,3,132,86,64,Amie Waugh(3),jky_260070,148,80040-,38.0,17,Rumplestiltskin,dam_4465258,Justify,sir_12923176,Danehill,dsi_296611
rac_11574862,Musselburgh,crs_416,2025-04-13,3:45,1m,1m2y,8.0,GB,Class 5,Flat,4yo+,14,Good,Turf,,hrs_35512799,Jesmond Dawn,4,Grant Tuer,trn_136422,"Birkby, N Yorks",14,1,7.0,The Weighting Game,own_1266440,9,132,82,66,Sam James,jky_261870,190,47138-,57.0,13,Strapless,dam_5694507,Dawn Approach,sir_5647166,Whipper,dsi_4078998
rac_11574862,Musselburgh,crs_416,2025-04-13,3:45,1m,1m2y,8.0,GB,Class 5,Flat,4yo+,14,Good,Turf,,hrs_39736543,Lucykeys,4,Iain Jardine,trn_193644,"Carrutherstown, D'fries & G'way",15,1,7.0,Ian Jones,own_1187076,13,132,79,64,Andrew Mullen,jky_243498,206,32487-,33.0,19,Blending,dam_7313096,Gleneagles,sir_6014925,Medicean,dsi_3697442
rac_11574862,Musselburgh,crs_416,2025-04-13,3:45,1m,1m2y,8.0,GB,Class 5,Flat,4yo+,14,Good,Turf,,hrs_35137319,Between Me And U,4,Michael Herrington,trn_199350,"Willoughton, Lincs",13,2,15.0,GB Civil Engineering (Leicester) Ltd,own_1076680,6,132,83,57,Hector Crouch,jky_278418,115,12450-,62.0,4.5,Love In The Park,dam_4789967,Eqtidaar,sir_11091493,Pivotal,dsi_753900
rac_11574862,Musselburgh,crs_416,2025-04-13,3:45,1m,1m2y,8.0,GB,Class 5,Flat,4yo+,14,Good,Turf,,hrs_33875639,Swift Salian,4,David & Nicola Barron,trn_354483,"Maunby, N Yorks",8,0,0.0,David Ellis,own_1307284,8,131,82,66,Connor Beasley,jky_272604,181,37394-,25.0,11,Dynalosca,dam_5052537,Holy Roman Emperor,sir_4602234,Dynaformer,dsi_2134608
rac_11574862,Musselburgh,crs_416,2025-04-13,3:45,1m,1m2y,8.0,GB,Class 5,Flat,4yo+,14,Good,Turf,,hrs_27711404,Volenti,6,Ben Haslam,trn_201303,"Middleham Moor, N Yorks",6,0,0.0,Blue And Gold Syndicate,own_132756,7,131,81,30,Joanna Mason,jky_257346,32,631425,33.0,12,Izba,dam_27711530,Estidhkaar,sir_5968298,Mastercraftsman,dsi_4870369
rac_11574862,Musselburgh,crs_416,2025-04-13,3:45,1m,1m2y,8.0,GB,Class 5,Flat,4yo+,14,Good,Turf,,hrs_26247144,Code Purple,6,Ben Haslam,trn_201303,"Middleham Moor, N Yorks",6,0,0.0,Daniel Shapiro & David Clifford,own_1210148,12,131,82,71,Paul Mulrennan,jky_238113,22,1722-7,33.0,7,Sugar Free,dam_7834554,Ribchester,sir_6257503,Exceed And Excel,dsi_4045216
rac_11574862,Musselburgh,crs_416,2025-04-13,3:45,1m,1m2y,8.0,GB,Class 5,Flat,4yo+,14,Good,Turf,,hrs_42520926,Izzari,4,Iain Jardine,trn_193644,"Carrutherstown, D'fries & G'way",15,1,7.0,Criffel Racing & Kevin Elliott,own_1391584,11,131,82,61,Mohammed Tabti(5),jky_295749,124,89617-,33.0,13,Izzy,dam_40260633,Areion,sir_3503556,Soldier Hollow,dsi_3987102
rac_11574862,Musselburgh,crs_416,2025-04-13,3:45,1m,1m2y,8.0,GB,Class 5,Flat,4yo+,14,Good,Turf,,hrs_36302532,Bulmer Bank,4,Michael & David Easterby,trn_346887,"Sheriff Hutton, N Yorks",18,2,11.0,David Scott and Co (Pattern Makers) Ltd,own_494992,5,130,80,63,Billy Garritty,jky_285456,237,43320-,67.0,12,Readyandaway,dam_7714588,National Defense,sir_7784448,More Than Ready,dsi_3631110
rac_11574862,Musselburgh,crs_416,2025-04-13,3:45,1m,1m2y,8.0,GB,Class 5,Flat,4yo+,14,Good,Turf,,hrs_35336616,Rainwater,4,Richard Fahey,trn_72090,"Musley Bank, N Yorks",21,3,14.0,R A Fahey,own_184724,1,130,81,69,Oisin Orr,jky_281652,15,23-240,33.0,10,Finalize,dam_5671274,Mayson,sir_5298622,Firebreak,dsi_3805956
rac_11574862,Musselburgh,crs_416,2025-04-13,3:45,1m,1m2y,8.0,GB,Class 5,Flat,4yo+,14,Good,Turf,,hrs_22991458,English Spirit,7,Heather Main,trn_193941,"Kingston Lisle, Oxfordshire",5,2,40.0,Wetumpka Racing,own_624268,2,130,83,66,Jack Mitchell,jky_253248,32,67-236,60.0,13,Cloud Illusions,dam_5340965,Swiss Spirit,sir_5425399,Smarty Jones,dsi_4189871
rac_11574810,Musselburgh,crs_416,2025-04-13,4:15,5f,5f1y,5.0,GB,Class 2,Flat,2yo,7,Good,Turf,,hrs_49140959,Clear Force,2,K R Burke,trn_45171,"Coverham, North Yorkshire",30,6,20.0,Sheikh Rashid Dalmook Al Maktoum,own_817224,7,133,-,-,Clifford Lee,jky_280440,,,52.0,1.83,Gecorja,dam_49140966,Supremacy,sir_21649551,Kodiac,dsi_4080139
rac_11574810,Musselburgh,crs_416,2025-04-13,4:15,5f,5f1y,5.0,GB,Class 2,Flat,2yo,7,Good,Turf,,hrs_51766883,Dickensian,2,Kevin Ryan,trn_202725,"Hambleton, N Yorks",19,1,5.0,Sheikh Mohammed Obaid Al Maktoum,own_221344,6,133,-,-,Shane Gray,jky_270309,,,42.0,5.5,Yourtimeisnow,dam_14660569,Pinatubo,sir_18619580,Charm Spirit,dsi_5899537
rac_11574810,Musselburgh,crs_416,2025-04-13,4:15,5f,5f1y,5.0,GB,Class 2,Flat,2yo,7,Good,Turf,,hrs_51766876,Frio,2,John & Sean Quinn,trn_369855,"Norton, N Yorks",12,2,17.0,Eco- Power Racing 1,own_1428004,4,133,-,-,Jason Hart,jky_270729,,,42.0,7.5,Guarded Secret,dam_18705428,Havana Grey,sir_9602586,Bated Breath,dsi_5178992
rac_11574810,Musselburgh,crs_416,2025-04-13,4:15,5f,5f1y,5.0,GB,Class 2,Flat,2yo,7,Good,Turf,,hrs_51273096,Harswell Calling,2,Roger Fell,trn_291465,"Nawton, N Yorks",9,1,11.0,Harswell Thoroughbred Racing I,own_1372548,5,133,54,32,Rowan Scott,jky_277695,15,0,44.0,23,Libiamo,dam_21689213,Coulsty,sir_5819310,Alhebayeb,dsi_5636862
rac_11574810,Musselburgh,crs_416,2025-04-13,4:15,5f,5f1y,5.0,GB,Class 2,Flat,2yo,7,Good,Turf,,hrs_51766862,Kodigara,2,Iain Jardine,trn_193644,"Carrutherstown, D'fries & G'way",15,1,7.0,Ian Jones,own_1187076,3,133,-,-,Andrew Mullen,jky_243498,,,33.0,34,Rayagara,dam_43604505,Kodi Bear,sir_5988948,Dark Angel,dsi_4701529
rac_11574810,Musselburgh,crs_416,2025-04-13,4:15,5f,5f1y,5.0,GB,Class 2,Flat,2yo,7,Good,Turf,,hrs_49142555,Our Hero Matty,2,Brian Ellison,trn_39879,"Norton, N Yorks",10,1,10.0,The Shuffling Kid Partnership,own_1340748,2,133,-,-,Ben Robinson,jky_285837,,,10.0,41,Sophie B,dam_21686574,A'Ali,sir_18771291,Gutaifan,dsi_6208167
rac_11574810,Musselburgh,crs_416,2025-04-13,4:15,5f,5f1y,5.0,GB,Class 2,Flat,2yo,7,Good,Turf,,hrs_51766890,Star Material,2,Adrian Paul Keatley,trn_265617,"Ryedale, North Yorkshire",8,2,25.0,Steve Ryan,own_365380,1,133,-,-,Connor Beasley,jky_272604,,,75.0,5,Marriage Material,dam_42005236,Starman,sir_21670145,Kodiac,dsi_4080139
rac_11574849,Musselburgh,crs_416,2025-04-13,4:45,5f,5f1y,5.0,GB,Class 4,Flat,4yo+,16,Good,Turf,,hrs_32498858,Moon Flight,5,Linda Perratt,trn_51552,"East Kilbride, S Lanarks",5,0,0.0,Paul Corrigan,own_1266444,1,137,93,71,Tommie Jakes(5),jky_307032,40,513-84,40.0,17,Miss Margarita,dam_10939880,Sea The Moon,sir_5927481,Scat Daddy,dsi_4638186
rac_11574849,Musselburgh,crs_416,2025-04-13,4:45,5f,5f1y,5.0,GB,Class 4,Flat,4yo+,16,Good,Turf,,hrs_10374973,Arecibo,10,Declan Carroll,trn_29673,"Malton, N Yorks",4,1,25.0,Santry Racing,own_1273072,3,135,93,87,Zak Wheatley(3),jky_290007,173,34200-,50.0,15,Oceanique,dam_5684476,Invincible Spirit,sir_3548489,Forest Wildcat,dsi_3652502
rac_11574849,Musselburgh,crs_416,2025-04-13,4:45,5f,5f1y,5.0,GB,Class 4,Flat,4yo+,16,Good,Turf,,hrs_18972121,Zarzyni,8,David & Nicola Barron,trn_354483,"Maunby, N Yorks",8,0,0.0,Laurence O'Kane/Harrowgate BloodstockLtd,own_889324,16,135,92,85,Connor Beasley,jky_272604,31,7818-5,25.0,7,Zunera,dam_6070862,Siyouni,sir_5133128,Invincible Spirit,dsi_3548489
rac_11574849,Musselburgh,crs_416,2025-04-13,4:45,5f,5f1y,5.0,GB,Class 4,Flat,4yo+,16,Good,Turf,,hrs_17762514,Alligator Alley,8,Ruth Carr,trn_180405,"Stillington, N Yorks",20,2,10.0,R J H Limited And Ruth Carr,own_1149640,10,134,94,83,Jason Hart,jky_270729,31,2476-4,15.0,10,Overturned,dam_5537497,Kingman,sir_5880140,Cape Cross,dsi_3153248
rac_11574849,Musselburgh,crs_416,2025-04-13,4:45,5f,5f1y,5.0,GB,Class 4,Flat,4yo+,16,Good,Turf,,hrs_29918210,Castan,5,Bryan Smart,trn_3357,"Sutton Bank, N Yorks",5,0,0.0,Ceffyl Racing,own_611060,5,133,90,64,Harrison Shaw,jky_288633,31,-61118,,15,Astley Park,dam_26580610,Charming Thought,sir_6017487,Dutch Art,dsi_4618404
rac_11574849,Musselburgh,crs_416,2025-04-13,4:45,5f,5f1y,5.0,GB,Class 4,Flat,4yo+,16,Good,Turf,,hrs_36023372,Stash The Cash,4,Tim Easterby,trn_91368,"Great Habton, N Yorks",49,3,6.0,HP Racing Stash The Cash & PTR,own_1329624,9,132,92,77,David Allan,jky_234669,163,21186-,35.0,17,Appreciating,dam_9337118,Profitable,sir_6035519,New Approach,dsi_4690833
rac_11574849,Musselburgh,crs_416,2025-04-13,4:45,5f,5f1y,5.0,GB,Class 4,Flat,4yo+,16,Good,Turf,,hrs_21972587,Water Of Leith,7,Jim Goldie,trn_70155,"Uplawmoor, Lanarkshire",8,2,25.0,Johnnie Delta Racing,own_714616,6,128,91,77,Daniel Tudhope,jky_246693,40,129286,38.0,11,Zakhrafa,dam_6102572,Kodiac,sir_4080139,Shamardal,dsi_4214315
rac_11574849,Musselburgh,crs_416,2025-04-13,4:45,5f,5f1y,5.0,GB,Class 4,Flat,4yo+,16,Good,Turf,,hrs_24855327,Catch Cunningham,6,Michael Herrington,trn_199350,"Willoughton, Lincs",13,2,15.0,David Frame & Mrs H Lloyd-Herrington,own_1233804,13,128,92,85,Dylan Hogan,jky_277860,17,-35228,62.0,19,Faithful Duchess,dam_5136082,Kodiac,sir_4080139,Bachelor Duke,dsi_4090401
rac_11574849,Musselburgh,crs_416,2025-04-13,4:45,5f,5f1y,5.0,GB,Class 4,Flat,4yo+,16,Good,Turf,,hrs_37164267,Eternal Sunshine,5,Jim Goldie,trn_70155,"Uplawmoor, Lanarkshire",8,2,25.0,James Callow & J S Goldie,own_1010776,15,128,91,84,Paul Mulrennan,jky_238113,11,1210-7,38.0,8.5,Eternal Instinct,dam_5124903,Orientor,sir_3747156,Exceed And Excel,dsi_4045216
rac_11574849,Musselburgh,crs_416,2025-04-13,4:45,5f,5f1y,5.0,GB,Class 4,Flat,4yo+,16,Good,Turf,,hrs_35730002,Ziggy's Queen,4,Richard Fahey,trn_72090,"Musley Bank, N Yorks",21,3,14.0,Middleham Park Racing CXVII,own_1000268,7,127,90,77,Oisin Orr,jky_281652,160,37033-,33.0,15,Iron Lady,dam_7724227,Invincible Spirit,sir_3548489,Exceed And Excel,dsi_4045216
rac_11574849,Musselburgh,crs_416,2025-04-13,4:45,5f,5f1y,5.0,GB,Class 4,Flat,4yo+,16,Good,Turf,,hrs_35730023,Knicks,4,Michael & David Easterby,trn_346887,"Sheriff Hutton, N Yorks",18,2,11.0,"Bruisers Boys, Nordoff, Windle, Westwood",own_1425628,12,127,91,85,Joanna Mason,jky_257346,14,0337-8,67.0,11,Katla,dam_5332859,Invincible Spirit,sir_3548489,Majestic Missile,dsi_4058978
rac_11574849,Musselburgh,crs_416,2025-04-13,4:45,5f,5f1y,5.0,GB,Class 4,Flat,4yo+,16,Good,Turf,,hrs_36763678,Glory Hyde,4,Roger Fell,trn_291465,"Nawton, N Yorks",9,1,11.0,Swales & Fell,own_1106388,4,125,92,85,Callum Rodriguez,jky_282675,14,1232-7,44.0,15,Sea Of Antiquity,dam_7603673,Cotai Glory,sir_6028834,Canford Cliffs,dsi_5126478
rac_11574849,Musselburgh,crs_416,2025-04-13,4:45,5f,5f1y,5.0,GB,Class 4,Flat,4yo+,16,Good,Turf,,hrs_25121257,Classy Al,7,Jim Goldie,trn_70155,"Uplawmoor, Lanarkshire",8,2,25.0,Barraston Racing & J S Goldie,own_1218192,2,124,92,80,David Egan,jky_286164,181,39705-,38.0,17,Classy Anne,dam_5671309,Fountain Of Youth,sir_5800319,Orientor,dsi_3747156
rac_11574849,Musselburgh,crs_416,2025-04-13,4:45,5f,5f1y,5.0,GB,Class 4,Flat,4yo+,16,Good,Turf,,hrs_7661822,Only Spoofing,11,Kevin Thomas Coleman,trn_312012,"Carrick-on-Suir, Co. Tipperary",7,1,14.0,Kim Coleman,own_1168056,14,123,90,86,Shane Gray,jky_270309,8,850-93,43.0,7,Golden Anthem,dam_4145148,Approve,sir_5306966,Lion Cavern,dsi_491743
rac_11574849,Musselburgh,crs_416,2025-04-13,4:45,5f,5f1y,5.0,GB,Class 4,Flat,4yo+,16,Good,Turf,,hrs_23848041,Sugar Baby,7,Peter Niven,trn_139041,"Barton-le-Street, N Yorks",7,1,14.0,Hard Held Partnership And Angus Racing,own_1214076,11,118,81,-,James Sullivan,jky_253623,52,6/8415,43.0,17,Sugar Town,dam_5943791,Monsieur Bond,sir_3940377,Elusive City,dsi_3962056
rac_11574849,Musselburgh,crs_416,2025-04-13,4:45,5f,5f1y,5.0,GB,Class 4,Flat,4yo+,16,Good,Turf,,hrs_24651424,Golden Rainbow,6,Rebecca Menzies,trn_256599,"Morden, Durham",23,6,26.0,Holmfirth Racing,own_1188012,8,118,91,85,Andrew Mullen,jky_243498,22,15-936,61.0,26,Stereophonic,dam_24651662,Havana Gold,sir_5617752,Acclamation,dsi_3789198
rac_11574823,Musselburgh,crs_416,2025-04-13,5:15,1m4½f,1m4f104y,12.5,GB,Class 4,Flat,4yo+,13,Good,Turf,,hrs_36614942,Papagei,4,James Ferguson,trn_330048,"Newmarket, Suffolk",8,1,13.0,Salah Fustok,own_39432,8,135,91,79,Daniel Muscutt,jky_275571,202,33114-,57.0,5.5,Dibajj,dam_5726427,Masar,sir_8866032,Iffraaj,dsi_4091143
rac_11574823,Musselburgh,crs_416,2025-04-13,5:15,1m4½f,1m4f104y,12.5,GB,Class 4,Flat,4yo+,13,Good,Turf,,hrs_35963746,Letsbefrank,5,Jim Goldie,trn_70155,"Uplawmoor, Lanarkshire",8,2,25.0,J S Morrison & Ms Carol Morrison,own_1361616,6,135,89,72,Paul Mulrennan,jky_238113,238,11321-,38.0,4.33,Miss Polaris,dam_4023684,Frankel,sir_5344171,Polar Falcon,dsi_411852
rac_11574823,Musselburgh,crs_416,2025-04-13,5:15,1m4½f,1m4f104y,12.5,GB,Class 4,Flat,4yo+,13,Good,Turf,,hrs_30865611,Tafsir,6,Jim Goldie,trn_70155,"Uplawmoor, Lanarkshire",8,2,25.0,Summerstorm Bloodstock Ltd,own_1225696,9,135,87,77,Amie Waugh(3),jky_260070,190,51517-,38.0,21,Jannattan,dam_26203576,Tamarkuz,sir_5671519,Street Cry,dsi_3763522
rac_11574823,Musselburgh,crs_416,2025-04-13,5:15,1m4½f,1m4f104y,12.5,GB,Class 4,Flat,4yo+,13,Good,Turf,,hrs_35149380,Tokyo Bay,4,K R Burke,trn_45171,"Coverham, North Yorkshire",30,6,20.0,Mrs Elaine M Burke,own_134952,5,132,90,79,Jack Nicholls(7),jky_308319,197,/1467-,52.0,15,Zeeba,dam_4247838,Lope De Vega,sir_5186867,Barathea,dsi_510454
rac_11574823,Musselburgh,crs_416,2025-04-13,5:15,1m4½f,1m4f104y,12.5,GB,Class 4,Flat,4yo+,13,Good,Turf,,hrs_36515094,Sportingsilvermine,4,James Owen,trn_360648,"Newmarket, Suffolk",37,8,22.0,Gordon McDowall,own_373004,7,130,91,74,Hector Crouch,jky_278418,40,7369-1,54.0,3.5,Praskovia,dam_6235264,Holy Roman Emperor,sir_4602234,Manduro,dsi_4247215
rac_11574823,Musselburgh,crs_416,2025-04-13,5:15,1m4½f,1m4f104y,12.5,GB,Class 4,Flat,4yo+,13,Good,Turf,,hrs_15740389,The Dancing Poet,9,Brian Ellison,trn_39879,"Norton, N Yorks",10,1,10.0,Spring Cottage Syndicate,own_408860,11,129,86,82,Ben Robinson,jky_285837,15,5215-7,10.0,26,Caldy Dancer,dam_4046266,Poet's Voice,sir_5164208,Soviet Star,dsi_152166
rac_11574823,Musselburgh,crs_416,2025-04-13,5:15,1m4½f,1m4f104y,12.5,GB,Class 4,Flat,4yo+,13,Good,Turf,,hrs_22731541,Simple Star,7,Dianne Sayer,trn_96102,"Hackthorpe, Cumbria",4,0,0.0,Mrs D Monteith,own_126296,4,128,92,67,Jason Hart,jky_270729,24,0038-0,,26,Simple Elegance,dam_6047762,Sea The Stars,sir_4868829,Street Cry,dsi_3763522
rac_11574823,Musselburgh,crs_416,2025-04-13,5:15,1m4½f,1m4f104y,12.5,GB,Class 4,Flat,4yo+,13,Good,Turf,,hrs_21690942,Spanish Hustle,7,Jim Goldie,trn_70155,"Uplawmoor, Lanarkshire",8,2,25.0,Let's Be Lucky Racing 31,own_1219952,10,128,90,81,Kaiya Fraser(3),jky_303564,158,15352-,38.0,15,Dos Lunas,dam_5499984,Pearl Secret,sir_5566554,Galileo,dsi_3722383
rac_11574823,Musselburgh,crs_416,2025-04-13,5:15,1m4½f,1m4f104y,12.5,GB,Class 4,Flat,4yo+,13,Good,Turf,,hrs_23264549,It's A Love Thing,7,Sam England,trn_285003,"Guiseley, W Yorks",15,1,7.0,Duke Of Appletreewick,own_1330360,1,127,88,-,George Wood,jky_283725,17,-83112,47.0,9,Lady Kyllar,dam_6024151,Intrinsic,sir_2921590,Kyllachy,dsi_3691611
rac_11574823,Musselburgh,crs_416,2025-04-13,5:15,1m4½f,1m4f104y,12.5,GB,Class 4,Flat,4yo+,13,Good,Turf,,hrs_35651532,Etretat,4,Charlie Johnston,trn_361179,"Middleham Moor, N Yorks",32,3,9.0,Mrs Zee Thompson,own_1404928,2,127,90,78,Archie Young(5),jky_307500,20,138684,44.0,21,Normandie,dam_7654913,Wootton Bassett,sir_5246346,Redoute's Choice,dsi_3565226
rac_11574823,Musselburgh,crs_416,2025-04-13,5:15,1m4½f,1m4f104y,12.5,GB,Class 4,Flat,4yo+,13,Good,Turf,,hrs_37890461,Spartan Warrior,4,Rebecca Menzies,trn_256599,"Morden, Durham",23,6,26.0,J Fyffe,own_606120,13,126,86,84,Connor Beasley,jky_272604,11,1157-4,61.0,21,Silky,dam_5696271,Saxon Warrior,sir_11118415,Montjeu,dsi_3521238
rac_11574823,Musselburgh,crs_416,2025-04-13,5:15,1m4½f,1m4f104y,12.5,GB,Class 4,Flat,4yo+,13,Good,Turf,,hrs_43417885,Cascade Hall,6,Jim Goldie,trn_70155,"Uplawmoor, Lanarkshire",8,2,25.0,Whitestonecliffe Racing Partnership,own_182820,3,123,85,-,David Egan,jky_286164,19,643,38.0,17,Bacchonthebottle,dam_5778556,Court Cave,sir_4123686,Bob Back,dsi_2129673
rac_11574823,Musselburgh,crs_416,2025-04-13,5:15,1m4½f,1m4f104y,12.5,GB,Class 4,Flat,4yo+,13,Good,Turf,,hrs_8864814,Glasses Up,10,R Mike Smith,trn_92169,"Galston, E Ayrshire",5,0,0.0,The Jolly Beggars,own_737732,12,116,84,79,James Sullivan,jky_253623,11,4448-3,60.0,41,Hurricane Hallie,dam_8867523,English Channel,sir_4490136,Hurricane Run,dsi_4128131
rac_11574797,Musselburgh,crs_416,2025-04-13,5:45,1m1f,1m208y,9.0,GB,Class 3,Flat,3yo,8,Good,Turf,,hrs_47065060,Marhaba Ghaiyyath,3,Charlie Johnston,trn_361179,"Middleham Moor, N Yorks",32,3,9.0,Jaber Abdullah,own_11164,1,135,92,-,Joe Fanning,jky_7716,32,21-1,44.0,2.25,Zam Zoom,dam_5603808,Ghaiyyath,sir_10465427,Dalakhani,dsi_3974124
rac_11574797,Musselburgh,crs_416,2025-04-13,5:45,1m1f,1m208y,9.0,GB,Class 3,Flat,3yo,8,Good,Turf,,hrs_45256750,Magellan Cloud,3,John & Sean Quinn,trn_369855,"Norton, N Yorks",12,2,17.0,Opulence Thoroughbreds & Ross Harmon,own_1397256,8,131,90,57,Jason Hart,jky_270729,159,431-,42.0,5,Ocean Paradise,dam_14962409,Mohaather,sir_15566474,New Approach,dsi_4690833
rac_11574797,Musselburgh,crs_416,2025-04-13,5:45,1m1f,1m208y,9.0,GB,Class 3,Flat,3yo,8,Good,Turf,,hrs_42647864,Arbitration,3,K R Burke,trn_45171,"Coverham, North Yorkshire",30,6,20.0,Newtown Anner Stud Farm Ltd,own_637712,6,130,90,90,Clifford Lee,jky_280440,211,555-,52.0,5.5,Orphan Annie,dam_42680162,Beckford,sir_10222436,Lawman,dsi_4677225
rac_11574797,Musselburgh,crs_416,2025-04-13,5:45,1m1f,1m208y,9.0,GB,Class 3,Flat,3yo,8,Good,Turf,,hrs_40918899,Defence Missile,3,Linda Perratt,trn_51552,"East Kilbride, S Lanarks",5,0,0.0,Paul Corrigan,own_1266444,7,129,88,84,Tommie Jakes(5),jky_307032,213,28346-,40.0,41,Moranda,dam_5283299,Sottsass,sir_15245916,Indian Rocket,dsi_3135811
rac_11574797,Musselburgh,crs_416,2025-04-13,5:45,1m1f,1m208y,9.0,GB,Class 3,Flat,3yo,8,Good,Turf,,hrs_42226226,Chesneys Charm,3,Grant Tuer,trn_136422,"Birkby, N Yorks",14,1,7.0,James Paul Services To Industry Ltd,own_1390336,4,128,91,74,Oliver Stammers,jky_292752,44,1432-6,57.0,23,Velvet Charm,dam_10246089,Mohaather,sir_15566474,Excelebration,dsi_5245191
rac_11574797,Musselburgh,crs_416,2025-04-13,5:45,1m1f,1m208y,9.0,GB,Class 3,Flat,3yo,8,Good,Turf,,hrs_39962006,I Am Me,3,Edward Bethell,trn_342657,"Middleham, N Yorks",8,2,25.0,Gaelic Bloodstock,own_1350680,5,127,87,58,Callum Rodriguez,jky_282675,151,2539-,43.0,9,Arabian Maiden,dam_22230964,Dandy Man,sir_4459483,New Approach,dsi_4690833
rac_11574797,Musselburgh,crs_416,2025-04-13,5:45,1m1f,1m208y,9.0,GB,Class 3,Flat,3yo,8,Good,Turf,,hrs_39960452,Springbok,3,Richard Fahey,trn_72090,"Musley Bank, N Yorks",21,3,14.0,Mrs Edelle Logan,own_1359876,3,126,87,87,Oisin Orr,jky_281652,201,5435-,33.0,13,Belle Rose,dam_9896453,Too Darn Hot,sir_14985173,Golden Sword,dsi_4870306
rac_11574797,Musselburgh,crs_416,2025-04-13,5:45,1m1f,1m208y,9.0,GB,Class 3,Flat,3yo,8,Good,Turf,,hrs_412694709,Native Honey,3,Jim Goldie,trn_70155,"Uplawmoor, Lanarkshire",8,2,25.0,Belgate Racing Limited,own_1400508,2,124,91,68,Amie Waugh(3),jky_260070,176,48702-,38.0,15,Meala,dam_21680470,Dawn Approach,sir_5647166,Epaulette,dsi_5648727
rac_11574836,Musselburgh,crs_416,2025-04-13,6:15,7f,7f15y,7.0,GB,Class 4,Flat,4yo+,12,Good,Turf,,hrs_24065300,Judgment Call,7,Linda Perratt,trn_51552,"East Kilbride, S Lanarks",5,0,0.0,Paul Corrigan & Miss L A Perratt,own_1321020,8,134,92,72,Tommie Jakes(5),jky_307032,50,252-70,40.0,29,Madonna Dell'Orto,dam_5313287,Pivotal,sir_753900,Montjeu,dsi_3521238
rac_11574836,Musselburgh,crs_416,2025-04-13,6:15,7f,7f15y,7.0,GB,Class 4,Flat,4yo+,12,Good,Turf,,hrs_21743631,Abduction,7,Jim Goldie,trn_70155,"Uplawmoor, Lanarkshire",8,2,25.0,Dab Hand Racing,own_190472,7,134,94,88,David Egan,jky_286164,30,226-36,38.0,8.5,Perfect Day,dam_5491122,Acclamation,sir_3789198,Holy Roman Emperor,dsi_4602234
rac_11574836,Musselburgh,crs_416,2025-04-13,6:15,7f,7f15y,7.0,GB,Class 4,Flat,4yo+,12,Good,Turf,,hrs_30123793,Vince Le Prince,5,Tim Easterby,trn_91368,"Great Habton, N Yorks",49,3,6.0,Reality Partnerships V,own_835700,2,133,90,77,David Allan,jky_234669,176,63021-,35.0,6,Crecy,dam_5588996,Iffraaj,sir_4091143,Refuse To Bend,dsi_3962511
rac_11574836,Musselburgh,crs_416,2025-04-13,6:15,7f,7f15y,7.0,GB,Class 4,Flat,4yo+,12,Good,Turf,,hrs_35149219,Jonny Concrete,4,Iain Jardine,trn_193644,"Carrutherstown, D'fries & G'way",15,1,7.0,Ian Jones,own_1187076,9,133,90,83,Andrew Mullen,jky_243498,194,31291-,33.0,8,Hot Sauce,dam_6069469,Oasis Dream,sir_3960579,Peintre Celebre,dsi_3187051
rac_11574836,Musselburgh,crs_416,2025-04-13,6:15,7f,7f15y,7.0,GB,Class 4,Flat,4yo+,12,Good,Turf,,hrs_22111432,Mister Bluebird,7,Heather Main,trn_193941,"Kingston Lisle, Oxfordshire",5,2,40.0,Dawn Aldham And Wetumpka Racing,own_1177448,10,133,89,79,Jack Mitchell,jky_253248,104,12099-,60.0,9.5,Childesplay,dam_5917814,Outstrip,sir_5877137,Byron,dsi_4058614
rac_11574836,Musselburgh,crs_416,2025-04-13,6:15,7f,7f15y,7.0,GB,Class 4,Flat,4yo+,12,Good,Turf,,hrs_37316748,Sondad,4,Michael & David Easterby,trn_346887,"Sheriff Hutton, N Yorks",18,2,11.0,G Routledge Racing,own_1342132,3,132,93,74,Joanna Mason,jky_257346,227,/4110-,67.0,12,Penny Garcia,dam_5689418,Washington DC,sir_6201195,Indesatchel,dsi_4176963
rac_11574836,Musselburgh,crs_416,2025-04-13,6:15,7f,7f15y,7.0,GB,Class 4,Flat,4yo+,12,Good,Turf,,hrs_39848655,Vibrato,4,Jennie Candlish,trn_139968,"Basford, Staffs",31,4,13.0,S Radymski,own_1284248,1,132,88,52,George Wood,jky_283725,14,-54986,65.0,15,Opera Society,dam_15445374,No Nay Never,sir_5874547,Declaration Of War,dsi_5605250
rac_11574836,Musselburgh,crs_416,2025-04-13,6:15,7f,7f15y,7.0,GB,Class 4,Flat,4yo+,12,Good,Turf,,hrs_25122426,Rock Melody,6,Jim Goldie,trn_70155,"Uplawmoor, Lanarkshire",8,2,25.0,Summerstorm Bloodstock Ltd,own_1225696,6,132,91,75,Paul Mulrennan,jky_238113,169,09717-,38.0,9,Legal Lyric,dam_5752880,Fascinating Rock,sir_5928272,Lawman,dsi_4677225
rac_11574836,Musselburgh,crs_416,2025-04-13,6:15,7f,7f15y,7.0,GB,Class 4,Flat,4yo+,12,Good,Turf,,hrs_24686361,Beattie Is Back,6,Richard Fahey,trn_72090,"Musley Bank, N Yorks",21,3,14.0,Richard Fahey Ebor Racing Club Ltd,own_873008,11,131,90,61,Oisin Orr,jky_281652,50,13-267,33.0,15,Miss Fifty,dam_5283376,Mayson,sir_5298622,Whipper,dsi_4078998
rac_11574836,Musselburgh,crs_416,2025-04-13,6:15,7f,7f15y,7.0,GB,Class 4,Flat,4yo+,12,Good,Turf,,hrs_27725677,Stockpyle,6,Sam England,trn_285003,"Guiseley, W Yorks",15,1,7.0,Tor Side Racing,own_1025036,5,131,94,84,P J McDonald,jky_230616,14,969-42,47.0,5,La Pyle,dam_5911024,Oasis Dream,sir_3960579,Le Havre,dsi_5021548
rac_11574836,Musselburgh,crs_416,2025-04-13,6:15,7f,7f15y,7.0,GB,Class 4,Flat,4yo+,12,Good,Turf,,hrs_29228409,Hectic,5,Liam Bailey,trn_321390,"Middleham, N Yorks",11,3,27.0,Mrs Ailsa Stirling,own_789512,4,131,91,78,Billy Garritty,jky_285456,12,5501-3,82.0,15,Ceedwell,dam_5126499,Massaat,sir_6125028,Exceed And Excel,dsi_4045216
rac_11574836,Musselburgh,crs_416,2025-04-13,6:15,7f,7f15y,7.0,GB,Class 4,Flat,4yo+,12,Good,Turf,,hrs_30357768,Benacre,5,Charlie Johnston,trn_361179,"Middleham Moor, N Yorks",32,3,9.0,Susan And John Waterworth,own_1168148,12,130,90,82,Joe Fanning,jky_7716,17,0578-5,44.0,9,Sent From Heaven,dam_5167533,Australia,sir_5785444,Footstepsinthesand,dsi_4217458
rac_11574784,Musselburgh,crs_416,2025-04-13,6:45,7f,7f15y,7.0,GB,Class 2,Flat,4yo+,8,Good,Turf,,hrs_29931580,Ramazan,5,Richard Fahey,trn_72090,"Musley Bank, N Yorks",21,3,14.0,KHK Racing Ltd,own_1177056,8,138,114,100,Oisin Orr,jky_281652,155,82030-,33.0,5,Hanalei Memories,dam_14323183,Kodiac,sir_4080139,Hard Spun,dsi_4700157
rac_11574784,Musselburgh,crs_416,2025-04-13,6:45,7f,7f15y,7.0,GB,Class 2,Flat,4yo+,8,Good,Turf,,hrs_30469866,New Image,5,David O'Meara,trn_205551,"Upper Helmsley, N Yorks",20,2,10.0,Thoroughbred British Racing,own_998940,7,131,115,92,Daniel Tudhope,jky_246693,218,321d9-,37.0,3.5,Modern Look,dam_4804653,Frankel,sir_5344171,Zamindar,dsi_3150539
rac_11574784,Musselburgh,crs_416,2025-04-13,6:45,7f,7f15y,7.0,GB,Class 2,Flat,4yo+,8,Good,Turf,,hrs_18551554,Gweedore,8,Katie Scott,trn_171504,"Galashiels, Scottish Borders",7,0,0.0,Lamont Racing,own_848324,2,126,112,21,Jason Hart,jky_270729,58,4/9-08,86.0,8.5,Ares Choix,dam_4944499,Epaulette,sir_5648727,Choisir,dsi_3920336
rac_11574784,Musselburgh,crs_416,2025-04-13,6:45,7f,7f15y,7.0,GB,Class 2,Flat,4yo+,8,Good,Turf,,hrs_30356767,Spirit Genie,5,Jennie Candlish,trn_139968,"Basford, Staffs",31,4,13.0,Mrs Ros Marriott,own_1360864,9,125,115,105,George Wood,jky_283725,15,6817-0,65.0,7,Prima Luce,dam_4783758,Invincible Spirit,sir_3548489,Galileo,dsi_3722383
rac_11574784,Musselburgh,crs_416,2025-04-13,6:45,7f,7f15y,7.0,GB,Class 2,Flat,4yo+,8,Good,Turf,,hrs_35149618,Our Havana,4,Richard Fahey,trn_72090,"Musley Bank, N Yorks",21,3,14.0,Macintosh Knaggs Partnership,own_1319860,3,123,117,76,Billy Garritty,jky_285456,15,2-1610,33.0,10,Jalela,dam_9992374,Havana Gold,sir_5617752,Canford Cliffs,dsi_5126478
rac_11574784,Musselburgh,crs_416,2025-04-13,6:45,7f,7f15y,7.0,GB,Class 2,Flat,4yo+,8,Good,Turf,,hrs_30151317,Catch The Paddy,5,Patrick J McKenna,trn_292005,"Dugannon, Co Tyrone",6,2,33.0,Patrick J McKenna & Emmet McKenna,own_1409688,4,122,114,44,P J McDonald,jky_230616,23,733604,83.0,15,Pandora's Box,dam_7175070,No Nay Never,sir_5874547,Galileo,dsi_3722383
rac_11574784,Musselburgh,crs_416,2025-04-13,6:45,7f,7f15y,7.0,GB,Class 2,Flat,4yo+,8,Good,Turf,,hrs_37407286,Dain Ma Nut In,4,Lucinda Russell,trn_62910,"Milnathort, Kinross-shire",24,1,4.0,Lamont Racing,own_848324,1,120,114,91,Rowan Scott,jky_277695,206,36111-,38.0,6.5,Jive Lady,dam_9602124,Phoenix Of Spain,sir_14576338,Exceed And Excel,dsi_4045216
rac_11574784,Musselburgh,crs_416,2025-04-13,6:45,7f,7f15y,7.0,GB,Class 2,Flat,4yo+,8,Good,Turf,,hrs_24063823,Liamarty Dreams,6,K R Burke,trn_45171,"Coverham, North Yorkshire",30,6,20.0,Liam Kelly & Mrs E Burke,own_921664,5,119,-,-,NON-RUNNER,jky_224913,14,80-400,52.0,-,Heavenly Verse,dam_24063830,Oasis Dream,sir_3960579,Poet's Voice,dsi_5164208
rac_11574784,Musselburgh,crs_416,2025-04-13,6:45,7f,7f15y,7.0,GB,Class 2,Flat,4yo+,8,Good,Turf,,hrs_40205844,Oriental Prince,4,Jim Goldie,trn_70155,"Uplawmoor, Lanarkshire",8,2,25.0,Johnnie Delta Racing,own_714616,6,114,114,-,Amie Waugh(3),jky_260070,11,218111,38.0,12,Eternalist,dam_7013216,Orientor,sir_3747156,Equiano,dsi_4846485
rac_11576708,Stratford,crs_1742,2025-04-13,1:43,2m½f,2m70y,16.5,GB,Class 4,Hurdle,4yo+,9,Good,Turf,8 hurdles,hrs_24555342,Dorset Lady,8,Gary Brown,trn_69498,"Fox Hill, Wiltshire",3,0,0.0,Paul Riley,own_481420,0,158,-,-,Richie McLernon,jky_251094,68,3-PP0P,67.0,67,Before The Storm,dam_4232382,Canford Cliffs,sir_5126478,Sadler's Wells,dsi_3247825
rac_11576708,Stratford,crs_1742,2025-04-13,1:43,2m½f,2m70y,16.5,GB,Class 4,Hurdle,4yo+,9,Good,Turf,8 hurdles,hrs_34961549,El Fabienne,6,Alastair Ralph,trn_236331,"Bridgnorth, Shropshire",3,0,0.0,Gentech & McLeish,own_1402764,0,158,100,89,Ciaran Gethings,jky_277692,22,752786,33.0,6,Silver Bell,dam_25180008,Spanish Moon,sir_4548635,Silver Cross,dsi_4238801
rac_11576708,Stratford,crs_1742,2025-04-13,1:43,2m½f,2m70y,16.5,GB,Class 4,Hurdle,4yo+,9,Good,Turf,8 hurdles,hrs_42226289,Keep On Cobbling,5,Henry Daly,trn_117027,"Ludlow, Shropshire",5,0,0.0,Sir John Timpson,own_952672,0,158,95,56,Sam Twiston-Davies,jky_264069,30,40F2,40.0,3.5,Upbeat Cobbler,dam_5611494,Passing Glance,sir_2998898,Brier Creek,dsi_501326
rac_11576708,Stratford,crs_1742,2025-04-13,1:43,2m½f,2m70y,16.5,GB,Class 4,Hurdle,4yo+,9,Good,Turf,8 hurdles,hrs_32401845,Plus Point,5,Billy Aprahamian,trn_354006,"Towcester, Northamptonshire",6,1,17.0,Tim Cottier And Razor Ruddock Racing 1,own_1423424,0,158,88,47,Gavin Sheehan,jky_266721,30,5,83.0,3.25,Beshayer,dam_6340061,Mastercraftsman,sir_4870369,Galileo,dsi_3722383
rac_11576708,Stratford,crs_1742,2025-04-13,1:43,2m½f,2m70y,16.5,GB,Class 4,Hurdle,4yo+,9,Good,Turf,8 hurdles,hrs_31725239,Silk Bird,5,Max Young,trn_312111,"Droitwich Spa, Worcs",3,0,0.0,Royston Morgan Evans,own_920984,0,158,-,-,David Noonan,jky_274599,(26F),,100.0,101,Organza,dam_6803804,Free Eagle,sir_5783750,Pour Moi,dsi_5389447
rac_11576708,Stratford,crs_1742,2025-04-13,1:43,2m½f,2m70y,16.5,GB,Class 4,Hurdle,4yo+,9,Good,Turf,8 hurdles,hrs_42803880,Burgeon,4,David Killahena & Graeme McPherson,trn_365184,"Stow-on-the-Wold, Gloucs",10,3,30.0,Jack Philpott / Vic Partridge,own_1428076,0,150,-,-,Nick Slatter(3),jky_265353,(283F),,70.0,13,Badweia,dam_4930569,Masar,sir_8866032,Kingmambo,dsi_553315
rac_11576708,Stratford,crs_1742,2025-04-13,1:43,2m½f,2m70y,16.5,GB,Class 4,Hurdle,4yo+,9,Good,Turf,8 hurdles,hrs_41598235,Indian Romance,4,J R Jenkins,trn_315,"Royston, Herts",8,0,0.0,B Dowling & R Stevens,own_1085572,0,150,-,-,Robert Dunne,jky_242007,(41F),,,101,Trail Of Tears,dam_5586147,Camelot,sir_5493992,Exceed And Excel,dsi_4045216
rac_11576708,Stratford,crs_1742,2025-04-13,1:43,2m½f,2m70y,16.5,GB,Class 4,Hurdle,4yo+,9,Good,Turf,8 hurdles,hrs_48082678,La Cantate,4,Clive Boultbee-Brooks,trn_342837,"Woolhope, H'fords",1,0,0.0,Ms Charlotte Barber,own_1042912,0,150,95,79,Ned Fox(3),jky_299007,21,652,100.0,7,Similaresisoldofa,dam_6862058,No Risk At All,sir_5221342,Kapgarde,dsi_3993948
rac_11576708,Stratford,crs_1742,2025-04-13,1:43,2m½f,2m70y,16.5,GB,Class 4,Hurdle,4yo+,9,Good,Turf,8 hurdles,hrs_35137235,Pomeriggio,4,Nikki Evans,trn_1422,"Pandy, Monmouths",3,0,0.0,Nikki Evans Racing,own_899736,0,150,94,59,Ben Poste,jky_264270,15,U3,33.0,5.5,Vivere,dam_5898389,Caravaggio,sir_6925198,Montjeu,dsi_3521238
rac_11576721,Stratford,crs_1742,2025-04-13,2:18,3m3½f,3m3f119y,27.5,GB,Class 5,Chase,5yo+,7,Good,Turf,20 fences,hrs_24770669,Groom De Cotte,9,Gary Brown,trn_69498,"Fox Hill, Wiltshire",3,0,0.0,N Byrne,own_585240,0,168,106,91,Richie McLernon,jky_251094,42,7P0121,67.0,3.25,Traviata Valtat,dam_5057297,Tiger Groom,sir_3647602,Jimble,dsi_3321185
rac_11576721,Stratford,crs_1742,2025-04-13,2:18,3m3½f,3m3f119y,27.5,GB,Class 5,Chase,5yo+,7,Good,Turf,20 fences,hrs_28294679,Samourai One,8,Lucy Wadham,trn_88209,"Newmarket, Suffolk",5,2,40.0,Suiter Developments Limited,own_987788,0,166,103,86,Tom Cannon,jky_262509,77,P-321P,80.0,4.5,Northern Ocean,dam_6357456,Montmartre,sir_4905173,Green Tune,dsi_590415
rac_11576721,Stratford,crs_1742,2025-04-13,2:18,3m3½f,3m3f119y,27.5,GB,Class 5,Chase,5yo+,7,Good,Turf,20 fences,hrs_24115000,Grillon De Monty,10,Stephen Allen,trn_372105,"Chipping Norton, Oxfordshire",0,0,,S G Allen,own_181516,0,163,74,42,Jamie Brace(5),jky_293820,49,63-PP5,,21,Pat's Girl,dam_3849160,Crillon,sir_3580248,Baryshnikov,dsi_3677114
rac_11576721,Stratford,crs_1742,2025-04-13,2:18,3m3½f,3m3f119y,27.5,GB,Class 5,Chase,5yo+,7,Good,Turf,20 fences,hrs_19807039,Pottlerath,10,Matt Sheppard,trn_86490,"Eastnor, H'fords",5,0,0.0,Lost In The Summer Wine,own_579948,0,162,100,93,Stan Sheppard,jky_278970,24,6PP473,40.0,6,Truffle Fairy,dam_5657281,Yeats,sir_4086887,Indian River,dsi_3544135
rac_11576721,Stratford,crs_1742,2025-04-13,2:18,3m3½f,3m3f119y,27.5,GB,Class 5,Chase,5yo+,7,Good,Turf,20 fences,hrs_17757558,Getthepot,10,David Killahena & Graeme McPherson,trn_365184,"Stow-on-the-Wold, Gloucs",10,3,30.0,Shaw Racing & Graeme McPherson,own_1188536,0,160,104,96,Kielan Woods,jky_266652,53,889102,70.0,5,Raheen Lady,dam_8173949,Getaway,sir_4602430,Oscar,dsi_3234945
rac_11576721,Stratford,crs_1742,2025-04-13,2:18,3m3½f,3m3f119y,27.5,GB,Class 5,Chase,5yo+,7,Good,Turf,20 fences,hrs_27551181,Martalmix'jac,8,Mel Rowley,trn_342864,"Bridgnorth, Shrops",8,0,0.0,High And Low,own_1242004,0,156,104,77,Tabitha Worsley(3),jky_275706,69,1P-P22,50.0,6,Andria,dam_5960416,Lord Du Sud,sir_4178412,Martaline,dsi_3862593
rac_11576721,Stratford,crs_1742,2025-04-13,2:18,3m3½f,3m3f119y,27.5,GB,Class 5,Chase,5yo+,7,Good,Turf,20 fences,hrs_29226078,Raindance Queen,8,William de Best-Turner,trn_123363,"Lambourn, Berks",0,0,,De Best racing,own_522564,0,142,98,81,James Best,jky_273690,32,P007P7,,26,Fair Funny,dam_5903394,Getaway,sir_4602430,King's Theatre,dsi_591024
rac_11576734,Stratford,crs_1742,2025-04-13,2:50,3m2½f,3m2f83y,26.5,GB,Class 5,Hurdle,4yo+,8,Good,Turf,13 hurdles,hrs_37489774,Spitfire Bridge,5,Sheena West,trn_58545,"Lewes, West Sussex",7,2,29.0,The Affordable Partnership,own_224452,0,168,91,77,Marc Goldstein,jky_242085,147 (9F),5245P5,57.0,12,Outside Art,dam_5656329,Sixties Icon,sir_4494735,Excellent Art,dsi_4581976
rac_11576734,Stratford,crs_1742,2025-04-13,2:50,3m2½f,3m2f83y,26.5,GB,Class 5,Hurdle,4yo+,8,Good,Turf,13 hurdles,hrs_20832091,Presenting Yeats,9,Richard Hawker,trn_90270,"Rode, Somerset",0,0,,Pepperdrum Racing & Richard Hawker,own_1428080,0,168,89,79,Harry Reed,jky_279831,214,6-6068,,19,Va'vite,dam_5686310,Yeats,sir_4086887,Vinnie Roe,dsi_3727269
rac_11576734,Stratford,crs_1742,2025-04-13,2:50,3m2½f,3m2f83y,26.5,GB,Class 5,Hurdle,4yo+,8,Good,Turf,13 hurdles,hrs_30908500,Wot You Wearing,8,Robert Stephens,trn_254385,"Caldicot, Monmouthshire",4,1,25.0,Mrs V James,own_838364,0,166,98,74,Ben Jones,jky_289347,11,6P0P4P,75.0,11,Carramanagh Lady,dam_4429607,Arakan,sir_3897313,Anshan,dsi_344120
rac_11576734,Stratford,crs_1742,2025-04-13,2:50,3m2½f,3m2f83y,26.5,GB,Class 5,Hurdle,4yo+,8,Good,Turf,13 hurdles,hrs_40996844,High Joker,8,Robbie Llewellyn,trn_310608,"Wroughton, Wilts",3,0,0.0,David Dando,own_1049056,0,164,72,32,Charlie Price(3),jky_286938,92,9-3P,33.0,13,Poker Queen,dam_4679059,Mountain High,sir_4270791,Karinga Bay,dsi_350203
rac_11576734,Stratford,crs_1742,2025-04-13,2:50,3m2½f,3m2f83y,26.5,GB,Class 5,Hurdle,4yo+,8,Good,Turf,13 hurdles,hrs_24217025,R Bernard,9,Mel Rowley,trn_342864,"Bridgnorth, Shrops",8,0,0.0,R Broadley,own_1208648,0,163,93,85,Tabitha Worsley(3),jky_275706,86,-16608,50.0,3.5,Channel Treat,dam_24217060,Norse Dancer,sir_3957527,Croco Rouge,dsi_3261006
rac_11576734,Stratford,crs_1742,2025-04-13,2:50,3m2½f,3m2f83y,26.5,GB,Class 5,Hurdle,4yo+,8,Good,Turf,13 hurdles,hrs_33558553,Quite The Getaway,7,Robert Bevis,trn_320652,"Duckington, Cheshire",1,1,100.0,Bevis & Houghton,own_1352576,0,160,85,77,Finn Lambert(3),jky_301572,34,96-745,100.0,5,Buddy Love,dam_5689383,Getaway,sir_4602430,Silver Patriarch,dsi_764792
rac_11576734,Stratford,crs_1742,2025-04-13,2:50,3m2½f,3m2f83y,26.5,GB,Class 5,Hurdle,4yo+,8,Good,Turf,13 hurdles,hrs_35164458,Blackacre,6,Evan Williams,trn_121059,"Llancarfan, Vale Of Glamorgan",13,2,15.0,R J Gambarini Racing,own_1104416,0,156,90,47,Isabel Williams(3),jky_285321,44,562352,31.0,3.5,Tullow Tonic,dam_6241452,Black Sam Bellamy,sir_3852772,Beneficial,dsi_530859
rac_11576734,Stratford,crs_1742,2025-04-13,2:50,3m2½f,3m2f83y,26.5,GB,Class 5,Hurdle,4yo+,8,Good,Turf,13 hurdles,hrs_30589223,Clover Pass,8,Alastair Ralph,trn_236331,"Bridgnorth, Shropshire",3,0,0.0,Miss S Troughton,own_401472,0,150,90,77,Murray Dodd(7),jky_300534,28,-057P6,33.0,9,Allforclover,dam_5082651,Passing Glance,sir_2998898,Alflora,dsi_468524
rac_11576747,Stratford,crs_1742,2025-04-13,3:25,2m2½f,2m2f148y,18.5,GB,Class 5,Hurdle,4yo+,6,Good,Turf,9 hurdles,hrs_37575979,Jackpot Cash,6,James Owen,trn_360648,"Newmarket, Suffolk",37,8,22.0,Pontoon Racing,own_1365980,0,168,105,88,Mr Alex Chadwick(3),jky_279939,10,F41231,54.0,2.25,Fresca Has,dam_6302604,Cokoriko,sir_5839988,Nickname,dsi_3942673
rac_11576747,Stratford,crs_1742,2025-04-13,3:25,2m2½f,2m2f148y,18.5,GB,Class 5,Hurdle,4yo+,6,Good,Turf,9 hurdles,hrs_29829177,Foreverwalking,7,Kevin Frost,trn_257130,"Averham Park, Notts",12,0,0.0,Kevin Frost,own_877636,0,167,102,98,Lee Edwards,jky_249876,27,P-2847,50.0,21,Until Forever,dam_6192102,Walk In The Park,sir_4218179,Robin Des Champs,dsi_3689966
rac_11576747,Stratford,crs_1742,2025-04-13,3:25,2m2½f,2m2f148y,18.5,GB,Class 5,Hurdle,4yo+,6,Good,Turf,9 hurdles,hrs_38532424,Land Girl's Luck,6,Max Comley,trn_319932,"Naunton, Gloucestershire",4,1,25.0,Richard Bailey And Max Comley,own_1410104,0,165,97,58,David Bass,jky_257796,10,2-3931,25.0,4,Isityourself,dam_5173147,Workforce,sir_5198053,Milan,dsi_3734157
rac_11576747,Stratford,crs_1742,2025-04-13,3:25,2m2½f,2m2f148y,18.5,GB,Class 5,Hurdle,4yo+,6,Good,Turf,9 hurdles,hrs_28969584,Neigh Botha,8,Oliver Greenall & Josh Guerriero,trn_355338,"Oldcastle, Cheshire",23,2,9.0,That's Fine Syndicate,own_1382120,0,164,103,66,Henry Brooke,jky_262311,22,3431P2,43.0,4.33,Holmshill Gill,dam_17587458,Doyen,sir_3983700,Exit To Nowhere,dsi_438830
rac_11576747,Stratford,crs_1742,2025-04-13,3:25,2m2½f,2m2f148y,18.5,GB,Class 5,Hurdle,4yo+,6,Good,Turf,9 hurdles,hrs_37288853,Jlow,4,Ryan Potter,trn_241182,"Sellack, H'fords",5,2,40.0,Miss O Kent,own_1426740,0,154,97,88,Ben Poste,jky_264270,203,636,60.0,10,Boreagh Lass,dam_10109554,Footstepsinthesand,sir_4217458,Fast Company,dsi_4759678
rac_11576747,Stratford,crs_1742,2025-04-13,3:25,2m2½f,2m2f148y,18.5,GB,Class 5,Hurdle,4yo+,6,Good,Turf,9 hurdles,hrs_39959297,Auntie Maggie,6,Alastair Ralph,trn_236331,"Bridgnorth, Shropshire",3,0,0.0,Bill Hawkins,own_801160,0,142,103,79,Sean Houlihan,jky_282387,54,83764P,33.0,12,Nora's Cherry,dam_39959752,Pour Moi,sir_5389447,Vinnie Roe,dsi_3727269
rac_11576695,Stratford,crs_1742,2025-04-13,3:58,2m½f,2m70y,16.5,GB,Class 4,Hurdle,4yo+,4,Good,Turf,8 hurdles,hrs_37790046,Magical Annie,6,Fergal O'Brien,trn_125874,"Withington, Gloucs",25,5,20.0,The Megsons,own_870832,0,167,115,101,Kielan Woods,jky_266652,39,79-41F,44.0,2.2,Mwangaza,dam_5830209,Jukebox Jury,sir_4966836,Martaline,dsi_3862593
rac_11576695,Stratford,crs_1742,2025-04-13,3:58,2m½f,2m70y,16.5,GB,Class 4,Hurdle,4yo+,4,Good,Turf,8 hurdles,hrs_31083024,Picture Of You,6,Alastair Ralph,trn_236331,"Bridgnorth, Shropshire",3,0,0.0,F&S Consultants Ltd,own_1238472,0,165,111,86,Jonathan Burke,jky_275277,49,47-22P,33.0,8,Blue Picture,dam_5505528,Authorized,sir_4645585,Peintre Celebre,dsi_3187051
rac_11576695,Stratford,crs_1742,2025-04-13,3:58,2m½f,2m70y,16.5,GB,Class 4,Hurdle,4yo+,4,Good,Turf,8 hurdles,hrs_37890517,Honeywort,6,Emma Lavelle,trn_118044,"Ogbourne Maizey, Wilts",13,0,0.0,"Lavelle, Richardson, Langton & P-Edwards",own_1374412,0,157,109,101,Ben Jones,jky_289347,103,27-747,31.0,5.5,Midnight Fox,dam_28706783,Jukebox Jury,sir_4966836,Mahler,dsi_4624179
rac_11576695,Stratford,crs_1742,2025-04-13,3:58,2m½f,2m70y,16.5,GB,Class 4,Hurdle,4yo+,4,Good,Turf,8 hurdles,hrs_31451133,Therapist,5,Nicky Henderson,trn_2799,"Upper Lambourn, Berks",23,3,13.0,Fortnum Racing 2,own_1354700,0,156,117,111,Nico de Boinville,jky_262932,168 (43F),-11227,30.0,2.88,Homeopathic,dam_11424987,Le Havre,sir_5021548,Dark Angel,dsi_4701529
rac_11576760,Stratford,crs_1742,2025-04-13,4:28,2m6½f,2m6f125y,22.5,GB,Class 5,Chase,6yo+,5,Good,Turf,17 fences,hrs_20597101,Bardenstown Lad,10,David Loughnane,trn_285282,"Stoke Heath, Shropshire",10,2,20.0,The Stay Between The Ditches Syndicate,own_1415176,0,172,132,101,Ms E C Costello(7),jky_305928,10,25110U,70.0,4.5,Pougatcheva,dam_3993822,Black Sam Bellamy,sir_3852772,Epervier Bleu,dsi_409983
rac_11576760,Stratford,crs_1742,2025-04-13,4:28,2m6½f,2m6f125y,22.5,GB,Class 5,Chase,6yo+,5,Good,Turf,17 fences,hrs_12240795,Allmankind,9,Mrs J Owen,trn_142353,"Banbury, Oxon",0,0,,The Gredley Family,own_1209196,0,164,136,-,Mr Alex Chadwick,jky_279939,30,33411P,,2,Wemyss Bay,dam_5958687,Sea The Moon,sir_5927481,Sadler's Wells,dsi_3247825
rac_11576760,Stratford,crs_1742,2025-04-13,4:28,2m6½f,2m6f125y,22.5,GB,Class 5,Chase,6yo+,5,Good,Turf,17 fences,hrs_12355840,Empire De Maulde,11,R W Varnham,trn_309366,"Bramley, Surrey",0,0,,Gunshot Paddocks Racing Club,own_883732,0,164,126,95,Mr Darren Andrews(3),jky_279489,23,P51122,,3.5,Ondine De Brejoux,dam_12355931,Spanish Moon,sir_4548635,Murmure,dsi_475321
rac_11576760,Stratford,crs_1742,2025-04-13,4:28,2m6½f,2m6f125y,22.5,GB,Class 5,Chase,6yo+,5,Good,Turf,17 fences,hrs_16744280,Imperial Esprit,11,R W Varnham,trn_309366,"Bramley, Surrey",0,0,,Gunshot Paddocks Racing Club,own_883732,0,164,123,117,Miss Amber Jackson-Fennell(7),jky_302094,317 (15P),126522,,11,Shesourpresent,dam_6024942,Scorpion,sir_4224962,Presenting,dsi_676165
rac_11576760,Stratford,crs_1742,2025-04-13,4:28,2m6½f,2m6f125y,22.5,GB,Class 5,Chase,6yo+,5,Good,Turf,17 fences,hrs_8872024,Solomon Grey,13,Miss V Collins,trn_172512,"Basingstoke, Hants",0,0,,Miss Sarah A Dawson,own_127988,0,164,118,79,Miss Ellie Holder(7),jky_303450,24,33-365,,29,Sardagna,dam_4088686,Sulamani,sir_3892441,Medaaly,dsi_3145891
rac_11576825,Wincanton,crs_2340,2025-04-13,1:23,2m4f,2m3f179y,20.0,GB,Class 5,Hurdle,4yo+,10,Good To Firm,Turf,10 hurdles,hrs_37974818,Byzantium,5,Paul Nicholls,trn_51903,"Ditcheat, Somerset",31,9,29.0,Brendan McManus,own_1402024,0,168,110,85,,,108,2-24P,55.0,,Ticket Holder,dam_8434517,Magneticjim,sir_5957245,Saint Des Saints,dsi_3816407
rac_11576825,Wincanton,crs_2340,2025-04-13,1:23,2m4f,2m3f179y,20.0,GB,Class 5,Hurdle,4yo+,10,Good To Firm,Turf,10 hurdles,hrs_37575979,Jackpot Cash,6,James Owen,trn_360648,"Newmarket, Suffolk",42,13,31.0,Pontoon Racing,own_1365980,0,166,107,90,Mr Alex Chadwick,jky_279939,10,F41231,62.0,,Fresca Has,dam_6302604,Cokoriko,sir_5839988,Nickname,dsi_3942673
rac_11576825,Wincanton,crs_2340,2025-04-13,1:23,2m4f,2m3f179y,20.0,GB,Class 5,Hurdle,4yo+,10,Good To Firm,Turf,10 hurdles,hrs_29212631,Doc McCoy,7,Jamie Snowden,trn_187326,"Lambourn, Berks",13,1,8.0,League Of Nations,own_945928,0,166,-,-,,,16,-5297P,31.0,,Salvatrice,dam_6606593,Getaway,sir_4602430,Oscar,dsi_3234945
rac_11576825,Wincanton,crs_2340,2025-04-13,1:23,2m4f,2m3f179y,20.0,GB,Class 5,Hurdle,4yo+,10,Good To Firm,Turf,10 hurdles,hrs_34788698,Dino Magic,6,Paul Nicholls,trn_51903,"Ditcheat, Somerset",31,9,29.0,Mr And Mrs J D Cotton,own_390620,0,164,104,53,,,4,0-3722,55.0,,La Bandera,dam_4616486,Doctor Dino,sir_4223408,Bahhare,dsi_763560
rac_11576825,Wincanton,crs_2340,2025-04-13,1:23,2m4f,2m3f179y,20.0,GB,Class 5,Hurdle,4yo+,10,Good To Firm,Turf,10 hurdles,hrs_37987978,Roman Roy,6,Paul Nicholls,trn_51903,"Ditcheat, Somerset",31,9,29.0,Graeme Brooks,own_1202748,0,164,105,62,Bdr Jody Sole(3),jky_236715,34,5-3256,55.0,,Present Your Case,dam_5087264,Blue Bresil,sir_4924724,Presenting,dsi_676165
rac_11576825,Wincanton,crs_2340,2025-04-13,1:23,2m4f,2m3f179y,20.0,GB,Class 5,Hurdle,4yo+,10,Good To Firm,Turf,10 hurdles,hrs_23952985,Stanley Pincombe,8,Chris Gordon,trn_178533,"Morestead, Hants",6,1,17.0,Ms Jane Southall,own_228780,0,163,106,81,,,104,4-36U6,50.0,,Allez Zane,dam_5811456,Multiplex,sir_4491872,Sir Harry Lewis,dsi_65219
rac_11576825,Wincanton,crs_2340,2025-04-13,1:23,2m4f,2m3f179y,20.0,GB,Class 5,Hurdle,4yo+,10,Good To Firm,Turf,10 hurdles,hrs_29341529,Pure Theatre,7,Anthony Honeyball,trn_167751,"Mosterton, Dorset",14,1,7.0,Anthony Honeyball Racing Club,own_1381560,0,160,109,101,,,13,688652,64.0,,Faucon,dam_5000996,Court Cave,sir_4123686,Polar Falcon,dsi_411852
rac_11576825,Wincanton,crs_2340,2025-04-13,1:23,2m4f,2m3f179y,20.0,GB,Class 5,Hurdle,4yo+,10,Good To Firm,Turf,10 hurdles,hrs_29409408,Ivane,7,James Owen,trn_360648,"Newmarket, Suffolk",42,13,31.0,"A Keaveney, M Keaveney & P Butcher",own_1403536,0,156,103,83,Mr Alex Chadwick,jky_279939,17,503P21,62.0,,Uvanana,dam_22864870,Network,sir_3723643,Dom Alco,dsi_453306
rac_11576825,Wincanton,crs_2340,2025-04-13,1:23,2m4f,2m3f179y,20.0,GB,Class 5,Hurdle,4yo+,10,Good To Firm,Turf,10 hurdles,hrs_12311957,Kentford Mallard,12,Seamus Mullins,trn_64233,"Wilsford-Cum-Lake, Wilts",6,2,33.0,Exors Of The Late D I Bare,own_1428084,0,147,113,108,,,36,804U22,83.0,,Kentford Grebe,dam_4001872,Sulamani,sir_3892441,Teenoso,dsi_2117353
rac_11576825,Wincanton,crs_2340,2025-04-13,1:23,2m4f,2m3f179y,20.0,GB,Class 5,Hurdle,4yo+,10,Good To Firm,Turf,10 hurdles,hrs_24959725,Vin Rouge,7,Seamus Mullins,trn_64233,"Wilsford-Cum-Lake, Wilts",6,2,33.0,S Mullins Racing Club,own_901072,0,144,90,60,,,218 (46F),530-07,83.0,,Adventure Seeker,dam_5458467,Zoffany,sir_5292651,Bering,dsi_2126166
rac_11576812,Wincanton,crs_2340,2025-04-13,1:58,2m4f,2m4f35y,20.0,GB,Class 5,Chase,5yo+,9,Good To Firm,Turf,17 fences,hrs_39827256,Fortunate Fella,5,Paul Nicholls,trn_51903,"Ditcheat, Somerset",31,9,29.0,Million In Mind Partnership,own_496052,0,168,-,-,Ben Bromley(5),jky_298938,24,-95546,53.0,,Benefficient Queen,dam_13368369,Soldier Of Fortune,sir_4624284,Beneficial,dsi_530859
rac_11576812,Wincanton,crs_2340,2025-04-13,1:58,2m4f,2m4f35y,20.0,GB,Class 5,Chase,5yo+,9,Good To Firm,Turf,17 fences,hrs_31785817,Miss Fedora,6,Seamus Mullins,trn_64233,"Wilsford-Cum-Lake, Wilts",6,2,33.0,Simon & Christine Prout,own_779776,0,160,103,94,,,10,631541,78.0,,Shahabad,dam_7157500,Helmet,sir_5455471,Shamardal,dsi_4214315
rac_11576812,Wincanton,crs_2340,2025-04-13,1:58,2m4f,2m4f35y,20.0,GB,Class 5,Chase,5yo+,9,Good To Firm,Turf,17 fences,hrs_24495793,Quickbuck,8,Alison Thorpe,trn_126324,"Caerfyrddin, Carmarthens",1,0,0.0,Miss I Mathias,own_1380972,0,153,-,-,Miss Imogen Mathias(7),jky_296598,23,P-PP89,,,Buck's Blue,dam_4079943,Walk In The Park,sir_4218179,Epervier Bleu,dsi_409983
rac_11576812,Wincanton,crs_2340,2025-04-13,1:58,2m4f,2m4f35y,20.0,GB,Class 5,Chase,5yo+,9,Good To Firm,Turf,17 fences,hrs_25040813,Universal Secret,8,Helen Nelmes,trn_57024,"Warmwell, Dorset",3,0,0.0,Matt Hoskins & Julie Roche,own_1256928,0,151,105,96,Paul O'Brien,jky_276336,38,6522P4,33.0,,Quiet Beauty,dam_6017963,Universal,sir_5498255,Acclamation,dsi_3789198
rac_11576812,Wincanton,crs_2340,2025-04-13,1:58,2m4f,2m4f35y,20.0,GB,Class 5,Chase,5yo+,9,Good To Firm,Turf,17 fences,hrs_33479061,Zmiinyi,7,Kim Bailey & Mat Nicholls,trn_378207,"Cheltenham, Gloucs",7,0,0.0,Soldiering On Syndicate,own_1348000,0,150,104,92,Ciaran Gethings,jky_277692,17,7623P4,43.0,,Whisper Rock,dam_5829502,Soldier Of Fortune,sir_4624284,Presenting,dsi_676165
rac_11576812,Wincanton,crs_2340,2025-04-13,1:58,2m4f,2m4f35y,20.0,GB,Class 5,Chase,5yo+,9,Good To Firm,Turf,17 fences,hrs_27794172,Gladiatus,9,Richard Rowe,trn_51606,"Storrington, W Sussex",6,0,0.0,Scott Parnell Limited,own_955244,0,150,102,91,Tabitha Worsley(3),jky_275706,13,/5-P43,33.0,,Pic Pus,dam_5054602,No Risk At All,sir_5221342,Arnaqueur,dsi_3315102
rac_11576812,Wincanton,crs_2340,2025-04-13,1:58,2m4f,2m4f35y,20.0,GB,Class 5,Chase,5yo+,9,Good To Firm,Turf,17 fences,hrs_16929052,Poet's Reflection,10,Linda Blackford,trn_59724,"Rackenford, Devon",2,1,50.0,Mrs S Livesey-Van Dorst,own_1249176,0,142,92,73,Sean Houlihan,jky_282387,19,4478-P,33.0,,Lola's Reflection,dam_6178291,Dylan Thomas,sir_4482254,Presenting,dsi_676165
rac_11576812,Wincanton,crs_2340,2025-04-13,1:58,2m4f,2m4f35y,20.0,GB,Class 5,Chase,5yo+,9,Good To Firm,Turf,17 fences,hrs_24675266,Noah's Light,8,Richenda Ford,trn_226908,"Brockhampton Green, Dorset",1,0,0.0,Mr & Mrs K B Snook,own_663400,0,138,108,79,Harry Kimber,jky_295911,18,25PP83,,,Scrapper Jack,dam_5611872,Leading Light,sir_5720169,Whitmore's Conn,dsi_3970715
rac_11576812,Wincanton,crs_2340,2025-04-13,1:58,2m4f,2m4f35y,20.0,GB,Class 5,Chase,5yo+,9,Good To Firm,Turf,17 fences,hrs_15844087,Mawlood,9,Georgie Howell,trn_240561,"Tenbury Wells, Worcestershire",0,0,,Ms G Howell,own_813528,0,135,47,-,,,280,P-0808,,,Kalaatah,dam_6096013,Dawn Approach,sir_5647166,Dynaformer,dsi_2134608
rac_11576851,Wincanton,crs_2340,2025-04-13,2:32,1m7f,1m7f50y,15.0,GB,Class 4,Hurdle,4yo+,8,Good To Firm,Turf,8 hurdles,hrs_37974818,Byzantium,5,Paul Nicholls,trn_51903,"Ditcheat, Somerset",31,9,29.0,Brendan McManus,own_1402024,0,158,120,95,Harry Cobden,jky_282690,108,2-24P,53.0,,Ticket Holder,dam_8434517,Magneticjim,sir_5957245,Saint Des Saints,dsi_3816407
rac_11576851,Wincanton,crs_2340,2025-04-13,2:32,1m7f,1m7f50y,15.0,GB,Class 4,Hurdle,4yo+,8,Good To Firm,Turf,8 hurdles,hrs_34860063,Jackstell,6,Jamie Snowden,trn_187326,"Lambourn, Berks",13,1,8.0,Value Racing - Jackstell,own_1407668,0,158,114,104,Gavin Sheehan,jky_266721,14,3-1232,31.0,,Prestelle,dam_5054112,No Risk At All,sir_5221342,Rochesson,dsi_578746
rac_11576851,Wincanton,crs_2340,2025-04-13,2:32,1m7f,1m7f50y,15.0,GB,Class 4,Hurdle,4yo+,8,Good To Firm,Turf,8 hurdles,hrs_35828345,Maillot Vert,6,Sophie Leech,trn_177795,"Elton, Gloucs",0,0,,G Thompson,own_157576,0,158,115,-,,,29,2333-F,,,Santoria,dam_5623282,Dunaden,sir_5215966,Limnos,dsi_3336858
rac_11576851,Wincanton,crs_2340,2025-04-13,2:32,1m7f,1m7f50y,15.0,GB,Class 4,Hurdle,4yo+,8,Good To Firm,Turf,8 hurdles,hrs_40186342,Now I Know,5,Chris Gordon,trn_178533,"Morestead, Hants",6,1,17.0,Mrs Debbie Rees,own_1368080,0,158,71,42,Rex Dingle,jky_285150,20,0-800R,60.0,,Ok Whats Next,dam_40205620,Wings Of Eagles,sir_7340921,Ocovango,dsi_5603829
rac_11576851,Wincanton,crs_2340,2025-04-13,2:32,1m7f,1m7f50y,15.0,GB,Class 4,Hurdle,4yo+,8,Good To Firm,Turf,8 hurdles,hrs_24228701,Oval Street,9,Helen Nelmes,trn_57024,"Warmwell, Dorset",3,0,0.0,M Hoskins,own_161788,0,158,95,87,Paul O'Brien,jky_276336,266,42-367,33.0,,Day's Over,dam_4673557,Dylan Thomas,sir_4482254,Overbury,dsi_611079
rac_11576851,Wincanton,crs_2340,2025-04-13,2:32,1m7f,1m7f50y,15.0,GB,Class 4,Hurdle,4yo+,8,Good To Firm,Turf,8 hurdles,hrs_46169200,Bradshaw,4,Gary & Josh Moore,trn_372564,"Lower Beeding, W Sussex",28,1,4.0,The Fat Jockey Partnership,own_1167272,0,150,64,23,,,27,P9,45.0,,Molly Malone,dam_5595457,Dubawi,sir_4127830,Lomitas,dsi_476742
rac_11576851,Wincanton,crs_2340,2025-04-13,2:32,1m7f,1m7f50y,15.0,GB,Class 4,Hurdle,4yo+,8,Good To Firm,Turf,8 hurdles,hrs_37774408,Roadshow,4,Paul Nicholls,trn_51903,"Ditcheat, Somerset",31,9,29.0,Old Gold Racing 27,own_1425224,0,150,93,41,Freddie Gingell,jky_304638,13,3,53.0,,Acapulco,dam_6245169,Galileo,sir_3722383,Scat Daddy,dsi_4638186
rac_11576851,Wincanton,crs_2340,2025-04-13,2:32,1m7f,1m7f50y,15.0,GB,Class 4,Hurdle,4yo+,8,Good To Firm,Turf,8 hurdles,hrs_38449978,Organic,4,Neil Mulholland,trn_184059,"Limpley Stoke, Wilts",20,4,20.0,J Winfield,own_1390252,0,143,94,44,,,11,7565,65.0,,Duchy,dam_2871827,Land Force,sir_13368124,Kyllachy,dsi_3691611
rac_11576773,Wincanton,crs_2340,2025-04-13,3:05,2m5½f,2m5f82y,21.5,GB,Class 3,Hurdle,4yo+,13,Good To Firm,Turf,12 hurdles,hrs_35137067,Reallyntruthfully,6,Kim Bailey & Mat Nicholls,trn_378207,"Cheltenham, Gloucs",7,0,0.0,Nothingbutthetruth,own_1370532,0,168,124,114,Ciaran Gethings,jky_277692,30,-31521,43.0,,Style Of Campile,dam_5252681,Jet Away,sir_5333650,Heron Island,dsi_699377
rac_11576773,Wincanton,crs_2340,2025-04-13,3:05,2m5½f,2m5f82y,21.5,GB,Class 3,Hurdle,4yo+,13,Good To Firm,Turf,12 hurdles,hrs_16566732,Whatsupwithyou,11,Ben Pauling,trn_256320,"Naunton, Gloucs",17,1,6.0,Co-Foundations Ltd,own_1131556,0,168,127,121,Ben Jones,jky_289347,29,290316,36.0,,Whats Up Britta,dam_5378751,Shantou,sir_740670,Milan,dsi_3734157
rac_11576773,Wincanton,crs_2340,2025-04-13,3:05,2m5½f,2m5f82y,21.5,GB,Class 3,Hurdle,4yo+,13,Good To Firm,Turf,12 hurdles,hrs_29326920,Porter In The Park,8,Emma Lavelle,trn_118044,"Ogbourne Maizey, Wilts",12,0,0.0,Andrew Gemmell & Richard Lavelle,own_1292608,0,167,119,120,,,24,255251,38.0,,Benefit Of Porter,dam_4997678,Walk In The Park,sir_4218179,Beneficial,dsi_530859
rac_11576773,Wincanton,crs_2340,2025-04-13,3:05,2m5½f,2m5f82y,21.5,GB,Class 3,Hurdle,4yo+,13,Good To Firm,Turf,12 hurdles,hrs_35136920,Wicked Thoughts,6,Paul Nicholls,trn_51903,"Ditcheat, Somerset",31,9,29.0,Mrs L Maclennan,own_1239804,0,162,124,86,,,14,2-2F21,53.0,,Emily's Princess,dam_5467091,Mahler,sir_4624179,Flemensfirth,dsi_676046
rac_11576773,Wincanton,crs_2340,2025-04-13,3:05,2m5½f,2m5f82y,21.5,GB,Class 3,Hurdle,4yo+,13,Good To Firm,Turf,12 hurdles,hrs_20496231,Getalead,9,Kevin Pickard,trn_367731,"Atherington, Devon",1,1,100.0,Pickard Racing Club,own_1297652,0,161,128,122,,,106,118156,,,Site-Leader,dam_3387454,Getaway,sir_4602430,Supreme Leader,dsi_2131927
rac_11576773,Wincanton,crs_2340,2025-04-13,3:05,2m5½f,2m5f82y,21.5,GB,Class 3,Hurdle,4yo+,13,Good To Firm,Turf,12 hurdles,hrs_37974825,Jackpot Des Bordes,6,Paul Nicholls,trn_51903,"Ditcheat, Somerset",31,9,29.0,Sir Martin Broughton & Friends 9,own_1351008,0,161,122,119,,,22,2-6124,53.0,,Carmen Des Bordes,dam_7273889,Vision D'Etat,sir_4905250,Network,dsi_3723643
rac_11576773,Wincanton,crs_2340,2025-04-13,3:05,2m5½f,2m5f82y,21.5,GB,Class 3,Hurdle,4yo+,13,Good To Firm,Turf,12 hurdles,hrs_33328134,Balboa,5,Seamus Mullins,trn_64233,"Wilsford-Cum-Lake, Wilts",6,2,33.0,Mrs Kate Kenyon,own_1305488,0,161,124,115,,,60,-25P63,78.0,,Reachforthestars,dam_7264033,Mondialiste,sir_5834787,Sea The Stars,dsi_4868829
rac_11576773,Wincanton,crs_2340,2025-04-13,3:05,2m5½f,2m5f82y,21.5,GB,Class 3,Hurdle,4yo+,13,Good To Firm,Turf,12 hurdles,hrs_34991026,Star Of Affinity,6,Joe Tizzard,trn_355275,"Milborne Port, Dorset",12,3,25.0,"Kennington, Reed, Sharp & Goodsir",own_1318052,0,159,123,104,Freddie Gingell,jky_304638,44,123113,64.0,,Nansheen,dam_6195539,Affinisea,sir_5784198,High Chaparral,dsi_3823484
rac_11576773,Wincanton,crs_2340,2025-04-13,3:05,2m5½f,2m5f82y,21.5,GB,Class 3,Hurdle,4yo+,13,Good To Firm,Turf,12 hurdles,hrs_31660727,Teorie,5,Daisy Hitchins,trn_371358,"Sherborne, Dorset",2,0,0.0,Miss Daisy Hitchins,own_783288,0,157,124,114,Mr Robbie David(7),jky_310770,26,03-P52,67.0,,Bobailin,dam_6225961,Teofilo,sir_4546038,Vocalised,dsi_4957421
rac_11576773,Wincanton,crs_2340,2025-04-13,3:05,2m5½f,2m5f82y,21.5,GB,Class 3,Hurdle,4yo+,13,Good To Firm,Turf,12 hurdles,hrs_37974860,Jena d'Oudairies,6,Paul Nicholls,trn_51903,"Ditcheat, Somerset",31,9,29.0,Giraffa Racing,own_1072352,0,156,125,115,,,28,1-2341,53.0,,Une D'Oudairies,dam_5811281,Buck's Boum,sir_5010166,Discover D'Auteuil,dsi_735252
rac_11576773,Wincanton,crs_2340,2025-04-13,3:05,2m5½f,2m5f82y,21.5,GB,Class 3,Hurdle,4yo+,13,Good To Firm,Turf,12 hurdles,hrs_38203263,Noble Park,6,Nicky Henderson,trn_2799,"Upper Lambourn, Berks",19,3,16.0,M Buckley & A Speelman,own_1364128,0,153,124,112,Nico de Boinville,jky_262932,35,860U22,43.0,,Cove,dam_5675992,Walk In The Park,sir_4218179,Westerner,dsi_3927665
rac_11576773,Wincanton,crs_2340,2025-04-13,3:05,2m5½f,2m5f82y,21.5,GB,Class 3,Hurdle,4yo+,13,Good To Firm,Turf,12 hurdles,hrs_35828345,Maillot Vert,6,Sophie Leech,trn_177795,"Elton, Gloucs",0,0,,G Thompson,own_157576,0,148,125,-,,,29,2333-F,,,Santoria,dam_5623282,Dunaden,sir_5215966,Limnos,dsi_3336858
rac_11576773,Wincanton,crs_2340,2025-04-13,3:05,2m5½f,2m5f82y,21.5,GB,Class 3,Hurdle,4yo+,13,Good To Firm,Turf,12 hurdles,hrs_29341529,Pure Theatre,7,Anthony Honeyball,trn_167751,"Mosterton, Dorset",14,1,7.0,Anthony Honeyball Racing Club,own_1381560,0,141,128,114,Ben Godfrey,jky_288498,13,688652,67.0,,Faucon,dam_5000996,Court Cave,sir_4123686,Polar Falcon,dsi_411852
rac_11576786,Wincanton,crs_2340,2025-04-13,3:37,3m1f,3m1f30y,25.0,GB,Class 4,Chase,5yo+,6,Good To Firm,Turf,21 fences,hrs_28891597,My Gift To You,7,James Owen,trn_360648,"Newmarket, Suffolk",42,13,31.0,Lpog 23 Nh,own_1332908,0,168,116,102,Mr Alex Chadwick(3),jky_279939,118,234133,62.0,,Ariels Serenade,dam_5596402,Kingston Hill,sir_5917226,Presenting,dsi_676165
rac_11576786,Wincanton,crs_2340,2025-04-13,3:37,3m1f,3m1f30y,25.0,GB,Class 4,Chase,5yo+,6,Good To Firm,Turf,21 fences,hrs_29735587,Galloping Pride,8,Emma Lavelle,trn_118044,"Ogbourne Maizey, Wilts",12,0,0.0,The Diamonds,own_1300120,0,163,121,104,,,161,-P222P,38.0,,Rostellan,dam_17013395,Yeats,sir_4086887,Flemensfirth,dsi_676046
rac_11576786,Wincanton,crs_2340,2025-04-13,3:37,3m1f,3m1f30y,25.0,GB,Class 4,Chase,5yo+,6,Good To Firm,Turf,21 fences,hrs_28824544,Safe Destination,7,Nigel Twiston-Davies,trn_2754,"Naunton, Gloucs",12,1,8.0,Malcolm Berryman,own_336792,0,160,121,111,Sam Twiston-Davies,jky_264069,28,121122,54.0,,Leighton Lass,dam_6222125,Pether's Moon,sir_5735996,Shirocco,dsi_4009460
rac_11576786,Wincanton,crs_2340,2025-04-13,3:37,3m1f,3m1f30y,25.0,GB,Class 4,Chase,5yo+,6,Good To Firm,Turf,21 fences,hrs_24115000,Grillon De Monty,10,Stephen Allen,trn_372105,"Chipping Norton, Oxfordshire",1,0,0.0,S G Allen,own_181516,0,145,92,58,,,49,63-PP5,,,Pat's Girl,dam_3849160,Crillon,sir_3580248,Baryshnikov,dsi_3677114
rac_11576786,Wincanton,crs_2340,2025-04-13,3:37,3m1f,3m1f30y,25.0,GB,Class 4,Chase,5yo+,6,Good To Firm,Turf,21 fences,hrs_25040813,Universal Secret,8,Helen Nelmes,trn_57024,"Warmwell, Dorset",3,0,0.0,Matt Hoskins & Julie Roche,own_1256928,0,134,122,100,Paul O'Brien,jky_276336,38,6522P4,33.0,,Quiet Beauty,dam_6017963,Universal,sir_5498255,Acclamation,dsi_3789198
rac_11576786,Wincanton,crs_2340,2025-04-13,3:37,3m1f,3m1f30y,25.0,GB,Class 4,Chase,5yo+,6,Good To Firm,Turf,21 fences,hrs_33790855,Elpologreg,6,Seamus Mullins,trn_64233,"Wilsford-Cum-Lake, Wilts",6,2,33.0,S Mullins Racing Club,own_901072,0,122,126,83,,,27,6P6232,78.0,,Zannkiya,dam_5057773,Creachadoir,sir_4598440,Sendawar,dsi_3508001
rac_11576799,Wincanton,crs_2340,2025-04-13,4:07,1m7½f,1m7f149y,15.5,GB,Class 5,Chase,5yo+,8,Good To Firm,Turf,13 fences,hrs_27452691,Abingworth,7,Gary & Josh Moore,trn_372564,"Lower Beeding, W Sussex",28,1,4.0,Chris Stedman,own_587472,0,170,112,102,Caoilin Quinn,jky_297747,13,U46P31,45.0,,Flute Bowl,dam_5959282,Kapgarde,sir_3993948,Black Sam Bellamy,dsi_3852772
rac_11576799,Wincanton,crs_2340,2025-04-13,4:07,1m7½f,1m7f149y,15.5,GB,Class 5,Chase,5yo+,8,Good To Firm,Turf,13 fences,hrs_29295490,Gower Prince,7,Matt Sheppard,trn_86490,"Eastnor, H'fords",6,0,0.0,Mrs Jan Johnson,own_501664,0,167,115,91,,,267,1-2327,17.0,,Lady Karinga,dam_5260374,Yorgunnabelucky,sir_4971393,Karinga Bay,dsi_350203
rac_11576799,Wincanton,crs_2340,2025-04-13,4:07,1m7½f,1m7f149y,15.5,GB,Class 5,Chase,5yo+,8,Good To Firm,Turf,13 fences,hrs_17938725,Chestnut Pete,10,Katy Price,trn_281817,"Llanigon, Herefordshire",2,0,0.0,Mike Harris Racing Club,own_782608,0,166,113,94,,,18,2-9631,100.0,,Rabbit,dam_4225571,Native Ruler,sir_5050801,Muhtarram,dsi_486955
rac_11576799,Wincanton,crs_2340,2025-04-13,4:07,1m7½f,1m7f149y,15.5,GB,Class 5,Chase,5yo+,8,Good To Firm,Turf,13 fences,hrs_34788901,Tactical Affair,6,Warren Greatrex,trn_198099,"Upper Lambourn, Berks",16,3,19.0,Velocity Racing NH,own_1308380,0,165,115,97,James Bowen,jky_290490,15,-65444,77.0,,Codrina,dam_5844587,No Risk At All,sir_5221342,Sicyos,dsi_2115799
rac_11576799,Wincanton,crs_2340,2025-04-13,4:07,1m7½f,1m7f149y,15.5,GB,Class 5,Chase,5yo+,8,Good To Firm,Turf,13 fences,hrs_7623126,Romanor,11,Seamus Mullins,trn_64233,"Wilsford-Cum-Lake, Wilts",6,2,33.0,Four Hens And A Cock,own_1242056,0,163,106,65,,,313,253-67,78.0,,Salinia,dam_6083154,Holy Roman Emperor,sir_4602234,Rainbow Quest,dsi_2124080
rac_11576799,Wincanton,crs_2340,2025-04-13,4:07,1m7½f,1m7f149y,15.5,GB,Class 5,Chase,5yo+,8,Good To Firm,Turf,13 fences,hrs_23157274,Begin The Luck,9,Daisy Hitchins,trn_371358,"Sherborne, Dorset",2,0,0.0,Miss Daisy Hitchins,own_783288,0,159,119,110,Mr Robbie David(7),jky_310770,19,134330,67.0,,Bobsyourdad,dam_4545002,Le Fou,sir_3779741,Bob's Return,dsi_510566
rac_11576799,Wincanton,crs_2340,2025-04-13,4:07,1m7½f,1m7f149y,15.5,GB,Class 5,Chase,5yo+,8,Good To Firm,Turf,13 fences,hrs_24206119,Superstylin,8,Suzy Smith,trn_140094,"Angmering, W Sussex",2,0,0.0,Mrs V Palmer,own_109480,0,151,114,109,,,25,-2U632,,,Bright Blaze,dam_5450711,Califet,sir_3769220,Shernazar,dsi_2124255
rac_11576799,Wincanton,crs_2340,2025-04-13,4:07,1m7½f,1m7f149y,15.5,GB,Class 5,Chase,5yo+,8,Good To Firm,Turf,13 fences,hrs_25040813,Universal Secret,8,Helen Nelmes,trn_57024,"Warmwell, Dorset",3,0,0.0,Matt Hoskins & Julie Roche,own_1256928,0,144,112,100,Paul O'Brien,jky_276336,38,6522P4,33.0,,Quiet Beauty,dam_6017963,Universal,sir_5498255,Acclamation,dsi_3789198
rac_11576838,Wincanton,crs_2340,2025-04-13,4:37,1m7f,1m7f50y,15.0,GB,Class 5,Hurdle,4yo+,11,Good To Firm,Turf,8 hurdles,hrs_38532424,Land Girl's Luck,6,Max Comley,trn_319932,"Naunton, Gloucestershire",5,1,20.0,Richard Bailey And Max Comley,own_1410104,0,168,91,55,David Bass,jky_257796,10,2-3931,60.0,,Isityourself,dam_5173147,Workforce,sir_5198053,Milan,dsi_3734157
rac_11576838,Wincanton,crs_2340,2025-04-13,4:37,1m7f,1m7f50y,15.0,GB,Class 5,Hurdle,4yo+,11,Good To Firm,Turf,8 hurdles,hrs_34690348,Sweet Caryline,7,Joe Tizzard,trn_355275,"Milborne Port, Dorset",12,3,25.0,J P Romans,own_746600,0,167,102,92,Brendan Powell,jky_271218,37,271423,64.0,,Mollasses,dam_5891431,Blue Bresil,sir_4924724,Authorized,dsi_4645585
rac_11576838,Wincanton,crs_2340,2025-04-13,4:37,1m7f,1m7f50y,15.0,GB,Class 5,Hurdle,4yo+,11,Good To Firm,Turf,8 hurdles,hrs_22583533,Golden Dove,7,Dan Horsford,trn_380358,"Marlborough, Wiltshire",2,0,0.0,Mrs Moni Williams,own_1259464,0,163,95,60,,,108 (6F),7259,50.0,,Laughing Dove,dam_5848654,Golden Horn,sir_6057142,Tamayuz,dsi_4817246
rac_11576838,Wincanton,crs_2340,2025-04-13,4:37,1m7f,1m7f50y,15.0,GB,Class 5,Hurdle,4yo+,11,Good To Firm,Turf,8 hurdles,hrs_33302612,Jackeline,6,Seamus Mullins,trn_64233,"Wilsford-Cum-Lake, Wilts",6,2,33.0,Mrs R Jowett,own_125052,0,163,103,84,,,18,P51642,78.0,,Ballinlina,dam_33302682,Jack Hobbs,sir_5958330,Iceman,dsi_4186861
rac_11576838,Wincanton,crs_2340,2025-04-13,4:37,1m7f,1m7f50y,15.0,GB,Class 5,Hurdle,4yo+,11,Good To Firm,Turf,8 hurdles,hrs_30285227,Saisissante,5,Noel Williams,trn_257247,"Blewbury, Oxfordshire",1,0,0.0,Noel Williams Racing - Saisissante,own_1327916,0,161,105,93,James Davies,jky_238989,18,3-3563,50.0,,Glittering Star,dam_5049989,Pedro The Great,sir_5636379,Lomitas,dsi_476742
rac_11576838,Wincanton,crs_2340,2025-04-13,4:37,1m7f,1m7f50y,15.0,GB,Class 5,Hurdle,4yo+,11,Good To Firm,Turf,8 hurdles,hrs_32683385,Lady Caro,7,Emma Lavelle,trn_118044,"Ogbourne Maizey, Wilts",12,0,0.0,Mr & Mrs A Millett,own_1042024,0,161,100,88,Ben Jones,jky_289347,11,42251P,38.0,,Springinherstep,dam_5711076,Soldier Of Fortune,sir_4624284,Saddlers' Hall,dsi_3254237
rac_11576838,Wincanton,crs_2340,2025-04-13,4:37,1m7f,1m7f50y,15.0,GB,Class 5,Hurdle,4yo+,11,Good To Firm,Turf,8 hurdles,hrs_34253485,Melleray Hill,7,Anthony Charlton,trn_138159,"Holwell, Dorset",7,0,0.0,Mares In Motion,own_1330512,0,156,91,28,,,7,1/8775,33.0,,Evening Sunset,dam_4980038,Kingston Hill,sir_5917226,Dansili,dsi_3527125
rac_11576838,Wincanton,crs_2340,2025-04-13,4:37,1m7f,1m7f50y,15.0,GB,Class 5,Hurdle,4yo+,11,Good To Firm,Turf,8 hurdles,hrs_22513764,Arenas Del Tiempo,7,Jim & Suzi Best,trn_358560,"Lewes, E Sussex",8,0,0.0,"D Edmonston, T Helliwell & Leon Best",own_1428276,0,151,99,95,,,7,03-627,57.0,,Vezere,dam_5168576,Footstepsinthesand,sir_4217458,Point Given,dsi_3758832
rac_11576838,Wincanton,crs_2340,2025-04-13,4:37,1m7f,1m7f50y,15.0,GB,Class 5,Hurdle,4yo+,11,Good To Firm,Turf,8 hurdles,hrs_38449978,Organic,4,Neil Mulholland,trn_184059,"Limpley Stoke, Wilts",20,4,20.0,J Winfield,own_1390252,0,147,90,44,,,11,7565,65.0,,Duchy,dam_2871827,Land Force,sir_13368124,Kyllachy,dsi_3691611
rac_11576838,Wincanton,crs_2340,2025-04-13,4:37,1m7f,1m7f50y,15.0,GB,Class 5,Hurdle,4yo+,11,Good To Firm,Turf,8 hurdles,hrs_22771840,Bluenose Belle,7,Richard Phillips,trn_70857,"Adlestrop, Gloucs",2,0,0.0,Geoff Lansbury,own_1299692,0,147,100,84,Finn Lambert(3),jky_301572,24,043,,,Poster Girl,dam_3972479,Noble Mission,sir_5532317,War Front,dsi_4544750
rac_11576838,Wincanton,crs_2340,2025-04-13,4:37,1m7f,1m7f50y,15.0,GB,Class 5,Hurdle,4yo+,11,Good To Firm,Turf,8 hurdles,hrs_46729585,Bellever Tor,6,Polly Gundry,trn_180468,"Ottery St Mary, Devon",2,0,0.0,The Group Of Otters,own_1202920,0,141,91,-,Ben Poste,jky_264270,21,80PP4,,,Wasara,dam_5316752,Cannock Chase,sir_5925304,Marju,dsi_425999
rac_11576916,Hexham,crs_650,2025-04-14 00:00:00,2:18,2m,2m48y,16.0,GB,Class 4,Hurdle,4yo+,13,Good,Turf,8 hurdles,hrs_47033091,Benmore,5,L J Morgan,trn_290349,"Waltham On The Wolds, Leics",4,0,0.0,T P Radford,own_443752,0,163,113,-,NON-RUNNER,jky_224913,32,22341,,-,China Reel,dam_5856606,Soldier Of Fortune,sir_4624284,Shantou,dsi_740670
rac_11576916,Hexham,crs_650,2025-04-14 00:00:00,2:18,2m,2m48y,16.0,GB,Class 4,Hurdle,4yo+,13,Good,Turf,8 hurdles,hrs_39469101,That One,6,James Walton,trn_25416,"Thropton, Northumberland",0,0,,Messrs F T Walton,own_367388,0,163,114,92,Conor O'Farrell,jky_257538,20,4-5412,,2.63,Don't Point,dam_6178431,Dartmouth,sir_5957371,Double Trigger,dsi_621082
rac_11576916,Hexham,crs_650,2025-04-14 00:00:00,2:18,2m,2m48y,16.0,GB,Class 4,Hurdle,4yo+,13,Good,Turf,8 hurdles,hrs_38564771,Young Getaway,6,Nicky Richards,trn_118584,"Greystoke, Cumbria",11,1,9.0,Mrs P Sloan,own_101740,0,163,110,81,Sean Quinlan,jky_247455,51,5-3341,55.0,2.25,The Youngone,dam_29608509,Getaway,sir_4602430,Alhaarth,dsi_698782
rac_11576916,Hexham,crs_650,2025-04-14 00:00:00,2:18,2m,2m48y,16.0,GB,Class 4,Hurdle,4yo+,13,Good,Turf,8 hurdles,hrs_38370878,Do Ye Wanna,7,George Bewley,trn_57159,"Colby, Cumbria",0,0,,Montgomerie And Holland,own_1428164,0,156,89,13,Edward Austin(5),jky_282915,20,00-P7,,81,Raphuca,dam_3854158,Doyen,sir_3983700,Be My Native,dsi_2101463
rac_11576916,Hexham,crs_650,2025-04-14 00:00:00,2:18,2m,2m48y,16.0,GB,Class 4,Hurdle,4yo+,13,Good,Turf,8 hurdles,hrs_38131394,Just Oot,5,Susan Corbett,trn_97254,"Otterburn, Northumberland",9,2,22.0,Josh Duffy,own_1351652,0,156,106,32,Nathan Moscrop,jky_259071,20,50-3,50.0,13,Belle Glory,dam_22983415,Elusive Pimpernel,sir_5164180,Green Tune,dsi_590415
rac_11576916,Hexham,crs_650,2025-04-14 00:00:00,2:18,2m,2m48y,16.0,GB,Class 4,Hurdle,4yo+,13,Good,Turf,8 hurdles,hrs_47162108,King Kodiak,6,George Bewley,trn_57159,"Colby, Cumbria",0,0,,Miss Maria D Myco,own_375840,0,156,-,-,Jonathon Bewley,jky_257349,60,75,,51,Moscow Mistress,dam_412693813,Arctic Cosmos,sir_5206740,Moscow Society,dsi_33054
rac_11576916,Hexham,crs_650,2025-04-14 00:00:00,2:18,2m,2m48y,16.0,GB,Class 4,Hurdle,4yo+,13,Good,Turf,8 hurdles,hrs_27414702,Melrose Jack,8,Paula Smith,trn_328113,"Malton, N Yorks",1,0,0.0,Miss Mollie Chaston,own_1144580,0,156,-,-,Charlotte Jones,jky_286605,,,,51,Daisies Adventure,dam_9667091,Shirocco,sir_4009460,Flemensfirth,dsi_676046
rac_11576916,Hexham,crs_650,2025-04-14 00:00:00,2:18,2m,2m48y,16.0,GB,Class 4,Hurdle,4yo+,13,Good,Turf,8 hurdles,hrs_29735783,Rightbackatyou,7,Stuart Coltherd,trn_82629,"Selkirk, Roxburghshire",3,0,0.0,A Miller S Coltherd,own_1382148,0,156,97,39,Ross Chapman,jky_277740,345,/434-6,33.0,34,Shandora,dam_3696273,Kingston Hill,sir_5917226,Supreme Leader,dsi_2131927
rac_11576916,Hexham,crs_650,2025-04-14 00:00:00,2:18,2m,2m48y,16.0,GB,Class 4,Hurdle,4yo+,13,Good,Turf,8 hurdles,hrs_42912520,Blackwater Lilly,5,Brian Ellison,trn_39879,"Norton, N Yorks",10,1,10.0,Richard & Katherine Gilbert,own_905648,0,149,114,57,Craig Nichol,jky_276252,109,42223,10.0,5,Cuckoo's Calling,dam_11542447,Casamento,sir_5322954,So You Think,dsi_5197836
rac_11576916,Hexham,crs_650,2025-04-14 00:00:00,2:18,2m,2m48y,16.0,GB,Class 4,Hurdle,4yo+,13,Good,Turf,8 hurdles,hrs_39315150,Hannigan's Power,6,Gillian Boanas,trn_252288,"Lingdale, Redcar & Cleveland",3,0,0.0,Reveley Racing 1 & Miss G Boanas,own_1421564,0,149,-,-,Joe Williamson(3),jky_285654,42,68P,67.0,81,Kitty Power,dam_6176191,Milan,sir_3734157,Presenting,dsi_676165
rac_11576916,Hexham,crs_650,2025-04-14 00:00:00,2:18,2m,2m48y,16.0,GB,Class 4,Hurdle,4yo+,13,Good,Turf,8 hurdles,hrs_46892265,Spectress,6,N W Alexander,trn_140535,"Leslie, Fife",8,1,13.0,The Pilgrims,own_1405544,0,149,-,-,Bruce Lynn,jky_286512,34,067,63.0,51,Midnite Grace,dam_6206914,Passing Glance,sir_2998898,Midnight Legend,dsi_614005
rac_11576916,Hexham,crs_650,2025-04-14 00:00:00,2:18,2m,2m48y,16.0,GB,Class 4,Hurdle,4yo+,13,Good,Turf,8 hurdles,hrs_48617310,Zeezee,6,Pauline Robson,trn_101601,"Capheaton, Northumberland",1,0,0.0,Semore Kurdi,own_809684,0,149,-,-,Henry Brooke,jky_262311,76,7,,26,Sheestown,dam_29761564,Yeats,sir_4086887,Flemensfirth,dsi_676046
rac_11576916,Hexham,crs_650,2025-04-14 00:00:00,2:18,2m,2m48y,16.0,GB,Class 4,Hurdle,4yo+,13,Good,Turf,8 hurdles,hrs_50188397,Drop Kick,4,Mark Walford,trn_259884,"Sheriff Hutton, N Yorks",14,2,14.0,Bill Lowe,own_1428152,0,148,-,-,Jamie Hamilton,jky_271551,(44P),3,23.0,26,Natasha Rostova,dam_5653935,Wings Of Eagles,sir_7340921,Beat Hollow,dsi_3616242
rac_11576916,Hexham,crs_650,2025-04-14 00:00:00,2:18,2m,2m48y,16.0,GB,Class 4,Hurdle,4yo+,13,Good,Turf,8 hurdles,hrs_50556534,Roxby Belle,4,Mark Walford,trn_259884,"Sheriff Hutton, N Yorks",14,2,14.0,N D Skinner,own_1422352,0,142,77,-,Danny McMenamin,jky_293565,20,P8,23.0,67,Kilbarry Lilly,dam_13285062,Diamond Boy,sir_5181561,Classic Cliche,dsi_675766
rac_11576864,Hexham,crs_650,2025-04-14 00:00:00,2:48,1m7½f,1m7f133y,15.5,GB,Class 4,Chase,5yo+,9,Good,Turf,12 fences,hrs_33275249,Backbyjet,7,Brian Ellison,trn_39879,"Norton, N Yorks",10,1,10.0,Steel A Win & Partners,own_1347152,0,168,111,100,Craig Nichol,jky_276252,124,1513P7,10.0,8,Bonny Blackdoe,dam_5562949,Jet Away,sir_5333650,Close Conflict,dsi_571802
rac_11576864,Hexham,crs_650,2025-04-14 00:00:00,2:48,1m7½f,1m7f133y,15.5,GB,Class 4,Chase,5yo+,9,Good,Turf,12 fences,hrs_29621991,Famous Liss,7,Stuart Coltherd,trn_82629,"Selkirk, Roxburghshire",3,0,0.0,Bbs Partnership,own_1376616,0,167,-,-,Peter Kavanagh(3),jky_238497,20,6F5595,33.0,8,Liss Agragh,dam_13004222,Famous Name,sir_4784598,Old Vic,dsi_296359
rac_11576864,Hexham,crs_650,2025-04-14 00:00:00,2:48,1m7½f,1m7f133y,15.5,GB,Class 4,Chase,5yo+,9,Good,Turf,12 fences,hrs_15986719,Foxey,10,Paul Collins,trn_249192,"Saltburn, Cleveland",0,0,,A Barker,own_1408988,0,166,-,-,Joe Williamson(3),jky_285654,328 (43P),-PPPPP,,21,Blue Lyric,dam_5101964,Foxwedge,sir_5460231,Refuse To Bend,dsi_3962511
rac_11576864,Hexham,crs_650,2025-04-14 00:00:00,2:48,1m7½f,1m7f133y,15.5,GB,Class 4,Chase,5yo+,9,Good,Turf,12 fences,hrs_15800526,Fostered Phil,11,James Ewart,trn_149346,"Langholm, Dumfries & G'way",4,1,25.0,N M L Ewart,own_195508,0,165,112,-,Brian Hughes,jky_244227,42,4/2-34,50.0,6,Knock Na Shee,dam_5552337,Arcadio,sir_4472293,Classic Cliche,dsi_675766
rac_11576864,Hexham,crs_650,2025-04-14 00:00:00,2:48,1m7½f,1m7f133y,15.5,GB,Class 4,Chase,5yo+,9,Good,Turf,12 fences,hrs_28720755,Kidman,9,Simon Waugh,trn_142290,"Molesden, Northumberland",0,0,,S Waugh,own_488120,0,165,115,91,Danny McMenamin,jky_293565,44,4-2P46,,4,Kilganey Maid,dam_5810427,Arcadio,sir_4472293,Rudimentary,dsi_406112
rac_11576864,Hexham,crs_650,2025-04-14 00:00:00,2:48,1m7½f,1m7f133y,15.5,GB,Class 4,Chase,5yo+,9,Good,Turf,12 fences,hrs_27068048,Heritier,8,Lizzie Quinlan,trn_358677,"Bolton Mill, Cumbria",10,0,0.0,"Ursa, Pollitt, Ellerby & Partner",own_1358044,0,164,117,101,Sean Quinlan,jky_247455,22,145854,40.0,8,Toscane,dam_5376819,Fuisse,sir_4995844,Shaanmer,dsi_3857007
rac_11576864,Hexham,crs_650,2025-04-14 00:00:00,2:48,1m7½f,1m7f133y,15.5,GB,Class 4,Chase,5yo+,9,Good,Turf,12 fences,hrs_24277260,Scots Poet,9,Ewan Whillans,trn_348426,"Hawick, Scottish Borders",9,2,22.0,Distillery Racing Club,own_647168,0,161,-,-,Conor O'Farrell,jky_257538,24,073066,44.0,7.5,Blue Nymph,dam_5018307,Yeats,sir_4086887,Selkirk,dsi_435050
rac_11576864,Hexham,crs_650,2025-04-14 00:00:00,2:48,1m7½f,1m7f133y,15.5,GB,Class 4,Chase,5yo+,9,Good,Turf,12 fences,hrs_37633190,Diamond Mix,6,Paul Robson,trn_333207,"South Hazelrigg, Northumberland",3,0,0.0,Colin Thomas,own_1289652,0,156,117,102,Lilly Pinchin,jky_285300,32,455725,67.0,6.5,Alma Mix,dam_9721299,Diamond Boy,sir_5181561,Al Namix,dsi_3647567
rac_11576864,Hexham,crs_650,2025-04-14 00:00:00,2:48,1m7½f,1m7f133y,15.5,GB,Class 4,Chase,5yo+,9,Good,Turf,12 fences,hrs_33359991,Heeztheboy,8,Pauline Robson,trn_101601,"Capheaton, Northumberland",1,0,0.0,R P Mayland And Partner,own_1416988,0,146,112,92,Jamie Hamilton,jky_271551,98,6-7646,,9,Lovely Native,dam_3766840,Dylan Thomas,sir_4482254,Be My Native,dsi_2101463
rac_11576903,Hexham,crs_650,2025-04-14 00:00:00,3:18,2m,2m48y,16.0,GB,Class 4,Hurdle,4yo,6,Good,Turf,8 hurdles,hrs_46602913,Smart Decision,4,Tim Easterby,trn_91368,"Great Habton, N Yorks",48,3,6.0,Reality Partnerships XIX,own_1337808,0,164,108,100,Mr William Easterby(3),jky_273198,36,1U1,34.0,1.22,Maven,dam_5545883,Postponed,sir_5857859,Doyen,dsi_3983700
rac_11576903,Hexham,crs_650,2025-04-14 00:00:00,3:18,2m,2m48y,16.0,GB,Class 4,Hurdle,4yo,6,Good,Turf,8 hurdles,hrs_45856041,Bohemond Antioch,4,Donald McCain,trn_141066,"Cholmondeley, Cheshire",23,1,4.0,T G Leslie,own_677628,0,154,-,-,Brian Hughes,jky_244227,50,244,35.0,8,Bybrook,dam_6328637,Nathaniel,sir_5237701,Dubawi,dsi_4127830
rac_11576903,Hexham,crs_650,2025-04-14 00:00:00,3:18,2m,2m48y,16.0,GB,Class 4,Hurdle,4yo,6,Good,Turf,8 hurdles,hrs_47033077,Cap Ricochet,4,Paul Collins,trn_249192,"Saltburn, Cleveland",0,0,,R Burridge,own_43924,0,154,88,75,Danny McMenamin,jky_293565,17,475U6,,41,Rubber Bullet,dam_5855164,Capri,sir_7175203,Tikkanen,dsi_627592
rac_11576903,Hexham,crs_650,2025-04-14 00:00:00,3:18,2m,2m48y,16.0,GB,Class 4,Hurdle,4yo,6,Good,Turf,8 hurdles,hrs_49544313,Jet Approach,4,Brian Ellison,trn_39879,"Norton, N Yorks",10,1,10.0,Douglas Taylor,own_509760,0,154,-,-,Craig Nichol,jky_276252,30,43,10.0,13,Shuil Milan,dam_5838287,Jet Away,sir_5333650,Milan,dsi_3734157
rac_11576903,Hexham,crs_650,2025-04-14 00:00:00,3:18,2m,2m48y,16.0,GB,Class 4,Hurdle,4yo,6,Good,Turf,8 hurdles,hrs_43572998,Popa Rich,4,Jessica Bedi,trn_310419,"Kirklevington, North Yorkshire",0,0,,Hill House Racing Club,own_1198524,0,154,93,64,Aaron Anderson(5),jky_289338,29,623,,21,Lady Giselle,dam_5742072,Smooth Daddy,sir_6035659,Indian Haven,dsi_3956701
rac_11576903,Hexham,crs_650,2025-04-14 00:00:00,3:18,2m,2m48y,16.0,GB,Class 4,Hurdle,4yo,6,Good,Turf,8 hurdles,hrs_51024190,Just An Artist,4,N W Alexander,trn_140535,"Leslie, Fife",8,1,13.0,P And F Racing,own_1293420,0,147,-,-,Bruce Lynn,jky_286512,24,5,63.0,34,Justapuzzle,dam_9983274,Masterstroke,sir_5551420,Apple Tree,dsi_505316
rac_11576877,Hexham,crs_650,2025-04-14 00:00:00,3:48,3m,3m41y,24.0,GB,Class 5,Chase,5yo+,14,Good,Turf,19 fences,hrs_34166573,Raceview Road,7,George Bewley,trn_57159,"Colby, Cumbria",0,0,,Alan Udale,own_986244,0,168,111,94,Jonathon Bewley,jky_257349,32,432P5P,,12,Blueberry Bramble,dam_6104476,Milan,sir_3734157,Pistolet Bleu,dsi_441539
rac_11576877,Hexham,crs_650,2025-04-14 00:00:00,3:48,3m,3m41y,24.0,GB,Class 5,Chase,5yo+,14,Good,Turf,19 fences,hrs_23111452,Return Fire,9,Lucinda Russell,trn_62910,"Milnathort, Kinross-shire",25,1,4.0,Tay Valley Chasers Racing Club,own_632668,0,165,106,97,Patrick Wadge,jky_301317,32,641366,38.0,12,There On Time,dam_9260202,Leading Light,sir_5720169,Carroll House,dsi_45507
rac_11576877,Hexham,crs_650,2025-04-14 00:00:00,3:48,3m,3m41y,24.0,GB,Class 5,Chase,5yo+,14,Good,Turf,19 fences,hrs_24228610,Global Assembly,8,Jessica Bedi,trn_310419,"Kirklevington, North Yorkshire",0,0,,Mrs S Barker,own_843368,0,163,101,60,Aaron Anderson(5),jky_289338,38,4-2P6P,,34,Anadama,dam_5119821,Kayf Tara,sir_3297462,Anshan,dsi_344120
rac_11576877,Hexham,crs_650,2025-04-14 00:00:00,3:48,3m,3m41y,24.0,GB,Class 5,Chase,5yo+,14,Good,Turf,19 fences,hrs_32415614,Torosay,7,Lucinda Russell,trn_62910,"Milnathort, Kinross-shire",25,1,4.0,Dig In Racing,own_479524,0,160,113,40,Conner McCann(7),jky_302724,32,21-6U3,38.0,5,The Toft,dam_6181721,Getaway,sir_4602430,Kayf Tara,dsi_3297462
rac_11576877,Hexham,crs_650,2025-04-14 00:00:00,3:48,3m,3m41y,24.0,GB,Class 5,Chase,5yo+,14,Good,Turf,19 fences,hrs_21395360,Dr Shirocco,10,Sandy Forster,trn_110826,"Yetholm, Roxburghshire",0,0,,I I F T F,own_1186260,0,156,110,91,Miss Heidi Palin(7),jky_306519,32,481456,,11,Uncommited,dam_4564574,Shirocco,sir_4009460,Dr Massini,dsi_776510
rac_11576877,Hexham,crs_650,2025-04-14 00:00:00,3:48,3m,3m41y,24.0,GB,Class 5,Chase,5yo+,14,Good,Turf,19 fences,hrs_21610526,Gibberwell,9,Jake Thomas Coulson,trn_265500,"Heaton, Cheshire",3,0,0.0,All Or Nothing Racing Club,own_1195540,0,155,107,83,Philip Armson(3),jky_293307,32,34P2P1,33.0,8,Unique Snoopy,dam_13757051,Getaway,sir_4602430,Witness Box,dsi_397411
rac_11576877,Hexham,crs_650,2025-04-14 00:00:00,3:48,3m,3m41y,24.0,GB,Class 5,Chase,5yo+,14,Good,Turf,19 fences,hrs_15876854,Hold The Note,11,Ewan Whillans,trn_348426,"Hawick, Scottish Borders",9,2,22.0,Mrs Karen Spark,own_959508,0,155,105,73,Craig Nichol,jky_276252,38,P-P463,44.0,8,Keys Hope,dam_5264000,Jeremy,sir_4495463,Luso,dsi_670698
rac_11576877,Hexham,crs_650,2025-04-14 00:00:00,3:48,3m,3m41y,24.0,GB,Class 5,Chase,5yo+,14,Good,Turf,19 fences,hrs_33644408,Halfway House Lad,6,Maurice Barnes,trn_36783,"Farlam, Cumbria",3,0,0.0,Halfway House Syndicate,own_448732,0,147,102,79,Charlie Price(3),jky_286938,20,594311,67.0,3.25,Pezula,dam_5028380,Recharge,sir_5003733,Diktat,dsi_3314507
rac_11576877,Hexham,crs_650,2025-04-14 00:00:00,3:48,3m,3m41y,24.0,GB,Class 5,Chase,5yo+,14,Good,Turf,19 fences,hrs_23274223,Kicksaftersix,9,Martin Todhunter,trn_87237,"Orton, Cumbria",6,0,0.0,Coniston Old Men Syndicate,own_1147524,0,146,110,100,Henry Brooke,jky_262311,14,522254,67.0,13,Astalanda,dam_4257274,Scorpion,sir_4224962,Sendawar,dsi_3508001
rac_11576877,Hexham,crs_650,2025-04-14 00:00:00,3:48,3m,3m41y,24.0,GB,Class 5,Chase,5yo+,14,Good,Turf,19 fences,hrs_32264680,Ballydangan,8,Hugh Burns,trn_243315,"Alnwick, Northumberland",3,0,0.0,H Burns,own_810520,0,145,107,76,Peter Kavanagh(3),jky_238497,9,0566P9,,34,She's Our Banker,dam_5701010,Saddler Maker,sir_3660062,Hawk Wing,dsi_3832675
rac_11576877,Hexham,crs_650,2025-04-14 00:00:00,3:48,3m,3m41y,24.0,GB,Class 5,Chase,5yo+,14,Good,Turf,19 fences,hrs_12933788,Thatsy,11,Lizzie Quinlan,trn_358677,"Bolton Mill, Cumbria",10,0,0.0,Mrs B Butterworth & Mrs Jackie Holliday,own_1305220,0,143,102,91,Sean Quinlan,jky_247455,14,8-6643,40.0,17,Rainallday,dam_4628792,Martaline,sir_3862593,Cadoudal,dsi_2127055
rac_11576877,Hexham,crs_650,2025-04-14 00:00:00,3:48,3m,3m41y,24.0,GB,Class 5,Chase,5yo+,14,Good,Turf,19 fences,hrs_13476946,Cudgel,12,James Walton,trn_25416,"Thropton, Northumberland",0,0,,Messrs F T Walton,own_367388,0,142,111,92,Conor O'Farrell,jky_257538,32,6383P4,,17,Posh Stick,dam_3893883,Sulamani,sir_3892441,Rakaposhi King,dsi_1141
rac_11576877,Hexham,crs_650,2025-04-14 00:00:00,3:48,3m,3m41y,24.0,GB,Class 5,Chase,5yo+,14,Good,Turf,19 fences,hrs_31022467,You Say Its Over,7,Micky Hammond,trn_45180,"Middleham, N Yorks",14,2,14.0,Resdev,own_819920,0,142,102,80,Danny McMenamin,jky_293565,31,486643,50.0,17,Beg La Eile,dam_5200566,Kingston Hill,sir_5917226,Lahib,dsi_469245
rac_11576877,Hexham,crs_650,2025-04-14 00:00:00,3:48,3m,3m41y,24.0,GB,Class 5,Chase,5yo+,14,Good,Turf,19 fences,hrs_23836792,Goodoldbill,9,Jane Walton,trn_170127,"Otterburn, Northumberland",1,0,0.0,Mrs J M Walton,own_502904,0,142,98,-,Charlie Maggs(5),jky_304500,32,4P-PP8,100.0,41,Golden Sunbird,dam_5053986,Leading Light,sir_5720169,Bob Back,dsi_2129673
rac_11576890,Hexham,crs_650,2025-04-14 00:00:00,4:18,2m4f,2m4f28y,20.0,GB,Class 5,Hurdle,4yo+,12,Good,Turf,10 hurdles,hrs_24616606,Halpha Soleil,8,Micky Hammond,trn_45180,"Middleham, N Yorks",14,2,14.0,T I S Partnership,own_1309912,0,168,107,-,Brian Hughes,jky_244227,20,855422,50.0,3.75,Toi Et Le Soleil,dam_5395432,Kapgarde,sir_3993948,Poliglote,dsi_633759
rac_11576890,Hexham,crs_650,2025-04-14 00:00:00,4:18,2m4f,2m4f28y,20.0,GB,Class 5,Hurdle,4yo+,12,Good,Turf,10 hurdles,hrs_34571558,Final Edgar,7,Mark Walford,trn_259884,"Sheriff Hutton, N Yorks",14,2,14.0,Ursa Major Racing Ltd & Partner,own_1040168,0,168,105,84,Jonathan England,jky_263874,20,P62653,23.0,8,Vita Nuova,dam_6360249,Imperial Monarch,sir_5412708,Flemensfirth,dsi_676046
rac_11576890,Hexham,crs_650,2025-04-14 00:00:00,4:18,2m4f,2m4f28y,20.0,GB,Class 5,Hurdle,4yo+,12,Good,Turf,10 hurdles,hrs_23596636,Les's Legacy,8,Susan Corbett,trn_97254,"Otterburn, Northumberland",9,2,22.0,Tweed Valley Racing & Susan Corbett,own_1269780,0,167,110,75,Ben Smith(7),jky_309624,20,884541,50.0,5.5,Morning With Ivan,dam_5690153,Kutub,sir_3635513,Ivan Denisovich,dsi_4464495
rac_11576890,Hexham,crs_650,2025-04-14 00:00:00,4:18,2m4f,2m4f28y,20.0,GB,Class 5,Hurdle,4yo+,12,Good,Turf,10 hurdles,hrs_29226743,Quickasican,8,Jessica Bedi,trn_310419,"Kirklevington, North Yorkshire",0,0,,Andrew Gale,own_1427724,0,167,-,-,Elizabeth Gale(7),jky_305181,862,4/323/,,21,Courting Shinney,dam_4806466,Dylan Thomas,sir_4482254,King's Theatre,dsi_591024
rac_11576890,Hexham,crs_650,2025-04-14 00:00:00,4:18,2m4f,2m4f28y,20.0,GB,Class 5,Hurdle,4yo+,12,Good,Turf,10 hurdles,hrs_39699828,Forest Blaze,6,Mark Walford,trn_259884,"Sheriff Hutton, N Yorks",14,2,14.0,"M Blades, Craggs, Clark And Cambridge",own_1363996,0,165,103,93,Jamie Hamilton,jky_271551,20,931371,23.0,5.5,Ixora,dam_5294338,Kapgarde,sir_3993948,Milan,dsi_3734157
rac_11576890,Hexham,crs_650,2025-04-14 00:00:00,4:18,2m4f,2m4f28y,20.0,GB,Class 5,Hurdle,4yo+,12,Good,Turf,10 hurdles,hrs_12243203,Romeo Brown,11,Joel Parkinson & Sue Smith,trn_376398,"High Eldwick, W Yorks",8,1,13.0,Mcgoldrick Racing,own_979812,0,164,108,74,Peter Kavanagh(3),jky_238497,20,775492,38.0,8,Santia,dam_4903598,Yeats,sir_4086887,Kahyasi,dsi_39480
rac_11576890,Hexham,crs_650,2025-04-14 00:00:00,4:18,2m4f,2m4f28y,20.0,GB,Class 5,Hurdle,4yo+,12,Good,Turf,10 hurdles,hrs_42452193,Blakey Boy,5,Ewan Whillans,trn_348426,"Hawick, Scottish Borders",9,2,22.0,A Gilchrist,own_213660,0,157,96,87,Craig Nichol,jky_276252,20,356558,44.0,12,Rathleek,dam_34542711,Ocovango,sir_5603829,Kayf Tara,dsi_3297462
rac_11576890,Hexham,crs_650,2025-04-14 00:00:00,4:18,2m4f,2m4f28y,20.0,GB,Class 5,Hurdle,4yo+,12,Good,Turf,10 hurdles,hrs_35054866,Fairly Fulling,7,Jane Walton,trn_170127,"Otterburn, Northumberland",1,0,0.0,Dere Street,own_1342872,0,149,104,82,Ross Chapman,jky_277740,32,904805,100.0,26,Lonely Sky,dam_5098387,Arcadio,sir_4472293,Blueprint,dsi_3298582
rac_11576890,Hexham,crs_650,2025-04-14 00:00:00,4:18,2m4f,2m4f28y,20.0,GB,Class 5,Hurdle,4yo+,12,Good,Turf,10 hurdles,hrs_34073459,Reagrove Lord,7,George Bewley,trn_57159,"Colby, Cumbria",0,0,,Southdean Racing Club,own_798156,0,145,109,78,Edward Austin(5),jky_282915,32,453289,,26,Ballerina Queen,dam_4931129,Malinas,sir_4209772,Be My Native,dsi_2101463
rac_11576890,Hexham,crs_650,2025-04-14 00:00:00,4:18,2m4f,2m4f28y,20.0,GB,Class 5,Hurdle,4yo+,12,Good,Turf,10 hurdles,hrs_35686469,Larkfield Lusive,6,L J Morgan,trn_290349,"Waltham On The Wolds, Leics",4,0,0.0,The Stagger Inn Duo,own_1331960,0,143,109,86,Danny McMenamin,jky_293565,18,567F34,,8,Larkfield Lass,dam_6176310,Elusive Pimpernel,sir_5164180,Presenting,dsi_676165
rac_11576890,Hexham,crs_650,2025-04-14 00:00:00,4:18,2m4f,2m4f28y,20.0,GB,Class 5,Hurdle,4yo+,12,Good,Turf,10 hurdles,hrs_23952992,Prince Nino,8,Lizzie Quinlan,trn_358677,"Bolton Mill, Cumbria",10,0,0.0,Bolton Mill Racing,own_1332764,0,142,103,96,Sean Quinlan,jky_247455,17,P22654,40.0,21,Down On My Knees,dam_6321350,It's Gino,sir_4848690,Alamo Bay,dsi_3186393
rac_11576890,Hexham,crs_650,2025-04-14 00:00:00,4:18,2m4f,2m4f28y,20.0,GB,Class 5,Hurdle,4yo+,12,Good,Turf,10 hurdles,hrs_19477815,Dakota Beat,10,John Norton,trn_131157,"High Hoyland, S Yorks",0,0,,Liz And Phil Woodcock-Jones,own_1246476,0,142,78,47,Charlie Maggs(5),jky_304500,328,147-99,,29,Rushmore Rose,dam_19477808,Beat Hollow,sir_3616242,Presenting,dsi_676165
rac_11576942,Hexham,crs_650,2025-04-14 00:00:00,4:48,3m,3m41y,24.0,GB,Class 5,Chase,5yo+,7,Good,Turf,19 fences,hrs_22897651,Deep Charm,11,Miss R Hayton,trn_343332,"Nunnington, N Yorks",0,0,,Miss R Hayton,own_1203968,0,170,113,17,Mr Jack Teal(7),jky_278973,338 (30P),PP7226,,7.5,Reel Charmer,dam_4565470,Kayf Tara,sir_3297462,Dancing High,dsi_3203144
rac_11576942,Hexham,crs_650,2025-04-14 00:00:00,4:48,3m,3m41y,24.0,GB,Class 5,Chase,5yo+,7,Good,Turf,19 fences,hrs_29622495,Lunar Contact,7,Susan Corbett,trn_97254,"Otterburn, Northumberland",9,2,22.0,Mrs Susan Corbett,own_200868,0,170,115,94,Miss Rebekah Duffy(7),jky_313176,84,4111PP,50.0,4,Bobaway,dam_29706432,Sea Moon,sir_5379878,Shantou,dsi_740670
rac_11576942,Hexham,crs_650,2025-04-14 00:00:00,4:48,3m,3m41y,24.0,GB,Class 5,Chase,5yo+,7,Good,Turf,19 fences,hrs_6812428,Cash Again,13,Miss Becca Shepherd,trn_372366,"Middleham, N Yorks",0,0,,Miss Becca Shepherd,own_1338680,0,166,100,55,Miss Becca Shepherd(7),jky_311040,263 (37P),4-5231,,8.5,Jeu De Lune,dam_4891124,Great Pretender,sir_3845786,Useful,dsi_2139543
rac_11576942,Hexham,crs_650,2025-04-14 00:00:00,4:48,3m,3m41y,24.0,GB,Class 5,Chase,5yo+,7,Good,Turf,19 fences,hrs_13684356,Loughermore,11,Simon Waugh,trn_142290,"Molesden, Northumberland",0,0,,S Waugh,own_488120,0,166,-,-,Miss Natasha Cookson(7),jky_304755,698 (16P),-24P12,,10,Seductive Dance,dam_3972304,Milan,sir_3734157,Groom Dancer,dsi_2129659
rac_11576942,Hexham,crs_650,2025-04-14 00:00:00,4:48,3m,3m41y,24.0,GB,Class 5,Chase,5yo+,7,Good,Turf,19 fences,hrs_21229488,Morozov Cocktail,9,W H Easterby,trn_296325,"Malton, N Yorks",0,0,,Mrs S J Easterby,own_1203152,0,166,-,-,Mr Thomas Easterby(5),jky_305583,338 (22P),-P1321,,6,Gold Platinum,dam_5631164,Morozov,sir_3922548,Flemensfirth,dsi_676046
rac_11576942,Hexham,crs_650,2025-04-14 00:00:00,4:48,3m,3m41y,24.0,GB,Class 5,Chase,5yo+,7,Good,Turf,19 fences,hrs_28607957,Cullin Hills,8,W J Milburn,trn_321363,"Sheriff Hutton, N Yorks",0,0,,Mrs Carol Milburn,own_1322772,0,159,106,-,Mr William Easterby,jky_273198,702 (30P),121-33,,3.5,Ma Cranky,dam_5647348,Millenary,sir_3548622,Flemensfirth,dsi_676046
rac_11576942,Hexham,crs_650,2025-04-14 00:00:00,4:48,3m,3m41y,24.0,GB,Class 5,Chase,5yo+,7,Good,Turf,19 fences,hrs_25108251,West Lawn,9,James Walton,trn_25416,"Thropton, Northumberland",0,0,,Messrs F T Walton,own_367388,0,159,95,48,Mr John Dawson,jky_261765,284 (16P),233133,,8.5,Garden Feature,dam_4007871,Westlake,sir_4668839,Minster Son,dsi_118930
rac_11576929,Hexham,crs_650,2025-04-14 00:00:00,5:20,2m,2m48y,16.0,GB,Class 4,NH Flat,4-6yo,8,Good,Turf,,hrs_51800413,Knockeranna Rose,5,Susan Corbett,trn_97254,"Otterburn, Northumberland",9,2,22.0,Ladies That Race,own_1428156,0,157,-,-,Nathan Moscrop,jky_259071,,,50.0,10,Toarmandowithlove,dam_6000995,Cloudings,sir_3234854,Choisir,dsi_3920336
rac_11576929,Hexham,crs_650,2025-04-14 00:00:00,5:20,2m,2m48y,16.0,GB,Class 4,NH Flat,4-6yo,8,Good,Turf,,hrs_51800420,Plane Sailing,5,Daragh Bourke,trn_309285,"Waterbeck, Dumfries & G'way",3,1,33.0,Mrs Janet Lowther,own_1240892,0,157,-,-,Sean Quinlan,jky_247455,,,67.0,13,Pennywise,dam_51800553,Jet Away,sir_5333650,Westerner,dsi_3927665
rac_11576929,Hexham,crs_650,2025-04-14 00:00:00,5:20,2m,2m48y,16.0,GB,Class 4,NH Flat,4-6yo,8,Good,Turf,,hrs_51800441,Solal Nonantais,5,Toby Bulgin,trn_6498,"Lambourn, Berkshire",0,0,,Mrs Nicola Bulgin,own_2617192,0,157,-,-,Jordan Nailor,jky_285369,,,,5,Santaflore,dam_5560275,Choeur Du Nord,sir_6179754,High Yield,dsi_3625874
rac_11576929,Hexham,crs_650,2025-04-14 00:00:00,5:20,2m,2m48y,16.0,GB,Class 4,NH Flat,4-6yo,8,Good,Turf,,hrs_50433194,Sparky Tom,5,Paul Robson,trn_333207,"South Hazelrigg, Northumberland",3,0,0.0,Miss Rhona Brewis,own_337324,0,157,94,41,Jamie Hamilton,jky_271551,20,5,67.0,17,Clovelly,dam_6439202,Telescope,sir_5728562,Midnight Legend,dsi_614005
rac_11576929,Hexham,crs_650,2025-04-14 00:00:00,5:20,2m,2m48y,16.0,GB,Class 4,NH Flat,4-6yo,8,Good,Turf,,hrs_49850451,Japetus,4,Nicky Richards,trn_118584,"Greystoke, Cumbria",11,1,9.0,Mrs P Sloan,own_101740,0,156,102,-,Danny McMenamin,jky_293565,30,21,55.0,1.8,Zaminast,dam_5337101,Sea The Moon,sir_5927481,Zamindar,dsi_3150539
rac_11576929,Hexham,crs_650,2025-04-14 00:00:00,5:20,2m,2m48y,16.0,GB,Class 4,NH Flat,4-6yo,8,Good,Turf,,hrs_51024176,Lipstick Traces,5,Justin Landy,trn_284715,"Leyburn, North Yorkshire",0,0,,Mrs Pauline Southerington,own_1098892,0,150,-,-,Joshua Thompson(7),jky_303561,,,,17,Western Goose,dam_5777457,Califet,sir_3769220,Westerner,dsi_3927665
rac_11576929,Hexham,crs_650,2025-04-14 00:00:00,5:20,2m,2m48y,16.0,GB,Class 4,NH Flat,4-6yo,8,Good,Turf,,hrs_48953156,Miss Mac,5,Ewan Whillans,trn_348426,"Hawick, Scottish Borders",9,2,22.0,Duncan McCready,own_1283692,0,150,99,30,Brian Hughes,jky_244227,37,75,44.0,9,Wild Child Lucy,dam_5434954,Kingston Hill,sir_5917226,Karinga Bay,dsi_350203
rac_11576929,Hexham,crs_650,2025-04-14 00:00:00,5:20,2m,2m48y,16.0,GB,Class 4,NH Flat,4-6yo,8,Good,Turf,,hrs_51800434,Lutte Allen,4,Tristan Davidson,trn_201609,"Irthington, Cumbria",4,0,0.0,J T Davidson,own_498948,0,142,-,-,Harry Reed,jky_279831,,,100.0,26,Violeta Song,dam_5774972,Palace Prince,sir_6059662,Secret Singer,dsi_3885084
rac_11574927,Pontefract,crs_1196,2025-04-14 00:00:00,2:05,5f,5f3y,5.0,GB,Class 5,Flat,2yo,9,Good,Turf,,hrs_49142142,Ardisia,2,Hugo Palmer,trn_225081,"Malpas, Cheshire",8,1,13.0,Ardisia Partnership,own_1415952,1,137,78,49,Jason Hart,jky_270729,12,1,50.0,1.83,Garraun,dam_5946927,Ardad,sir_7157318,Tamayuz,dsi_4817246
rac_11574927,Pontefract,crs_1196,2025-04-14 00:00:00,2:05,5f,5f3y,5.0,GB,Class 5,Flat,2yo,9,Good,Turf,,hrs_51766491,Believeinthisone,2,David Loughnane,trn_285282,"Stoke Heath, Shropshire",11,2,18.0,Sketchley Bloodstock & Partner,own_1427972,7,130,-,-,Connor Planas(3),jky_305310,,,64.0,19,Oneroa,dam_10400355,Ubettabelieveit,sir_21685482,Dandy Man,dsi_4459483
rac_11574927,Pontefract,crs_1196,2025-04-14 00:00:00,2:05,5f,5f3y,5.0,GB,Class 5,Flat,2yo,9,Good,Turf,,hrs_51800546,Supreme Dancer,2,Richard Fahey,trn_72090,"Musley Bank, N Yorks",21,3,14.0,S & G Clayton 1,own_1167064,2,130,-,-,Oisin Orr,jky_281652,,,28.0,6,Dancewithastranger,dam_6084365,Supremacy,sir_21649551,Fast Company,dsi_4759678
rac_11574927,Pontefract,crs_1196,2025-04-14 00:00:00,2:05,5f,5f3y,5.0,GB,Class 5,Flat,2yo,9,Good,Turf,,hrs_51273117,Archibald Ives,2,Darryll Holland,trn_343899,"Newmarket, Suffolk",11,3,27.0,G Ainsworth & Hcs,own_1425584,3,128,73,51,Jason Watson,jky_288666,16,0,40.0,7,Divine Truth,dam_15654534,Arizona,sir_18092508,Mastercraftsman,dsi_4870369
rac_11574927,Pontefract,crs_1196,2025-04-14 00:00:00,2:05,5f,5f3y,5.0,GB,Class 5,Flat,2yo,9,Good,Turf,,hrs_51800462,Call Me By My Name,2,James Horton,trn_353934,"Newmarket, Suffolk",8,0,0.0,Sleeve It Ltd,own_1009812,6,128,-,-,NON-RUNNER,jky_224913,,,43.0,-,Velocistar,dam_21676200,Cable Bay,sir_5860085,Starspangledbanner,dsi_5084065
rac_11574927,Pontefract,crs_1196,2025-04-14 00:00:00,2:05,5f,5f3y,5.0,GB,Class 5,Flat,2yo,9,Good,Turf,,hrs_51273047,Harome Star,2,Roger Fell,trn_291465,"Nawton, N Yorks",9,1,11.0,Aarons & Partner,own_1425568,5,128,14,-,Rowan Scott,jky_277695,16,0,38.0,101,Maramba,dam_4790366,River Boyne,sir_10669162,Hussonet,dsi_3730776
rac_11574927,Pontefract,crs_1196,2025-04-14 00:00:00,2:05,5f,5f3y,5.0,GB,Class 5,Flat,2yo,9,Good,Turf,,hrs_51273145,Tamather,2,James Owen,trn_360648,"Newmarket, Suffolk",39,10,26.0,Deva Racing Cc,own_1381532,9,128,62,-,Aidan Keeley,jky_301593,13,3,56.0,6.5,Tamadhor,dam_6015338,Mohaather,sir_15566474,Arcano,dsi_5135942
rac_11574927,Pontefract,crs_1196,2025-04-14 00:00:00,2:05,5f,5f3y,5.0,GB,Class 5,Flat,2yo,9,Good,Turf,,hrs_51800511,Ubetterseethis,2,Craig Lidster,trn_351099,"Norton, N Yorks",3,1,33.0,Craig Lidster Racing,own_1317344,8,128,-,-,William Pyle(5),jky_301428,,,100.0,23,Sightseeing,dam_31799166,Ubettabelieveit,sir_21685482,New Approach,dsi_4690833
rac_11574927,Pontefract,crs_1196,2025-04-14 00:00:00,2:05,5f,5f3y,5.0,GB,Class 5,Flat,2yo,9,Good,Turf,,hrs_51800469,Zoumluzzi,2,Tim Easterby,trn_91368,"Great Habton, N Yorks",48,3,6.0,Habton Racing,own_1372540,10,128,-,-,David Allan,jky_234669,,,34.0,21,Illuzzi,dam_21673092,Zoustar,sir_5865139,Kodiac,dsi_4080139
rac_11574927,Pontefract,crs_1196,2025-04-14 00:00:00,2:05,5f,5f3y,5.0,GB,Class 5,Flat,2yo,9,Good,Turf,,hrs_51800490,Awraad,2,Gemma Tutty,trn_354429,"Osmotherley, N Yorks",4,0,0.0,Mah Bloodstock,own_1428172,4,123,-,-,Connor Beasley,jky_272604,,,75.0,13,Chitra,dam_13423606,Awtaad,sir_6124769,Sea The Moon,dsi_5927481
rac_11611860,Pontefract,crs_1196,2025-04-14 00:00:00,2:35,5f,5f3y,5.0,GB,Class 5,Flat,2yo,9,Good,Turf,,hrs_51800539,Dacres Cross,2,Kevin Ryan,trn_202725,"Hambleton, N Yorks",19,2,11.0,J Speight & M Holdsworth,own_1428168,7,133,-,-,Tom Eaves,jky_230493,,,47.0,4,Shahaama,dam_6265784,Prince Of Lir,sir_7108171,Showcasing,dsi_5152770
rac_11611860,Pontefract,crs_1196,2025-04-14 00:00:00,2:35,5f,5f3y,5.0,GB,Class 5,Flat,2yo,9,Good,Turf,,hrs_51800455,Go Victor,2,Stella Barclay,trn_312453,"Garstang, Lancs",5,0,0.0,Eddie And Fiona Carswell,own_1261368,4,133,-,-,Hollie Doyle,jky_278085,,,20.0,15,Glad Eye,dam_13556382,Victor Ludorum,sir_19750157,Dansili,dsi_3527125
rac_11611860,Pontefract,crs_1196,2025-04-14 00:00:00,2:35,5f,5f3y,5.0,GB,Class 5,Flat,2yo,9,Good,Turf,,hrs_51800525,Bravo Hotel,2,Michael & David Easterby,trn_346887,"Sheriff Hutton, N Yorks",18,1,6.0,Bernard Hoggarth Racing,own_1054584,6,131,-,-,Billy Garritty,jky_285456,,,59.0,21,Bacall,dam_5989886,Land Force,sir_13368124,Paco Boy,dsi_4799585
rac_11611860,Pontefract,crs_1196,2025-04-14 00:00:00,2:35,5f,5f3y,5.0,GB,Class 5,Flat,2yo,9,Good,Turf,,hrs_51766869,Haberdash,2,Edward Bethell,trn_342657,"Middleham, N Yorks",9,3,33.0,Redgate Bloodstock,own_797016,5,131,-,-,Callum Rodriguez,jky_282675,,,50.0,6,Hattytown,dam_19742485,Twilight Son,sir_6066578,Ivawood,dsi_6026909
rac_11611860,Pontefract,crs_1196,2025-04-14 00:00:00,2:35,5f,5f3y,5.0,GB,Class 5,Flat,2yo,9,Good,Turf,,hrs_51800504,Ice Cold Alex,2,Ollie Pears,trn_178524,"Norton, N Yorks",8,0,0.0,"Ownaracehorse, Steve Anson & Ollie Pears",own_1428180,1,131,-,-,Cam Hardie,jky_278196,,,43.0,17,Martha Watson,dam_6207789,Soldier's Call,sir_13020504,Dream Ahead,dsi_5327504
rac_11611860,Pontefract,crs_1196,2025-04-14 00:00:00,2:35,5f,5f3y,5.0,GB,Class 5,Flat,2yo,9,Good,Turf,,hrs_51273075,Monty Magoo,2,Roger Fell,trn_291465,"Nawton, N Yorks",9,1,11.0,Thomas Kirby & Partner,own_1425596,8,131,38,14,Rowan Scott,jky_277695,16,0,38.0,15,Charlize Angel,dam_43604610,Kessaar,sir_13930980,Dark Angel,dsi_4701529
rac_11611860,Pontefract,crs_1196,2025-04-14 00:00:00,2:35,5f,5f3y,5.0,GB,Class 5,Flat,2yo,9,Good,Turf,,hrs_50435665,Under The Radar,2,Tim Easterby,trn_91368,"Great Habton, N Yorks",48,3,6.0,Fine Claret Racing & Ptnr,own_1421720,2,131,-,-,David Allan,jky_234669,,,34.0,15,Rio Festival,dam_30175663,Profitable,sir_6035519,First Defence,dsi_4794713
rac_11611860,Pontefract,crs_1196,2025-04-14 00:00:00,2:35,5f,5f3y,5.0,GB,Class 5,Flat,2yo,9,Good,Turf,,hrs_51800497,U Turn,2,Tim Easterby,trn_91368,"Great Habton, N Yorks",48,3,6.0,Habton Racing,own_1372540,3,131,-,-,Sean Kirrane,jky_288531,,,34.0,21,Poppy Pivot,dam_6466929,Land Force,sir_13368124,Pivotal,dsi_753900
rac_11611860,Pontefract,crs_1196,2025-04-14 00:00:00,2:35,5f,5f3y,5.0,GB,Class 5,Flat,2yo,9,Good,Turf,,hrs_51800532,Saucy Jane,2,Jack Morland,trn_376524,"Newmarket, Suffolk",2,0,0.0,Nick Bradley Racing 16 And Jmr Partners,own_1428176,9,126,-,-,Daniel Muscutt,jky_275571,,,100.0,2.2,Sea Horn,dam_21995519,Lope Y Fernandez,sir_16762004,Fastnet Rock,dsi_4175850
rac_11574953,Pontefract,crs_1196,2025-04-14 00:00:00,3:05,6f,6f,6.0,GB,Class 6,Flat,3yo,12,Good,Turf,,hrs_42226856,Coverbridge,3,Peter Winks,trn_60957,"Worsbrough, S Yorks",3,0,0.0,J Toes & J O'Loan,own_895780,8,135,67,55,Ethan Jones(5),jky_304635,164,33564-,,13,Ibiza,dam_22805426,Calyx,sir_14220731,Sepoy,dsi_5440085
rac_11574953,Pontefract,crs_1196,2025-04-14 00:00:00,3:05,6f,6f,6.0,GB,Class 6,Flat,3yo,12,Good,Turf,,hrs_41072528,Tequila Rose,3,Lemos De Souza,trn_379206,"Newmarket, Suffolk",2,0,0.0,Racing To Profit Syndicate & Partner,own_1236856,7,135,66,68,Hollie Doyle,jky_278085,116,80408-,50.0,11,Himiko,dam_6286210,River Boyne,sir_10669162,Aussie Rules,dsi_4476528
rac_11574953,Pontefract,crs_1196,2025-04-14 00:00:00,3:05,6f,6f,6.0,GB,Class 6,Flat,3yo,12,Good,Turf,,hrs_40918752,Piranha Rama,3,David Evans,trn_34614,"Pandy, Monmouths",15,1,7.0,Eric Griffiths & P D Evans,own_961692,10,135,69,-,NON-RUNNER,jky_224913,17,-62905,36.0,-,Piranha,dam_5504744,Massaat,sir_6125028,Exceed And Excel,dsi_4045216
rac_11574953,Pontefract,crs_1196,2025-04-14 00:00:00,3:05,6f,6f,6.0,GB,Class 6,Flat,3yo,12,Good,Turf,,hrs_412652835,Rumba Bay,3,David Evans,trn_34614,"Pandy, Monmouths",15,1,7.0,Dave & Emma Evans,own_970016,5,133,70,47,Richard Kingscote,jky_250662,27,0-6131,36.0,3.5,Nellie Ellis,dam_5271518,Havana Grey,sir_9602586,Compton Place,dsi_3133732
rac_11574953,Pontefract,crs_1196,2025-04-14 00:00:00,3:05,6f,6f,6.0,GB,Class 6,Flat,3yo,12,Good,Turf,,hrs_43605611,Mister Sky Blue,3,Gemma Tutty,trn_354429,"Osmotherley, N Yorks",4,0,0.0,R & Mrs J E Huin,own_1235784,13,132,66,50,Rowan Scott,jky_277695,181,5685-,75.0,12,Sacrament,dam_6149864,River Boyne,sir_10669162,Acclamation,dsi_3789198
rac_11574953,Pontefract,crs_1196,2025-04-14 00:00:00,3:05,6f,6f,6.0,GB,Class 6,Flat,3yo,12,Good,Turf,,hrs_41346361,Ballsgrove Boy,3,Martin Dunne,trn_365301,"Newmarket, Suffolk",9,1,11.0,W Prosser,own_971836,6,131,66,49,Marco Ghiani,jky_294903,47,882-23,44.0,4.5,Sweet Wind Music,dam_4632586,Ardad,sir_7157318,Zamindar,dsi_3150539
rac_11574953,Pontefract,crs_1196,2025-04-14 00:00:00,3:05,6f,6f,6.0,GB,Class 6,Flat,3yo,12,Good,Turf,,hrs_43287818,Focus On Zaam,3,Ivan Furtado,trn_277803,"Wiseton, S Yorks",7,0,0.0,John Phelan & Partner,own_1388020,2,131,67,54,Elle-May Croot(5),jky_302214,209,98367-,,26,Kristall Eye,dam_20308225,Elzaam,sir_5272953,Invincible Spirit,dsi_3548489
rac_11574953,Pontefract,crs_1196,2025-04-14 00:00:00,3:05,6f,6f,6.0,GB,Class 6,Flat,3yo,12,Good,Turf,,hrs_45791935,Bad Habits,3,Ruth Carr,trn_180405,"Stillington, N Yorks",20,2,10.0,Mrs Ruth A Carr,own_654784,11,130,66,-,James Sullivan,jky_253623,9,288990,16.0,41,Key To Power,dam_13892200,Kodiac,sir_4080139,Slade Power,dsi_5422165
rac_11574953,Pontefract,crs_1196,2025-04-14 00:00:00,3:05,6f,6f,6.0,GB,Class 6,Flat,3yo,12,Good,Turf,,hrs_39961796,Sanbona,3,Michael Dods,trn_45711,"Piercebridge, Co Durham",18,0,0.0,D J Metcalfe & M Dods,own_994160,12,130,66,49,Connor Beasley,jky_272604,7,6000-9,25.0,41,Milly's Secret,dam_5861156,Coulsty,sir_5819310,Sakhee's Secret,dsi_4631403
rac_11574953,Pontefract,crs_1196,2025-04-14 00:00:00,3:05,6f,6f,6.0,GB,Class 6,Flat,3yo,12,Good,Turf,,hrs_41504155,Perfidia,3,Tim Easterby,trn_91368,"Great Habton, N Yorks",48,3,6.0,S Bulmer & Partner,own_1383688,9,130,67,53,David Allan,jky_234669,201,06837-,34.0,12,Final Treat,dam_11399542,Dandy Man,sir_4459483,Acclamation,dsi_3789198
rac_11574953,Pontefract,crs_1196,2025-04-14 00:00:00,3:05,6f,6f,6.0,GB,Class 6,Flat,3yo,12,Good,Turf,,hrs_41189659,Kilteel,3,Ed Dunlop,trn_81324,"Newmarket, Suffolk",13,0,0.0,Nick Bradley Racing 25 & Partner,own_1029020,14,130,-,-,NON-RUNNER,jky_224913,16,8183-4,42.0,-,Anwar,dam_6185998,Sergei Prokofiev,sir_13368145,Dark Angel,dsi_4701529
rac_11574953,Pontefract,crs_1196,2025-04-14 00:00:00,3:05,6f,6f,6.0,GB,Class 6,Flat,3yo,12,Good,Turf,,hrs_42554330,City Captain,3,Harriet Bethell,trn_267615,"Arnold, E Yorks",3,0,0.0,The Horse Watchers 10,own_1312340,1,129,69,35,Joanna Mason,jky_257346,198,5594-,67.0,4,City Girl,dam_5705014,Aclaim,sir_6338269,Elusive City,dsi_3962056
rac_11574953,Pontefract,crs_1196,2025-04-14 00:00:00,3:05,6f,6f,6.0,GB,Class 6,Flat,3yo,12,Good,Turf,,hrs_48020042,Ardilly Breeze,3,Gemma Tutty,trn_354429,"Osmotherley, N Yorks",4,0,0.0,Nick Bradley Racing 21 & Partners,own_1294956,4,129,66,-,Warren Fentiman(5),jky_312057,32,9-55,75.0,13,Lilly Junior,dam_6021848,Ardad,sir_7157318,Cape Cross,dsi_3153248
rac_11574953,Pontefract,crs_1196,2025-04-14 00:00:00,3:05,6f,6f,6.0,GB,Class 6,Flat,3yo,12,Good,Turf,,hrs_44295405,I Got Know How,3,John & Sean Quinn,trn_369855,"Norton, N Yorks",12,2,17.0,J N Blackburn,own_574780,3,128,59,45,Jason Hart,jky_270729,165,489-,42.0,19,Mirror Magic,dam_10590881,Land Force,sir_13368124,Nathaniel,dsi_5237701
rac_11574875,Pontefract,crs_1196,2025-04-14 00:00:00,3:35,1m2f,1m2f5y,10.0,GB,Class 2,Flat,4yo+,9,Good,Turf,,hrs_29509634,Forceful Speed,5,Raphael E Freire,trn_349425,"Newmarket, Suffolk",5,2,40.0,Amo Racing Limited,own_1008936,1,135,107,66,Cieren Fallon,jky_295557,16,/612-0,80.0,7.5,Praden,dam_27277544,New Bay,sir_6106975,Munnings,dsi_5006204
rac_11574875,Pontefract,crs_1196,2025-04-14 00:00:00,3:35,1m2f,1m2f5y,10.0,GB,Class 2,Flat,4yo+,9,Good,Turf,,hrs_37686943,Siempre Arturo,5,Daniel & Claire Kubler,trn_338733,"Lambourn, Berks",9,0,0.0,Ms V O'Sullivan & Crowd Racing,own_1346284,7,131,107,79,Jim Crowley,jky_42702,161,11517-,33.0,8,La Donacella,dam_6059781,Outstrip,sir_5877137,Sir Percy,dsi_4465013
rac_11574875,Pontefract,crs_1196,2025-04-14 00:00:00,3:35,1m2f,1m2f5y,10.0,GB,Class 2,Flat,4yo+,9,Good,Turf,,hrs_39259948,Calumet,4,Marco Botti,trn_81027,"Newmarket, Suffolk",15,0,0.0,Scuderia La Tesa Limited,own_1261772,8,129,108,97,Marco Ghiani,jky_294903,16,2213-6,62.0,4.33,Gerika,dam_4951205,Calyx,sir_14220731,Galileo,dsi_3722383
rac_11574875,Pontefract,crs_1196,2025-04-14 00:00:00,3:35,1m2f,1m2f5y,10.0,GB,Class 2,Flat,4yo+,9,Good,Turf,,hrs_31069213,King's Code,5,David Evans,trn_34614,"Pandy, Monmouths",15,1,7.0,Eric Griffiths & P D Evans,own_961692,3,129,106,88,Richard Kingscote,jky_250662,15,-42058,36.0,10,Polygon,dam_5366795,Saxon Warrior,sir_11118415,Dynaformer,dsi_2134608
rac_11574875,Pontefract,crs_1196,2025-04-14 00:00:00,3:35,1m2f,1m2f5y,10.0,GB,Class 2,Flat,4yo+,9,Good,Turf,,hrs_26718496,Marhaba The Champ,6,Kevin Ryan,trn_202725,"Hambleton, N Yorks",19,2,11.0,Jaber Abdullah,own_11164,9,128,106,72,Robert Havlin,jky_29508,174,00048-,47.0,8.5,Lady Of The Desert,dam_5144720,Galileo,sir_3722383,Rahy,dsi_97321
rac_11574875,Pontefract,crs_1196,2025-04-14 00:00:00,3:35,1m2f,1m2f5y,10.0,GB,Class 2,Flat,4yo+,9,Good,Turf,,hrs_36035783,Ocean Of Dreams,4,Archie Watson,trn_290484,"Upper Lambourn, W Berks",32,4,13.0,Hambleton Racing Ltd XVIII & Partner,own_1251048,2,128,106,68,Hollie Doyle,jky_278085,16,1/54-0,52.0,5.5,All For Glory,dam_5200881,Fastnet Rock,sir_4175850,Giant's Causeway,dsi_3591329
rac_11574875,Pontefract,crs_1196,2025-04-14 00:00:00,3:35,1m2f,1m2f5y,10.0,GB,Class 2,Flat,4yo+,9,Good,Turf,,hrs_26473174,Qitaal,6,Charlie Johnston,trn_361179,"Middleham Moor, N Yorks",33,3,9.0,Kingsley Park Owners Club,own_1022500,5,128,107,82,Joe Fanning,jky_7716,15,4715-3,44.0,5,Qaafeya,dam_26473293,Iffraaj,sir_4091143,New Approach,dsi_4690833
rac_11574875,Pontefract,crs_1196,2025-04-14 00:00:00,3:35,1m2f,1m2f5y,10.0,GB,Class 2,Flat,4yo+,9,Good,Turf,,hrs_22626156,Lightening Company,7,Ben Haslam,trn_201303,"Middleham Moor, N Yorks",7,0,0.0,Middleham Park Racing Cxv & C Barclay,own_1369192,4,119,110,85,Andrew Mullen,jky_243498,160 (129J),32754-,29.0,11,Shama's Song,dam_5924485,Fast Company,sir_4759678,Teofilo,dsi_4546038
rac_11574875,Pontefract,crs_1196,2025-04-14 00:00:00,3:35,1m2f,1m2f5y,10.0,GB,Class 2,Flat,4yo+,9,Good,Turf,,hrs_36428105,Glistening Nights,4,Richard Fahey,trn_72090,"Musley Bank, N Yorks",21,3,14.0,P D Smith Holdings Ltd,own_443044,6,117,106,91,Warren Fentiman(5),jky_312057,184,12510-,28.0,23,Lily Passion,dam_6904716,Night Of Thunder,sir_5876514,Sea The Stars,dsi_4868829
rac_11574888,Pontefract,crs_1196,2025-04-14 00:00:00,4:05,1m,1m6y,8.0,GB,Class 5,Flat,4yo+,10,Good,Turf,,hrs_32499964,Partisan Hero,5,David Loughnane,trn_285282,"Stoke Heath, Shropshire",11,2,18.0,D Lowe & S Hoyland,own_1050360,2,138,88,67,Richard Kingscote,jky_250662,6,2-3311,64.0,2.25,Mad About You,dam_4776338,Muhaarar,sir_5988269,Indian Ridge,dsi_25326
rac_11574888,Pontefract,crs_1196,2025-04-14 00:00:00,4:05,1m,1m6y,8.0,GB,Class 5,Flat,4yo+,10,Good,Turf,,hrs_26834822,Perseus Way,6,Stuart Coltherd,trn_82629,"Selkirk, Roxburghshire",3,0,0.0,S Coltherd,own_199164,7,135,-,-,Paul Mulrennan,jky_238113,511 (37J),21/23/,33.0,19,Bint Almatar,dam_5186538,Sea The Stars,sir_4868829,Kingmambo,dsi_553315
rac_11574888,Pontefract,crs_1196,2025-04-14 00:00:00,4:05,1m,1m6y,8.0,GB,Class 5,Flat,4yo+,10,Good,Turf,,hrs_30750349,Chuzzlewit,5,Kevin Ryan,trn_202725,"Hambleton, N Yorks",19,2,11.0,J C G Chua And Partner,own_1278012,9,132,91,69,Tom Eaves,jky_230493,15,07-635,47.0,7.5,Furbelow,dam_5653949,Showcasing,sir_5152770,Pivotal,dsi_753900
rac_11574888,Pontefract,crs_1196,2025-04-14 00:00:00,4:05,1m,1m6y,8.0,GB,Class 5,Flat,4yo+,10,Good,Turf,,hrs_31950002,Power Of Gold,5,John & Sean Quinn,trn_369855,"Norton, N Yorks",12,2,17.0,M Dalby,own_1322312,4,130,89,76,Jason Hart,jky_270729,181,29489-,42.0,13,Power Of Light,dam_5707653,Golden Horn,sir_6057142,Echo Of Light,dsi_4224857
rac_11574888,Pontefract,crs_1196,2025-04-14 00:00:00,4:05,1m,1m6y,8.0,GB,Class 5,Flat,4yo+,10,Good,Turf,,hrs_30455404,Spioradalta,5,Mark Walford,trn_259884,"Sheriff Hutton, N Yorks",14,2,14.0,"Clayton Manning, S Morrell & Hathaway",own_1348140,8,129,88,75,Jack Garritty,jky_278205,159,05430-,23.0,13,Broughtons Secret,dam_5857705,Rajasinghe,sir_9601879,Aqlaam,dsi_4796617
rac_11574888,Pontefract,crs_1196,2025-04-14 00:00:00,4:05,1m,1m6y,8.0,GB,Class 5,Flat,4yo+,10,Good,Turf,,hrs_25386928,Paris Lights,6,Paul Midgley,trn_143532,"Westow, N Yorks",15,0,0.0,Wrenegade Racing,own_1278740,10,129,86,69,David Nolan,jky_42996,44,51-526,36.0,9,Cabaret,dam_5122285,Siyouni,sir_5133128,Galileo,dsi_3722383
rac_11574888,Pontefract,crs_1196,2025-04-14 00:00:00,4:05,1m,1m6y,8.0,GB,Class 5,Flat,4yo+,10,Good,Turf,,hrs_35445459,Phone Tag,4,Kevin Frost,trn_257130,"Averham Park, Notts",12,0,0.0,Total Asbestos Solutions & Trisha Keane,own_1396240,6,129,87,69,William Pyle(5),jky_301428,16,32-150,50.0,17,Voicemail,dam_10851225,Havana Grey,sir_9602586,Poet's Voice,dsi_5164208
rac_11574888,Pontefract,crs_1196,2025-04-14 00:00:00,4:05,1m,1m6y,8.0,GB,Class 5,Flat,4yo+,10,Good,Turf,,hrs_10303251,Jewel Maker,10,Tim Easterby,trn_91368,"Great Habton, N Yorks",48,3,6.0,Reality Partnerships I,own_707404,3,128,87,71,David Allan,jky_234669,83,1262-7,34.0,15,Sapphire,dam_5324095,Invincible Spirit,sir_3548489,Medicean,dsi_3697442
rac_11574888,Pontefract,crs_1196,2025-04-14 00:00:00,4:05,1m,1m6y,8.0,GB,Class 5,Flat,4yo+,10,Good,Turf,,hrs_31518571,Arkenstaar,5,Michael Dods,trn_45711,"Piercebridge, Co Durham",18,0,0.0,P Appleton & Mrs Anne Elliott,own_988692,1,128,89,80,Connor Beasley,jky_272604,189,20976-,25.0,11,Never Lose,dam_4978428,Kessaar,sir_13930980,Diktat,dsi_3314507
rac_11574888,Pontefract,crs_1196,2025-04-14 00:00:00,4:05,1m,1m6y,8.0,GB,Class 5,Flat,4yo+,10,Good,Turf,,hrs_19381593,Visibility,8,Scott Dixon,trn_234891,"Rolleston, Nottinghamshire",24,3,13.0,Paul J Dixon J Wylam & Mrs C J Wylam,own_1282512,5,119,89,80,James Sullivan,jky_253623,13,654744,48.0,7.5,Cry Pearl,dam_5744319,Raven's Pass,sir_4779124,Street Cry,dsi_3763522
rac_11574940,Pontefract,crs_1196,2025-04-14 00:00:00,4:35,2m5½f,2m5f139y,21.5,GB,Class 6,Flat,4yo+,6,Good,Turf,,hrs_30514841,Zephlyn,6,Ewan Whillans,trn_348426,"Hawick, Scottish Borders",9,2,22.0,The Farming Boys,own_1143104,3,135,72,59,Jason Hart,jky_270729,20,475-21,44.0,2.88,Taqdees,dam_6149892,Iffraaj,sir_4091143,Sea The Stars,dsi_4868829
rac_11574940,Pontefract,crs_1196,2025-04-14 00:00:00,4:35,2m5½f,2m5f139y,21.5,GB,Class 6,Flat,4yo+,6,Good,Turf,,hrs_36386749,Reel Her In,5,Ben Haslam,trn_201303,"Middleham Moor, N Yorks",7,0,0.0,John P McManus,own_83548,6,134,71,58,Paul Mulrennan,jky_238113,46 (25J),5112-4,29.0,3.5,Jer's Girl,dam_6213725,Highland Reel,sir_5957532,Jeremy,dsi_4495463
rac_11574940,Pontefract,crs_1196,2025-04-14 00:00:00,4:35,2m5½f,2m5f139y,21.5,GB,Class 6,Flat,4yo+,6,Good,Turf,,hrs_29295357,Tarbat Ness,6,John Berry,trn_84960,"Newmarket, Suffolk",2,0,0.0,The 1997 Partnership And Rhd,own_1259476,2,131,71,60,Gina Mangan,jky_262767,167 (26J),66221-,,4.5,Ethics Girl,dam_5025965,Reliable Man,sir_5237785,Hernando,dsi_532063
rac_11574940,Pontefract,crs_1196,2025-04-14 00:00:00,4:35,2m5½f,2m5f139y,21.5,GB,Class 6,Flat,4yo+,6,Good,Turf,,hrs_23970555,Man Of Riddles,7,Max Young,trn_312111,"Droitwich Spa, Worcs",4,0,0.0,D Broadhurst,own_1186592,1,130,69,-,Grace McEntee,jky_294513,14,6-0563,75.0,13,Mien,dam_4920454,Temple City,sir_5177396,Nureyev,dsi_2112061
rac_11574940,Pontefract,crs_1196,2025-04-14 00:00:00,4:35,2m5½f,2m5f139y,21.5,GB,Class 6,Flat,4yo+,6,Good,Turf,,hrs_28446908,Quercus Robur,6,Adam Nicol,trn_341856,"Seahouses, Northumberland",6,2,33.0,Mrs Jayne Sivills,own_849716,5,126,71,-,Cam Hardie,jky_278196,20,667635,67.0,6.5,Wood Fairy,dam_5171390,Camelot,sir_5493992,Haafhd,dsi_4009068
rac_11574940,Pontefract,crs_1196,2025-04-14 00:00:00,4:35,2m5½f,2m5f139y,21.5,GB,Class 6,Flat,4yo+,6,Good,Turf,,hrs_27846672,Balkotic,9,Micky Hammond,trn_45180,"Middleham, N Yorks",14,2,14.0,Raypasha,own_952936,4,125,-,-,Aiden Brookes(3),jky_302091,1022 (11J),/1/56/,50.0,19,Aurore Celtique,dam_4062443,Balko,sir_4168122,Alamo Bay,dsi_3186393
rac_11574914,Pontefract,crs_1196,2025-04-14 00:00:00,5:05,6f,6f,6.0,GB,Class 5,Flat,3yo+,8,Good,Turf,,hrs_48853763,She's The Duchess,3,George Boughey,trn_325899,"Newmarket, Suffolk",24,4,17.0,"Tynan, Magniers, Shanahan & Maclennan",own_1414772,4,135,76,-,Billy Loughnane,jky_233301,90,1,73.0,1.73,Lady Aquitaine,dam_4767112,Bated Breath,sir_5178992,El Prado,dsi_467796
rac_11574914,Pontefract,crs_1196,2025-04-14 00:00:00,5:05,6f,6f,6.0,GB,Class 5,Flat,3yo+,8,Good,Turf,,hrs_51800476,Dance Of Knights,3,K R Burke,trn_45171,"Coverham, North Yorkshire",30,6,20.0,Mainline Racing,own_1087256,1,128,-,-,Pierre-Louis Jamin,jky_283893,,,52.0,5.5,Abraj Dubai,dam_11801006,Sergei Prokofiev,sir_13368145,Street Cry,dsi_3763522
rac_11574914,Pontefract,crs_1196,2025-04-14 00:00:00,5:05,6f,6f,6.0,GB,Class 5,Flat,3yo+,8,Good,Turf,,hrs_51800483,Furrst Lady,3,Ruth Carr,trn_180405,"Stillington, N Yorks",20,2,10.0,Fishlake Commercial Motors Ltd,own_482420,6,128,-,-,James Sullivan,jky_253623,,,16.0,41,Damask,dam_5483842,Inns Of Court,sir_8501080,Red Clubs,dsi_4439239
rac_11574914,Pontefract,crs_1196,2025-04-14 00:00:00,5:05,6f,6f,6.0,GB,Class 5,Flat,3yo+,8,Good,Turf,,hrs_49174216,Highfield Artist,3,John & Sean Quinn,trn_369855,"Norton, N Yorks",12,2,17.0,Trainers House Enterprises Ltd,own_348524,2,128,51,-,Jason Hart,jky_270729,23,76,42.0,51,Harvest Joy,dam_4603585,Sands Of Mali,sir_10782604,Daggers Drawn,dsi_3294893
rac_11574914,Pontefract,crs_1196,2025-04-14 00:00:00,5:05,6f,6f,6.0,GB,Class 5,Flat,3yo+,8,Good,Turf,,hrs_40919277,Minshaar,3,Richard Fahey,trn_72090,"Musley Bank, N Yorks",21,3,14.0,Hussain Alabbas Lootah,own_880776,5,128,-,-,Oisin Orr,jky_281652,,,28.0,7.5,Shamlahar,dam_14023709,Mohaather,sir_15566474,Shamardal,dsi_4214315
rac_11574914,Pontefract,crs_1196,2025-04-14 00:00:00,5:05,6f,6f,6.0,GB,Class 5,Flat,3yo+,8,Good,Turf,,hrs_41189610,Miss Hathaway,3,Tim Easterby,trn_91368,"Great Habton, N Yorks",48,3,6.0,The Wolf Pack 2 And Partner,own_1213588,8,128,88,88,David Allan,jky_234669,186,23044-,34.0,10,Secretarial,dam_18323942,Bungle Inthejungle,sir_5638892,Kingman,dsi_5880140
rac_11574914,Pontefract,crs_1196,2025-04-14 00:00:00,5:05,6f,6f,6.0,GB,Class 5,Flat,3yo+,8,Good,Turf,,hrs_43385314,Secret Dreamer,3,David & Nicola Barron,trn_354483,"Maunby, N Yorks",9,0,0.0,H D Atkinson,own_899984,3,128,59,27,Callum Rodriguez,jky_282675,178,7-,25.0,6,Hot Secret,dam_5638542,Due Diligence,sir_5925710,Sakhee's Secret,dsi_4631403
rac_11574914,Pontefract,crs_1196,2025-04-14 00:00:00,5:05,6f,6f,6.0,GB,Class 5,Flat,3yo+,8,Good,Turf,,hrs_44417611,Ziva's Star,3,Simon Whitaker,trn_345096,"Scarcroft, W Yorks",1,1,100.0,W Bronson,own_1424596,7,128,41,17,Andrea Pinna(7),jky_307917,23,890-5,100.0,101,Feint,dam_10092803,Territories,sir_6051941,Teofilo,dsi_4546038
rac_11574901,Pontefract,crs_1196,2025-04-14 00:00:00,5:35,5f,5f3y,5.0,GB,Class 5,Flat,4yo+,11,Good,Turf,,hrs_36221591,Keldeo,4,Ollie Pears,trn_178524,"Norton, N Yorks",8,0,0.0,"Ownaracehorse, O Pears and T&T Racing",own_1331736,10,135,82,72,Cam Hardie,jky_278196,15,617-50,43.0,8,Kept Under Wraps,dam_6169485,Land Force,sir_13368124,Clodovil,dsi_3952928
rac_11574901,Pontefract,crs_1196,2025-04-14 00:00:00,5:35,5f,5f3y,5.0,GB,Class 5,Flat,4yo+,11,Good,Turf,,hrs_35149793,A Girl Named Ivy,4,Michael Dods,trn_45711,"Piercebridge, Co Durham",18,0,0.0,Frank Lowe,own_748444,9,135,80,70,Connor Beasley,jky_272604,168,01048-,25.0,13,May Girl,dam_10424743,Dark Angel,sir_4701529,Mayson,dsi_5298622
rac_11574901,Pontefract,crs_1196,2025-04-14 00:00:00,5:35,5f,5f3y,5.0,GB,Class 5,Flat,4yo+,11,Good,Turf,,hrs_26247137,Emperor Caradoc,6,Paul Midgley,trn_143532,"Westow, N Yorks",15,0,0.0,Dan Maltby Bloodstock Limited,own_1175756,6,135,85,77,David Nolan,jky_42996,189,12424-,36.0,7,Tribune Libre,dam_6081691,Siyouni,sir_5133128,Nayef,dsi_3659915
rac_11574901,Pontefract,crs_1196,2025-04-14 00:00:00,5:35,5f,5f3y,5.0,GB,Class 5,Flat,4yo+,11,Good,Turf,,hrs_24921792,Reigning Profit,6,Ruth Carr,trn_180405,"Stillington, N Yorks",20,2,10.0,The Chancers,own_1241756,7,135,83,78,James Sullivan,jky_253623,18,700-53,16.0,4.5,Reign,dam_5840793,Profitable,sir_6035519,Elusive City,dsi_3962056
rac_11574901,Pontefract,crs_1196,2025-04-14 00:00:00,5:35,5f,5f3y,5.0,GB,Class 5,Flat,4yo+,11,Good,Turf,,hrs_36123241,Willolarupi,4,Declan Carroll,trn_29673,"Malton, N Yorks",5,1,20.0,DP Fabricators Ltd,own_1330476,11,133,81,75,Zak Wheatley(3),jky_290007,149,45315-,60.0,8,Moving Waves,dam_5877172,Camacho,sir_4216086,Intense Focus,dsi_4943932
rac_11574901,Pontefract,crs_1196,2025-04-14 00:00:00,5:35,5f,5f3y,5.0,GB,Class 5,Flat,4yo+,11,Good,Turf,,hrs_24506223,Dandy Dinmont,6,Nigel Tinkler,trn_7785,"Langton, N Yorks",21,2,10.0,The Olliers & Stewart Perkins,own_1291348,5,131,86,78,Faye McManoman,jky_289227,15,6864-3,61.0,5,Coconut Kisses,dam_5651086,Dandy Man,sir_4459483,Bahamian Bounty,dsi_3136021
rac_11574901,Pontefract,crs_1196,2025-04-14 00:00:00,5:35,5f,5f3y,5.0,GB,Class 5,Flat,4yo+,11,Good,Turf,,hrs_35232029,Midnight Lir,4,Michael Dods,trn_45711,"Piercebridge, Co Durham",18,0,0.0,Denton Hall Racing Ltd,own_464624,1,130,81,67,Rhys Elliott(5),jky_308601,126,94559-,25.0,9,Kerineya,dam_14258293,Prince Of Lir,sir_7108171,Elusive City,dsi_3962056
rac_11574901,Pontefract,crs_1196,2025-04-14 00:00:00,5:35,5f,5f3y,5.0,GB,Class 5,Flat,4yo+,11,Good,Turf,,hrs_22082333,So Grateful,7,Michael & David Easterby,trn_346887,"Sheriff Hutton, N Yorks",18,1,6.0,The Mick & David Easterby Racing Group,own_1267916,4,122,82,78,Lewis Chalkley(7),jky_308331,14,7-5214,59.0,9,Bow Bridge,dam_4446701,Swiss Spirit,sir_5425399,Bertolini,dsi_3420004
rac_11574901,Pontefract,crs_1196,2025-04-14 00:00:00,5:35,5f,5f3y,5.0,GB,Class 5,Flat,4yo+,11,Good,Turf,,hrs_35257859,Better,4,Paul Midgley,trn_143532,"Westow, N Yorks",15,0,0.0,Mrs Christine Hopper & Ged Shields,own_1418380,2,122,79,66,P J McDonald,jky_230616,65,139-76,36.0,34,Ever Amber,dam_18582130,Due Diligence,sir_5925710,Ivawood,dsi_6026909
rac_11574901,Pontefract,crs_1196,2025-04-14 00:00:00,5:35,5f,5f3y,5.0,GB,Class 5,Flat,4yo+,11,Good,Turf,,hrs_35895818,Opal Storm,5,Brian Rothwell,trn_51264,"Oswaldkirk, N Yorks",2,0,0.0,Brian Rothwell Racing,own_1377832,3,120,80,70,Aiden Brookes(3),jky_302091,15,1463-0,,13,Dark Opal,dam_5690650,Hot Streak,sir_5892096,Camacho,dsi_4216086
rac_11574901,Pontefract,crs_1196,2025-04-14 00:00:00,5:35,5f,5f3y,5.0,GB,Class 5,Flat,4yo+,11,Good,Turf,,hrs_35813274,Northerner,4,Brian Ellison,trn_39879,"Norton, N Yorks",10,1,10.0,Mrs J Spivey & Mrs J Robinson,own_1428000,8,119,82,59,Shay Farmer(7),jky_311127,2,4420-5,10.0,12,Beauty Pageant,dam_5307729,Profitable,sir_6035519,Bahamian Bounty,dsi_3136021
rac_11576981,Warwick,crs_2210,2025-04-14 00:00:00,5:10,2m4f,2m4f,20.0,GB,Class 5,Chase,5yo+,4,Good,Turf,17 fences,hrs_34859706,Lady Jago,6,Dan Skelton,trn_146430,"Alcester, Warwicks",37,6,16.0,Robert Kirkland,own_8040,0,168,115,84,Harry Skelton,jky_255654,14,2236P1,51.0,1.62,Clara Mc Cloud,dam_5652353,Getaway,sir_4602430,Cloudings,dsi_3234854
rac_11576981,Warwick,crs_2210,2025-04-14 00:00:00,5:10,2m4f,2m4f,20.0,GB,Class 5,Chase,5yo+,4,Good,Turf,17 fences,hrs_23616138,Universal Brook,9,Peter & Michael Bowen,trn_372555,"Letterston, Pembrokes",16,2,13.0,Mrs G Davies,own_780176,0,154,-,-,Shane Fenelon(5),jky_297585,771 (22P),25P/PP,50.0,15,Alfies Gift,dam_5909519,Universal,sir_5498255,Helissio,dsi_3123764
rac_11576981,Warwick,crs_2210,2025-04-14 00:00:00,5:10,2m4f,2m4f,20.0,GB,Class 5,Chase,5yo+,4,Good,Turf,17 fences,hrs_27110496,Shesupincourt,8,Ryan Potter,trn_241182,"Sellack, H'fords",6,2,33.0,R D Potter,own_813108,0,149,109,99,Ben Poste,jky_264270,14,P43124,50.0,4.33,Supreme Cove,dam_5379262,Court Cave,sir_4123686,Supreme Leader,dsi_2131927
rac_11576981,Warwick,crs_2210,2025-04-14 00:00:00,5:10,2m4f,2m4f,20.0,GB,Class 5,Chase,5yo+,4,Good,Turf,17 fences,hrs_34961521,Annie Don,6,Henry Oliver,trn_249147,"Abberley, Worcs",4,1,25.0,Mrs P And Miss S Bailey,own_1374440,0,146,-,-,David Noonan,jky_274599,31,2-0956,33.0,5.5,O What A Girl,dam_4890354,Yeats,sir_4086887,Anshan,dsi_344120
rac_11576994,Warwick,crs_2210,2025-04-14 00:00:00,5:40,2m,2m54y,16.0,GB,Class 5,Chase,5yo+,7,Good,Turf,12 fences,hrs_35650307,Jeudidee,6,Kim Bailey & Mat Nicholls,trn_378207,"Cheltenham, Gloucs",8,1,13.0,Park View,own_1133680,0,168,103,75,Ciaran Gethings,jky_277692,161,6F6336,29.0,6.5,Alidee,dam_5950140,Jeu St Eloi,sir_6006707,Special Kaldoun,dsi_3868963
rac_11576994,Warwick,crs_2210,2025-04-14 00:00:00,5:40,2m,2m54y,16.0,GB,Class 5,Chase,5yo+,7,Good,Turf,12 fences,hrs_29394435,Iskar d'Airy,7,Gary & Josh Moore,trn_372564,"Lower Beeding, W Sussex",22,4,18.0,Mrs Arnold & Partner,own_1101084,0,164,104,77,Niall Houlihan,jky_289506,19,1/P712,55.0,2.88,Canzka D'Airy,dam_29394554,Sinndar,sir_3622080,Anzillero,dsi_3723636
rac_11576994,Warwick,crs_2210,2025-04-14 00:00:00,5:40,2m,2m54y,16.0,GB,Class 5,Chase,5yo+,7,Good,Turf,12 fences,hrs_32568592,Orbys River,7,Sam Allwood,trn_261234,"Whitchurch, Shropshire",3,1,33.0,Church Farm Racing,own_1343580,0,156,101,91,Toby Wynne(3),jky_300246,23,6P1271,33.0,3,Give Us A Look,dam_4584440,Ol' Man River,sir_5957350,Grand Plaisir,dsi_534982
rac_11576994,Warwick,crs_2210,2025-04-14 00:00:00,5:40,2m,2m54y,16.0,GB,Class 5,Chase,5yo+,7,Good,Turf,12 fences,hrs_28875301,Boom Boom,7,Rob Summers,trn_59679,"Tanworth-in-Arden, Warwicks",1,0,0.0,Paul Waldron,own_7148,0,151,103,61,Lewis Stones(3),jky_279366,145,-635PF,100.0,34,She Is A Cracker,dam_5041540,Califet,sir_3769220,Cadoudal,dsi_2127055
rac_11576994,Warwick,crs_2210,2025-04-14 00:00:00,5:40,2m,2m54y,16.0,GB,Class 5,Chase,5yo+,7,Good,Turf,12 fences,hrs_37096101,Gwennie May Jem,5,Dan Skelton,trn_146430,"Alcester, Warwicks",37,6,16.0,Ms Gwendoline M Clarke,own_1290868,0,148,102,95,Harry Skelton,jky_255654,28,743424,51.0,3.75,City Sport,dam_39040309,Manatee,sir_6020651,Elusive City,dsi_3962056
rac_11576994,Warwick,crs_2210,2025-04-14 00:00:00,5:40,2m,2m54y,16.0,GB,Class 5,Chase,5yo+,7,Good,Turf,12 fences,hrs_28294448,Haafback,7,Emma-Jane Bishop,trn_131841,"Cleeve Hill, Gloucs",1,1,100.0,Mrs M J Arnold,own_108952,0,142,102,94,James Best,jky_273690,35,01U758,100.0,34,Roberta Back,dam_4051257,Haafhd,sir_4009068,Bob Back,dsi_2129673
rac_11576994,Warwick,crs_2210,2025-04-14 00:00:00,5:40,2m,2m54y,16.0,GB,Class 5,Chase,5yo+,7,Good,Turf,12 fences,hrs_15844087,Mawlood,9,Georgie Howell,trn_240561,"Tenbury Wells, Worcestershire",1,0,0.0,Ms G Howell,own_813528,0,142,90,-,Tabitha Worsley(3),jky_275706,281,P-0808,,67,Kalaatah,dam_6096013,Dawn Approach,sir_5647166,Dynaformer,dsi_2134608
rac_11577020,Warwick,crs_2210,2025-04-14 00:00:00,6:10,2m3f,2m3f,19.0,GB,Class 4,Hurdle,4yo+,5,Good,Turf,9 hurdles,hrs_38130638,Audacious Annie,6,Jamie Snowden,trn_187326,"Lambourn, Berks",14,1,7.0,Semore Kurdi,own_809684,0,164,110,97,Gavin Sheehan,jky_266721,27,6-8231,31.0,2,Annie's Answer,dam_4426387,Jack Hobbs,sir_5958330,Flemensfirth,dsi_676046
rac_11577020,Warwick,crs_2210,2025-04-14 00:00:00,6:10,2m3f,2m3f,19.0,GB,Class 4,Hurdle,4yo+,5,Good,Turf,9 hurdles,hrs_38855705,I've Madeupmymind,5,Ben Pauling,trn_256320,"Naunton, Gloucs",19,0,0.0,Mrs C A Waters,own_164360,0,164,110,83,Ben Jones,jky_289347,47,5-3341,26.0,2.25,Two Swallows,dam_6029933,Blue Bresil,sir_4924724,Kayf Tara,dsi_3297462
rac_11577020,Warwick,crs_2210,2025-04-14 00:00:00,6:10,2m3f,2m3f,19.0,GB,Class 4,Hurdle,4yo+,5,Good,Turf,9 hurdles,hrs_38855719,My Bobby's Lass,6,Mel Rowley,trn_342864,"Bridgnorth, Shrops",10,0,0.0,Bob Barrett,own_869268,0,164,96,46,Charlie Deutsch,jky_276810,182,0-6741,40.0,8,Chocca Wocca,dam_6120072,Pether's Moon,sir_5735996,Kayf Tara,dsi_3297462
rac_11577020,Warwick,crs_2210,2025-04-14 00:00:00,6:10,2m3f,2m3f,19.0,GB,Class 4,Hurdle,4yo+,5,Good,Turf,9 hurdles,hrs_37890643,Ciakat,7,Fergal O'Brien,trn_125874,"Withington, Gloucs",25,5,20.0,The Cheltenham & South West Racing Club,own_1294996,0,157,87,39,Fern O'Brien(7),jky_303396,27,3433-7,48.0,21,Fedoria,dam_37890846,Mount Nelson,sir_4624228,Authorized,dsi_4645585
rac_11577020,Warwick,crs_2210,2025-04-14 00:00:00,6:10,2m3f,2m3f,19.0,GB,Class 4,Hurdle,4yo+,5,Good,Turf,9 hurdles,hrs_45413214,Glen Affric,5,Tracey Leeson,trn_288072,"Blakesley Heath, Northants",0,0,,P Long,own_1195896,0,157,-,-,James Best,jky_273690,27,6PP,,101,Tipsy Dara,dam_5084219,Telescope,sir_5728562,Dushyantor,dsi_740320
rac_11576955,Warwick,crs_2210,2025-04-14 00:00:00,6:40,3m1f,3m1f,25.0,GB,Class 4,Hurdle,4yo+,4,Good,Turf,12 hurdles,hrs_23558661,Tiger Jet,9,Jennie Candlish,trn_139968,"Basford, Staffs",30,3,10.0,White Hart Racing,own_1379836,0,168,119,73,Mr Jamie Neild(7),jky_294684,26,7-1462,68.0,2.38,Just A Moment,dam_4859547,Jet Away,sir_5333650,Bob Back,dsi_2129673
rac_11576955,Warwick,crs_2210,2025-04-14 00:00:00,6:40,3m1f,3m1f,25.0,GB,Class 4,Hurdle,4yo+,4,Good,Turf,12 hurdles,hrs_33135837,Magical Escape,7,Kim Bailey & Mat Nicholls,trn_378207,"Cheltenham, Gloucs",8,1,13.0,Surprise Syndicate,own_1299928,0,166,117,97,Ciaran Gethings,jky_277692,27,1256P4,29.0,8,Chestnut,dam_30527413,Getaway,sir_4602430,Presenting,dsi_676165
rac_11576955,Warwick,crs_2210,2025-04-14 00:00:00,6:40,3m1f,3m1f,25.0,GB,Class 4,Hurdle,4yo+,4,Good,Turf,12 hurdles,hrs_29522759,Can't Beat History,9,Henry Oliver,trn_249147,"Abberley, Worcs",4,1,25.0,James Baxter,own_1428856,0,157,115,53,Lee Edwards,jky_249876,268,1-1P11,33.0,3,Histologie,dam_4573681,Beat Hollow,sir_3616242,Quart De Vin,dsi_2113650
rac_11576955,Warwick,crs_2210,2025-04-14 00:00:00,6:40,3m1f,3m1f,25.0,GB,Class 4,Hurdle,4yo+,4,Good,Turf,12 hurdles,hrs_46233901,Roxboro River,6,John Joseph Hanlon,trn_169605,"Bagenalstown, Co Carlow",21,0,0.0,Eventmasters Limited,own_1349404,0,154,115,105,Paddy Hanlon(7),jky_308520,25,355660,43.0,4.5,Indian Bounty,dam_4199041,Ol' Man River,sir_5957350,Indian Ridge,dsi_25326
rac_11577007,Warwick,crs_2210,2025-04-14 00:00:00,7:10,2m3f,2m3f,19.0,GB,Class 5,Hurdle,4yo+,10,Good,Turf,9 hurdles,hrs_28220640,Allbetsoff,9,Mark Walford,trn_259884,"Sheriff Hutton, N Yorks",14,2,14.0,New Vision Bloodstock & G B Walford,own_1283696,0,168,101,70,Tom Midgley(3),jky_291612,25,PP3754,23.0,8,Longer Lashes,dam_5473223,Carlotamix,sir_4494112,Oscar,dsi_3234945
rac_11577007,Warwick,crs_2210,2025-04-14 00:00:00,7:10,2m3f,2m3f,19.0,GB,Class 5,Hurdle,4yo+,10,Good,Turf,9 hurdles,hrs_31996104,Blue Universe,5,Michael Attwater,trn_147654,"Epsom, Surrey",8,0,0.0,The Attwater Partnership,own_632060,0,167,97,-,NON-RUNNER,jky_224913,62,42-4P5,,-,Zara,dam_5699400,Iffraaj,sir_4091143,Redattore,dsi_3853990
rac_11577007,Warwick,crs_2210,2025-04-14 00:00:00,7:10,2m3f,2m3f,19.0,GB,Class 5,Hurdle,4yo+,10,Good,Turf,9 hurdles,hrs_32538723,Graham,5,Gary & Josh Moore,trn_372564,"Lower Beeding, W Sussex",22,4,18.0,Gallagher Bloodstock Limited,own_1005300,0,163,99,74,Niall Houlihan,jky_289506,13,67732,55.0,3,Gravitation,dam_4930541,Time Test,sir_5957938,Galileo,dsi_3722383
rac_11577007,Warwick,crs_2210,2025-04-14 00:00:00,7:10,2m3f,2m3f,19.0,GB,Class 5,Hurdle,4yo+,10,Good,Turf,9 hurdles,hrs_39488309,Moor End,6,Emma-Jane Bishop,trn_131841,"Cleeve Hill, Gloucs",1,1,100.0,Mr & Mrs A J Mutch,own_713972,0,163,98,63,James Best,jky_273690,35,-3P256,100.0,6.5,La Galondrina,dam_6093241,Kingston Hill,sir_5917226,Thewayyouare,dsi_4793005
rac_11577007,Warwick,crs_2210,2025-04-14 00:00:00,7:10,2m3f,2m3f,19.0,GB,Class 5,Hurdle,4yo+,10,Good,Turf,9 hurdles,hrs_34346767,Highway One O Five,6,Chris Gordon,trn_178533,"Morestead, Hants",5,0,0.0,Anthony Ward-Thomas,own_490060,0,162,101,49,Freddie Gordon(3),jky_303945,53,5-333P,20.0,11,Shuil A Hocht,dam_4579176,Sageburg,sir_4782463,Mohaajir,dsi_607754
rac_11577007,Warwick,crs_2210,2025-04-14 00:00:00,7:10,2m3f,2m3f,19.0,GB,Class 5,Hurdle,4yo+,10,Good,Turf,9 hurdles,hrs_35512659,Granny Hawkins,6,Alan King,trn_125352,"Wroughton, Wilts",12,1,8.0,G Kennington,own_622544,0,158,94,73,Tom Cannon,jky_262509,76,08-F77,58.0,8,Arctic Actress,dam_2811256,Blue Bresil,sir_4924724,King's Theatre,dsi_591024
rac_11577007,Warwick,crs_2210,2025-04-14 00:00:00,7:10,2m3f,2m3f,19.0,GB,Class 5,Hurdle,4yo+,10,Good,Turf,9 hurdles,hrs_37520959,Mokoro,6,Dan Skelton,trn_146430,"Alcester, Warwicks",37,6,16.0,Justonemore Racing,own_1402768,0,152,100,76,Harry Skelton,jky_255654,37,-84766,51.0,10,Minstrel Sally,dam_5840884,Ocovango,sir_5603829,Catcher In The Rye,dsi_3948378
rac_11577007,Warwick,crs_2210,2025-04-14 00:00:00,7:10,2m3f,2m3f,19.0,GB,Class 5,Hurdle,4yo+,10,Good,Turf,9 hurdles,hrs_20749708,Rock On Tommy,10,Olly Murphy,trn_301977,"Wilmcote, Warks",13,2,15.0,Premier Thoroughbred Racing Ltd,own_1062836,0,151,99,87,Sean Bowen,jky_279558,18,243452,54.0,4.5,Little Carmela,dam_4659970,Fair Mix,sir_3888920,Beat Hollow,dsi_3616242
rac_11577007,Warwick,crs_2210,2025-04-14 00:00:00,7:10,2m3f,2m3f,19.0,GB,Class 5,Hurdle,4yo+,10,Good,Turf,9 hurdles,hrs_29691557,Prince Rhinegold,7,Linda Blackford,trn_59724,"Rackenford, Devon",2,1,50.0,Mrs D Robinson Mrs & Mrs Livesey-Van Dorst,own_1263832,0,145,98,65,Sean Houlihan,jky_282387,20,-0P309,50.0,34,Water Rock,dam_5115901,Getaway,sir_4602430,El Conquistador,dsi_87220
rac_11577007,Warwick,crs_2210,2025-04-14 00:00:00,7:10,2m3f,2m3f,19.0,GB,Class 5,Hurdle,4yo+,10,Good,Turf,9 hurdles,hrs_21670138,Ray's The One,8,Mark Pattinson,trn_294921,"Epsom, Surrey",3,1,33.0,M I Pattinson Racing 2,own_1411076,0,145,101,67,Robert Dunne,jky_242007,16,54P346,67.0,26,Tenpence,dam_3988320,Mount Nelson,sir_4624228,Bob Back,dsi_2129673
rac_11577007,Warwick,crs_2210,2025-04-14 00:00:00,7:10,2m3f,2m3f,19.0,GB,Class 5,Hurdle,4yo+,10,Good,Turf,9 hurdles,hrs_37702350,Square Du Roule,5,Nigel Hawke,trn_92313,"Stoodleigh, Devon",3,1,33.0,Over The Jumps Racing,own_1428188,0,144,88,81,James Davies,jky_238989,271,87-985,50.0,21,Semur,dam_12072627,It's Gino,sir_4848690,Tin Horse,dsi_5312636
rac_11576968,Warwick,crs_2210,2025-04-14 00:00:00,7:40,2m3f,2m3f,19.0,GB,Class 4,Hurdle,4yo+,9,Good,Turf,9 hurdles,hrs_39260011,Lumi Plugin,6,Gary & Josh Moore,trn_372564,"Lower Beeding, W Sussex",22,4,18.0,"J Hinds, A Head & G L Moore",own_1360728,0,168,112,93,Rob Hargreaves(7),jky_303354,35,-20231,55.0,4.33,Sudden Light,dam_5355098,Kayf Tara,sir_3297462,Presenting,dsi_676165
rac_11576968,Warwick,crs_2210,2025-04-14 00:00:00,7:40,2m3f,2m3f,19.0,GB,Class 4,Hurdle,4yo+,9,Good,Turf,9 hurdles,hrs_28294483,Tarahumara,9,Emma Lavelle,trn_118044,"Ogbourne Maizey, Wilts",13,0,0.0,N Turner & C Schicht,own_1250180,0,167,113,91,Jack Tudor,jky_296019,12,1P-P94,38.0,13,My World,dam_4036270,Kayf Tara,sir_3297462,Lost World,dsi_572439
rac_11576968,Warwick,crs_2210,2025-04-14 00:00:00,7:40,2m3f,2m3f,19.0,GB,Class 4,Hurdle,4yo+,9,Good,Turf,9 hurdles,hrs_36934170,Baskerville,6,Alan King,trn_125352,"Wroughton, Wilts",12,1,8.0,"Stone, McNeill & Green Families",own_1349924,0,166,112,107,Tom Cannon,jky_262509,105,U1323F,58.0,5.5,Starofcountydown,dam_36934233,Sandmason,sir_3548951,Norwich,dsi_344834
rac_11576968,Warwick,crs_2210,2025-04-14 00:00:00,7:40,2m3f,2m3f,19.0,GB,Class 4,Hurdle,4yo+,9,Good,Turf,9 hurdles,hrs_31982727,Campaign Trail,5,Kim Bailey & Mat Nicholls,trn_378207,"Cheltenham, Gloucs",8,1,13.0,Its Only Money,own_1217952,0,166,111,75,Ciaran Gethings,jky_277692,69,130,29.0,8.5,Greta,dam_11526382,Mastercraftsman,sir_4870369,High Chaparral,dsi_3823484
rac_11576968,Warwick,crs_2210,2025-04-14 00:00:00,7:40,2m3f,2m3f,19.0,GB,Class 4,Hurdle,4yo+,9,Good,Turf,9 hurdles,hrs_21045136,Lucky One,10,Sophie Leech,trn_177795,"Elton, Gloucs",2,0,0.0,C R Leech,own_470832,0,165,100,87,Jack Hogan(3),jky_290703,30,86-97P,50.0,34,Lady Anouchka,dam_5320364,Authorized,sir_4645585,Vettori,dsi_634347
rac_11576968,Warwick,crs_2210,2025-04-14 00:00:00,7:40,2m3f,2m3f,19.0,GB,Class 4,Hurdle,4yo+,9,Good,Turf,9 hurdles,hrs_24506713,Slip Of The Tongue,8,Sarah-Jayne Davies,trn_245610,"Leominster, H'fords",8,0,0.0,"Moorland Racing, Bill Ransom & Steve Day",own_1405432,0,165,-,12,James Best,jky_273690,36,8PPPP4,38.0,51,Female,dam_4538359,Flemensfirth,sir_676046,Saddlers' Hall,dsi_3254237
rac_11576968,Warwick,crs_2210,2025-04-14 00:00:00,7:40,2m3f,2m3f,19.0,GB,Class 4,Hurdle,4yo+,9,Good,Turf,9 hurdles,hrs_33390063,Mammies Boy,7,Jonjo & A J O'Neill,trn_372456,"Cheltenham, Gloucs",35,6,17.0,What's The Craic Syndicate,own_1302588,0,164,119,108,Jonjo O'Neill Jr,jky_289365,340,7P15-1,49.0,6.5,Tonaphuca Girl,dam_5906691,Getaway,sir_4602430,Saddlers' Hall,dsi_3254237
rac_11576968,Warwick,crs_2210,2025-04-14 00:00:00,7:40,2m3f,2m3f,19.0,GB,Class 4,Hurdle,4yo+,9,Good,Turf,9 hurdles,hrs_37701349,Queens Wish,6,Dan Skelton,trn_146430,"Alcester, Warwicks",37,6,16.0,Alan Rogers,own_1167248,0,162,120,108,Harry Atkins(7),jky_303969,54,1-13,51.0,4.33,Tango Lady,dam_5976411,Shantou,sir_740670,King's Theatre,dsi_591024
rac_11576968,Warwick,crs_2210,2025-04-14 00:00:00,7:40,2m3f,2m3f,19.0,GB,Class 4,Hurdle,4yo+,9,Good,Turf,9 hurdles,hrs_21995512,Seasett,7,John Joseph Hanlon,trn_169605,"Bagenalstown, Co Carlow",21,0,0.0,Eventmasters Limited,own_1349404,0,156,118,48,Paddy Hanlon(7),jky_308520,13,P95595,43.0,5,Sea Horn,dam_21995519,Wootton Bassett,sir_5246346,Fastnet Rock,dsi_4175850
rac_11578593,Kempton (AW),crs_28054,2025-04-15 00:00:00,4:55,1m3f,1m2f219y,11.0,GB,Class 5,Flat,3yo+,5,Standard To Slow,AW,,hrs_40075616,Damzon,6,James Evans,trn_74286,"Kinnersley, Worcs",3,0,0.0,Derek & Cheryl Holder,own_236816,2,142,56,12,Jack Doughty(3),jky_309594,28,5,33.0,81,Court Princess,dam_4853877,Jack Hobbs,sir_5958330,Mtoto,dsi_115437
rac_11578593,Kempton (AW),crs_28054,2025-04-15 00:00:00,4:55,1m3f,1m2f219y,11.0,GB,Class 5,Flat,3yo+,5,Standard To Slow,AW,,hrs_51832270,Lalique,3,Marco Botti,trn_81027,"Newmarket, Suffolk",14,0,0.0,Fittocks Stud & Andrew Bengough,own_671884,3,122,-,-,Marco Ghiani,jky_294903,,,69.0,4.33,Volcanique,dam_15772274,Siyouni,sir_5133128,Galileo,dsi_3722383
rac_11578593,Kempton (AW),crs_28054,2025-04-15 00:00:00,4:55,1m3f,1m2f219y,11.0,GB,Class 5,Flat,3yo+,5,Standard To Slow,AW,,hrs_45887597,Lieutenant Lily,3,Tom Ward,trn_327069,"Upper Lambourn, Berks",3,0,0.0,Lilywhite Racing & Stuart Lake,own_1400324,4,122,45,32,Trevor Whelan,jky_259710,181,8-,67.0,26,La Pantera,dam_5129810,Cracksman,sir_8174257,Captain Rio,dsi_3822805
rac_11578593,Kempton (AW),crs_28054,2025-04-15 00:00:00,4:55,1m3f,1m2f219y,11.0,GB,Class 5,Flat,3yo+,5,Standard To Slow,AW,,hrs_40819597,Luminoso,3,Raphael E Freire,trn_349425,"Newmarket, Suffolk",6,2,33.0,Amo Racing Limited,own_1008936,5,122,77,39,David Egan,jky_286164,11,2,67.0,1.44,Vicugna,dam_10256568,Kodiac,sir_4080139,Pivotal,dsi_753900
rac_11578593,Kempton (AW),crs_28054,2025-04-15 00:00:00,4:55,1m3f,1m2f219y,11.0,GB,Class 5,Flat,3yo+,5,Standard To Slow,AW,,hrs_51523836,Shaffron,3,David Menuisier,trn_264699,"Pulborough, W Sussex",7,1,14.0,Steve Ashley & Ashbrittle Stud,own_1426764,1,122,-,-,Enzo Crublet(3),jky_297840,,,29.0,8,Shamakiya,dam_5013176,Sea The Moon,sir_5927481,Intikhab,dsi_764127
rac_11578619,Kempton (AW),crs_28054,2025-04-15 00:00:00,5:30,7f,7f,7.0,GB,Class 5,Flat,3-5yo,14,Standard To Slow,AW,,hrs_48643959,Good Eye,4,Bill Turner,trn_6651,"Sigwells, Somerset",4,0,0.0,The Upt North Darn South Syndicate,own_1425592,7,140,45,2,William Carson,jky_254646,11,38,50.0,101,Positive Vibration,dam_6279399,Expert Eye,sir_10504137,Canford Cliffs,dsi_5126478
rac_11578619,Kempton (AW),crs_28054,2025-04-15 00:00:00,5:30,7f,7f,7.0,GB,Class 5,Flat,3-5yo,14,Standard To Slow,AW,,hrs_51056390,Appetiser,3,Eve Johnson Houghton,trn_170280,"Blewbury, Oxfordshire",17,2,12.0,Mrs Eimear Grant,own_1424600,12,128,62,42,Charles Bishop,jky_268881,24,4,41.0,11,Entree,dam_5953577,Hello Youmzain,sir_13695164,Halling,dsi_675241
rac_11578619,Kempton (AW),crs_28054,2025-04-15 00:00:00,5:30,7f,7f,7.0,GB,Class 5,Flat,3-5yo,14,Standard To Slow,AW,,hrs_40919396,Be An Angel,3,Rod Millman,trn_40950,"Kentisbeare, Devon",10,2,20.0,David Klein,own_996952,8,128,76,51,Lewis Edmunds,jky_283989,10,2342-5,60.0,6.5,Angel Mead,dam_14327446,Twilight Son,sir_6066578,Archipenko,dsi_4623647
rac_11578619,Kempton (AW),crs_28054,2025-04-15 00:00:00,5:30,7f,7f,7.0,GB,Class 5,Flat,3-5yo,14,Standard To Slow,AW,,hrs_43418102,Bela Sonata,3,Paul & Oliver Cole,trn_337338,"Whatcombe, Oxon",4,0,0.0,Weatherbys Racing Club,own_593200,2,128,37,-,Finley Marsh,jky_287355,257,0-,75.0,10,Belatorio,dam_5725643,Sergei Prokofiev,sir_13368145,Oratorio,dsi_4173533
rac_11578619,Kempton (AW),crs_28054,2025-04-15 00:00:00,5:30,7f,7f,7.0,GB,Class 5,Flat,3-5yo,14,Standard To Slow,AW,,hrs_47033602,Dianarina,3,David Menuisier,trn_264699,"Pulborough, W Sussex",7,1,14.0,Chasemore Farm & Guy Pariente Holding,own_1406552,5,128,68,29,Enzo Crublet(3),jky_297840,18,8-2,29.0,4.33,Kindly Dismiss,dam_6016388,Goken,sir_6000799,Excellent Art,dsi_4581976
rac_11578619,Kempton (AW),crs_28054,2025-04-15 00:00:00,5:30,7f,7f,7.0,GB,Class 5,Flat,3-5yo,14,Standard To Slow,AW,,hrs_39060903,Ironist,3,George Margarson,trn_88164,"Newmarket, Suffolk",2,0,0.0,The Survivors,own_745744,13,128,-,-,Tom Queally,jky_236805,,,50.0,17,Grandmas Dream,dam_5315373,Coulsty,sir_5819310,Kyllachy,dsi_3691611
rac_11578619,Kempton (AW),crs_28054,2025-04-15 00:00:00,5:30,7f,7f,7.0,GB,Class 5,Flat,3-5yo,14,Standard To Slow,AW,,hrs_51244319,Iconnic,3,Patrick Chamings,trn_56736,"Baughurst, Hants",6,1,17.0,Symonds Camis & Partner,own_1425380,4,126,56,18,David Probert,jky_258039,18,7,50.0,21,Miss Icon,dam_7344400,Tasleet,sir_6138986,Sixties Icon,dsi_4494735
rac_11578619,Kempton (AW),crs_28054,2025-04-15 00:00:00,5:30,7f,7f,7.0,GB,Class 5,Flat,3-5yo,14,Standard To Slow,AW,,hrs_51832277,Lilac Wine,3,George Baker,trn_180045,"Epsom Downs, Surrey",5,0,0.0,Christopher Wright,own_69744,14,126,-,-,Pat Cosgrave,jky_43887,,,,15,New Harzburg,dam_21650566,Persian King,sir_15030547,Siyouni,dsi_5133128
rac_11578619,Kempton (AW),crs_28054,2025-04-15 00:00:00,5:30,7f,7f,7.0,GB,Class 5,Flat,3-5yo,14,Standard To Slow,AW,,hrs_51832305,Cameley Days,3,Michael Blake,trn_126459,"Trowbridge, Wilts",0,0,,Mr & Mrs J Harris,own_855224,10,124,-,-,Darragh Keenan,jky_287445,,,,41,Arcanista,dam_6177710,Aclaim,sir_6338269,Arcano,dsi_5135942
rac_11578619,Kempton (AW),crs_28054,2025-04-15 00:00:00,5:30,7f,7f,7.0,GB,Class 5,Flat,3-5yo,14,Standard To Slow,AW,,hrs_43984031,Estimaid,3,Karen Jewell,trn_362844,"Borden, Kent",5,0,0.0,H J Jarvis & Mrs P Jarvis,own_960868,3,124,11,-,Luke Morris,jky_254571,246,0-,40.0,126,Melaaya,dam_4497990,Estidhkaar,sir_5968298,Aljabr,dsi_3360504
rac_11578619,Kempton (AW),crs_28054,2025-04-15 00:00:00,5:30,7f,7f,7.0,GB,Class 5,Flat,3-5yo,14,Standard To Slow,AW,,hrs_51832291,Eulalia,3,Charlie Fellowes,trn_260217,"Newmarket, Suffolk",7,0,0.0,Mervyn Ayers,own_101988,9,124,-,-,Saffie Osborne,jky_301050,,,43.0,11,Venus Marina,dam_5937414,Expert Eye,sir_10504137,Tiger Hill,dsi_3417666
rac_11578619,Kempton (AW),crs_28054,2025-04-15 00:00:00,5:30,7f,7f,7.0,GB,Class 5,Flat,3-5yo,14,Standard To Slow,AW,,hrs_40819639,Juno Star,3,Philip McBride,trn_71712,"Newmarket, Suffolk",4,0,0.0,The Ten Fools & A Horse Partnership,own_757684,1,124,63,32,Rhys Clutterbuck,jky_294762,49,0-5,50.0,15,Corinthian Girl,dam_14629699,Bated Breath,sir_5178992,Raven's Pass,dsi_4779124
rac_11578619,Kempton (AW),crs_28054,2025-04-15 00:00:00,5:30,7f,7f,7.0,GB,Class 5,Flat,3-5yo,14,Standard To Slow,AW,,hrs_51832312,Linear Spirit,3,Marco Botti,trn_81027,"Newmarket, Suffolk",14,0,0.0,Scuderia Sagam Srls,own_1212972,6,124,-,-,Marco Ghiani,jky_294903,,,69.0,12,Lunar Spirit,dam_5881785,Make Believe,sir_6104063,Invincible Spirit,dsi_3548489
rac_11578619,Kempton (AW),crs_28054,2025-04-15 00:00:00,5:30,7f,7f,7.0,GB,Class 5,Flat,3-5yo,14,Standard To Slow,AW,,hrs_43385342,Little She,3,Marcus Tregoning,trn_109125,"Whitsbury, Hants",3,0,0.0,Whitsbury Ix,own_1388412,11,124,79,60,Billy Loughnane,jky_233301,166,43-,33.0,4,Second Glance,dam_18319112,Invincible Army,sir_10246215,Galileo,dsi_3722383
rac_11578580,Kempton (AW),crs_28054,2025-04-15 00:00:00,6:00,1m,1m,8.0,GB,Class 5,Flat,4yo+,10,Standard To Slow,AW,,hrs_26692736,Ciotog,7,Mark Loughnane,trn_138861,"Rock Farm, Worcs",12,1,8.0,Precision Facades Ltd,own_1051540,2,135,81,58,Billy Loughnane,jky_233301,15,136763,58.0,10,Cristal Fashion,dam_5898907,Dandy Man,sir_4459483,Jeremy,dsi_4495463
rac_11578580,Kempton (AW),crs_28054,2025-04-15 00:00:00,6:00,1m,1m,8.0,GB,Class 5,Flat,4yo+,10,Standard To Slow,AW,,hrs_32638214,Dream Pirate,5,T J Kent,trn_337851,"Newmarket, Suffolk",2,2,100.0,"Bromley, Spampanato & Partners",own_1370540,8,134,80,66,Marco Ghiani,jky_294903,117,06135-,100.0,5,Indian Story,dam_5083589,Oasis Dream,sir_3960579,Indian Ridge,dsi_25326
rac_11578580,Kempton (AW),crs_28054,2025-04-15 00:00:00,6:00,1m,1m,8.0,GB,Class 5,Flat,4yo+,10,Standard To Slow,AW,,hrs_14404040,Love Your Work,9,Darryll Holland,trn_343899,"Newmarket, Suffolk",11,3,27.0,Harraton Court Stables Ltd,own_1210996,5,134,78,57,David Egan,jky_286164,16,-58170,36.0,19,Little Italy,dam_14404299,Helmet,sir_5455471,Proud Citizen,dsi_3862180
rac_11578580,Kempton (AW),crs_28054,2025-04-15 00:00:00,6:00,1m,1m,8.0,GB,Class 5,Flat,4yo+,10,Standard To Slow,AW,,hrs_26975004,Francesi,6,S Woods,trn_63747,"Newmarket, Suffolk",10,0,0.0,S P C Woods,own_169684,4,133,83,66,Luke Morris,jky_254571,22,3483-3,70.0,6,Show Me The Music,dam_7646478,Caravaggio,sir_6925198,Dubawi,dsi_4127830
rac_11578580,Kempton (AW),crs_28054,2025-04-15 00:00:00,6:00,1m,1m,8.0,GB,Class 5,Flat,4yo+,10,Standard To Slow,AW,,hrs_35864437,Newfangled,4,Jonathan Portman,trn_113409,"Upper Lambourn, Berks",11,3,27.0,Berkeley Racing,own_387128,9,131,82,64,Rob Hornby,jky_278322,22,2112-3,64.0,3.5,Dangle,dam_4073132,New Bay,sir_6106975,Desert Style,dsi_660275
rac_11578580,Kempton (AW),crs_28054,2025-04-15 00:00:00,6:00,1m,1m,8.0,GB,Class 5,Flat,4yo+,10,Standard To Slow,AW,,hrs_32472741,Port Erin,5,Tony Carroll,trn_87426,"Cropthorne, Worcs",38,5,13.0,P G Shorrock,own_54676,1,131,78,60,Jack Doughty(3),jky_309594,20,3-3507,61.0,15,Poppet's Promise,dam_9923319,Le Havre,sir_5021548,Bated Breath,dsi_5178992
rac_11578580,Kempton (AW),crs_28054,2025-04-15 00:00:00,6:00,1m,1m,8.0,GB,Class 5,Flat,4yo+,10,Standard To Slow,AW,,hrs_25443551,Mr Fustic,7,Andi Brown,trn_254043,"Newmarket, Suffolk",0,0,,"Dave Tonge, Steph Collins & Andi",own_1361356,10,129,79,55,Dylan Hogan,jky_277860,38,0-5133,,8.5,Marion Antoinette,dam_5372066,Epaulette,sir_5648727,Antonius Pius,dsi_4056962
rac_11578580,Kempton (AW),crs_28054,2025-04-15 00:00:00,6:00,1m,1m,8.0,GB,Class 5,Flat,4yo+,10,Standard To Slow,AW,,hrs_36137234,Happy Chandler,4,Michael Blake,trn_126459,"Trowbridge, Wilts",0,0,,Roger Gould,own_1258364,7,127,77,-,David Probert,jky_258039,243,/6537-,,26,Kentucky Belle,dam_30455439,Al Kazeem,sir_5377211,Heliostatic,dsi_4344886
rac_11578580,Kempton (AW),crs_28054,2025-04-15 00:00:00,6:00,1m,1m,8.0,GB,Class 5,Flat,4yo+,10,Standard To Slow,AW,,hrs_39192006,Angelica K,5,Simon Hodgson,trn_240849,"Dogmersfield, Hants",3,0,0.0,P C F Racing Ltd,own_706560,6,125,81,74,William Carver,jky_291957,7,40-183,33.0,9,Mechanism,dam_6272896,Mastercraftsman,sir_4870369,Zamindar,dsi_3150539
rac_11578580,Kempton (AW),crs_28054,2025-04-15 00:00:00,6:00,1m,1m,8.0,GB,Class 5,Flat,4yo+,10,Standard To Slow,AW,,hrs_28098224,Autumn Festival,6,Ed de Giles,trn_65700,"Ledbury, H'fords",3,0,0.0,The LAM Partnership,own_786596,3,123,74,27,Darragh Keenan,jky_287445,179,00028-,67.0,15,Kammaan,dam_4983426,Poet's Voice,sir_5164208,Diktat,dsi_3314507
rac_11611938,Kempton (AW),crs_28054,2025-04-15 00:00:00,6:30,1m,1m,8.0,GB,Class 5,Flat,4yo+,10,Standard To Slow,AW,,hrs_41441995,Drumstick,4,John Gallagher,trn_92772,"Chastleton, Oxon",6,0,0.0,Caveat Emptor Partnership,own_708056,2,135,81,71,Jack Doughty(3),jky_309594,97,9543-9,33.0,5,Humdrum,dam_5311775,Land Force,sir_13368124,Dr Fong,dsi_3256673
rac_11611938,Kempton (AW),crs_28054,2025-04-15 00:00:00,6:30,1m,1m,8.0,GB,Class 5,Flat,4yo+,10,Standard To Slow,AW,,hrs_47685064,Norflondonforever,4,Faye Bramley,trn_380052,"Lodge Down Stables, Lambourn",3,0,0.0,Miss F Bramley,own_1409340,8,135,76,51,Edward Greatrex,jky_282474,11,0-364,67.0,13,Alchemilla,dam_6146343,Exceed And Excel,sir_4045216,Dubai Destination,dsi_3782352
rac_11611938,Kempton (AW),crs_28054,2025-04-15 00:00:00,6:30,1m,1m,8.0,GB,Class 5,Flat,4yo+,10,Standard To Slow,AW,,hrs_30980915,Racing Demon,5,Ed de Giles,trn_65700,"Ledbury, H'fords",3,0,0.0,John Manser & Simon Treacher,own_1008452,1,134,80,69,William Cox,jky_285624,160,41337-,67.0,15,Whatdoiwantthatfor,dam_6231806,Muhaarar,sir_5988269,Kodiac,dsi_4080139
rac_11611938,Kempton (AW),crs_28054,2025-04-15 00:00:00,6:30,1m,1m,8.0,GB,Class 5,Flat,4yo+,10,Standard To Slow,AW,,hrs_43636978,Calanthe,4,Archie Watson,trn_290484,"Upper Lambourn, W Berks",29,4,14.0,J Allison & Partner,own_1087200,5,134,82,61,Luke Morris,jky_254571,16,544235,52.0,2.5,Orchid Lily,dam_11110624,Kingman,sir_5880140,Dansili,dsi_3527125
rac_11611938,Kempton (AW),crs_28054,2025-04-15 00:00:00,6:30,1m,1m,8.0,GB,Class 5,Flat,4yo+,10,Standard To Slow,AW,,hrs_22460011,Pride Of Nepal,7,Tony Carroll,trn_87426,"Cropthorne, Worcs",38,5,13.0,Mrs S Bowen,own_990092,10,132,78,49,Matthew Lloyd Slater(7),jky_306570,190,31137-,61.0,15,Best Regards,dam_5780138,The Gurkha,sir_6290277,Tamayuz,dsi_4817246
rac_11611938,Kempton (AW),crs_28054,2025-04-15 00:00:00,6:30,1m,1m,8.0,GB,Class 5,Flat,4yo+,10,Standard To Slow,AW,,hrs_32061274,Ectocross,5,Simon Dow,trn_7830,"Epsom, Surrey",5,0,0.0,Malcolm & Alicia Aldis,own_733408,6,131,73,28,Callum Shepherd,jky_280029,132,7/889-,80.0,21,Seasonal Cross,dam_4759370,Ectot,sir_5903800,Cape Cross,dsi_3153248
rac_11611938,Kempton (AW),crs_28054,2025-04-15 00:00:00,6:30,1m,1m,8.0,GB,Class 5,Flat,4yo+,10,Standard To Slow,AW,,hrs_37790298,Luna Dipinta,5,Mike Murphy,trn_172044,"Westoning, Bedfords",8,1,13.0,Mrs J Moore,own_86876,7,128,70,43,Daniel Muscutt,jky_275571,238,5/377-,38.0,15,Lady Glinka,dam_5911563,Zoffany,sir_5292651,Galileo,dsi_3722383
rac_11611938,Kempton (AW),crs_28054,2025-04-15 00:00:00,6:30,1m,1m,8.0,GB,Class 5,Flat,4yo+,10,Standard To Slow,AW,,hrs_24064999,The Spotlight Kid,6,Dean Ivory,trn_135963,"Radlett, Herts",7,1,14.0,John Marsden,own_758284,3,127,81,65,Saffie Osborne,jky_301050,47,13-236,57.0,7,Marjong,dam_5834241,Mayson,sir_5298622,Mount Nelson,dsi_4624228
rac_11611938,Kempton (AW),crs_28054,2025-04-15 00:00:00,6:30,1m,1m,8.0,GB,Class 5,Flat,4yo+,10,Standard To Slow,AW,,hrs_37289469,Bluebottle Blue,5,Robert Stephens,trn_254385,"Caldicot, Monmouthshire",5,1,20.0,R Stephens,own_851944,9,125,72,26,David Probert,jky_258039,38,/266-7,60.0,26,Ebbesbourne,dam_8059590,Zoffany,sir_5292651,Teofilo,dsi_4546038
rac_11611938,Kempton (AW),crs_28054,2025-04-15 00:00:00,6:30,1m,1m,8.0,GB,Class 5,Flat,4yo+,10,Standard To Slow,AW,,hrs_24162873,Taskheer,7,Daniel Steele,trn_245538,"Henfield, W Sussex",3,0,0.0,Sam Tingey & Charlie Tingey,own_1189224,4,120,76,72,Tyler Heard,jky_299172,22,-01265,33.0,10,Shaarfa,dam_5357807,Golden Horn,sir_6057142,Dynaformer,dsi_2134608
rac_11578606,Kempton (AW),crs_28054,2025-04-15 00:00:00,7:00,7f,7f,7.0,GB,Class 5,Flat,3yo,10,Standard To Slow,AW,,hrs_46295669,Warrnambool,3,Nick Littmoden,trn_79803,"Newmarket, Suffolk",2,0,0.0,G Chesneaux N Littmoden,own_1024472,6,135,76,52,Fred Daly(7),jky_308697,133,309-,,51,Waldluft,dam_41503875,Reliable Man,sir_5237785,Soldier Hollow,dsi_3987102
rac_11578606,Kempton (AW),crs_28054,2025-04-15 00:00:00,7:00,7f,7f,7.0,GB,Class 5,Flat,3yo,10,Standard To Slow,AW,,hrs_41014008,Blewburton,3,Marco Botti,trn_81027,"Newmarket, Suffolk",14,0,0.0,Muhannad Saleh Al Maskari,own_1402016,8,135,74,48,David Egan,jky_286164,39,7-5097,69.0,13,Olga Da Polga,dam_34473096,Saxon Warrior,sir_11118415,Casamento,dsi_5322954
rac_11578606,Kempton (AW),crs_28054,2025-04-15 00:00:00,7:00,7f,7f,7.0,GB,Class 5,Flat,3yo,10,Standard To Slow,AW,,hrs_39960781,Jersey Maverick,3,Charlie Fellowes,trn_260217,"Newmarket, Suffolk",7,0,0.0,"Tim Cottier, Clark, Spence And Fellowes",own_1366296,10,133,72,27,Callum Shepherd,jky_280029,180,0753-,43.0,29,Absolute Music,dam_5129264,Kodi Bear,sir_5988948,Consolidator,dsi_4208890
rac_11578606,Kempton (AW),crs_28054,2025-04-15 00:00:00,7:00,7f,7f,7.0,GB,Class 5,Flat,3yo,10,Standard To Slow,AW,,hrs_40919459,Invincible Melody,3,Ralph Beckett,trn_125253,"Kimpton, Hants",14,2,14.0,King Power Racing Co Ltd,own_1008844,1,133,80,76,Rossa Ryan,jky_287232,10,-45222,50.0,2.38,Roger Sez,dam_5422606,Invincible Army,sir_10246215,Red Clubs,dsi_4439239
rac_11578606,Kempton (AW),crs_28054,2025-04-15 00:00:00,7:00,7f,7f,7.0,GB,Class 5,Flat,3yo,10,Standard To Slow,AW,,hrs_44199162,Orchard,3,Warren Greatrex,trn_198099,"Upper Lambourn, Berks",11,2,18.0,Jim And Claire Limited,own_1147748,2,132,77,63,Charles Bishop,jky_268881,167,06448-,73.0,6,Al Shahaniya,dam_6279350,Wooded,sir_19600987,Zoffany,dsi_5292651
rac_11578606,Kempton (AW),crs_28054,2025-04-15 00:00:00,7:00,7f,7f,7.0,GB,Class 5,Flat,3yo,10,Standard To Slow,AW,,hrs_44570687,Blue Seeker,3,Simon & Ed Crisford,trn_337302,"Newmarket, Suffolk",19,4,21.0,Sheikh Marwan Al Maktoum,own_150092,7,132,79,65,Liam Wright(5),jky_304650,10,1-3563,72.0,10,Dubai One,dam_6930266,Blue Point,sir_7175189,Exceed And Excel,dsi_4045216
rac_11578606,Kempton (AW),crs_28054,2025-04-15 00:00:00,7:00,7f,7f,7.0,GB,Class 5,Flat,3yo,10,Standard To Slow,AW,,hrs_42912415,Knights Gold,3,Dr Richard Newland & Jamie Insole,trn_368685,"Elmbridge, Worcs",27,5,19.0,Adam James Spratt,own_1388260,3,131,77,64,Cieren Fallon,jky_295557,20,3804-5,59.0,5,Samira Gold,dam_4776786,Dark Angel,sir_4701529,Gold Away,dsi_3310986
rac_11578606,Kempton (AW),crs_28054,2025-04-15 00:00:00,7:00,7f,7f,7.0,GB,Class 5,Flat,3yo,10,Standard To Slow,AW,,hrs_41189729,Optimatum,3,Charlie Johnston,trn_361179,"Middleham Moor, N Yorks",32,3,9.0,Newsells Park Stud-Ardiles/Brazil/Hoddle,own_1363988,4,126,75,66,Billy Loughnane,jky_233301,10,506-8,44.0,10,Beyond Limits,dam_35937489,Wootton Bassett,sir_5246346,Zoffany,dsi_5292651
rac_11578606,Kempton (AW),crs_28054,2025-04-15 00:00:00,7:00,7f,7f,7.0,GB,Class 5,Flat,3yo,10,Standard To Slow,AW,,hrs_39060028,Prince Of Joy,3,George Baker,trn_180045,"Epsom Downs, Surrey",5,0,0.0,Mrs Tina Larcombe,own_1350928,5,126,75,51,Pat Cosgrave,jky_43887,174,786-,,26,Christmas Joy,dam_25054113,Oasis Dream,sir_3960579,Galileo,dsi_3722383
rac_11578606,Kempton (AW),crs_28054,2025-04-15 00:00:00,7:00,7f,7f,7.0,GB,Class 5,Flat,3yo,10,Standard To Slow,AW,,hrs_44816597,Split Silk,3,Ollie Sangster,trn_363114,"Marlborough, Wilts",10,2,20.0,R Barnett And Mrs B V Sangster,own_1394976,9,123,76,56,Trevor Whelan,jky_259710,148,785-,70.0,21,Amber Silk,dam_5532569,Ghaiyyath,sir_10465427,Lawman,dsi_4677225
rac_11578632,Kempton (AW),crs_28054,2025-04-15 00:00:00,7:30,6f,6f,6.0,GB,Class 5,Flat,3yo,10,Standard To Slow,AW,,hrs_42261198,Queue Dos,3,J S Moore,trn_46089,"Upper Lambourn, Berks",6,0,0.0,Ms H N Pinniger & Partners,own_1383240,5,135,83,70,Taylor Fisher(3),jky_305277,20,2217-3,33.0,4.33,Heartstone,dam_6293756,Massaat,sir_6125028,Fastnet Rock,dsi_4175850
rac_11578632,Kempton (AW),crs_28054,2025-04-15 00:00:00,7:30,6f,6f,6.0,GB,Class 5,Flat,3yo,10,Standard To Slow,AW,,hrs_42005460,Mighty Ruler,3,Michael Attwater,trn_147654,"Epsom, Surrey",8,0,0.0,The Attwater Partnership,own_632060,3,135,77,51,Luke Morris,jky_254571,59,6863-8,,29,Macau,dam_5891942,Mehmas,sir_7032655,Dashing Blade,dsi_344337
rac_11578632,Kempton (AW),crs_28054,2025-04-15 00:00:00,7:30,6f,6f,6.0,GB,Class 5,Flat,3yo,10,Standard To Slow,AW,,hrs_46077318,My Mate Kev,3,Chris Dwyer,trn_45567,"Newmarket, Suffolk",4,1,25.0,Strawberry Fields Stud,own_700948,10,135,80,64,Lewis Edmunds,jky_283989,166,51-,75.0,12,Quick Thought,dam_7215215,Aclaim,sir_6338269,Sir Percy,dsi_4465013
rac_11578632,Kempton (AW),crs_28054,2025-04-15 00:00:00,7:30,6f,6f,6.0,GB,Class 5,Flat,3yo,10,Standard To Slow,AW,,hrs_39061400,Fleetwater,3,J S Moore,trn_46089,"Upper Lambourn, Berks",6,0,0.0,Ms H N Pinniger And Partner,own_1307088,2,135,77,-,Billy Loughnane,jky_233301,169,26532-,33.0,6.5,Noble Nova,dam_4466490,Ardad,sir_7157318,Fraam,dsi_479486
rac_11578632,Kempton (AW),crs_28054,2025-04-15 00:00:00,7:30,6f,6f,6.0,GB,Class 5,Flat,3yo,10,Standard To Slow,AW,,hrs_41814829,Brightwalton,3,Richard Hannon,trn_259083,"Herridge, Wilts",29,1,3.0,Denford Stud,own_702368,4,135,77,-,Alec Voikhansky(3),jky_303102,225,4424-,59.0,10,Illuminate,dam_6139609,Wootton Bassett,sir_5246346,Zoffany,dsi_5292651
rac_11578632,Kempton (AW),crs_28054,2025-04-15 00:00:00,7:30,6f,6f,6.0,GB,Class 5,Flat,3yo,10,Standard To Slow,AW,,hrs_39060392,Spirited Dancer,3,Daniel & Claire Kubler,trn_338733,"Lambourn, Berks",10,0,0.0,Ludgershall Racing,own_1258788,7,133,77,40,Richard Kingscote,jky_250662,192,15850-,30.0,26,Danseuse De Reve,dam_5874876,Dandy Man,sir_4459483,Invincible Spirit,dsi_3548489
rac_11578632,Kempton (AW),crs_28054,2025-04-15 00:00:00,7:30,6f,6f,6.0,GB,Class 5,Flat,3yo,10,Standard To Slow,AW,,hrs_41152860,Spiritualism,3,Lemos De Souza,trn_379206,"Newmarket, Suffolk",3,0,0.0,Racing To Profit Syndicate & Partner,own_1236856,9,133,81,55,David Egan,jky_286164,22,931-07,33.0,29,Luceita,dam_10303328,Invincible Spirit,sir_3548489,Dawn Approach,dsi_5647166
rac_11578632,Kempton (AW),crs_28054,2025-04-15 00:00:00,7:30,6f,6f,6.0,GB,Class 5,Flat,3yo,10,Standard To Slow,AW,,hrs_40473643,Foro Romano,3,Marco Botti,trn_81027,"Newmarket, Suffolk",14,0,0.0,Dennis Brocklesby & Partner,own_1413656,8,132,76,64,Marco Ghiani,jky_294903,41,7-0242,69.0,6,Frosty's Gift,dam_39059888,Acclamation,sir_3789198,Goldencents,dsi_5753146
rac_11578632,Kempton (AW),crs_28054,2025-04-15 00:00:00,7:30,6f,6f,6.0,GB,Class 5,Flat,3yo,10,Standard To Slow,AW,,hrs_39962489,Equalised,3,Charles Hills,trn_230652,"Lambourn, Berks",9,2,22.0,Kennet Valley Syndicates Vi,own_1335884,1,131,82,-,Rob Hornby,jky_278322,214,8488-,67.0,6,Electric Mistress,dam_19462569,Equiano,sir_4846485,Dandy Man,dsi_4459483
rac_11578632,Kempton (AW),crs_28054,2025-04-15 00:00:00,7:30,6f,6f,6.0,GB,Class 5,Flat,3yo,10,Standard To Slow,AW,,hrs_49973798,Dream Out Loud,3,Andrew Balding,trn_140445,"Kingsclere, Hants",36,8,22.0,Dahlbury Racing,own_1299708,6,127,79,69,David Probert,jky_258039,19,224,67.0,5,Deadline Diva,dam_13819470,Mehmas,sir_7032655,Frankel,dsi_5344171
rac_11578554,Kempton (AW),crs_28054,2025-04-15 00:00:00,8:00,6f,6f,6.0,GB,Class 4,Flat,4yo+,12,Standard To Slow,AW,,hrs_32061267,Bishop's Crown,5,Eve Johnson Houghton,trn_170280,"Blewbury, Oxfordshire",17,2,12.0,J D Partnership & Gary Black,own_1287140,3,136,95,-,Charles Bishop,jky_268881,172,54177-,41.0,11,Jalela,dam_9992374,Havana Gold,sir_5617752,Canford Cliffs,dsi_5126478
rac_11578554,Kempton (AW),crs_28054,2025-04-15 00:00:00,8:00,6f,6f,6.0,GB,Class 4,Flat,4yo+,12,Standard To Slow,AW,,hrs_36354283,Blue Day,4,Harry Charlton,trn_369216,"Beckhampton, Wilts",13,2,15.0,Mohammed Jaber,own_247052,10,136,98,78,Trevor Whelan,jky_259710,157,33206-,46.0,5.5,Sooraah,dam_5070590,Blue Point,sir_7175189,Dubawi,dsi_4127830
rac_11578554,Kempton (AW),crs_28054,2025-04-15 00:00:00,8:00,6f,6f,6.0,GB,Class 4,Flat,4yo+,12,Standard To Slow,AW,,hrs_20260646,Intervention,8,Michael Appleby,trn_93267,"Oakham, Rutland",10,0,0.0,The Horse Watchers 8,own_1246212,5,135,96,73,Mason Paetel(7),jky_312036,7,-44314,40.0,7.5,Lady Lube Rye,dam_5110567,Swiss Spirit,sir_5425399,Catcher In The Rye,dsi_3948378
rac_11578554,Kempton (AW),crs_28054,2025-04-15 00:00:00,8:00,6f,6f,6.0,GB,Class 4,Flat,4yo+,12,Standard To Slow,AW,,hrs_29228367,Eminency,5,Stuart Williams,trn_76887,"Newmarket, Suffolk",15,2,13.0,Mrs J Morley,own_474452,11,133,93,-,Marco Ghiani,jky_294903,241,50385-,57.0,15,Kendamara,dam_7157437,Havana Grey,sir_9602586,Kendargent,dsi_4514419
rac_11578554,Kempton (AW),crs_28054,2025-04-15 00:00:00,8:00,6f,6f,6.0,GB,Class 4,Flat,4yo+,12,Standard To Slow,AW,,hrs_8541470,Treacherous,11,Ed de Giles,trn_65700,"Ledbury, H'fords",3,0,0.0,Woodham Walter Partnership,own_982124,2,132,94,58,Ryan Kavanagh(5),jky_308169,167,12013-,67.0,15,Black Baroness,dam_6170388,Paco Boy,sir_4799585,Ishiguru,dsi_3728466
rac_11578554,Kempton (AW),crs_28054,2025-04-15 00:00:00,8:00,6f,6f,6.0,GB,Class 4,Flat,4yo+,12,Standard To Slow,AW,,hrs_30357551,Danger Alert,5,George Baker,trn_180045,"Epsom Downs, Surrey",5,0,0.0,Mrs Diggy Rodber,own_1349436,9,131,93,-,Pat Cosgrave,jky_43887,202,90528-,,23,Sandy Times,dam_6044010,Ardad,sir_7157318,Footstepsinthesand,dsi_4217458
rac_11578554,Kempton (AW),crs_28054,2025-04-15 00:00:00,8:00,6f,6f,6.0,GB,Class 4,Flat,4yo+,12,Standard To Slow,AW,,hrs_35625765,Thursday's Child,4,Patrick Chamings,trn_56736,"Baughurst, Hants",6,1,17.0,Inhurst Players,own_660712,8,131,95,59,David Probert,jky_258039,176,05286-,50.0,23,Yaa Mous,dam_13397769,Harry Angel,sir_7013188,Farhh,dsi_5335106
rac_11578554,Kempton (AW),crs_28054,2025-04-15 00:00:00,8:00,6f,6f,6.0,GB,Class 4,Flat,4yo+,12,Standard To Slow,AW,,hrs_28123249,Al Ameen,6,James Fanshawe,trn_40860,"Newmarket, Suffolk",12,3,25.0,Ever Equine,own_772492,12,128,101,89,George Wood,jky_283725,8,4-6511,75.0,3.25,Kendal Mint,dam_5820472,Aclaim,sir_6338269,Kyllachy,dsi_3691611
rac_11578554,Kempton (AW),crs_28054,2025-04-15 00:00:00,8:00,6f,6f,6.0,GB,Class 4,Flat,4yo+,12,Standard To Slow,AW,,hrs_22440453,Twilight Madness,7,Simon Hodgson,trn_240849,"Dogmersfield, Hants",3,0,0.0,P R Hedger & P C F Racing Ltd,own_1010756,4,126,93,45,William Carver,jky_291957,14,2420-7,33.0,13,Rhal,dam_5245989,Twilight Son,sir_6066578,Rahy,dsi_97321
rac_11578554,Kempton (AW),crs_28054,2025-04-15 00:00:00,8:00,6f,6f,6.0,GB,Class 4,Flat,4yo+,12,Standard To Slow,AW,,hrs_21895916,Capote's Dream,8,Tom Ward,trn_327069,"Upper Lambourn, Berks",3,0,0.0,Fitorfat Racing 1,own_1252340,1,126,93,65,Daniel Muscutt,jky_275571,157,94622-,67.0,12,Capote West,dam_5507698,Dream Ahead,sir_5327504,Capote,dsi_2131577
rac_11578554,Kempton (AW),crs_28054,2025-04-15 00:00:00,8:00,6f,6f,6.0,GB,Class 4,Flat,4yo+,12,Standard To Slow,AW,,hrs_31565513,Liosa,5,Stuart Kittow,trn_131103,"Blackborough, Devon",6,1,17.0,Mrs P E Hawkings,own_459140,6,125,93,75,Billy Loughnane,jky_233301,169,22121-,67.0,8,Sally Is The Boss,dam_11542622,The Last Lion,sir_6752270,Orpen,dsi_3499902
rac_11578554,Kempton (AW),crs_28054,2025-04-15 00:00:00,8:00,6f,6f,6.0,GB,Class 4,Flat,4yo+,12,Standard To Slow,AW,,hrs_36763580,Tiger Tulip,4,Heather Main,trn_193941,"Kingston Lisle, Oxfordshire",5,1,20.0,"Kon, Wilton & Wetumpka Racing",own_1335960,7,123,95,61,Cieren Fallon,jky_295557,162,02379-,40.0,29,Byroness,dam_5709179,Aclaim,sir_6338269,Byron,dsi_4058614
rac_11578567,Kempton (AW),crs_28054,2025-04-15 00:00:00,8:30,1m4f,1m3f219y,12.0,GB,Class 5,Flat,4yo+,12,Standard To Slow,AW,,hrs_34471038,Odin Legacy,4,Richard Hannon,trn_259083,"Herridge, Wilts",29,1,3.0,Stall Perlen AB,own_1277236,7,135,87,48,Alec Voikhansky(3),jky_303102,12,3350-4,59.0,11,Fikrah,dam_4786817,Kodiac,sir_4080139,Medicean,dsi_3697442
rac_11578567,Kempton (AW),crs_28054,2025-04-15 00:00:00,8:30,1m4f,1m3f219y,12.0,GB,Class 5,Flat,4yo+,12,Standard To Slow,AW,,hrs_32249168,Damascus Steel,5,Ed Dunlop,trn_81324,"Newmarket, Suffolk",12,0,0.0,Mrs Jessica Ball,own_1178228,10,135,88,58,Richard Kingscote,jky_250662,102,1269-7,42.0,15,Shanjia,dam_5533213,Mastercraftsman,sir_4870369,Soldier Hollow,dsi_3987102
rac_11578567,Kempton (AW),crs_28054,2025-04-15 00:00:00,8:30,1m4f,1m3f219y,12.0,GB,Class 5,Flat,4yo+,12,Standard To Slow,AW,,hrs_35459053,Sugarloaf Lenny,4,William Knight,trn_161694,"Newmarket, Suffolk",14,0,0.0,Caught Short Partnership,own_1323652,13,135,85,79,NON-RUNNER,jky_224913,11,1441-8,43.0,-,Ebb,dam_6264699,Land Force,sir_13368124,Acclamation,dsi_3789198
rac_11578567,Kempton (AW),crs_28054,2025-04-15 00:00:00,8:30,1m4f,1m3f219y,12.0,GB,Class 5,Flat,4yo+,12,Standard To Slow,AW,,hrs_37563911,Caprelo,4,Hughie Morrison,trn_96336,"East Ilsley, Berks",5,0,0.0,"Collett, Lund, Morrison & Scott",own_1344864,9,135,88,74,Rob Hornby,jky_278322,186,12247-,60.0,6.5,Capriolla,dam_4587646,Ulysses,sir_6125343,In The Wings,dsi_312270
rac_11578567,Kempton (AW),crs_28054,2025-04-15 00:00:00,8:30,1m4f,1m3f219y,12.0,GB,Class 5,Flat,4yo+,12,Standard To Slow,AW,,hrs_38018386,Bas Bleu,4,Ed Walker,trn_215334,"Upper Lambourn, Berks",9,1,11.0,"Paul & Sally Flatt, Childwickbury Stud",own_1367880,5,135,86,59,Saffie Osborne,jky_301050,181,83231-,67.0,5.5,Sensory,dam_10303132,Masar,sir_8866032,Dream Ahead,dsi_5327504
rac_11578567,Kempton (AW),crs_28054,2025-04-15 00:00:00,8:30,1m4f,1m3f219y,12.0,GB,Class 5,Flat,4yo+,12,Standard To Slow,AW,,hrs_28014378,Syllabus,5,Emma Lavelle,trn_118044,"Ogbourne Maizey, Wilts",14,1,7.0,Owners Group 129,own_1420592,11,134,-,-,Charles Bishop,jky_268881,550 (43J),53323/,50.0,19,Nancy O,dam_5743045,Sea The Stars,sir_4868829,Pivotal,dsi_753900
rac_11578567,Kempton (AW),crs_28054,2025-04-15 00:00:00,8:30,1m4f,1m3f219y,12.0,GB,Class 5,Flat,4yo+,12,Standard To Slow,AW,,hrs_34874350,Federated,5,John Butler,trn_235593,"Newmarket, Suffolk",18,1,6.0,Newtown Anner Stud Farm Ltd,own_637712,8,133,88,60,Billy Loughnane,jky_233301,17,112-13,50.0,3.75,Indy Punch,dam_5402852,War Front,sir_4544750,Pulling Punches,dsi_4864650
rac_11578567,Kempton (AW),crs_28054,2025-04-15 00:00:00,8:30,1m4f,1m3f219y,12.0,GB,Class 5,Flat,4yo+,12,Standard To Slow,AW,,hrs_37658999,Brodie's Boy,4,Paul Attwater,trn_374220,"Upper Lambourn, Berkshire",3,0,0.0,Rc Syndicate Vi,own_1404940,6,132,87,63,Edward Greatrex,jky_282474,63,692-77,33.0,26,On The Rocks,dam_5962509,Cloth Of Stars,sir_6234816,Verglas,dsi_3126837
rac_11578567,Kempton (AW),crs_28054,2025-04-15 00:00:00,8:30,1m4f,1m3f219y,12.0,GB,Class 5,Flat,4yo+,12,Standard To Slow,AW,,hrs_36614928,One Cool Dreamer,4,Alan King,trn_125352,"Wroughton, Wilts",13,1,8.0,The Maple Street Partnership,own_940336,4,131,84,50,Rossa Ryan,jky_287232,189,51157-,46.0,10,Araminte,dam_11373082,Oasis Dream,sir_3960579,One Cool Cat,dsi_4050599
rac_11578567,Kempton (AW),crs_28054,2025-04-15 00:00:00,8:30,1m4f,1m3f219y,12.0,GB,Class 5,Flat,4yo+,12,Standard To Slow,AW,,hrs_34471801,Detroit Lion,4,Richard Hannon,trn_259083,"Herridge, Wilts",29,1,3.0,Middleham Park Racing & Barry O'Brien,own_1317692,1,130,85,67,Thomas Greatrex,jky_282105,7,34-822,59.0,10,Oriental Step,dam_18828782,Awtaad,sir_6124769,Tamayuz,dsi_4817246
rac_11578567,Kempton (AW),crs_28054,2025-04-15 00:00:00,8:30,1m4f,1m3f219y,12.0,GB,Class 5,Flat,4yo+,12,Standard To Slow,AW,,hrs_24311434,Ocean Heights,8,David Pipe,trn_91413,"Nicholashayne, Somerset",10,1,10.0,Mrs Lynne Webb And Partner,own_1089064,12,129,91,69,Aiden Brookes(3),jky_302091,27,80-965,20.0,10,Ethereal Sky,dam_5996249,Dubawi,sir_4127830,Invincible Spirit,dsi_3548489
rac_11578567,Kempton (AW),crs_28054,2025-04-15 00:00:00,8:30,1m4f,1m3f219y,12.0,GB,Class 5,Flat,4yo+,12,Standard To Slow,AW,,hrs_36062075,Pursuit Of Truth,4,Kevin Philippart De Foy,trn_341541,"Newmarket, Suffolk",9,1,11.0,The Pumpkin Partnership,own_1419128,2,127,87,81,Daniel Muscutt,jky_275571,15,/526-6,67.0,12,Spirit Bear,dam_36062152,Sea The Stars,sir_4868829,Smart Strike,dsi_3156755
rac_11578567,Kempton (AW),crs_28054,2025-04-15 00:00:00,8:30,1m4f,1m3f219y,12.0,GB,Class 5,Flat,4yo+,12,Standard To Slow,AW,,hrs_18928812,Gold Souk,8,Daniel Steele,trn_245538,"Henfield, W Sussex",3,0,0.0,Sam Tingey & Charlie Tingey,own_1189224,3,116,83,-,Tyler Heard,jky_299172,15,0152/7,33.0,67,Dubai Sunrise,dam_5454757,Casamento,sir_5322954,Seeking The Gold,dsi_2133222
rac_11575005,Newmarket,crs_988,2025-04-15 00:00:00,1:50,6f,6f,6.0,GB,Class 2,Flat,4yo+,13,Good,Turf,,hrs_35336546,Woodhay Wonder,4,Tom Ward,trn_327069,"Upper Lambourn, Berks",3,0,0.0,Matthew Webber &  Toby Ward,own_1306348,6,135,112,101,P J McDonald,jky_230616,207,11430-,67.0,8,Luang Prabang,dam_6177304,Tamayuz,sir_4817246,Invincible Spirit,dsi_3548489
rac_11575005,Newmarket,crs_988,2025-04-15 00:00:00,1:50,6f,6f,6.0,GB,Class 2,Flat,4yo+,13,Good,Turf,,hrs_36794100,Elmonjed,4,William Haggas,trn_30735,"Newmarket, Suffolk",17,3,18.0,Shadwell Estate Company Ltd,own_1209752,3,132,113,87,Jim Crowley,jky_42702,234,63311-,40.0,6,Naafer,dam_7102193,Blue Point,sir_7175189,Oasis Dream,dsi_3960579
rac_11575005,Newmarket,crs_988,2025-04-15 00:00:00,1:50,6f,6f,6.0,GB,Class 2,Flat,4yo+,13,Good,Turf,,hrs_36137423,Indian Run,4,Julie Camacho,trn_110025,"Norton, N Yorks",4,1,25.0,Martin Hughes & Michael Kerr-Dineen,own_716832,11,132,108,74,James Doyle,jky_20703,235,/6000-,75.0,34,Just Wondering,dam_5752306,Sioux Nation,sir_9923655,Danehill Dancer,dsi_728077
rac_11575005,Newmarket,crs_988,2025-04-15 00:00:00,1:50,6f,6f,6.0,GB,Class 2,Flat,4yo+,13,Good,Turf,,hrs_33875667,Vantheman,4,Kevin Ryan,trn_202725,"Hambleton, N Yorks",22,2,9.0,Alison Muir Tonge / Colin Paterson,own_1423040,12,127,112,105,Tom Eaves,jky_230493,186,20154-,41.0,13,Laila Honiwillow,dam_6275976,Invincible Army,sir_10246215,Bahamian Bounty,dsi_3136021
rac_11575005,Newmarket,crs_988,2025-04-15 00:00:00,1:50,6f,6f,6.0,GB,Class 2,Flat,4yo+,13,Good,Turf,,hrs_35149037,Aramram,4,Richard Hannon,trn_259083,"Herridge, Wilts",29,1,3.0,Ziad A Galadari,own_190704,7,127,115,-,Joe Leavy(3),jky_303777,9,217-22,59.0,6.5,Queen's Pearl,dam_6061846,Blue Point,sir_7175189,Exceed And Excel,dsi_4045216
rac_11575005,Newmarket,crs_988,2025-04-15 00:00:00,1:50,6f,6f,6.0,GB,Class 2,Flat,4yo+,13,Good,Turf,,hrs_21672749,First Folio,7,Julie Camacho,trn_110025,"Norton, N Yorks",4,1,25.0,Owners Group 083,own_1212688,2,126,110,94,Ryan Sexton,jky_301137,164,43416-,75.0,34,Lilian Baylis,dam_6096272,Dark Angel,sir_4701529,Shamardal,dsi_4214315
rac_11575005,Newmarket,crs_988,2025-04-15 00:00:00,1:50,6f,6f,6.0,GB,Class 2,Flat,4yo+,13,Good,Turf,,hrs_29227037,Dark Thirty,5,Richard Hannon,trn_259083,"Herridge, Wilts",29,1,3.0,Martin Hughes & Michael Kerr-Dineen,own_716832,5,125,114,96,Ryan Moore,jky_237606,16,0006-1,59.0,6,Beach Wedding,dam_10795127,Starspangledbanner,sir_5084065,Footstepsinthesand,dsi_4217458
rac_11575005,Newmarket,crs_988,2025-04-15 00:00:00,1:50,6f,6f,6.0,GB,Class 2,Flat,4yo+,13,Good,Turf,,hrs_36515822,Trefor,4,Charles Hills,trn_230652,"Lambourn, Berks",9,2,22.0,Julie Martin & David R Martin & Partner,own_848336,13,125,113,91,Jason Watson,jky_288666,246,41105-,67.0,13,Silk Bow,dam_6185949,Invincible Army,sir_10246215,Elusive City,dsi_3962056
rac_11575005,Newmarket,crs_988,2025-04-15 00:00:00,1:50,6f,6f,6.0,GB,Class 2,Flat,4yo+,13,Good,Turf,,hrs_24216528,Probe,7,Jennie Candlish,trn_139968,"Basford, Staffs",31,3,10.0,Mrs Ros Marriott,own_1360864,4,124,111,49,Kieran O'Neill,jky_250764,16,916/60,61.0,17,Tested,dam_5909470,Kingman,sir_5880140,Selkirk,dsi_435050
rac_11575005,Newmarket,crs_988,2025-04-15 00:00:00,1:50,6f,6f,6.0,GB,Class 2,Flat,4yo+,13,Good,Turf,,hrs_41051955,More Thunder,4,William Haggas,trn_30735,"Newmarket, Suffolk",17,3,18.0,Saeed Suhail,own_12132,1,123,109,91,Tom Marquand,jky_281841,200,51323-,40.0,13,Buying Trouble,dam_6580245,Night Of Thunder,sir_5876514,Hat Trick,dsi_4476654
rac_11575005,Newmarket,crs_988,2025-04-15 00:00:00,1:50,6f,6f,6.0,GB,Class 2,Flat,4yo+,13,Good,Turf,,hrs_31451287,Physique,5,Pam Sly,trn_4266,"Thorney, Cambs",2,0,0.0,Patsy Sheehan,own_1317268,10,122,114,101,Oisin Murphy,jky_278184,16,1009-4,100.0,5,Shapes,dam_10109953,Kingman,sir_5880140,So You Think,dsi_5197836
rac_11575005,Newmarket,crs_988,2025-04-15 00:00:00,1:50,6f,6f,6.0,GB,Class 2,Flat,4yo+,13,Good,Turf,,hrs_31966298,Ararat,5,Robert Cowell,trn_108513,"Newmarket, Suffolk",6,2,33.0,N Boyden And C Harrold,own_1227108,8,120,110,87,Hollie Doyle,jky_278085,17,6157-0,100.0,41,Recife,dam_31981467,Kodiac,sir_4080139,Giant's Causeway,dsi_3591329
rac_11575005,Newmarket,crs_988,2025-04-15 00:00:00,1:50,6f,6f,6.0,GB,Class 2,Flat,4yo+,13,Good,Turf,,hrs_33875660,Twilight Romance,4,John & Sean Quinn,trn_369855,"Norton, N Yorks",15,2,13.0,WeDo Business & S Radymski,own_1394420,9,117,110,90,Silvestre De Sousa,jky_251238,22,05-655,40.0,21,Red Box,dam_7042308,Twilight Son,sir_6066578,Exceed And Excel,dsi_4045216
rac_11574992,Newmarket,crs_988,2025-04-15 00:00:00,2:25,1m1f,1m1f,9.0,GB,Class 1,Flat,3yo,8,Good,Turf,,hrs_45256008,Almeric,3,Andrew Balding,trn_140445,"Kingsclere, Hants",36,8,22.0,Miss K Rausing,own_28292,3,128,105,86,Oisin Murphy,jky_278184,185,41-,67.0,6,Alvarita,dam_4192965,Study Of Man,sir_11448332,Selkirk,dsi_435050
rac_11574992,Newmarket,crs_988,2025-04-15 00:00:00,2:25,1m1f,1m1f,9.0,GB,Class 1,Flat,3yo,8,Good,Turf,,hrs_41504071,Green Storm,3,Charlie Johnston,trn_361179,"Middleham Moor, N Yorks",32,3,9.0,Ahmad Al Shaikh,own_652616,6,128,118,102,Tom Marquand,jky_281841,170,22122-,44.0,4.5,Banimpire,dam_5343975,Circus Maximus,sir_12241537,Holy Roman Emperor,dsi_4602234
rac_11574992,Newmarket,crs_988,2025-04-15 00:00:00,2:25,1m1f,1m1f,9.0,GB,Class 1,Flat,3yo,8,Good,Turf,,hrs_44166213,King Of Cities,3,Richard Hannon,trn_259083,"Herridge, Wilts",29,1,3.0,Sheikh Mohammed Obaid Al Maktoum,own_221344,5,128,101,96,Ryan Moore,jky_237606,207,312-,59.0,11,Ajman Princess,dam_6941326,Dubawi,sir_4127830,Teofilo,dsi_4546038
rac_11574992,Newmarket,crs_988,2025-04-15 00:00:00,2:25,1m1f,1m1f,9.0,GB,Class 1,Flat,3yo,8,Good,Turf,,hrs_45136672,Last Galileo,3,K R Burke,trn_45171,"Coverham, North Yorkshire",33,6,18.0,Zhang Yuesheng,own_821356,2,128,97,72,Clifford Lee,jky_280440,187,21-,59.0,29,Bye Bye Birdie,dam_5843439,Galileo,sir_3722383,Oasis Dream,dsi_3960579
rac_11574992,Newmarket,crs_988,2025-04-15 00:00:00,2:25,1m1f,1m1f,9.0,GB,Class 1,Flat,3yo,8,Good,Turf,,hrs_43796431,Law Of Design,3,Brian Meehan,trn_64989,"Manton, Wilts",5,0,0.0,Manton Thoroughbreds IX,own_1372844,4,128,104,90,James Doyle,jky_20703,199,317-,20.0,67,Areeda,dam_5142921,Sottsass,sir_15245916,Refuse To Bend,dsi_3962511
rac_11574992,Newmarket,crs_988,2025-04-15 00:00:00,2:25,1m1f,1m1f,9.0,GB,Class 1,Flat,3yo,8,Good,Turf,,hrs_46045293,Masai Moon,3,Charlie Appleby,trn_255042,"Newmarket, Suffolk",9,3,33.0,Godolphin,own_199380,8,128,99,-,William Buick,jky_257379,183,1-,57.0,5.5,Mairwen,dam_11424959,Siyouni,sir_5133128,Dubawi,dsi_4127830
rac_11574992,Newmarket,crs_988,2025-04-15 00:00:00,2:25,1m1f,1m1f,9.0,GB,Class 1,Flat,3yo,8,Good,Turf,,hrs_43951089,Nightwalker,3,John & Thady Gosden,trn_344619,"Newmarket, Suffolk",22,3,14.0,Juddmonte,own_1206684,1,128,113,82,Kieran Shoemark,jky_279711,185,313-,65.0,6.5,Sleep Walk,dam_6015989,Frankel,sir_5344171,Oasis Dream,dsi_3960579
rac_11574992,Newmarket,crs_988,2025-04-15 00:00:00,2:25,1m1f,1m1f,9.0,GB,Class 1,Flat,3yo,8,Good,Turf,,hrs_45701796,Sallaal,3,Roger Varian,trn_224010,"Newmarket, Suffolk",9,4,44.0,Sheikh Ahmed Al Maktoum,own_59124,7,128,105,90,Silvestre De Sousa,jky_251238,182,1-,75.0,4,Nahrain,dam_5344052,Frankel,sir_5344171,Selkirk,dsi_435050
rac_11574966,Newmarket,crs_988,2025-04-15 00:00:00,3:00,1m1f,1m1f,9.0,GB,Class 1,Flat,4yo+,6,Good,Turf,,hrs_40805548,First Conquest,4,Charlie Appleby,trn_255042,"Newmarket, Suffolk",9,3,33.0,Godolphin,own_199380,3,131,119,104,James Doyle,jky_20703,45,51-113,57.0,8.5,Patroness,dam_5505297,Teofilo,sir_4546038,Dubawi,dsi_4127830
rac_11574966,Newmarket,crs_988,2025-04-15 00:00:00,3:00,1m1f,1m1f,9.0,GB,Class 1,Flat,4yo+,6,Good,Turf,,hrs_37246517,Ambiente Friendly,4,James Owen,trn_360648,"Newmarket, Suffolk",39,10,26.0,The Gredley Family,own_1209196,2,128,129,119,Hector Crouch,jky_278418,212,12305-,54.0,2.88,Roxity,dam_7182175,Gleneagles,sir_6014925,Fastnet Rock,dsi_4175850
rac_11574966,Newmarket,crs_988,2025-04-15 00:00:00,3:00,1m1f,1m1f,9.0,GB,Class 1,Flat,4yo+,6,Good,Turf,,hrs_30941001,Cairo,5,Alice Haynes,trn_343530,"Newmarket, Suffolk",17,0,0.0,Refai Alghraiban,own_1374876,4,128,121,105,Silvestre De Sousa,jky_251238,45,72-626,35.0,34,Cuff,dam_6956026,Quality Road,sir_5093571,Galileo,dsi_3722383
rac_11574966,Newmarket,crs_988,2025-04-15 00:00:00,3:00,1m1f,1m1f,9.0,GB,Class 1,Flat,4yo+,6,Good,Turf,,hrs_37276134,Lavender Hill Mob,4,James Owen,trn_360648,"Newmarket, Suffolk",39,10,26.0,The Gredley Family,own_1209196,1,128,107,93,Sean D Bowen,jky_303900,300 (35J),39147-,54.0,81,Whazzat,dam_4206832,Expert Eye,sir_10504137,Daylami,dsi_763784
rac_11574966,Newmarket,crs_988,2025-04-15 00:00:00,3:00,1m1f,1m1f,9.0,GB,Class 1,Flat,4yo+,6,Good,Turf,,hrs_29748887,Ottoman Fleet,6,Charlie Appleby,trn_255042,"Newmarket, Suffolk",9,3,33.0,Godolphin,own_199380,6,128,129,109,William Buick,jky_257379,81,113-44,57.0,2.63,Innevera,dam_11163985,Sea The Stars,sir_4868829,Motivator,dsi_4131533
rac_11574966,Newmarket,crs_988,2025-04-15 00:00:00,3:00,1m1f,1m1f,9.0,GB,Class 1,Flat,4yo+,6,Good,Turf,,hrs_33875569,Persica,4,Richard Hannon,trn_259083,"Herridge, Wilts",29,1,3.0,Martin Hughes & Michael Kerr-Dineen,own_716832,5,128,126,111,Ryan Moore,jky_237606,52,1318-3,59.0,5,Rubira,dam_15654352,New Bay,sir_6106975,Lope De Vega,dsi_5186867
rac_11574979,Newmarket,crs_988,2025-04-15 00:00:00,3:35,7f,7f,7.0,GB,Class 1,Flat,3yo,10,Good,Turf,,hrs_41564929,Arabian Dusk,3,Simon & Ed Crisford,trn_337302,"Newmarket, Suffolk",19,4,21.0,Shaikh Duaij Al Khalifa,own_1009060,1,128,117,103,James Doyle,jky_20703,199,23173-,72.0,4.33,Lady Macduff,dam_5571741,Havana Grey,sir_9602586,Iffraaj,dsi_4091143
rac_11574979,Newmarket,crs_988,2025-04-15 00:00:00,3:35,7f,7f,7.0,GB,Class 1,Flat,3yo,10,Good,Turf,,hrs_39962881,Biniorella Bay,3,Tom Clover,trn_294885,"Newmarket, Suffolk",6,1,17.0,Hpb Racing - Hilguy,own_1366304,4,128,101,83,Jack Mitchell,jky_253248,194,21444-,75.0,41,Elmetto,dam_17196669,New Bay,sir_6106975,Helmet,dsi_5455471
rac_11574979,Newmarket,crs_988,2025-04-15 00:00:00,3:35,7f,7f,7.0,GB,Class 1,Flat,3yo,10,Good,Turf,,hrs_44975595,Cartwheel,3,Dylan Cunha,trn_354717,"Newmarket, Suffolk",13,3,23.0,Quest Thoroughbreds And Michael Cox,own_1395744,8,128,90,50,Ray Dawson,jky_266394,181,31-,77.0,26,Deep Blue Sea,dam_6070722,Lightning Spear,sir_5800130,Rip Van Winkle,dsi_4869837
rac_11574979,Newmarket,crs_988,2025-04-15 00:00:00,3:35,7f,7f,7.0,GB,Class 1,Flat,3yo,10,Good,Turf,,hrs_41876618,Celestial Orbit,3,Ollie Sangster,trn_363114,"Marlborough, Wilts",10,2,20.0,"Magnier's, Shanahan & Maclennan",own_1381544,5,128,114,87,Jamie Spencer,jky_41067,264,711-,70.0,10,Rose Bonheur,dam_5364394,No Nay Never,sir_5874547,Danehill Dancer,dsi_728077
rac_11574979,Newmarket,crs_988,2025-04-15 00:00:00,3:35,7f,7f,7.0,GB,Class 1,Flat,3yo,10,Good,Turf,,hrs_45534804,Nardra,3,William Haggas,trn_30735,"Newmarket, Suffolk",17,3,18.0,Saeed Suhail,own_12132,2,128,103,58,Tom Marquand,jky_281841,200,1-,40.0,4.5,Miss Infinity,dam_7117243,Night Of Thunder,sir_5876514,Rock Of Gibraltar,dsi_3814832
rac_11574979,Newmarket,crs_988,2025-04-15 00:00:00,3:35,7f,7f,7.0,GB,Class 1,Flat,3yo,10,Good,Turf,,hrs_46169599,Qarlyga,3,Roger Varian,trn_224010,"Newmarket, Suffolk",9,4,44.0,Nurlan Bizakov,own_617480,3,128,98,55,Silvestre De Sousa,jky_251238,17,61-5,75.0,51,Qazyna,dam_11700045,Golden Horde,sir_18518619,Frankel,dsi_5344171
rac_11574979,Newmarket,crs_988,2025-04-15 00:00:00,3:35,7f,7f,7.0,GB,Class 1,Flat,3yo,10,Good,Turf,,hrs_39962223,Remaat,3,Andrew Balding,trn_140445,"Kingsclere, Hants",36,8,22.0,Prince A A Faisal,own_53908,10,128,99,68,Oisin Murphy,jky_278184,290,621-,67.0,19,Savaanah,dam_11275019,Kodiac,sir_4080139,Olden Times,dsi_3662813
rac_11574979,Newmarket,crs_988,2025-04-15 00:00:00,3:35,7f,7f,7.0,GB,Class 1,Flat,3yo,10,Good,Turf,,hrs_51244305,Saguaro Blossom,3,Brian Meehan,trn_64989,"Manton, Wilts",5,0,0.0,James Edgedale And Partner,own_1425376,7,128,75,-,Jim Crowley,jky_42702,18,5,20.0,101,Takaliyda,dam_5151370,Arizona,sir_18092508,Azamour,dsi_4094377
rac_11574979,Newmarket,crs_988,2025-04-15 00:00:00,3:35,7f,7f,7.0,GB,Class 1,Flat,3yo,10,Good,Turf,,hrs_45887653,Verse Of Love,3,Charlie Appleby,trn_255042,"Newmarket, Suffolk",9,3,33.0,Godolphin,own_199380,6,128,112,93,William Buick,jky_257379,186,1-,57.0,2.88,Vercelli,dam_19071164,Siyouni,sir_5133128,Shamardal,dsi_4214315
rac_11574979,Newmarket,crs_988,2025-04-15 00:00:00,3:35,7f,7f,7.0,GB,Class 1,Flat,3yo,10,Good,Turf,,hrs_43507415,Zanzoun,3,John & Thady Gosden,trn_344619,"Newmarket, Suffolk",22,3,14.0,Juddmonte,own_1206684,9,128,98,84,Kieran Shoemark,jky_279711,148,231-,65.0,12,Franconia,dam_20150361,Dubawi,sir_4127830,Frankel,dsi_5344171
rac_11575031,Newmarket,crs_988,2025-04-15 00:00:00,4:10,5f,5f,5.0,GB,Class 2,Flat,2yo,7,Good,Turf,,hrs_51832228,Guernsey Lady,2,David Evans,trn_34614,"Pandy, Monmouths",15,2,13.0,Trevor Gallienne & David Evans,own_1428764,7,128,-,-,Neil Callan,jky_41097,,,33.0,29,Grandee Daisy,dam_14728770,Coulsty,sir_5819310,Sepoy,dsi_5440085
rac_11575031,Newmarket,crs_988,2025-04-15 00:00:00,4:10,5f,5f,5.0,GB,Class 2,Flat,2yo,7,Good,Turf,,hrs_50434713,Harry's Girl,2,Richard Hannon,trn_259083,"Herridge, Wilts",29,1,3.0,"Craig, Will And Partner",own_1416040,5,128,-,-,Tom Marquand,jky_281841,,,59.0,8.5,Autumn Magic,dam_24065174,Harry Angel,sir_7013188,Brazen Beau,dsi_6026251
rac_11575031,Newmarket,crs_988,2025-04-15 00:00:00,4:10,5f,5f,5.0,GB,Class 2,Flat,2yo,7,Good,Turf,,hrs_51832235,Meelaf,2,K R Burke,trn_45171,"Coverham, North Yorkshire",33,6,18.0,Mohamed Saeed Al Shehhi,own_1419340,6,128,-,-,Clifford Lee,jky_280440,,,59.0,4.33,Teardrop Rock,dam_27251602,Iffraaj,sir_4091143,Fastnet Rock,dsi_4175850
rac_11575031,Newmarket,crs_988,2025-04-15 00:00:00,4:10,5f,5f,5.0,GB,Class 2,Flat,2yo,7,Good,Turf,,hrs_51766827,Naana's Shadow,2,Alice Haynes,trn_343530,"Newmarket, Suffolk",17,0,0.0,John Hall,own_163556,2,128,-,-,Kieran O'Neill,jky_250764,,,35.0,17,Beauty Pageant,dam_5307729,Havana Grey,sir_9602586,Bahamian Bounty,dsi_3136021
rac_11575031,Newmarket,crs_988,2025-04-15 00:00:00,4:10,5f,5f,5.0,GB,Class 2,Flat,2yo,7,Good,Turf,,hrs_51832256,Ruby's Angel,2,Hugo Palmer,trn_225081,"Malpas, Cheshire",9,1,11.0,Roudee Racing 18,own_1428408,3,128,-,-,Jason Hart,jky_270729,,,56.0,4.5,Angel Meadow,dam_7179326,Starman,sir_21670145,Mayson,dsi_5298622
rac_11575031,Newmarket,crs_988,2025-04-15 00:00:00,4:10,5f,5f,5.0,GB,Class 2,Flat,2yo,7,Good,Turf,,hrs_50435532,Storm Flag,2,Andrew Balding,trn_140445,"Kingsclere, Hants",36,8,22.0,Michael Payton,own_68400,1,128,-,-,Oisin Murphy,jky_278184,,,67.0,7,Fragrant Storm,dam_21867020,Starspangledbanner,sir_5084065,Frankel,dsi_5344171
rac_11575031,Newmarket,crs_988,2025-04-15 00:00:00,4:10,5f,5f,5.0,GB,Class 2,Flat,2yo,7,Good,Turf,,hrs_51832242,Twilight Star,2,Charlie Appleby,trn_255042,"Newmarket, Suffolk",9,3,33.0,Godolphin,own_199380,4,128,-,-,William Buick,jky_257379,,,57.0,3,Chasing Dreams,dam_18337711,Mehmas,sir_7032655,Starspangledbanner,dsi_5084065
rac_11575044,Newmarket,crs_988,2025-04-15 00:00:00,4:45,1m,1m,8.0,GB,Class 2,Flat,3yo,8,Good To Firm,Turf,,hrs_43667260,Goldie Trickett,3,William Haggas,trn_30735,"Newmarket, Suffolk",17,3,18.0,Ms Fiona Carmichael,own_997288,2,128,-,-,Tom Marquand,jky_281841,,,40.0,3.75,Falling Petals,dam_6024137,New Bay,sir_6106975,Raven's Pass,dsi_4779124
rac_11575044,Newmarket,crs_988,2025-04-15 00:00:00,4:45,1m,1m,8.0,GB,Class 2,Flat,3yo,8,Good To Firm,Turf,,hrs_43287762,Mahogany Bay,3,Brian Meehan,trn_64989,"Manton, Wilts",5,0,0.0,Mrs M V Magnier & S E Sangster,own_1388012,1,128,78,70,Jim Crowley,jky_42702,248,8-,20.0,23,Kiss Me Daily,dam_10782590,Churchill,sir_6345339,Reliable Man,dsi_5237785
rac_11575044,Newmarket,crs_988,2025-04-15 00:00:00,4:45,1m,1m,8.0,GB,Class 2,Flat,3yo,8,Good To Firm,Turf,,hrs_43507450,Model Yuko,3,Roger Varian,trn_224010,"Newmarket, Suffolk",9,4,44.0,Stay Foolish,own_1358788,8,128,-,-,Silvestre De Sousa,jky_251238,,,75.0,15,Dream Wild,dam_5841906,Al Kazeem,sir_5377211,Oasis Dream,dsi_3960579
rac_11575044,Newmarket,crs_988,2025-04-15 00:00:00,4:45,1m,1m,8.0,GB,Class 2,Flat,3yo,8,Good To Firm,Turf,,hrs_46749136,Naga,3,John & Thady Gosden,trn_344619,"Newmarket, Suffolk",22,3,14.0,George Strawbridge,own_47420,3,128,84,64,Kieran Shoemark,jky_279711,10,2-5,65.0,13,Listen In,dam_7922880,Dubawi,sir_4127830,Sea The Stars,dsi_4868829
rac_11575044,Newmarket,crs_988,2025-04-15 00:00:00,4:45,1m,1m,8.0,GB,Class 2,Flat,3yo,8,Good To Firm,Turf,,hrs_50907185,Pelean,3,John & Thady Gosden,trn_344619,"Newmarket, Suffolk",22,3,14.0,Cheveley Park Stud,own_64420,6,128,87,-,Robert Havlin,jky_29508,27,2,65.0,6,Perfection,dam_11919166,Pinatubo,sir_18619580,Dutch Art,dsi_4618404
rac_11575044,Newmarket,crs_988,2025-04-15 00:00:00,4:45,1m,1m,8.0,GB,Class 2,Flat,3yo,8,Good To Firm,Turf,,hrs_51491566,Treasured Angel,3,Alice Haynes,trn_343530,"Newmarket, Suffolk",17,0,0.0,Carol & David Whymark,own_1228456,4,128,-,-,Kieran O'Neill,jky_250764,,,35.0,51,Angels Wings,dam_6046551,Sergei Prokofiev,sir_13368145,Dark Angel,dsi_4701529
rac_11575044,Newmarket,crs_988,2025-04-15 00:00:00,4:45,1m,1m,8.0,GB,Class 2,Flat,3yo,8,Good To Firm,Turf,,hrs_51832221,Victory Queen,3,Charlie Appleby,trn_255042,"Newmarket, Suffolk",9,3,33.0,Godolphin,own_199380,7,128,-,-,William Buick,jky_257379,,,57.0,2.63,First Victory,dam_6290165,Kingman,sir_5880140,Teofilo,dsi_4546038
rac_11575044,Newmarket,crs_988,2025-04-15 00:00:00,4:45,1m,1m,8.0,GB,Class 2,Flat,3yo,8,Good To Firm,Turf,,hrs_46515308,Zgharta,3,Andrew Balding,trn_140445,"Kingsclere, Hants",36,8,22.0,Imad Alsagar,own_357436,5,128,86,83,Hollie Doyle,jky_278085,164,3-,67.0,6.5,Broadway Duchess,dam_5677042,Ghaiyyath,sir_10465427,New Approach,dsi_4690833
rac_11575018,Newmarket,crs_988,2025-04-15 00:00:00,5:20,1m2f,1m2f,10.0,GB,Class 3,Flat,3yo,5,Good,Turf,,hrs_48667598,Treasure Fleet,3,Charlie Appleby,trn_255042,"Newmarket, Suffolk",9,3,33.0,Godolphin,own_199380,3,135,97,-,William Buick,jky_257379,77,11,57.0,2.38,Pure Excellence,dam_5670896,Kingman,sir_5880140,Exceed And Excel,dsi_4045216
rac_11575018,Newmarket,crs_988,2025-04-15 00:00:00,5:20,1m2f,1m2f,10.0,GB,Class 3,Flat,3yo,5,Good,Turf,,hrs_412693085,Brindavan,3,S Woods,trn_63747,"Newmarket, Suffolk",10,0,0.0,S P C Woods,own_169684,4,129,96,85,Tom Marquand,jky_281841,20,2142-2,70.0,6.5,Cork Harbour,dam_11305868,Belardo,sir_6017543,Harbour Watch,dsi_5493852
rac_11575018,Newmarket,crs_988,2025-04-15 00:00:00,5:20,1m2f,1m2f,10.0,GB,Class 3,Flat,3yo,5,Good,Turf,,hrs_44939608,The Trickster,3,John & Sean Quinn,trn_369855,"Norton, N Yorks",15,2,13.0,Eco-Power Racing,own_1324580,2,128,98,67,Jason Hart,jky_270729,169,11-,40.0,5.5,Much Obliged,dam_4933684,Persian King,sir_15030547,Kingmambo,dsi_553315
rac_11575018,Newmarket,crs_988,2025-04-15 00:00:00,5:20,1m2f,1m2f,10.0,GB,Class 3,Flat,3yo,5,Good,Turf,,hrs_43003331,Lady Chartwell,3,Charlie Johnston,trn_361179,"Middleham Moor, N Yorks",32,3,9.0,Newsells Park Stud-Ardiles/Brazil/Hoddle,own_1363988,1,125,96,74,Ryan Moore,jky_237606,19,274-1,44.0,4.33,Kofariti,dam_32683427,Churchill,sir_6345339,Kodiac,dsi_4080139
rac_11575018,Newmarket,crs_988,2025-04-15 00:00:00,5:20,1m2f,1m2f,10.0,GB,Class 3,Flat,3yo,5,Good,Turf,,hrs_45475577,Hallelujah U,3,James Owen,trn_360648,"Newmarket, Suffolk",39,10,26.0,The Gredley Family,own_1209196,5,124,93,50,Harry Davies,jky_304524,145,651-,54.0,9,Whazzat,dam_4206832,Pinatubo,sir_18619580,Daylami,dsi_763784
rac_11577085,Southwell,crs_1586,2025-04-15 00:00:00,2:05,3m½f,3m60y,24.5,GB,Class 5,Chase,5yo+,7,Good,Turf,19 fences,hrs_30123030,Fever Dream,7,Christian Williams,trn_298674,"Ogmore-By-Sea, Glamorgan",5,3,60.0,Bedford & Noel & The Can't Say No,own_1342884,0,168,105,86,Jack Tudor,jky_296019,57,P48356,80.0,2.75,O What A Girl,dam_4890354,Sholokhov,sir_3839283,Anshan,dsi_344120
rac_11577085,Southwell,crs_1586,2025-04-15 00:00:00,2:05,3m½f,3m60y,24.5,GB,Class 5,Chase,5yo+,7,Good,Turf,19 fences,hrs_29815933,Cokytho,7,Alex Hales,trn_125883,"Edgcote, Oxfordshire",1,0,0.0,The Neardowners,own_932800,0,165,107,88,Kielan Woods,jky_266652,84,-31P8P,,9,Domidale,dam_5122341,Joshua Tree,sir_5172580,Cadoudal,dsi_2127055
rac_11577085,Southwell,crs_1586,2025-04-15 00:00:00,2:05,3m½f,3m60y,24.5,GB,Class 5,Chase,5yo+,7,Good,Turf,19 fences,hrs_24506671,Big Bee Hive,8,Sam England,trn_285003,"Guiseley, W Yorks",14,1,7.0,R J Hewitt,own_488296,0,165,107,82,Jonathan England,jky_263874,57,P45P45,50.0,4.5,Matinee Time,dam_24506664,Imperial Monarch,sir_5412708,Brian Boru,dsi_3957289
rac_11577085,Southwell,crs_1586,2025-04-15 00:00:00,2:05,3m½f,3m60y,24.5,GB,Class 5,Chase,5yo+,7,Good,Turf,19 fences,hrs_24299093,Faitque de L'Isle,10,James Evans,trn_74286,"Kinnersley, Worcs",3,0,0.0,Dfa Racing (Rodney),own_1385400,0,161,108,84,NON-RUNNER,jky_224913,47,644311,33.0,-,Naiade De L'Isle,dam_5963874,Secret Singer,sir_3885084,Dom Alco,dsi_453306
rac_11577085,Southwell,crs_1586,2025-04-15 00:00:00,2:05,3m½f,3m60y,24.5,GB,Class 5,Chase,5yo+,7,Good,Turf,19 fences,hrs_23332568,Cloudy Wednesday,9,Caroline Fryer,trn_221364,"Wymondham, Norfolk",0,0,,Caroline Fryer,own_761960,0,156,104,88,Lewis Stones(3),jky_279366,34,15-223,,4.5,Hansel Monday,dam_4736956,Cloudings,sir_3234854,Beneficial,dsi_530859
rac_11577085,Southwell,crs_1586,2025-04-15 00:00:00,2:05,3m½f,3m60y,24.5,GB,Class 5,Chase,5yo+,7,Good,Turf,19 fences,hrs_27551181,Martalmix'jac,8,Mel Rowley,trn_342864,"Bridgnorth, Shrops",11,0,0.0,High And Low,own_1242004,0,156,104,-,NON-RUNNER,jky_224913,2,P-P223,36.0,-,Andria,dam_5960416,Lord Du Sud,sir_4178412,Martaline,dsi_3862593
rac_11577085,Southwell,crs_1586,2025-04-15 00:00:00,2:05,3m½f,3m60y,24.5,GB,Class 5,Chase,5yo+,7,Good,Turf,19 fences,hrs_33975718,Moro Rock,8,Sara Ender,trn_252576,"Malton, N Yorks",1,0,0.0,Liam Murray,own_1233808,0,154,-,-,Harry Bannister,jky_276906,268,4-F293,100.0,13,Ms Jilly Maaye,dam_5693303,Morozov,sir_3922548,Craigsteel,dsi_3207309
rac_11577085,Southwell,crs_1586,2025-04-15 00:00:00,2:05,3m½f,3m60y,24.5,GB,Class 5,Chase,5yo+,7,Good,Turf,19 fences,hrs_22857457,Dysania,10,Peter & Michael Bowen,trn_372555,"Letterston, Pembrokes",15,2,13.0,Ms G E Morgan,own_917324,0,142,105,75,Sean Bowen,jky_279558,26,62F4P5,53.0,9,She's Supersonic,dam_4325265,Califet,sir_3769220,Accordion,dsi_2134195
rac_11577085,Southwell,crs_1586,2025-04-15 00:00:00,2:05,3m½f,3m60y,24.5,GB,Class 5,Chase,5yo+,7,Good,Turf,19 fences,hrs_21475860,Mistertommyshelby,9,Ryan Potter,trn_241182,"Sellack, H'fords",5,1,20.0,R D Potter,own_813108,0,142,-,-,Freddie Mitchell(3),jky_270273,202,P-89P9,20.0,23,Coolkenna Contact,dam_4775407,Alkaadhem,sir_4077878,Rock Hopper,dsi_372505
rac_11577098,Southwell,crs_1586,2025-04-15 00:00:00,2:40,2m4½f,2m4f88y,20.5,GB,Class 5,Chase,5yo+,7,Good,Turf,16 fences,hrs_33177256,Pep Talking,7,Billy Aprahamian,trn_354006,"Towcester, Northamptonshire",6,1,17.0,Pep Partnership,own_1349208,0,168,101,94,Gavin Sheehan,jky_266721,20,611P31,83.0,4,Don And Gerry,dam_4382847,Pether's Moon,sir_5735996,Vestris Abu,dsi_286573
rac_11577098,Southwell,crs_1586,2025-04-15 00:00:00,2:40,2m4½f,2m4f88y,20.5,GB,Class 5,Chase,5yo+,7,Good,Turf,16 fences,hrs_37987964,Stardhem,6,Ben Pauling,trn_256320,"Naunton, Gloucs",20,0,0.0,Pimlico Racing - Stardhem,own_1423036,0,165,102,84,Ben Jones,jky_289347,34,-62311,30.0,3.25,Clongeen Star,dam_37988118,Alkaadhem,sir_4077878,Arcadio,dsi_4472293
rac_11577098,Southwell,crs_1586,2025-04-15 00:00:00,2:40,2m4½f,2m4f88y,20.5,GB,Class 5,Chase,5yo+,7,Good,Turf,16 fences,hrs_34361642,We Got Your Back,7,L J Morgan,trn_290349,"Waltham On The Wolds, Leics",4,0,0.0,The Stagger Inn,own_1182444,0,157,107,95,Adam Wedge,jky_260736,43,301152,,7,Blaeberry,dam_2827272,Kayf Tara,sir_3297462,Kirkwall,dsi_2934036
rac_11577098,Southwell,crs_1586,2025-04-15 00:00:00,2:40,2m4½f,2m4f88y,20.5,GB,Class 5,Chase,5yo+,7,Good,Turf,16 fences,hrs_18067875,Ensel Du Perche,11,Stella Barclay,trn_312453,"Garstang, Lancs",6,0,0.0,Matt Watkinson Racing I,own_1219956,0,156,104,86,Charlie Maggs(5),jky_304500,20,361712,17.0,9,Onvavoir,dam_5641363,Anabaa Blue,sir_3748654,Diableneyev,dsi_3294928
rac_11577098,Southwell,crs_1586,2025-04-15 00:00:00,2:40,2m4½f,2m4f88y,20.5,GB,Class 5,Chase,5yo+,7,Good,Turf,16 fences,hrs_27236398,Coolmoyne,9,Sara Ender,trn_252576,"Malton, N Yorks",1,0,0.0,Racing Knights And Liam Murray,own_1341008,0,153,105,98,Harry Bannister,jky_276906,21,324724,100.0,17,High Life,dam_4591748,Ocovango,sir_5603829,Kayf Tara,dsi_3297462
rac_11577098,Southwell,crs_1586,2025-04-15 00:00:00,2:40,2m4½f,2m4f88y,20.5,GB,Class 5,Chase,5yo+,7,Good,Turf,16 fences,hrs_39826864,Small Town Hero,5,Christian Williams,trn_298674,"Ogmore-By-Sea, Glamorgan",5,3,60.0,Phil Cunningham,own_590392,0,150,-,-,Jack Tudor,jky_296019,26,560994,80.0,6,Moray Firth,dam_4845393,Jet Away,sir_5333650,Halling,dsi_675241
rac_11577098,Southwell,crs_1586,2025-04-15 00:00:00,2:40,2m4½f,2m4f88y,20.5,GB,Class 5,Chase,5yo+,7,Good,Turf,16 fences,hrs_28824488,King Of The Hill,7,Sam Allwood,trn_261234,"Whitchurch, Shropshire",4,1,25.0,Mrs Beverley Bostock,own_1037384,0,147,108,96,Toby Wynne(3),jky_300246,19,33-5P2,25.0,8.5,Gaye West,dam_28825013,Kingston Hill,sir_5917226,Westerner,dsi_3927665
rac_11577046,Southwell,crs_1586,2025-04-15 00:00:00,3:15,2m,1m7f182y,16.0,GB,Class 4,Hurdle,4yo+,5,Good,Turf,9 hurdles,hrs_31149062,Serious Challenge,5,Fergal O'Brien,trn_125874,"Withington, Gloucs",24,4,17.0,Martin St Quinton & Theyesnowaitsorries,own_1413480,0,168,124,107,Jonathan Burke,jky_275277,50,511,42.0,5,Dushlan,dam_5843453,Fracas,sir_4222589,New Approach,dsi_4690833
rac_11577046,Southwell,crs_1586,2025-04-15 00:00:00,3:15,2m,1m7f182y,16.0,GB,Class 4,Hurdle,4yo+,5,Good,Turf,9 hurdles,hrs_37702371,Sorceleur,5,Paul Nicholls,trn_51903,"Ditcheat, Somerset",35,9,26.0,John White & Anne Underhill,own_619568,0,168,124,117,Harry Cobden,jky_282690,38,112239,54.0,4,Biche D'Oo,dam_6009507,Saint Des Saints,sir_3816407,Martaline,dsi_3862593
rac_11577046,Southwell,crs_1586,2025-04-15 00:00:00,3:15,2m,1m7f182y,16.0,GB,Class 4,Hurdle,4yo+,5,Good,Turf,9 hurdles,hrs_41229769,John Barbour,6,Fergal O'Brien,trn_125874,"Withington, Gloucs",24,4,17.0,Old Gold Racing 26,own_1406664,0,163,114,70,Jack Hogan(3),jky_290703,24,31421,42.0,6.5,Lindeman,dam_4929190,Yeats,sir_4086887,Presenting,dsi_676165
rac_11577046,Southwell,crs_1586,2025-04-15 00:00:00,3:15,2m,1m7f182y,16.0,GB,Class 4,Hurdle,4yo+,5,Good,Turf,9 hurdles,hrs_46295074,Kientzheim,5,Nicky Henderson,trn_2799,"Upper Lambourn, Berks",24,4,17.0,John P McManus,own_83548,0,156,131,91,Nico de Boinville,jky_262932,66,211-13,42.0,2,Virfolette,dam_6308428,Zanzibari,sir_5147233,Denham Red,dsi_3841789
rac_11577046,Southwell,crs_1586,2025-04-15 00:00:00,3:15,2m,1m7f182y,16.0,GB,Class 4,Hurdle,4yo+,5,Good,Turf,9 hurdles,hrs_46602885,Monticello,5,Clive Boultbee-Brooks,trn_342837,"Woolhope, H'fords",2,0,0.0,C & C Boultbee Brooks,own_1255516,0,156,83,47,Ned Fox(3),jky_299007,47,770,50.0,201,Primeiradama,dam_11399395,Karaktar,sir_6076728,Poliglote,dsi_633759
rac_11577059,Southwell,crs_1586,2025-04-15 00:00:00,3:50,3m½f,3m60y,24.5,GB,Class 5,Hurdle,4yo+,8,Good,Turf,13 hurdles,hrs_24922226,Herewegohoney,9,Fergal O'Brien,trn_125874,"Withington, Gloucs",24,4,17.0,Middleham Park Racing XVII,own_337244,0,167,93,71,Jack Hogan(3),jky_290703,10,0F4PP5,42.0,21,Knappogue Honey,dam_5847009,Sageburg,sir_4782463,Anshan,dsi_344120
rac_11577059,Southwell,crs_1586,2025-04-15 00:00:00,3:50,3m½f,3m60y,24.5,GB,Class 5,Hurdle,4yo+,8,Good,Turf,13 hurdles,hrs_29229921,Pipers Cross,8,Emma Lavelle,trn_118044,"Ogbourne Maizey, Wilts",14,1,7.0,Mrs Sarah Johnstone - Cooke,own_1352888,0,167,104,93,Cameron Johnstone-Baker(10),jky_304935,40,-53331,50.0,7.5,Oatfield Lady,dam_5805548,Soldier Of Fortune,sir_4624284,Flemensfirth,dsi_676046
rac_11577059,Southwell,crs_1586,2025-04-15 00:00:00,3:50,3m½f,3m60y,24.5,GB,Class 5,Hurdle,4yo+,8,Good,Turf,13 hurdles,hrs_27997277,Cluain Aodha,8,Neil King,trn_65124,"Wroughton, Wilts",4,1,25.0,"Mark Harrod, Bryan Agar & Nicky George",own_1276500,0,166,105,98,Jack Quinlan,jky_262584,44,345312,50.0,-,Wendy's Moan,dam_27997515,Darsi,sir_4507160,Vertical Speed,dsi_765030
rac_11577059,Southwell,crs_1586,2025-04-15 00:00:00,3:50,3m½f,3m60y,24.5,GB,Class 5,Hurdle,4yo+,8,Good,Turf,13 hurdles,hrs_40075602,Ebselysees,6,Noel Williams,trn_257247,"Blewbury, Oxfordshire",1,0,0.0,BDRSyndicates,own_1173416,0,162,106,68,James Davies,jky_238989,34,-81663,,19,Ebatana,dam_3981789,Champs Elysees,sir_4532486,Rainbow Quest,dsi_2124080
rac_11577059,Southwell,crs_1586,2025-04-15 00:00:00,3:50,3m½f,3m60y,24.5,GB,Class 5,Hurdle,4yo+,8,Good,Turf,13 hurdles,hrs_32683371,Faerie Cutlass,7,Kim Bailey & Mat Nicholls,trn_378207,"Cheltenham, Gloucs",10,1,10.0,Mrs E A Kellar,own_250236,0,161,103,91,Ciaran Gethings,jky_277692,123,2F3213,40.0,7,Faerie Reel,dam_5863137,Black Sam Bellamy,sir_3852772,Country Reel,dsi_3963078
rac_11577059,Southwell,crs_1586,2025-04-15 00:00:00,3:50,3m½f,3m60y,24.5,GB,Class 5,Hurdle,4yo+,8,Good,Turf,13 hurdles,hrs_28753669,Perculator,8,Mark Walford,trn_259884,"Sheriff Hutton, N Yorks",16,1,6.0,M Downing Hrl & Maximum Racing,own_1399408,0,161,106,83,Jamie Hamilton,jky_271551,84,91330P,13.0,26,Ancora,dam_5645661,Telescope,sir_5728562,Accordion,dsi_2134195
rac_11577059,Southwell,crs_1586,2025-04-15 00:00:00,3:50,3m½f,3m60y,24.5,GB,Class 5,Hurdle,4yo+,8,Good,Turf,13 hurdles,hrs_30527742,Our Pink Lady,7,James Owen,trn_360648,"Newmarket, Suffolk",39,10,26.0,Neil Berry & Alan Herbert,own_1348296,0,156,104,84,Henry Brooke,jky_262311,19,7P5322,54.0,5,Littlegrace Lady,dam_5928006,Westerner,sir_3927665,Definite Article,dsi_677803
rac_11577059,Southwell,crs_1586,2025-04-15 00:00:00,3:50,3m½f,3m60y,24.5,GB,Class 5,Hurdle,4yo+,8,Good,Turf,13 hurdles,hrs_38466190,Jacksbar,6,Dan Skelton,trn_146430,"Alcester, Warwicks",39,6,15.0,Mrs C A Wyatt,own_895376,0,156,107,96,Harry Skelton,jky_255654,39,P-4P12,51.0,2.75,The Last Bar,dam_6162674,Jack Hobbs,sir_5958330,Kayf Tara,dsi_3297462
rac_11577059,Southwell,crs_1586,2025-04-15 00:00:00,3:50,3m½f,3m60y,24.5,GB,Class 5,Hurdle,4yo+,8,Good,Turf,13 hurdles,hrs_24494624,Aazza,9,Paul Robson,trn_333207,"South Hazelrigg, Northumberland",5,1,20.0,Helen Ray And Isabel Tebay,own_1246184,0,156,103,90,Craig Nichol,jky_276252,18,793821,60.0,5,Kalygarde,dam_5463633,Beat Hollow,sir_3616242,Kapgarde,dsi_3993948
rac_11577033,Southwell,crs_1586,2025-04-15 00:00:00,4:25,3m½f,3m60y,24.5,GB,Class 4,Hurdle,4yo+,10,Good,Turf,13 hurdles,hrs_16728446,Art Of Diplomacy,9,Peter & Michael Bowen,trn_372555,"Letterston, Pembrokes",15,2,13.0,Peter Bowen Racing Club,own_1072324,0,170,116,96,Sean Bowen,jky_279558,25,433323,53.0,5,Rowlestone Express,dam_5933214,Archipenko,sir_4623647,Rail Link,dsi_4589844
rac_11577033,Southwell,crs_1586,2025-04-15 00:00:00,4:25,3m½f,3m60y,24.5,GB,Class 4,Hurdle,4yo+,10,Good,Turf,13 hurdles,hrs_28891597,My Gift To You,7,James Owen,trn_360648,"Newmarket, Suffolk",39,10,26.0,Lpog 23 Nh,own_1332908,0,168,110,92,Mr Alex Chadwick(3),jky_279939,120,234133,54.0,5.5,Ariels Serenade,dam_5596402,Kingston Hill,sir_5917226,Presenting,dsi_676165
rac_11577033,Southwell,crs_1586,2025-04-15 00:00:00,4:25,3m½f,3m60y,24.5,GB,Class 4,Hurdle,4yo+,10,Good,Turf,13 hurdles,hrs_21290941,Stratton Oakmont,9,Kayley Woollacott,trn_260100,"Woolminstone, Somerset",1,1,100.0,Kayley Woollacott Racing Club,own_1078644,0,166,112,109,Ben Godfrey,jky_288498,25,1-3PP6,100.0,5,Foxwood Girl,dam_21291074,Ask,sir_4538492,Anshan,dsi_344120
rac_11577033,Southwell,crs_1586,2025-04-15 00:00:00,4:25,3m½f,3m60y,24.5,GB,Class 4,Hurdle,4yo+,10,Good,Turf,13 hurdles,hrs_34637827,Jackpot d'Athou,6,Paul Nicholls,trn_51903,"Ditcheat, Somerset",35,9,26.0,"Ferguson, Hogarth, Mason, McGoff",own_1405548,0,165,106,61,Harry Cobden,jky_282690,15,-386P6,54.0,10,Victoire D'Athom,dam_5894777,Doctor Dino,sir_4223408,Ange Gabriel,dsi_3841467
rac_11577033,Southwell,crs_1586,2025-04-15 00:00:00,4:25,3m½f,3m60y,24.5,GB,Class 4,Hurdle,4yo+,10,Good,Turf,13 hurdles,hrs_18512935,Zacony Rebel,10,Sarah-Jayne Davies,trn_245610,"Leominster, H'fords",9,0,0.0,Julia Mansfield,own_1237460,0,163,112,100,Tabitha Worsley(3),jky_275706,27,5-0585,22.0,41,Bay Rebel,dam_5108103,Getaway,sir_4602430,Oscar,dsi_3234945
rac_11577033,Southwell,crs_1586,2025-04-15 00:00:00,4:25,3m½f,3m60y,24.5,GB,Class 4,Hurdle,4yo+,10,Good,Turf,13 hurdles,hrs_32264743,Caher Roes Den,7,B F Brookhouse,trn_360486,"Newmarket, Suffolk",7,0,0.0,R S Brookhouse,own_44936,0,162,112,104,Jack Quinlan,jky_262584,88,533-39,43.0,15,Douglas Park,dam_10407929,Soldier Of Fortune,sir_4624284,Definite Article,dsi_677803
rac_11577033,Southwell,crs_1586,2025-04-15 00:00:00,4:25,3m½f,3m60y,24.5,GB,Class 4,Hurdle,4yo+,10,Good,Turf,13 hurdles,hrs_34572398,Uokhun,7,Tim Easterby,trn_91368,"Great Habton, N Yorks",55,5,9.0,J W E Bevin,own_1043564,0,160,111,85,Jamie Hamilton,jky_271551,25,345317,35.0,7,Status Update,dam_5501146,Arcadio,sir_4472293,Norwich,dsi_344834
rac_11577033,Southwell,crs_1586,2025-04-15 00:00:00,4:25,3m½f,3m60y,24.5,GB,Class 4,Hurdle,4yo+,10,Good,Turf,13 hurdles,hrs_16206442,Rare Clouds,11,Dan Horsford,trn_380358,"Marlborough, Wiltshire",3,0,0.0,Rupert Martin,own_1273544,0,160,108,54,James Best,jky_273690,131,PP4-6P,33.0,21,Rare Vintage,dam_4015102,Cloudings,sir_3234854,Germany,dsi_617176
rac_11577033,Southwell,crs_1586,2025-04-15 00:00:00,4:25,3m½f,3m60y,24.5,GB,Class 4,Hurdle,4yo+,10,Good,Turf,13 hurdles,hrs_29184876,For Gina,7,Lucy Wadham,trn_88209,"Newmarket, Suffolk",6,2,33.0,Louise Kemble And J J W Wadham,own_1258236,0,160,110,98,Tom Cannon,jky_262509,14,-45743,67.0,9,United,dam_4381874,Kayf Tara,sir_3297462,Desert King,dsi_3135601
rac_11577033,Southwell,crs_1586,2025-04-15 00:00:00,4:25,3m½f,3m60y,24.5,GB,Class 4,Hurdle,4yo+,10,Good,Turf,13 hurdles,hrs_34373787,Ballela Blaze,7,Thomas Gallagher,trn_288549,"St Albans, Herts",1,0,0.0,Burrishoole Boy Racing Club,own_1410376,0,147,110,87,David Noonan,jky_274599,12,054832,100.0,9,Ballela Girl,dam_4718658,Conduit,sir_4799018,Mandalus,dsi_2110283
rac_11577072,Southwell,crs_1586,2025-04-15 00:00:00,5:00,3m½f,3m60y,24.5,GB,Class 5,Hurdle,4yo+,9,Good,Turf,13 hurdles,hrs_24687565,Ballyvaughan Bay,8,D J Jeffreys,trn_323622,"Hinton on the Green, Worcs",4,0,0.0,Mark E Smith,own_906608,0,168,102,83,Lewis Stones,jky_279366,24,-61554,25.0,5.5,Roughan Daisy,dam_24687558,Fame And Glory,sir_4871055,Kalanisi,dsi_3366048
rac_11577072,Southwell,crs_1586,2025-04-15 00:00:00,5:00,3m½f,3m60y,24.5,GB,Class 5,Hurdle,4yo+,9,Good,Turf,13 hurdles,hrs_24592729,Heaven Smart,8,Gary & Josh Moore,trn_372564,"Lower Beeding, W Sussex",23,4,17.0,The Seasiders,own_334080,0,166,104,86,Caoilin Quinn(3),jky_297747,54,436P4P,52.0,6,Barbarella Smart,dam_6092030,Saint Des Saints,sir_3816407,Hurricane Cat,dsi_4506089
rac_11577072,Southwell,crs_1586,2025-04-15 00:00:00,5:00,3m½f,3m60y,24.5,GB,Class 5,Hurdle,4yo+,9,Good,Turf,13 hurdles,hrs_20636553,Kankin,9,Alex Hales,trn_125883,"Edgcote, Oxfordshire",1,0,0.0,The 25 Club,own_1017300,0,165,96,67,Luke Scott,jky_296142,29,277F44,,8.5,Touriga,dam_20184059,Archipenko,sir_4623647,Cape Cross,dsi_3153248
rac_11577072,Southwell,crs_1586,2025-04-15 00:00:00,5:00,3m½f,3m60y,24.5,GB,Class 5,Hurdle,4yo+,9,Good,Turf,13 hurdles,hrs_34759872,Dublin To Milan,6,Clive Boultbee-Brooks,trn_342837,"Woolhope, H'fords",2,0,0.0,C & C Boultbee Brooks,own_1255516,0,162,99,76,Ned Fox,jky_299007,17,U77002,50.0,3.25,Glenlogan,dam_22633268,Milan,sir_3734157,Getaway,dsi_4602430
rac_11577072,Southwell,crs_1586,2025-04-15 00:00:00,5:00,3m½f,3m60y,24.5,GB,Class 5,Hurdle,4yo+,9,Good,Turf,13 hurdles,hrs_47314057,Marengo Bay,6,Nicky Henderson,trn_2799,"Upper Lambourn, Berks",24,4,17.0,The Old Guard Syndicate,own_1407808,0,157,98,52,Freddie Gordon(3),jky_303945,53,7PP,42.0,8,St Helans Bay,dam_20150403,Battle Of Marengo,sir_5601386,Heron Island,dsi_699377
rac_11577072,Southwell,crs_1586,2025-04-15 00:00:00,5:00,3m½f,3m60y,24.5,GB,Class 5,Hurdle,4yo+,9,Good,Turf,13 hurdles,hrs_38979206,Jewel Eyed Judy,5,Nigel Twiston-Davies,trn_2754,"Naunton, Gloucs",10,2,20.0,John Goodman,own_521228,0,151,92,58,James Turner(3),jky_297195,92,08-65P,40.0,21,Millicent Silver,dam_5966590,Passing Glance,sir_2998898,Overbury,dsi_611079
rac_11577072,Southwell,crs_1586,2025-04-15 00:00:00,5:00,3m½f,3m60y,24.5,GB,Class 5,Hurdle,4yo+,9,Good,Turf,13 hurdles,hrs_40687493,East Eagle,5,Mike Sowersby,trn_36486,"Little Barugh, N Yorks",0,0,,Mrs Janet Cooper & M E Sowersby,own_713404,0,149,98,66,Aaron Anderson,jky_289338,26,S2PP5P,,34,Ask Sutton,dam_40687556,Wings Of Eagles,sir_7340921,Ask,dsi_4538492
rac_11577072,Southwell,crs_1586,2025-04-15 00:00:00,5:00,3m½f,3m60y,24.5,GB,Class 5,Hurdle,4yo+,9,Good,Turf,13 hurdles,hrs_35137060,Jumble Jury,7,Neil King,trn_65124,"Wroughton, Wilts",4,1,25.0,The Jury,own_1098392,0,148,89,70,Freddie Gingell,jky_304638,19,5-0P43,50.0,5.5,Johara,dam_34789685,Jukebox Jury,sir_4966836,New Approach,dsi_4690833
rac_11577072,Southwell,crs_1586,2025-04-15 00:00:00,5:00,3m½f,3m60y,24.5,GB,Class 5,Hurdle,4yo+,9,Good,Turf,13 hurdles,hrs_13290298,Top Drawer,11,Tracey Leeson,trn_288072,"Blakesley Heath, Northants",1,0,0.0,The Blakesley Racing Club,own_1131576,0,142,-,32,Tom Buckley,jky_293832,17,6/F9-0,,67,Merry Gladness,dam_5508118,Doyen,sir_3983700,King's Ride,dsi_2136309
