sire_id,sire_name,total_runners,class,runners,1st,2nd,3rd,4th,a/e,win_%,1_pl
sir_3932551,Khalkevi (IRE),936,,555,71,61,59,52,1.1,0.13,100.6
sir_3932551,Khalkevi (IRE),936,Class 4,138,27,21,12,18,1.0,0.2,3.37
sir_3932551,Khalkevi (IRE),936,Class 3,96,17,10,10,9,1.08,0.18,-0.42
sir_3932551,Khalkevi (IRE),936,Class 1,48,3,8,4,6,0.47,0.06,-28.0
sir_3932551,Khalkevi (IRE),936,Class 5,43,5,5,6,4,0.83,0.12,-15.81
sir_3932551,Khalkevi (IRE),936,Class 2,43,6,7,2,6,0.68,0.14,-16.19
sir_3932551,Khalkevi (IRE),936,Class 6,13,4,1,2,1,1.95,0.31,24.25
sir_3297462,Kayf Tara (GB),13739,Class 4,4783,651,654,582,524,0.87,0.14,-1327.31
sir_3297462,Kayf Tara (GB),13739,Class 5,2473,299,244,245,279,0.94,0.12,-145.67
sir_3297462,Kayf Tara (GB),13739,,2232,244,264,237,215,0.77,0.11,-715.45
sir_3297462,Kayf Tara (GB),13739,Class 3,1607,216,240,230,188,0.82,0.13,-404.65
sir_3297462,Kayf Tara (GB),13739,Class 6,1014,134,129,120,96,1.0,0.13,-27.91
sir_3297462,Kayf Tara (GB),13739,Class 1,946,103,98,103,99,0.87,0.11,-225.27
sir_3297462,Kayf Tara (GB),13739,Class 2,670,91,77,69,74,0.97,0.14,-38.37
sir_3297462,Kayf Tara (GB),13739,Class 7,14,0,2,2,0,0.0,0.0,-14.0
sir_6307308,Chanducoq (FR),62,,57,0,4,9,7,0.0,0.0,-57.0
sir_6307308,Chanducoq (FR),62,Class 4,3,2,1,0,0,1.16,0.67,0.09
sir_6307308,Chanducoq (FR),62,Class 1,1,0,0,0,0,0.0,0.0,-1.0
sir_6307308,Chanducoq (FR),62,Class 3,1,0,1,0,0,0.0,0.0,-1.0
sir_4944793,Kamsin (GER),721,,463,45,45,37,46,0.95,0.1,41.9
sir_4944793,Kamsin (GER),721,Class 4,93,12,13,15,12,0.7,0.13,-36.33
sir_4944793,Kamsin (GER),721,Class 5,88,10,10,12,11,0.89,0.11,-19.45
sir_4944793,Kamsin (GER),721,Class 3,30,6,4,4,8,1.0,0.2,-11.3
sir_4944793,Kamsin (GER),721,Class 2,17,2,2,1,3,0.82,0.12,-4.25
sir_4944793,Kamsin (GER),721,Class 1,17,1,3,1,2,0.44,0.06,-12.8
sir_4944793,Kamsin (GER),721,Class 6,13,3,0,2,1,1.98,0.23,24.25
sir_7340921,Wings Of Eagles (FR),459,,324,23,23,35,25,0.79,0.07,-79.22
sir_7340921,Wings Of Eagles (FR),459,Class 4,60,7,7,4,5,0.74,0.12,-37.57
sir_7340921,Wings Of Eagles (FR),459,Class 5,48,8,4,3,3,1.64,0.17,1.92
sir_7340921,Wings Of Eagles (FR),459,Class 3,12,1,3,2,3,0.47,0.08,-10.09
sir_7340921,Wings Of Eagles (FR),459,Class 2,11,2,1,1,2,1.59,0.18,14.38
sir_7340921,Wings Of Eagles (FR),459,Class 1,3,0,0,0,0,0.0,0.0,-3.0
sir_7340921,Wings Of Eagles (FR),459,Class 6,1,0,0,0,0,0.0,0.0,-1.0
sir_4532486,Champs Elysees (GB),6973,,1701,196,176,151,143,0.95,0.12,-283.13
sir_4532486,Champs Elysees (GB),6973,Class 5,1675,173,192,186,177,0.81,0.1,-504.21
sir_4532486,Champs Elysees (GB),6973,Class 4,1525,182,191,187,194,0.88,0.12,-210.71
sir_4532486,Champs Elysees (GB),6973,Class 6,923,104,109,93,86,0.9,0.11,-182.73
sir_4532486,Champs Elysees (GB),6973,Class 3,527,61,56,70,76,0.88,0.12,-84.3
sir_4532486,Champs Elysees (GB),6973,Class 2,391,42,38,43,40,0.98,0.11,-57.53
sir_4532486,Champs Elysees (GB),6973,Class 1,225,29,29,21,36,1.03,0.13,119.6
sir_4532486,Champs Elysees (GB),6973,Class 7,6,1,0,0,0,1.42,0.17,1.0
sir_5917226,Kingston Hill (GB),984,,370,20,25,27,27,0.69,0.05,-206.4
sir_5917226,Kingston Hill (GB),984,Class 5,238,29,35,29,22,0.8,0.12,-60.4
sir_5917226,Kingston Hill (GB),984,Class 4,231,20,39,26,28,0.62,0.09,-80.82
sir_5917226,Kingston Hill (GB),984,Class 3,54,8,10,7,2,1.03,0.15,-23.37
sir_5917226,Kingston Hill (GB),984,Class 6,36,4,5,2,1,1.15,0.11,0.38
sir_5917226,Kingston Hill (GB),984,Class 2,36,4,4,2,5,1.05,0.11,2.33
sir_5917226,Kingston Hill (GB),984,Class 1,19,1,0,2,1,0.86,0.05,-2.0
sir_4128446,Notnowcato (GB),2256,,581,49,42,36,45,0.88,0.08,-151.07
sir_4128446,Notnowcato (GB),2256,Class 5,523,52,36,48,60,0.97,0.1,-82.42
sir_4128446,Notnowcato (GB),2256,Class 6,411,30,34,34,41,0.75,0.07,-149.81
sir_4128446,Notnowcato (GB),2256,Class 4,407,45,48,38,48,0.89,0.11,-155.12
sir_4128446,Notnowcato (GB),2256,Class 3,148,21,21,13,14,0.93,0.14,-35.55
sir_4128446,Notnowcato (GB),2256,Class 1,107,11,10,17,16,0.78,0.1,-40.88
sir_4128446,Notnowcato (GB),2256,Class 2,73,7,7,8,8,0.83,0.1,-16.5
sir_4128446,Notnowcato (GB),2256,Class 7,6,0,0,1,0,0.0,0.0,-6.0
sir_5958330,Jack Hobbs (GB),532,Class 5,205,18,23,12,18,0.78,0.09,-81.75
sir_5958330,Jack Hobbs (GB),532,Class 4,199,17,13,22,12,0.87,0.09,-107.68
sir_5958330,Jack Hobbs (GB),532,,51,6,5,5,5,0.75,0.12,-19.7
sir_5958330,Jack Hobbs (GB),532,Class 3,26,3,3,4,2,1.08,0.12,-6.38
sir_5958330,Jack Hobbs (GB),532,Class 2,24,4,3,3,3,1.17,0.17,-14.34
sir_5958330,Jack Hobbs (GB),532,Class 1,19,0,1,2,0,0.0,0.0,-19.0
sir_5958330,Jack Hobbs (GB),532,Class 6,8,0,0,2,1,0.0,0.0,-8.0
sir_5839988,Cokoriko (FR),1675,,1048,132,133,96,118,0.86,0.13,-284.28
sir_5839988,Cokoriko (FR),1675,Class 4,260,37,33,35,29,0.84,0.14,92.76
sir_5839988,Cokoriko (FR),1675,Class 5,148,17,14,15,14,0.91,0.11,-13.3
sir_5839988,Cokoriko (FR),1675,Class 3,89,19,15,8,8,1.2,0.21,4.12
sir_5839988,Cokoriko (FR),1675,Class 2,69,8,8,7,8,0.84,0.12,-19.62
sir_5839988,Cokoriko (FR),1675,Class 1,61,4,7,4,6,0.7,0.07,-24.0
sir_4223408,Doctor Dino (FR),2372,,1651,229,187,187,175,0.89,0.14,-15.28
sir_4223408,Doctor Dino (FR),2372,Class 4,239,52,33,28,30,1.05,0.22,-33.64
sir_4223408,Doctor Dino (FR),2372,Class 1,148,25,27,15,15,0.93,0.17,-32.84
sir_4223408,Doctor Dino (FR),2372,Class 5,145,25,23,15,16,0.96,0.17,-13.7
sir_4223408,Doctor Dino (FR),2372,Class 3,119,19,23,16,10,0.82,0.16,-49.63
sir_4223408,Doctor Dino (FR),2372,Class 2,65,20,9,6,6,1.82,0.31,62.85
sir_4223408,Doctor Dino (FR),2372,Class 6,5,2,0,1,2,1.31,0.4,0.83
sir_5728562,Telescope (IRE),1253,Class 5,522,35,42,46,56,0.7,0.07,-177.18
sir_5728562,Telescope (IRE),1253,Class 4,471,29,34,46,56,0.69,0.06,-332.6
sir_5728562,Telescope (IRE),1253,,102,16,16,9,10,0.97,0.16,-9.86
sir_5728562,Telescope (IRE),1253,Class 6,74,8,6,10,4,0.87,0.11,-31.05
sir_5728562,Telescope (IRE),1253,Class 3,42,5,2,1,2,1.87,0.12,16.5
sir_5728562,Telescope (IRE),1253,Class 2,27,1,4,1,2,0.38,0.04,-23.5
sir_5728562,Telescope (IRE),1253,Class 1,15,3,1,1,1,1.78,0.2,-3.25
sir_3734157,Milan (GB),15902,,6346,564,515,546,525,0.82,0.09,-2312.77
sir_3734157,Milan (GB),15902,Class 4,4045,562,533,514,458,0.89,0.14,-1127.39
sir_3734157,Milan (GB),15902,Class 5,2241,265,275,241,212,0.84,0.12,-533.65
sir_3734157,Milan (GB),15902,Class 3,1533,203,220,203,175,0.82,0.13,-300.43
sir_3734157,Milan (GB),15902,Class 2,666,86,80,71,72,0.91,0.13,-152.64
sir_3734157,Milan (GB),15902,Class 1,620,64,74,51,58,0.85,0.1,-139.39
sir_3734157,Milan (GB),15902,Class 6,451,71,62,57,53,0.98,0.16,-4.73
sir_7784448,National Defense (GB),463,,200,12,25,17,17,0.56,0.06,-121.62
sir_7784448,National Defense (GB),463,Class 6,95,8,4,8,10,0.97,0.08,-6.75
sir_7784448,National Defense (GB),463,Class 5,94,7,9,11,12,0.79,0.07,-47.1
sir_7784448,National Defense (GB),463,Class 4,50,6,1,3,7,1.3,0.12,-1.0
sir_7784448,National Defense (GB),463,Class 3,15,1,3,0,3,0.57,0.07,-10.67
sir_7784448,National Defense (GB),463,Class 2,7,2,0,1,0,3.1,0.29,5.0
sir_7784448,National Defense (GB),463,Class 1,2,0,1,0,0,0.0,0.0,-2.0
sir_3700067,Samum (GER),1285,,875,95,92,83,70,0.92,0.11,-96.44
sir_3700067,Samum (GER),1285,Class 5,130,14,17,12,14,0.89,0.11,3.44
sir_3700067,Samum (GER),1285,Class 4,109,19,9,14,15,1.04,0.17,-6.3
sir_3700067,Samum (GER),1285,Class 3,59,9,3,10,6,0.98,0.15,-4.84
sir_3700067,Samum (GER),1285,Class 6,49,7,3,5,5,1.23,0.14,-11.62
sir_3700067,Samum (GER),1285,Class 2,35,1,7,2,4,0.33,0.03,-28.5
sir_3700067,Samum (GER),1285,Class 1,28,2,3,1,2,0.58,0.07,-21.75
sir_3983700,Doyen (IRE),6534,,2709,247,238,235,228,0.87,0.09,-740.22
sir_3983700,Doyen (IRE),6534,Class 4,1250,176,158,145,141,0.92,0.14,-260.22
sir_3983700,Doyen (IRE),6534,Class 5,1082,131,120,125,110,0.94,0.12,-184.87
sir_3983700,Doyen (IRE),6534,Class 6,481,55,42,52,47,1.0,0.11,-11.06
sir_3983700,Doyen (IRE),6534,Class 3,479,73,75,64,49,0.92,0.15,-103.03
sir_3983700,Doyen (IRE),6534,Class 2,287,32,42,20,38,0.81,0.11,-85.53
sir_3983700,Doyen (IRE),6534,Class 1,238,17,27,21,24,0.67,0.07,-153.54
sir_3983700,Doyen (IRE),6534,Class 7,8,1,0,3,1,0.87,0.12,-5.25
sir_4804191,Falco (USA),1528,,1086,88,73,96,106,0.85,0.08,-302.75
sir_4804191,Falco (USA),1528,Class 4,139,20,18,18,14,0.88,0.14,-9.61
sir_4804191,Falco (USA),1528,Class 5,110,14,11,10,12,1.13,0.13,2.03
sir_4804191,Falco (USA),1528,Class 6,55,6,4,12,4,0.88,0.11,-13.25
sir_4804191,Falco (USA),1528,Class 3,54,12,6,8,5,1.18,0.22,-7.11
sir_4804191,Falco (USA),1528,Class 1,54,6,13,8,2,0.59,0.11,-37.65
sir_4804191,Falco (USA),1528,Class 2,29,2,5,3,2,0.47,0.07,-22.88
sir_4804191,Falco (USA),1528,Class 7,1,0,0,1,0,0.0,0.0,-1.0
sir_5603829,Ocovango (GB),2198,,1199,82,91,87,108,0.78,0.07,-539.2
sir_5603829,Ocovango (GB),2198,Class 4,418,41,59,54,44,0.69,0.1,-248.66
sir_5603829,Ocovango (GB),2198,Class 5,346,40,50,41,37,0.79,0.12,-169.26
sir_5603829,Ocovango (GB),2198,Class 3,116,16,23,20,16,0.71,0.14,-49.24
sir_5603829,Ocovango (GB),2198,Class 2,71,10,10,5,8,0.96,0.14,-10.09
sir_5603829,Ocovango (GB),2198,Class 1,48,7,5,7,1,1.27,0.15,2.5
sir_4009460,Shirocco (GER),8507,,3437,310,277,314,311,0.87,0.09,-828.14
sir_4009460,Shirocco (GER),8507,Class 4,1843,253,198,222,203,1.0,0.14,-326.95
sir_4009460,Shirocco (GER),8507,Class 5,1636,179,156,153,137,0.89,0.11,-394.18
sir_4009460,Shirocco (GER),8507,Class 3,511,82,74,60,56,1.0,0.16,-35.83
sir_4009460,Shirocco (GER),8507,Class 6,401,47,41,46,34,0.82,0.12,-157.08
sir_4009460,Shirocco (GER),8507,Class 1,349,42,39,37,39,0.91,0.12,-14.82
sir_4009460,Shirocco (GER),8507,Class 2,325,36,37,35,38,0.91,0.11,-92.19
sir_4009460,Shirocco (GER),8507,Class 7,5,0,0,1,0,0.0,0.0,-5.0
sir_4905173,Montmartre (FR),2202,,1416,152,145,132,114,0.89,0.11,-239.31
sir_4905173,Montmartre (FR),2202,Class 4,268,40,30,36,25,0.93,0.15,-9.41
sir_4905173,Montmartre (FR),2202,Class 5,231,26,34,28,31,0.78,0.11,-56.21
sir_4905173,Montmartre (FR),2202,Class 3,131,23,24,16,11,0.89,0.18,-7.59
sir_4905173,Montmartre (FR),2202,Class 1,86,8,10,5,10,0.72,0.09,-8.05
sir_4905173,Montmartre (FR),2202,Class 2,57,6,6,7,5,0.75,0.11,-27.75
sir_4905173,Montmartre (FR),2202,Class 6,13,2,0,3,0,0.66,0.15,-6.75
sir_4086887,Yeats (IRE),8823,,3677,374,329,340,310,0.89,0.1,-866.3
sir_4086887,Yeats (IRE),8823,Class 4,2191,303,284,315,233,0.85,0.14,-518.85
sir_4086887,Yeats (IRE),8823,Class 5,1344,184,174,156,153,0.93,0.14,17.91
sir_4086887,Yeats (IRE),8823,Class 3,717,103,106,107,78,0.82,0.14,-115.63
sir_4086887,Yeats (IRE),8823,Class 2,416,58,47,47,33,1.06,0.14,44.46
sir_4086887,Yeats (IRE),8823,Class 1,325,27,31,35,29,0.77,0.08,-75.13
sir_4086887,Yeats (IRE),8823,Class 6,150,18,19,26,19,0.77,0.12,-62.98
sir_4086887,Yeats (IRE),8823,Class 7,3,0,0,0,1,0.0,0.0,-3.0
sir_5147233,Zanzibari (USA),1219,,1086,96,98,93,98,0.92,0.09,-256.82
sir_5147233,Zanzibari (USA),1219,Class 4,68,8,10,8,11,0.71,0.12,-24.69
sir_5147233,Zanzibari (USA),1219,Class 5,27,2,6,0,2,0.77,0.07,-10.25
sir_5147233,Zanzibari (USA),1219,Class 2,13,1,2,1,1,0.79,0.08,-10.0
sir_5147233,Zanzibari (USA),1219,Class 6,9,0,0,0,0,0.0,0.0,-9.0
sir_5147233,Zanzibari (USA),1219,Class 3,9,0,1,4,1,0.0,0.0,-9.0
sir_5147233,Zanzibari (USA),1219,Class 1,7,0,0,1,0,0.0,0.0,-7.0
sir_3885084,Secret Singer (FR),571,,289,24,21,23,27,0.88,0.08,-135.85
sir_3885084,Secret Singer (FR),571,Class 5,106,12,9,13,8,0.87,0.11,-29.59
sir_3885084,Secret Singer (FR),571,Class 4,92,16,11,12,8,1.02,0.17,-18.1
sir_3885084,Secret Singer (FR),571,Class 3,46,3,7,4,11,0.41,0.07,-33.44
sir_3885084,Secret Singer (FR),571,Class 2,18,2,2,3,3,0.56,0.11,-13.13
sir_3885084,Secret Singer (FR),571,Class 1,12,0,2,3,2,0.0,0.0,-12.0
sir_3885084,Secret Singer (FR),571,Class 6,8,1,1,0,2,0.59,0.12,-6.0
sir_5237701,Nathaniel (IRE),6156,Class 5,1551,186,222,179,178,0.82,0.12,-434.8
sir_5237701,Nathaniel (IRE),6156,,1449,144,148,150,160,0.79,0.1,-493.27
sir_5237701,Nathaniel (IRE),6156,Class 4,1255,180,178,163,144,0.85,0.14,-307.07
sir_5237701,Nathaniel (IRE),6156,Class 6,741,81,86,74,75,0.83,0.11,-173.53
sir_5237701,Nathaniel (IRE),6156,Class 3,478,66,61,78,56,0.84,0.14,-161.03
sir_5237701,Nathaniel (IRE),6156,Class 2,379,34,40,44,51,0.68,0.09,-140.22
sir_5237701,Nathaniel (IRE),6156,Class 1,300,48,37,27,33,1.11,0.16,-8.35
sir_5237701,Nathaniel (IRE),6156,Class 7,3,0,0,0,1,0.0,0.0,-3.0
sir_3892441,Sulamani (IRE),4323,Class 4,1257,140,154,155,146,0.82,0.11,-401.38
sir_3892441,Sulamani (IRE),4323,Class 5,1186,123,137,131,138,0.93,0.1,-309.2
sir_3892441,Sulamani (IRE),4323,,757,95,76,68,62,0.94,0.13,-58.86
sir_3892441,Sulamani (IRE),4323,Class 6,507,53,50,60,59,0.9,0.1,-64.08
sir_3892441,Sulamani (IRE),4323,Class 3,322,51,47,49,36,1.04,0.16,36.27
sir_3892441,Sulamani (IRE),4323,Class 2,170,21,26,19,13,1.0,0.12,-41.28
sir_3892441,Sulamani (IRE),4323,Class 1,114,11,9,13,6,0.97,0.1,-16.44
sir_3892441,Sulamani (IRE),4323,Class 7,10,2,2,0,1,2.24,0.2,5.0
sir_4624284,Soldier Of Fortune (IRE),4527,,2473,218,233,231,209,0.82,0.09,-687.41
sir_4624284,Soldier Of Fortune (IRE),4527,Class 4,819,125,113,96,102,0.91,0.15,-233.33
sir_4624284,Soldier Of Fortune (IRE),4527,Class 5,646,74,96,79,80,0.73,0.11,-224.02
sir_4624284,Soldier Of Fortune (IRE),4527,Class 3,257,37,51,26,27,0.87,0.14,-64.32
sir_4624284,Soldier Of Fortune (IRE),4527,Class 2,170,21,16,18,20,0.97,0.12,-41.25
sir_4624284,Soldier Of Fortune (IRE),4527,Class 1,136,10,8,14,15,0.7,0.07,-60.68
sir_4624284,Soldier Of Fortune (IRE),4527,Class 6,26,4,3,3,1,0.99,0.15,-14.49
sir_4989285,Sans Frontieres (IRE),1059,,460,22,27,37,31,0.64,0.05,-277.68
sir_4989285,Sans Frontieres (IRE),1059,Class 4,267,29,33,18,37,0.85,0.11,-100.75
sir_4989285,Sans Frontieres (IRE),1059,Class 5,230,24,27,11,28,1.04,0.1,-82.77
sir_4989285,Sans Frontieres (IRE),1059,Class 3,57,9,7,6,10,1.16,0.16,-1.25
sir_4989285,Sans Frontieres (IRE),1059,Class 1,22,0,2,1,2,0.0,0.0,-22.0
sir_4989285,Sans Frontieres (IRE),1059,Class 2,22,5,0,4,2,2.33,0.23,15.25
sir_4989285,Sans Frontieres (IRE),1059,Class 6,1,1,0,0,0,13.0,1.0,12.0
sir_4645585,Authorized (IRE),6957,,2311,275,287,266,247,0.81,0.12,-478.26
sir_4645585,Authorized (IRE),6957,Class 4,1330,221,184,158,144,0.97,0.17,-47.18
sir_4645585,Authorized (IRE),6957,Class 5,1197,172,138,110,124,1.05,0.14,-216.71
sir_4645585,Authorized (IRE),6957,Class 3,602,90,70,84,75,0.93,0.15,-79.15
sir_4645585,Authorized (IRE),6957,Class 6,566,59,52,58,53,0.84,0.1,-124.81
sir_4645585,Authorized (IRE),6957,Class 2,532,67,60,69,56,1.02,0.13,-32.59
sir_4645585,Authorized (IRE),6957,Class 1,412,47,32,41,54,0.94,0.11,-52.62
sir_4645585,Authorized (IRE),6957,Class 7,7,1,0,2,0,1.56,0.14,-0.5
sir_5498255,Universal (IRE),798,Class 5,325,34,34,16,31,1.0,0.1,-109.6
sir_5498255,Universal (IRE),798,Class 4,248,24,17,29,31,0.97,0.1,-15.23
sir_5498255,Universal (IRE),798,,75,10,1,11,5,1.16,0.13,-20.74
sir_5498255,Universal (IRE),798,Class 3,67,12,12,9,9,1.27,0.18,-17.42
sir_5498255,Universal (IRE),798,Class 6,47,8,7,5,3,0.96,0.17,-9.03
sir_5498255,Universal (IRE),798,Class 2,24,4,1,6,2,1.24,0.17,-3.5
sir_5498255,Universal (IRE),798,Class 1,12,1,1,2,2,0.89,0.08,-4.0
sir_6096356,Walzertakt (GER),206,,80,9,7,7,9,0.92,0.11,-28.86
sir_6096356,Walzertakt (GER),206,Class 4,58,8,8,10,3,1.13,0.14,-0.35
sir_6096356,Walzertakt (GER),206,Class 5,49,3,9,11,5,0.46,0.06,-22.0
sir_6096356,Walzertakt (GER),206,Class 3,14,0,3,1,5,0.0,0.0,-14.0
sir_6096356,Walzertakt (GER),206,Class 2,4,0,2,1,0,0.0,0.0,-4.0
sir_6096356,Walzertakt (GER),206,Class 1,1,0,0,0,0,0.0,0.0,-1.0
sir_5333650,Jet Away (GB),1548,,602,51,38,52,48,0.77,0.08,-297.14
sir_5333650,Jet Away (GB),1548,Class 4,434,70,58,53,54,0.93,0.16,-144.23
sir_5333650,Jet Away (GB),1548,Class 5,274,35,43,30,29,0.84,0.13,-82.71
sir_5333650,Jet Away (GB),1548,Class 3,157,29,19,31,14,0.83,0.18,-46.11
sir_5333650,Jet Away (GB),1548,Class 2,56,8,2,3,3,1.02,0.14,48.41
sir_5333650,Jet Away (GB),1548,Class 1,25,1,0,4,2,0.36,0.04,-8.0
sir_7976311,Pillar Coral (GB),110,,51,1,7,3,4,0.24,0.02,-41.0
sir_7976311,Pillar Coral (GB),110,Class 4,30,3,3,3,3,0.83,0.1,-21.0
sir_7976311,Pillar Coral (GB),110,Class 5,22,1,4,1,6,0.28,0.05,-15.0
sir_7976311,Pillar Coral (GB),110,Class 2,3,0,0,0,0,0.0,0.0,-3.0
sir_7976311,Pillar Coral (GB),110,Class 3,3,0,0,0,0,0.0,0.0,-3.0
sir_7976311,Pillar Coral (GB),110,Class 1,1,0,0,0,0,0.0,0.0,-1.0
sir_3816407,Saint Des Saints (FR),4843,,3005,458,393,363,290,0.9,0.15,-452.55
sir_3816407,Saint Des Saints (FR),4843,Class 4,574,101,109,84,50,0.85,0.18,-58.83
sir_3816407,Saint Des Saints (FR),4843,Class 3,369,63,59,59,43,0.87,0.17,-65.79
sir_3816407,Saint Des Saints (FR),4843,Class 1,344,38,53,45,40,0.76,0.11,-78.39
sir_3816407,Saint Des Saints (FR),4843,Class 2,262,48,42,28,31,1.0,0.18,-26.55
sir_3816407,Saint Des Saints (FR),4843,Class 5,256,30,28,32,35,0.71,0.12,-31.06
sir_3816407,Saint Des Saints (FR),4843,Class 6,33,6,2,3,7,0.83,0.18,3.45
sir_4123686,Court Cave (IRE),7118,,3248,247,234,260,247,0.84,0.08,-948.18
sir_4123686,Court Cave (IRE),7118,Class 4,1580,185,178,187,194,0.86,0.12,-535.24
sir_4123686,Court Cave (IRE),7118,Class 5,1212,132,127,140,136,0.86,0.11,-103.71
sir_4123686,Court Cave (IRE),7118,Class 3,531,88,68,56,65,1.08,0.17,-33.82
sir_4123686,Court Cave (IRE),7118,Class 2,220,21,23,23,30,0.77,0.1,-29.95
sir_4123686,Court Cave (IRE),7118,Class 1,177,22,21,12,19,1.2,0.12,34.01
sir_4123686,Court Cave (IRE),7118,Class 6,150,18,15,21,9,0.85,0.12,-59.43
sir_3927665,Westerner (GB),10901,,4614,459,438,425,387,0.87,0.1,-1308.31
sir_3927665,Westerner (GB),10901,Class 4,2493,398,349,309,264,0.94,0.16,-581.38
sir_3927665,Westerner (GB),10901,Class 5,1336,157,169,136,139,0.87,0.12,-447.32
sir_3927665,Westerner (GB),10901,Class 3,1175,165,178,151,131,0.82,0.14,-277.59
sir_3927665,Westerner (GB),10901,Class 1,465,38,49,46,36,0.76,0.08,-129.66
sir_3927665,Westerner (GB),10901,Class 2,453,53,63,47,40,0.88,0.12,-43.89
sir_3927665,Westerner (GB),10901,Class 6,360,60,41,49,37,1.01,0.17,-44.13
sir_3927665,Westerner (GB),10901,Class 7,5,2,0,1,0,3.45,0.4,21.0
sir_6179754,Choeur Du Nord (FR),472,,368,40,51,47,53,0.85,0.11,128.47
sir_6179754,Choeur Du Nord (FR),472,Class 4,44,11,3,11,5,1.08,0.25,-3.49
sir_6179754,Choeur Du Nord (FR),472,Class 3,18,4,1,1,2,1.02,0.22,1.76
sir_6179754,Choeur Du Nord (FR),472,Class 1,15,1,2,1,0,0.49,0.07,-13.33
sir_6179754,Choeur Du Nord (FR),472,Class 2,15,0,1,4,2,0.0,0.0,-15.0
sir_6179754,Choeur Du Nord (FR),472,Class 5,12,2,4,2,2,0.99,0.17,-4.12
sir_4602430,Getaway (GER),9107,,3342,266,323,284,275,0.75,0.08,-1411.62
sir_4602430,Getaway (GER),9107,Class 4,2441,354,333,278,270,0.93,0.15,-564.55
sir_4602430,Getaway (GER),9107,Class 5,1787,192,187,207,193,0.8,0.11,-463.18
sir_4602430,Getaway (GER),9107,Class 3,821,120,101,138,104,0.88,0.15,-201.79
sir_4602430,Getaway (GER),9107,Class 2,332,39,28,43,35,0.87,0.12,-42.42
sir_4602430,Getaway (GER),9107,Class 1,313,25,32,31,35,0.65,0.08,-161.09
sir_4602430,Getaway (GER),9107,Class 6,71,8,8,6,9,0.8,0.11,-37.57
sir_5551420,Masterstroke (USA),613,,423,35,50,43,36,0.77,0.08,-97.5
sir_5551420,Masterstroke (USA),613,Class 4,79,10,6,12,9,0.92,0.13,-40.38
sir_5551420,Masterstroke (USA),613,Class 5,57,8,7,4,4,1.13,0.14,11.58
sir_5551420,Masterstroke (USA),613,Class 3,26,2,4,4,4,0.51,0.08,-16.25
sir_5551420,Masterstroke (USA),613,Class 2,13,0,2,2,2,0.0,0.0,-13.0
sir_5551420,Masterstroke (USA),613,Class 1,10,0,2,1,1,0.0,0.0,-10.0
sir_5551420,Masterstroke (USA),613,Class 6,5,0,0,2,0,0.0,0.0,-5.0
sir_13423760,Beaumec De Houelle (FR),175,,131,11,15,14,16,0.66,0.08,-62.2
sir_13423760,Beaumec De Houelle (FR),175,Class 4,20,3,5,1,1,0.69,0.15,1.28
sir_13423760,Beaumec De Houelle (FR),175,Class 5,10,3,1,1,0,1.35,0.3,3.33
sir_13423760,Beaumec De Houelle (FR),175,Class 1,6,0,1,1,0,0.0,0.0,-6.0
sir_13423760,Beaumec De Houelle (FR),175,Class 3,6,0,0,0,1,0.0,0.0,-6.0
sir_13423760,Beaumec De Houelle (FR),175,Class 2,2,0,1,1,0,0.0,0.0,-2.0
sir_3993948,Kapgarde (FR),5896,,2784,312,292,316,267,0.83,0.11,-590.97
sir_3993948,Kapgarde (FR),5896,Class 4,1184,181,151,150,144,0.89,0.15,-249.14
sir_3993948,Kapgarde (FR),5896,Class 5,724,101,87,95,82,0.94,0.14,-2.99
sir_3993948,Kapgarde (FR),5896,Class 3,520,65,74,80,58,0.71,0.12,-142.5
sir_3993948,Kapgarde (FR),5896,Class 1,312,32,42,26,37,0.75,0.1,-66.13
sir_3993948,Kapgarde (FR),5896,Class 2,272,38,39,25,23,0.87,0.14,-20.84
sir_3993948,Kapgarde (FR),5896,Class 6,99,19,14,15,12,1.03,0.19,-13.35
sir_3993948,Kapgarde (FR),5896,Class 7,1,0,0,0,0,0.0,0.0,-1.0
sir_4218179,Walk In The Park (IRE),4614,,2468,344,267,247,218,0.92,0.14,-387.66
sir_4218179,Walk In The Park (IRE),4614,Class 4,861,114,135,125,103,0.74,0.13,-337.4
sir_4218179,Walk In The Park (IRE),4614,Class 5,596,82,86,69,88,0.83,0.14,38.14
sir_4218179,Walk In The Park (IRE),4614,Class 3,286,56,44,44,42,0.91,0.2,-82.11
sir_4218179,Walk In The Park (IRE),4614,Class 1,245,44,28,20,33,1.01,0.18,-15.8
sir_4218179,Walk In The Park (IRE),4614,Class 2,145,12,21,20,19,0.51,0.08,-13.05
sir_4218179,Walk In The Park (IRE),4614,Class 6,13,2,3,0,0,1.04,0.15,-3.5
sir_4494917,Papal Bull (GB),1537,,871,58,71,70,71,0.8,0.07,-280.07
sir_4494917,Papal Bull (GB),1537,Class 5,242,18,18,22,23,0.73,0.07,-112.58
sir_4494917,Papal Bull (GB),1537,Class 4,230,25,20,17,23,1.18,0.11,-58.39
sir_4494917,Papal Bull (GB),1537,Class 6,116,6,6,10,7,0.54,0.05,-70.14
sir_4494917,Papal Bull (GB),1537,Class 3,44,5,3,3,8,0.89,0.11,-24.33
sir_4494917,Papal Bull (GB),1537,Class 2,17,1,2,2,2,0.65,0.06,-14.0
sir_4494917,Papal Bull (GB),1537,Class 1,15,0,1,1,1,0.0,0.0,-15.0
sir_4494917,Papal Bull (GB),1537,Class 7,2,0,0,0,0,0.0,0.0,-2.0
sir_676046,Flemensfirth (USA),18264,,8842,855,847,802,797,0.81,0.1,-3269.97
sir_676046,Flemensfirth (USA),18264,Class 4,4003,542,504,500,456,0.86,0.14,-885.81
sir_676046,Flemensfirth (USA),18264,Class 5,1825,236,212,192,198,0.9,0.13,-202.97
sir_676046,Flemensfirth (USA),18264,Class 3,1590,240,213,188,190,0.92,0.15,-106.1
sir_676046,Flemensfirth (USA),18264,Class 1,830,96,84,75,73,0.94,0.12,-141.81
sir_676046,Flemensfirth (USA),18264,Class 2,603,76,81,66,57,0.85,0.13,-146.54
sir_676046,Flemensfirth (USA),18264,Class 6,570,90,84,73,59,0.89,0.16,-103.49
sir_676046,Flemensfirth (USA),18264,Class 7,1,0,0,0,0,0.0,0.0,-1.0
sir_4224962,Scorpion (IRE),6114,,2640,171,164,197,221,0.75,0.06,-1355.63
sir_4224962,Scorpion (IRE),6114,Class 4,1627,178,193,181,196,0.8,0.11,-616.45
sir_4224962,Scorpion (IRE),6114,Class 5,952,92,87,94,92,0.84,0.1,-320.43
sir_4224962,Scorpion (IRE),6114,Class 3,444,58,49,67,42,0.9,0.13,-148.66
sir_4224962,Scorpion (IRE),6114,Class 6,196,28,28,27,21,0.94,0.14,-46.89
sir_4224962,Scorpion (IRE),6114,Class 2,140,12,17,17,10,0.66,0.09,-79.84
sir_4224962,Scorpion (IRE),6114,Class 1,115,12,8,9,9,0.92,0.1,-31.64
sir_6126435,Proconsul (GB),286,Class 6,97,7,9,8,11,0.76,0.07,-48.77
sir_6126435,Proconsul (GB),286,Class 5,96,11,7,5,13,1.12,0.11,-49.22
sir_6126435,Proconsul (GB),286,Class 4,60,4,5,4,3,0.76,0.07,-47.59
sir_6126435,Proconsul (GB),286,,21,1,3,1,2,0.46,0.05,-17.25
sir_6126435,Proconsul (GB),286,Class 3,5,1,1,0,1,0.92,0.2,-2.5
sir_6126435,Proconsul (GB),286,Class 2,5,0,2,0,0,0.0,0.0,-5.0
sir_6126435,Proconsul (GB),286,Class 1,2,0,0,0,0,0.0,0.0,-2.0
sir_6838293,Castle Du Berlais (FR),252,,159,18,14,18,14,0.98,0.11,-40.0
sir_6838293,Castle Du Berlais (FR),252,Class 4,41,9,7,5,2,1.18,0.22,70.09
sir_6838293,Castle Du Berlais (FR),252,Class 5,18,2,1,2,2,0.82,0.11,-8.2
sir_6838293,Castle Du Berlais (FR),252,Class 3,16,2,2,2,2,0.62,0.12,0.5
sir_6838293,Castle Du Berlais (FR),252,Class 1,10,1,0,0,1,0.96,0.1,7.0
sir_6838293,Castle Du Berlais (FR),252,Class 2,8,2,2,0,0,1.46,0.25,-1.09
sir_4485502,Youmzain (IRE),1580,,1098,90,97,112,83,0.81,0.08,-324.87
sir_4485502,Youmzain (IRE),1580,Class 4,173,18,27,19,22,0.7,0.1,-22.51
sir_4485502,Youmzain (IRE),1580,Class 5,139,16,16,13,22,0.99,0.12,-49.85
sir_4485502,Youmzain (IRE),1580,Class 3,78,5,10,9,6,0.51,0.06,-29.0
sir_4485502,Youmzain (IRE),1580,Class 6,55,6,7,5,5,0.88,0.11,61.5
sir_4485502,Youmzain (IRE),1580,Class 2,22,3,2,1,0,1.47,0.14,18.5
sir_4485502,Youmzain (IRE),1580,Class 1,15,3,0,1,0,2.7,0.2,47.0
sir_5783750,Free Eagle (IRE),2029,,896,77,72,67,68,0.93,0.09,-23.39
sir_5783750,Free Eagle (IRE),2029,Class 5,429,57,41,59,44,0.99,0.13,-115.2
sir_5783750,Free Eagle (IRE),2029,Class 4,276,37,37,23,49,1.0,0.13,-66.75
sir_5783750,Free Eagle (IRE),2029,Class 6,225,30,31,25,25,0.9,0.13,-67.25
sir_5783750,Free Eagle (IRE),2029,Class 3,97,6,12,13,17,0.41,0.06,-73.27
sir_5783750,Free Eagle (IRE),2029,Class 2,78,7,9,8,5,0.89,0.09,-32.45
sir_5783750,Free Eagle (IRE),2029,Class 1,28,4,4,4,2,1.57,0.14,-7.07
sir_5928272,Fascinating Rock (IRE),889,,479,40,36,31,48,0.89,0.08,-95.44
sir_5928272,Fascinating Rock (IRE),889,Class 5,159,16,16,22,18,0.82,0.1,-23.72
sir_5928272,Fascinating Rock (IRE),889,Class 4,101,13,12,18,9,1.04,0.13,-5.06
sir_5928272,Fascinating Rock (IRE),889,Class 3,66,5,7,8,3,0.83,0.08,1.2
sir_5928272,Fascinating Rock (IRE),889,Class 6,50,5,5,7,2,0.75,0.1,-23.87
sir_5928272,Fascinating Rock (IRE),889,Class 2,18,0,1,3,1,0.0,0.0,-18.0
sir_5928272,Fascinating Rock (IRE),889,Class 1,16,1,3,1,1,0.97,0.06,-6.0
sir_3769220,Califet (FR),3170,,1721,181,155,143,135,0.93,0.11,-323.29
sir_3769220,Califet (FR),3170,Class 4,528,69,64,74,59,0.8,0.13,-267.47
sir_3769220,Califet (FR),3170,Class 5,470,59,53,46,53,0.93,0.13,-126.24
sir_3769220,Califet (FR),3170,Class 3,198,38,30,24,21,1.03,0.19,-26.31
sir_3769220,Califet (FR),3170,Class 1,125,12,6,16,15,0.8,0.1,-11.87
sir_3769220,Califet (FR),3170,Class 2,108,10,13,11,12,0.59,0.09,-61.55
sir_3769220,Califet (FR),3170,Class 6,20,3,1,1,5,0.74,0.15,-8.28
sir_3722383,Galileo (IRE),20088,,10655,1630,1329,1182,1035,0.88,0.15,-2614.94
sir_3722383,Galileo (IRE),20088,Class 4,2487,323,321,320,270,0.84,0.13,-738.93
sir_3722383,Galileo (IRE),20088,Class 5,2470,354,306,330,279,0.85,0.14,-485.95
sir_3722383,Galileo (IRE),20088,Class 1,1784,292,258,205,193,0.95,0.16,-414.91
sir_3722383,Galileo (IRE),20088,Class 3,1048,120,108,131,123,0.81,0.11,-327.84
sir_3722383,Galileo (IRE),20088,Class 2,997,91,78,94,85,0.79,0.09,-260.69
sir_3722383,Galileo (IRE),20088,Class 6,638,80,72,71,89,0.83,0.13,-220.36
sir_3722383,Galileo (IRE),20088,Class 7,9,1,0,0,0,0.86,0.11,-4.5
sir_5988269,Muhaarar (GB),3999,Class 5,1083,156,126,100,127,0.97,0.14,-121.55
sir_5988269,Muhaarar (GB),3999,,992,111,126,85,104,0.9,0.11,-49.24
sir_5988269,Muhaarar (GB),3999,Class 4,642,79,67,86,74,0.82,0.12,-148.22
sir_5988269,Muhaarar (GB),3999,Class 6,623,68,67,49,65,0.9,0.11,-164.62
sir_5988269,Muhaarar (GB),3999,Class 2,268,29,26,35,27,0.94,0.11,-29.54
sir_5988269,Muhaarar (GB),3999,Class 3,210,23,22,25,31,0.75,0.11,-61.94
sir_5988269,Muhaarar (GB),3999,Class 1,181,21,25,16,27,0.96,0.12,-5.47
sir_5152770,Showcasing (GB),10352,Class 5,2908,320,316,349,291,0.86,0.11,-762.13
sir_5152770,Showcasing (GB),10352,Class 6,2131,188,184,181,217,0.83,0.09,-515.8
sir_5152770,Showcasing (GB),10352,,2019,206,167,185,176,0.87,0.1,-557.36
sir_5152770,Showcasing (GB),10352,Class 4,1841,190,193,192,189,0.83,0.1,-592.69
sir_5152770,Showcasing (GB),10352,Class 3,649,59,64,70,72,0.78,0.09,-204.23
sir_5152770,Showcasing (GB),10352,Class 2,446,43,34,33,45,0.89,0.1,-47.5
sir_5152770,Showcasing (GB),10352,Class 1,335,34,34,43,19,0.92,0.1,-71.98
sir_5152770,Showcasing (GB),10352,Class 7,23,2,2,2,1,0.9,0.09,-12.5
sir_14902776,Magna Grecia (IRE),692,,240,7,11,14,22,0.42,0.03,-204.55
sir_14902776,Magna Grecia (IRE),692,Class 5,149,19,21,17,18,1.06,0.13,-9.91
sir_14902776,Magna Grecia (IRE),692,Class 6,140,9,15,23,9,0.56,0.06,-90.59
sir_14902776,Magna Grecia (IRE),692,Class 4,118,7,19,12,15,0.52,0.06,-74.67
sir_14902776,Magna Grecia (IRE),692,Class 2,28,1,2,2,3,0.4,0.04,-24.5
sir_14902776,Magna Grecia (IRE),692,Class 3,15,0,3,1,3,0.0,0.0,-15.0
sir_14902776,Magna Grecia (IRE),692,Class 1,2,0,0,0,0,0.0,0.0,-2.0
sir_5957371,Dartmouth (GB),260,Class 4,124,4,10,9,21,0.45,0.03,-95.5
sir_5957371,Dartmouth (GB),260,Class 5,105,8,7,7,7,1.05,0.08,0.66
sir_5957371,Dartmouth (GB),260,Class 3,12,0,1,1,2,0.0,0.0,-12.0
sir_5957371,Dartmouth (GB),260,Class 6,7,1,0,0,0,2.96,0.14,27.0
sir_5957371,Dartmouth (GB),260,,6,0,0,0,0,0.0,0.0,-6.0
sir_5957371,Dartmouth (GB),260,Class 2,5,0,0,0,0,0.0,0.0,-5.0
sir_5957371,Dartmouth (GB),260,Class 1,1,0,0,0,0,0.0,0.0,-1.0
sir_6312670,Almanzor (FR),1468,,845,73,86,69,70,0.75,0.09,-307.97
sir_6312670,Almanzor (FR),1468,Class 4,272,34,20,30,38,0.92,0.12,67.35
sir_6312670,Almanzor (FR),1468,Class 5,186,19,28,23,17,0.66,0.1,-74.2
sir_6312670,Almanzor (FR),1468,Class 3,58,2,7,9,7,0.29,0.03,-49.5
sir_6312670,Almanzor (FR),1468,Class 6,54,12,4,7,9,1.33,0.22,19.83
sir_6312670,Almanzor (FR),1468,Class 2,34,5,4,3,1,1.07,0.15,-6.32
sir_6312670,Almanzor (FR),1468,Class 1,19,2,2,3,3,0.86,0.11,-5.5
sir_6014925,Gleneagles (IRE),3761,,1372,163,150,130,133,0.92,0.12,-324.44
sir_6014925,Gleneagles (IRE),3761,Class 5,765,107,108,90,99,0.91,0.14,-204.83
sir_6014925,Gleneagles (IRE),3761,Class 4,664,75,79,80,98,0.77,0.11,-165.91
sir_6014925,Gleneagles (IRE),3761,Class 6,466,56,55,57,45,0.86,0.12,-39.61
sir_6014925,Gleneagles (IRE),3761,Class 3,216,30,31,23,30,0.87,0.14,-46.52
sir_6014925,Gleneagles (IRE),3761,Class 2,145,7,17,12,18,0.41,0.05,-96.25
sir_6014925,Gleneagles (IRE),3761,Class 1,133,14,16,20,16,0.89,0.11,-13.59
sir_4178412,Lord Du Sud (FR),931,,495,40,58,51,46,0.76,0.08,-140.08
sir_4178412,Lord Du Sud (FR),931,Class 4,165,11,27,19,20,0.51,0.07,-118.75
sir_4178412,Lord Du Sud (FR),931,Class 5,94,9,10,12,5,0.71,0.1,-41.67
sir_4178412,Lord Du Sud (FR),931,Class 3,85,11,20,19,12,0.66,0.13,-44.48
sir_4178412,Lord Du Sud (FR),931,Class 1,47,7,4,6,4,0.98,0.15,-22.53
sir_4178412,Lord Du Sud (FR),931,Class 2,42,3,5,9,4,0.48,0.07,-26.67
sir_4178412,Lord Du Sud (FR),931,Class 6,3,0,0,1,0,0.0,0.0,-3.0
sir_676165,Presenting (GB),23216,,10082,872,820,925,817,0.77,0.09,-4242.4
sir_676165,Presenting (GB),23216,Class 4,5487,719,743,645,594,0.85,0.13,-1725.92
sir_676165,Presenting (GB),23216,Class 5,2610,307,288,310,234,0.84,0.12,-770.32
sir_676165,Presenting (GB),23216,Class 3,2273,320,331,271,239,0.85,0.14,-559.42
sir_676165,Presenting (GB),23216,Class 6,1031,131,144,117,109,0.77,0.13,-316.38
sir_676165,Presenting (GB),23216,Class 1,897,72,77,86,85,0.76,0.08,-282.35
sir_676165,Presenting (GB),23216,Class 2,836,90,88,93,81,0.81,0.11,-237.14
sir_5063387,Air Chief Marshal (IRE),1967,,1687,117,150,134,130,0.76,0.07,-399.68
sir_5063387,Air Chief Marshal (IRE),1967,Class 3,70,13,10,12,8,1.2,0.19,13.26
sir_5063387,Air Chief Marshal (IRE),1967,Class 4,69,15,8,7,6,1.25,0.22,7.31
sir_5063387,Air Chief Marshal (IRE),1967,Class 5,51,8,10,6,3,0.83,0.16,-21.35
sir_5063387,Air Chief Marshal (IRE),1967,Class 2,43,4,4,2,4,0.9,0.09,-18.0
sir_5063387,Air Chief Marshal (IRE),1967,Class 1,31,7,3,1,3,1.41,0.23,-10.65
sir_5063387,Air Chief Marshal (IRE),1967,Class 6,16,4,1,2,2,3.34,0.25,32.25
sir_3207309,Craigsteel (GB),3392,,1336,83,90,105,119,0.7,0.06,-702.14
sir_3207309,Craigsteel (GB),3392,Class 4,932,117,99,129,97,0.86,0.13,-127.83
sir_3207309,Craigsteel (GB),3392,Class 5,493,65,54,55,50,0.96,0.13,-66.93
sir_3207309,Craigsteel (GB),3392,Class 3,280,30,36,21,39,0.82,0.11,-80.67
sir_3207309,Craigsteel (GB),3392,Class 6,157,29,23,23,14,1.18,0.18,27.34
sir_3207309,Craigsteel (GB),3392,Class 2,110,11,13,8,8,0.91,0.1,-27.88
sir_3207309,Craigsteel (GB),3392,Class 1,84,8,11,9,11,0.81,0.1,-4.88
sir_5835837,Libertarian (GB),414,,249,11,14,19,12,0.59,0.04,-174.34
sir_5835837,Libertarian (GB),414,Class 5,68,11,7,10,5,1.25,0.16,-14.72
sir_5835837,Libertarian (GB),414,Class 4,57,9,9,4,3,1.11,0.16,-8.5
sir_5835837,Libertarian (GB),414,Class 3,20,3,1,0,2,1.02,0.15,-8.87
sir_5835837,Libertarian (GB),414,Class 6,8,2,0,2,0,2.32,0.25,11.5
sir_5835837,Libertarian (GB),414,Class 2,7,0,0,2,0,0.0,0.0,-7.0
sir_5835837,Libertarian (GB),414,Class 1,5,0,0,0,2,0.0,0.0,-5.0
sir_4486727,Linda's Lad (GB),1107,,655,48,66,49,55,0.76,0.07,-258.27
sir_4486727,Linda's Lad (GB),1107,Class 4,211,24,18,23,32,0.96,0.11,13.48
sir_4486727,Linda's Lad (GB),1107,Class 5,141,13,7,12,14,0.93,0.09,-21.99
sir_4486727,Linda's Lad (GB),1107,Class 3,75,8,10,12,19,0.71,0.11,-28.75
sir_4486727,Linda's Lad (GB),1107,Class 2,12,1,1,3,1,0.77,0.08,-8.25
sir_4486727,Linda's Lad (GB),1107,Class 1,7,0,1,2,0,0.0,0.0,-7.0
sir_4486727,Linda's Lad (GB),1107,Class 6,6,0,3,1,1,0.0,0.0,-6.0
sir_3845786,Great Pretender (IRE),2993,,1614,183,154,153,150,0.93,0.11,-265.01
sir_3845786,Great Pretender (IRE),2993,Class 4,557,85,78,74,65,0.86,0.15,-122.87
sir_3845786,Great Pretender (IRE),2993,Class 5,274,39,41,31,22,0.89,0.14,-4.39
sir_3845786,Great Pretender (IRE),2993,Class 3,267,47,46,37,31,0.94,0.18,-60.4
sir_3845786,Great Pretender (IRE),2993,Class 1,149,20,17,21,11,0.8,0.13,-65.94
sir_3845786,Great Pretender (IRE),2993,Class 2,119,20,11,14,14,1.13,0.17,47.95
sir_3845786,Great Pretender (IRE),2993,Class 6,13,3,3,1,2,1.17,0.23,-2.74
sir_4494735,Sixties Icon (GB),5258,Class 5,1700,175,182,199,193,0.91,0.1,-203.87
sir_4494735,Sixties Icon (GB),5258,Class 6,1247,126,124,160,113,0.83,0.1,-316.44
sir_4494735,Sixties Icon (GB),5258,Class 4,1095,116,111,127,128,0.91,0.11,-337.9
sir_4494735,Sixties Icon (GB),5258,,486,45,34,40,39,0.85,0.09,-75.12
sir_4494735,Sixties Icon (GB),5258,Class 3,317,31,51,49,37,0.78,0.1,-105.58
sir_4494735,Sixties Icon (GB),5258,Class 2,230,13,27,22,26,0.58,0.06,-98.5
sir_4494735,Sixties Icon (GB),5258,Class 1,166,11,14,12,17,1.07,0.07,-19.0
sir_4494735,Sixties Icon (GB),5258,Class 7,17,1,2,3,0,0.64,0.06,-13.25
sir_5221342,No Risk At All (FR),2308,,1301,179,132,139,118,0.93,0.14,-241.8
sir_5221342,No Risk At All (FR),2308,Class 4,361,61,54,50,46,0.85,0.17,-56.49
sir_5221342,No Risk At All (FR),2308,Class 3,198,35,37,19,26,0.91,0.18,5.66
sir_5221342,No Risk At All (FR),2308,Class 5,198,27,24,17,32,0.82,0.14,-63.41
sir_5221342,No Risk At All (FR),2308,Class 1,127,20,16,15,17,1.03,0.16,-31.13
sir_5221342,No Risk At All (FR),2308,Class 2,102,9,12,18,10,0.61,0.09,97.0
sir_5221342,No Risk At All (FR),2308,Class 6,21,5,0,5,1,1.45,0.24,13.32
sir_5164208,Poet's Voice (GB),6319,Class 5,1786,183,184,218,190,0.82,0.1,-553.05
sir_5164208,Poet's Voice (GB),6319,,1331,86,113,108,121,0.64,0.06,-686.3
sir_5164208,Poet's Voice (GB),6319,Class 4,1224,138,163,147,119,0.87,0.11,-322.53
sir_5164208,Poet's Voice (GB),6319,Class 6,1062,127,117,105,74,0.98,0.12,-84.93
sir_5164208,Poet's Voice (GB),6319,Class 3,408,45,57,47,53,0.81,0.11,-170.2
sir_5164208,Poet's Voice (GB),6319,Class 2,360,25,35,27,31,0.62,0.07,-197.9
sir_5164208,Poet's Voice (GB),6319,Class 1,139,12,16,14,10,0.89,0.09,-65.83
sir_5164208,Poet's Voice (GB),6319,Class 7,9,0,0,1,0,0.0,0.0,-9.0
sir_4624228,Mount Nelson (GB),5571,,1460,124,127,135,128,0.83,0.08,-491.17
sir_4624228,Mount Nelson (GB),5571,Class 5,1311,147,167,132,147,0.9,0.11,-286.53
sir_4624228,Mount Nelson (GB),5571,Class 4,1170,122,132,164,128,0.76,0.1,-344.27
sir_4624228,Mount Nelson (GB),5571,Class 6,723,67,80,87,68,0.75,0.09,-182.96
sir_4624228,Mount Nelson (GB),5571,Class 3,381,43,64,48,35,0.78,0.11,-76.09
sir_4624228,Mount Nelson (GB),5571,Class 2,293,26,25,31,36,0.87,0.09,120.33
sir_4624228,Mount Nelson (GB),5571,Class 1,220,20,21,35,29,0.86,0.09,-53.28
sir_4624228,Mount Nelson (GB),5571,Class 7,13,1,2,0,2,0.87,0.08,-4.0
sir_4217458,Footstepsinthesand (GB),12519,,5422,523,530,500,510,0.87,0.1,-1561.65
sir_4217458,Footstepsinthesand (GB),12519,Class 5,2366,290,285,300,252,0.93,0.12,-511.83
sir_4217458,Footstepsinthesand (GB),12519,Class 6,1617,194,185,165,192,0.88,0.12,-320.43
sir_4217458,Footstepsinthesand (GB),12519,Class 4,1545,162,165,186,189,0.84,0.1,-438.78
sir_4217458,Footstepsinthesand (GB),12519,Class 3,621,66,64,77,65,0.94,0.11,-117.07
sir_4217458,Footstepsinthesand (GB),12519,Class 2,615,53,68,69,65,0.84,0.09,-143.29
sir_4217458,Footstepsinthesand (GB),12519,Class 1,309,19,33,37,40,0.6,0.06,-196.49
sir_4217458,Footstepsinthesand (GB),12519,Class 7,24,3,3,1,0,0.98,0.12,2.0
sir_6281926,Harzand (IRE),691,,341,36,36,36,38,0.93,0.11,-109.19
sir_6281926,Harzand (IRE),691,Class 5,134,11,13,15,13,0.68,0.08,-98.94
sir_6281926,Harzand (IRE),691,Class 4,90,21,15,12,10,1.12,0.23,19.71
sir_6281926,Harzand (IRE),691,Class 6,59,12,2,3,7,1.39,0.2,19.91
sir_6281926,Harzand (IRE),691,Class 3,30,2,5,1,3,0.47,0.07,-19.59
sir_6281926,Harzand (IRE),691,Class 2,25,3,0,3,3,1.13,0.12,31.75
sir_6281926,Harzand (IRE),691,Class 1,12,0,1,0,1,0.0,0.0,-12.0
sir_4209772,Malinas (GER),3336,,986,120,105,85,95,1.06,0.12,-199.01
sir_4209772,Malinas (GER),3336,Class 4,959,158,143,125,120,0.96,0.16,-129.15
sir_4209772,Malinas (GER),3336,Class 5,632,82,86,78,74,0.87,0.13,-79.69
sir_4209772,Malinas (GER),3336,Class 3,312,58,57,43,34,0.94,0.19,-22.37
sir_4209772,Malinas (GER),3336,Class 2,208,21,36,28,23,0.65,0.1,-83.67
sir_4209772,Malinas (GER),3336,Class 1,202,28,28,17,18,1.16,0.14,37.91
sir_4209772,Malinas (GER),3336,Class 6,37,3,5,4,4,0.63,0.08,-22.25
sir_6126946,Frontiersman (GB),105,Class 5,42,6,9,3,3,0.98,0.14,3.12
sir_6126946,Frontiersman (GB),105,Class 4,29,5,3,3,1,1.55,0.17,-5.88
sir_6126946,Frontiersman (GB),105,,11,3,1,3,2,2.08,0.27,6.58
sir_6126946,Frontiersman (GB),105,Class 6,8,1,0,1,2,0.98,0.12,7.0
sir_6126946,Frontiersman (GB),105,Class 2,7,2,1,0,1,2.6,0.29,10.0
sir_6126946,Frontiersman (GB),105,Class 1,5,0,0,0,1,0.0,0.0,-5.0
sir_6126946,Frontiersman (GB),105,Class 3,3,0,1,0,1,0.0,0.0,-3.0
sir_3814832,Rock Of Gibraltar (IRE),12945,,5781,544,534,570,514,0.84,0.09,-1461.95
sir_3814832,Rock Of Gibraltar (IRE),12945,Class 5,2349,245,263,261,259,0.81,0.1,-833.93
sir_3814832,Rock Of Gibraltar (IRE),12945,Class 4,1678,188,196,216,168,0.86,0.11,-424.81
sir_3814832,Rock Of Gibraltar (IRE),12945,Class 6,1547,151,154,161,157,0.8,0.1,-273.56
sir_3814832,Rock Of Gibraltar (IRE),12945,Class 2,636,50,56,61,45,0.76,0.08,-193.73
sir_3814832,Rock Of Gibraltar (IRE),12945,Class 3,587,65,69,74,67,0.85,0.11,-134.78
sir_3814832,Rock Of Gibraltar (IRE),12945,Class 1,332,27,46,36,43,0.73,0.08,-116.09
sir_3814832,Rock Of Gibraltar (IRE),12945,Class 7,35,4,1,2,2,1.05,0.11,-12.5
sir_4868829,Sea The Stars (IRE),8638,,3309,441,426,359,303,0.84,0.13,-880.4
sir_4868829,Sea The Stars (IRE),8638,Class 5,1621,286,246,212,186,0.89,0.18,-451.35
sir_4868829,Sea The Stars (IRE),8638,Class 4,1421,235,201,177,178,0.88,0.17,-337.8
sir_4868829,Sea The Stars (IRE),8638,Class 1,694,124,93,91,92,0.94,0.18,-181.2
sir_4868829,Sea The Stars (IRE),8638,Class 2,570,75,85,64,65,0.82,0.13,-79.73
sir_4868829,Sea The Stars (IRE),8638,Class 3,527,102,86,59,66,0.96,0.19,-64.1
sir_4868829,Sea The Stars (IRE),8638,Class 6,494,68,57,55,45,0.94,0.14,-79.16
sir_4868829,Sea The Stars (IRE),8638,Class 7,2,1,0,0,0,2.4,0.5,4.0
sir_10465427,Ghaiyyath (IRE),112,Class 4,35,2,4,7,5,0.4,0.06,-28.43
sir_10465427,Ghaiyyath (IRE),112,Class 5,30,6,3,3,4,0.96,0.2,32.95
sir_10465427,Ghaiyyath (IRE),112,,28,4,2,3,6,1.0,0.14,28.5
sir_10465427,Ghaiyyath (IRE),112,Class 2,11,2,1,0,2,1.57,0.18,0.0
sir_10465427,Ghaiyyath (IRE),112,Class 3,4,1,1,1,0,1.22,0.25,-1.9
sir_10465427,Ghaiyyath (IRE),112,Class 1,2,0,1,0,0,0.0,0.0,-2.0
sir_10465427,Ghaiyyath (IRE),112,Class 6,2,0,0,0,1,0.0,0.0,-2.0
sir_5493992,Camelot (GB),6458,,3105,349,337,304,307,0.83,0.11,-883.81
sir_5493992,Camelot (GB),6458,Class 5,1040,123,109,131,126,0.87,0.12,-369.95
sir_5493992,Camelot (GB),6458,Class 4,932,122,107,106,119,0.88,0.13,-274.86
sir_5493992,Camelot (GB),6458,Class 6,413,63,49,48,45,0.99,0.15,-56.22
sir_5493992,Camelot (GB),6458,Class 2,371,42,37,43,35,0.93,0.11,-99.99
sir_5493992,Camelot (GB),6458,Class 3,336,30,44,52,37,0.62,0.09,-158.46
sir_5493992,Camelot (GB),6458,Class 1,261,18,29,31,45,0.55,0.07,-140.33
sir_4127830,Dubawi (IRE),14737,,5556,866,644,584,542,0.98,0.16,9.4
sir_4127830,Dubawi (IRE),14737,Class 5,2513,541,364,298,263,0.94,0.22,-284.46
sir_4127830,Dubawi (IRE),14737,Class 4,2289,454,322,254,254,0.92,0.2,-222.13
sir_4127830,Dubawi (IRE),14737,Class 1,1397,248,204,170,149,0.98,0.18,68.85
sir_4127830,Dubawi (IRE),14737,Class 2,1211,172,148,115,109,0.92,0.14,-201.59
sir_4127830,Dubawi (IRE),14737,Class 3,1039,192,142,115,136,0.92,0.18,-118.82
sir_4127830,Dubawi (IRE),14737,Class 6,720,114,67,72,81,1.02,0.16,-25.26
sir_4127830,Dubawi (IRE),14737,Class 7,12,0,1,0,0,0.0,0.0,-12.0
sir_9923655,Sioux Nation (USA),1676,,670,71,67,69,68,0.9,0.11,-86.81
sir_9923655,Sioux Nation (USA),1676,Class 5,303,60,49,35,27,1.06,0.2,-25.76
sir_9923655,Sioux Nation (USA),1676,Class 4,254,29,31,38,29,0.75,0.11,-47.24
sir_9923655,Sioux Nation (USA),1676,Class 6,221,33,30,24,21,0.92,0.15,60.16
sir_9923655,Sioux Nation (USA),1676,Class 2,88,13,7,10,10,1.22,0.15,-25.27
sir_9923655,Sioux Nation (USA),1676,Class 3,80,12,11,11,8,1.08,0.15,-22.53
sir_9923655,Sioux Nation (USA),1676,Class 1,60,6,5,8,5,0.97,0.1,-24.34
sir_5566554,Pearl Secret (GB),733,Class 5,253,21,19,30,31,0.89,0.08,53.68
sir_5566554,Pearl Secret (GB),733,Class 6,183,20,21,19,22,0.86,0.11,12.58
sir_5566554,Pearl Secret (GB),733,,131,11,12,10,12,0.85,0.08,-54.87
sir_5566554,Pearl Secret (GB),733,Class 4,101,12,7,6,11,1.06,0.12,28.24
sir_5566554,Pearl Secret (GB),733,Class 2,31,4,1,0,1,1.79,0.13,14.0
sir_5566554,Pearl Secret (GB),733,Class 3,19,2,4,1,2,0.81,0.11,12.1
sir_5566554,Pearl Secret (GB),733,Class 1,15,0,0,1,2,0.0,0.0,-15.0
sir_9602586,Havana Grey (GB),2544,Class 5,641,93,87,88,90,0.9,0.15,-223.71
sir_9602586,Havana Grey (GB),2544,Class 4,507,69,76,72,60,0.85,0.14,-143.42
sir_9602586,Havana Grey (GB),2544,Class 6,477,69,68,48,43,0.95,0.14,-38.34
sir_9602586,Havana Grey (GB),2544,,363,36,37,36,32,0.83,0.1,-85.65
sir_9602586,Havana Grey (GB),2544,Class 2,206,24,17,20,25,0.95,0.12,-31.0
sir_9602586,Havana Grey (GB),2544,Class 3,188,30,37,23,14,1.01,0.16,-0.36
sir_9602586,Havana Grey (GB),2544,Class 1,162,20,15,22,16,0.97,0.12,-1.74
sir_10246215,Invincible Army (IRE),694,Class 5,197,26,26,23,19,0.97,0.13,-70.61
sir_10246215,Invincible Army (IRE),694,,162,12,12,4,16,0.8,0.07,-62.02
sir_10246215,Invincible Army (IRE),694,Class 4,131,16,20,13,15,0.86,0.12,-65.21
sir_10246215,Invincible Army (IRE),694,Class 6,115,13,15,14,13,0.93,0.11,-19.37
sir_10246215,Invincible Army (IRE),694,Class 3,39,6,6,4,4,1.16,0.15,-3.13
sir_10246215,Invincible Army (IRE),694,Class 2,35,6,4,2,2,1.48,0.17,7.85
sir_10246215,Invincible Army (IRE),694,Class 1,15,0,2,0,1,0.0,0.0,-15.0
sir_4677225,Lawman (FR),9394,,3908,330,325,327,330,0.81,0.08,-940.48
sir_4677225,Lawman (FR),9394,Class 5,1821,170,212,222,214,0.74,0.09,-613.3
sir_4677225,Lawman (FR),9394,Class 6,1313,122,120,135,134,0.83,0.09,-317.85
sir_4677225,Lawman (FR),9394,Class 4,1261,130,140,152,150,0.85,0.1,-351.96
sir_4677225,Lawman (FR),9394,Class 2,454,39,50,39,50,0.83,0.09,-40.17
sir_4677225,Lawman (FR),9394,Class 3,443,36,51,60,56,0.66,0.08,-208.63
sir_4677225,Lawman (FR),9394,Class 1,167,15,18,19,18,0.89,0.09,-14.67
sir_4677225,Lawman (FR),9394,Class 7,27,0,0,1,1,0.0,0.0,-27.0
sir_5927481,Sea The Moon (GER),3346,,1239,161,131,124,113,1.0,0.13,-79.3
sir_5927481,Sea The Moon (GER),3346,Class 5,689,79,93,80,76,0.79,0.11,-247.64
sir_5927481,Sea The Moon (GER),3346,Class 4,531,62,65,72,63,0.82,0.12,-174.32
sir_5927481,Sea The Moon (GER),3346,Class 6,428,54,48,50,38,0.95,0.13,-75.7
sir_5927481,Sea The Moon (GER),3346,Class 2,185,13,21,27,20,0.53,0.07,-104.74
sir_5927481,Sea The Moon (GER),3346,Class 3,146,23,19,18,17,0.88,0.16,-27.37
sir_5927481,Sea The Moon (GER),3346,Class 1,126,15,14,14,11,0.88,0.12,-61.3
sir_5927481,Sea The Moon (GER),3346,Class 7,2,0,0,0,1,0.0,0.0,-2.0
sir_5638892,Bungle Inthejungle (GB),3272,,873,60,54,70,65,0.81,0.07,-269.84
sir_5638892,Bungle Inthejungle (GB),3272,Class 6,831,80,87,83,77,0.85,0.1,-213.04
sir_5638892,Bungle Inthejungle (GB),3272,Class 5,795,75,80,86,103,0.8,0.09,-288.89
sir_5638892,Bungle Inthejungle (GB),3272,Class 4,467,40,52,51,52,0.78,0.09,-203.6
sir_5638892,Bungle Inthejungle (GB),3272,Class 3,123,14,9,10,10,1.22,0.11,0.5
sir_5638892,Bungle Inthejungle (GB),3272,Class 2,115,11,13,6,13,1.01,0.1,-17.21
sir_5638892,Bungle Inthejungle (GB),3272,Class 1,68,8,1,2,5,1.64,0.12,10.25
sir_7032655,Mehmas (IRE),5092,,1453,158,133,131,117,0.95,0.11,-199.63
sir_7032655,Mehmas (IRE),5092,Class 5,1230,180,152,162,163,0.92,0.15,-301.91
sir_7032655,Mehmas (IRE),5092,Class 4,778,85,103,107,96,0.75,0.11,-190.67
sir_7032655,Mehmas (IRE),5092,Class 6,759,88,78,102,69,0.86,0.12,-153.7
sir_7032655,Mehmas (IRE),5092,Class 2,307,31,33,27,29,0.88,0.1,27.23
sir_7032655,Mehmas (IRE),5092,Class 3,290,32,33,36,38,0.77,0.11,-119.03
sir_7032655,Mehmas (IRE),5092,Class 1,275,27,27,34,33,0.88,0.1,-109.16
sir_5327504,Dream Ahead (USA),5236,,2250,172,213,198,190,0.76,0.08,-750.55
sir_5327504,Dream Ahead (USA),5236,Class 5,1024,123,140,103,118,0.83,0.12,-256.11
sir_5327504,Dream Ahead (USA),5236,Class 4,705,63,83,87,75,0.68,0.09,-209.51
sir_5327504,Dream Ahead (USA),5236,Class 6,619,62,63,73,70,0.81,0.1,-211.25
sir_5327504,Dream Ahead (USA),5236,Class 2,259,34,36,28,21,1.05,0.13,-44.94
sir_5327504,Dream Ahead (USA),5236,Class 3,237,24,33,29,26,0.82,0.1,-69.38
sir_5327504,Dream Ahead (USA),5236,Class 1,136,16,16,17,11,0.97,0.12,-27.96
sir_5327504,Dream Ahead (USA),5236,Class 7,6,1,0,0,1,1.55,0.17,1.5
sir_5925710,Due Diligence (USA),1928,Class 6,598,59,66,52,58,0.82,0.1,-209.44
sir_5925710,Due Diligence (USA),1928,Class 5,595,67,57,70,68,0.95,0.11,26.3
sir_5925710,Due Diligence (USA),1928,Class 4,283,33,26,28,29,0.98,0.12,15.05
sir_5925710,Due Diligence (USA),1928,,252,22,25,23,21,0.82,0.09,-102.95
sir_5925710,Due Diligence (USA),1928,Class 2,72,10,4,7,10,1.15,0.14,-0.5
sir_5925710,Due Diligence (USA),1928,Class 3,70,7,5,6,7,0.9,0.1,6.5
sir_5925710,Due Diligence (USA),1928,Class 1,57,6,7,5,4,0.94,0.11,-15.5
sir_5925710,Due Diligence (USA),1928,Class 7,1,0,0,0,0,0.0,0.0,-1.0
sir_6338269,Aclaim (IRE),1787,Class 5,484,63,60,54,54,1.04,0.13,-66.81
sir_6338269,Aclaim (IRE),1787,Class 6,418,37,41,45,43,0.75,0.09,-80.54
sir_6338269,Aclaim (IRE),1787,,360,23,29,20,37,0.7,0.06,-175.35
sir_6338269,Aclaim (IRE),1787,Class 4,317,38,31,32,35,0.95,0.12,-73.05
sir_6338269,Aclaim (IRE),1787,Class 2,90,8,9,4,11,0.88,0.09,-27.2
sir_6338269,Aclaim (IRE),1787,Class 3,79,8,11,8,4,0.8,0.1,-35.42
sir_6338269,Aclaim (IRE),1787,Class 1,39,4,7,7,1,0.67,0.1,-12.37
sir_3548489,Invincible Spirit (IRE),21494,,7249,759,726,673,706,0.82,0.1,-1901.09
sir_3548489,Invincible Spirit (IRE),21494,Class 5,4439,651,619,567,487,0.91,0.15,-541.24
sir_3548489,Invincible Spirit (IRE),21494,Class 4,3597,421,456,423,375,0.8,0.12,-968.85
sir_3548489,Invincible Spirit (IRE),21494,Class 6,2237,261,211,218,222,0.89,0.12,-395.07
sir_3548489,Invincible Spirit (IRE),21494,Class 2,1478,138,133,149,131,0.81,0.09,-395.25
sir_3548489,Invincible Spirit (IRE),21494,Class 3,1466,164,181,186,159,0.79,0.11,-306.02
sir_3548489,Invincible Spirit (IRE),21494,Class 1,959,119,110,108,101,0.9,0.12,-215.93
sir_3548489,Invincible Spirit (IRE),21494,Class 7,69,5,7,4,3,0.66,0.07,-20.12
sir_4459483,Dandy Man (IRE),13328,,3719,239,303,301,333,0.7,0.06,-1530.04
sir_4459483,Dandy Man (IRE),13328,Class 5,3158,325,381,353,381,0.84,0.1,-616.43
sir_4459483,Dandy Man (IRE),13328,Class 6,3067,324,308,310,337,0.87,0.11,-465.12
sir_4459483,Dandy Man (IRE),13328,Class 4,1822,192,186,222,186,0.87,0.11,-491.05
sir_4459483,Dandy Man (IRE),13328,Class 3,657,59,60,87,64,0.77,0.09,-203.64
sir_4459483,Dandy Man (IRE),13328,Class 2,625,58,50,67,64,0.94,0.09,-163.01
sir_4459483,Dandy Man (IRE),13328,Class 1,261,16,26,25,18,0.63,0.06,-143.67
sir_4459483,Dandy Man (IRE),13328,Class 7,19,4,3,2,2,1.54,0.21,-5.87
sir_4701529,Dark Angel (IRE),20406,,5220,481,568,560,487,0.72,0.09,-2040.7
sir_4701529,Dark Angel (IRE),20406,Class 5,4575,582,600,523,563,0.84,0.13,-1357.42
sir_4701529,Dark Angel (IRE),20406,Class 4,3510,416,406,423,436,0.84,0.12,-934.7
sir_4701529,Dark Angel (IRE),20406,Class 6,3016,344,314,359,312,0.88,0.11,-576.15
sir_4701529,Dark Angel (IRE),20406,Class 2,1592,162,150,156,153,0.87,0.1,-387.03
sir_4701529,Dark Angel (IRE),20406,Class 3,1426,192,173,164,160,0.97,0.13,-271.69
sir_4701529,Dark Angel (IRE),20406,Class 1,1028,125,125,130,129,0.93,0.12,-101.52
sir_4701529,Dark Angel (IRE),20406,Class 7,39,0,1,2,2,0.0,0.0,-39.0
sir_7157318,Ardad (IRE),1771,Class 6,551,38,60,55,60,0.62,0.07,-260.14
sir_7157318,Ardad (IRE),1771,Class 5,477,41,41,47,57,0.81,0.09,-31.76
sir_7157318,Ardad (IRE),1771,,264,20,14,29,32,0.77,0.08,-138.15
sir_7157318,Ardad (IRE),1771,Class 4,248,27,20,25,34,0.92,0.11,-57.87
sir_7157318,Ardad (IRE),1771,Class 2,109,10,8,13,6,1.03,0.09,-12.5
sir_7157318,Ardad (IRE),1771,Class 3,74,10,7,5,10,1.01,0.14,-13.96
sir_7157318,Ardad (IRE),1771,Class 1,48,6,1,5,5,1.27,0.12,13.75
sir_4216086,Camacho (GB),8977,Class 5,2290,197,251,284,254,0.74,0.09,-796.24
sir_4216086,Camacho (GB),8977,,2225,132,154,177,192,0.7,0.06,-972.1
sir_4216086,Camacho (GB),8977,Class 6,2199,202,227,260,237,0.81,0.09,-492.37
sir_4216086,Camacho (GB),8977,Class 4,1243,124,124,148,150,0.91,0.1,-326.55
sir_4216086,Camacho (GB),8977,Class 3,427,39,49,50,58,0.75,0.09,-136.97
sir_4216086,Camacho (GB),8977,Class 2,394,23,21,39,43,0.73,0.06,-159.0
sir_4216086,Camacho (GB),8977,Class 1,170,15,13,14,11,1.13,0.09,-20.01
sir_4216086,Camacho (GB),8977,Class 7,29,1,1,2,2,0.33,0.03,5.0
sir_14220731,Calyx (GB),662,Class 5,183,34,19,24,24,1.1,0.19,50.33
sir_14220731,Calyx (GB),662,,173,22,17,15,18,1.07,0.13,56.41
sir_14220731,Calyx (GB),662,Class 4,121,17,17,11,17,0.81,0.14,-49.43
sir_14220731,Calyx (GB),662,Class 6,59,8,5,6,7,0.93,0.14,-14.32
sir_14220731,Calyx (GB),662,Class 2,53,7,7,7,4,0.88,0.13,-3.81
sir_14220731,Calyx (GB),662,Class 1,37,2,4,2,11,0.42,0.05,-27.0
sir_14220731,Calyx (GB),662,Class 3,36,9,4,4,6,1.4,0.25,6.52
sir_5084065,Starspangledbanner (AUS),5963,,1930,220,209,201,184,0.87,0.11,-87.45
sir_5084065,Starspangledbanner (AUS),5963,Class 4,1144,136,147,127,121,0.88,0.12,-180.42
sir_5084065,Starspangledbanner (AUS),5963,Class 5,1141,125,121,139,130,0.81,0.11,-432.05
sir_5084065,Starspangledbanner (AUS),5963,Class 6,744,73,78,72,67,0.84,0.1,-191.25
sir_5084065,Starspangledbanner (AUS),5963,Class 3,469,63,42,52,53,0.98,0.13,-66.49
sir_5084065,Starspangledbanner (AUS),5963,Class 2,335,29,37,34,24,0.74,0.09,-156.25
sir_5084065,Starspangledbanner (AUS),5963,Class 1,198,18,23,30,16,0.72,0.09,-47.55
sir_5084065,Starspangledbanner (AUS),5963,Class 7,2,1,1,0,0,3.0,0.5,5.5
sir_5298622,Mayson (GB),6457,Class 5,1681,203,186,207,185,0.91,0.12,-294.01
sir_5298622,Mayson (GB),6457,Class 6,1573,190,163,168,171,0.91,0.12,-265.54
sir_5298622,Mayson (GB),6457,,1068,79,89,92,85,0.76,0.07,-374.15
sir_5298622,Mayson (GB),6457,Class 4,1056,127,128,110,141,0.9,0.12,-320.11
sir_5298622,Mayson (GB),6457,Class 2,465,46,43,47,52,0.88,0.1,-80.15
sir_5298622,Mayson (GB),6457,Class 3,462,47,45,63,56,0.79,0.1,-90.98
sir_5298622,Mayson (GB),6457,Class 1,146,12,17,13,16,0.76,0.08,-16.5
sir_5298622,Mayson (GB),6457,Class 7,6,2,0,1,0,3.57,0.33,15.5
sir_4080139,Kodiac (GB),22160,Class 5,5413,670,669,624,601,0.9,0.12,-934.24
sir_4080139,Kodiac (GB),22160,,4900,418,480,465,438,0.78,0.09,-1793.43
sir_4080139,Kodiac (GB),22160,Class 6,4197,425,443,427,454,0.84,0.1,-732.83
sir_4080139,Kodiac (GB),22160,Class 4,3902,456,476,475,439,0.9,0.12,-885.94
sir_4080139,Kodiac (GB),22160,Class 3,1443,144,167,165,157,0.8,0.1,-494.82
sir_4080139,Kodiac (GB),22160,Class 2,1407,119,125,126,150,0.8,0.08,-399.51
sir_4080139,Kodiac (GB),22160,Class 1,843,78,80,85,83,0.85,0.09,-131.68
sir_4080139,Kodiac (GB),22160,Class 7,55,6,5,4,9,0.83,0.11,11.12
sir_6308554,Gun Runner (USA),368,,359,66,62,55,53,0.98,0.18,-28.03
sir_6308554,Gun Runner (USA),368,Class 5,4,0,1,0,0,0.0,0.0,-4.0
sir_6308554,Gun Runner (USA),368,Class 6,2,1,1,0,0,1.29,0.5,2.6
sir_6308554,Gun Runner (USA),368,Class 4,2,0,1,0,0,0.0,0.0,-2.0
sir_6308554,Gun Runner (USA),368,Class 1,1,0,0,0,0,0.0,0.0,-1.0
sir_8866032,Masar (IRE),501,Class 5,168,15,15,25,28,0.69,0.09,-80.43
sir_8866032,Masar (IRE),501,Class 4,117,13,15,18,13,0.82,0.11,-16.38
sir_8866032,Masar (IRE),501,,112,16,13,7,9,1.09,0.14,-11.48
sir_8866032,Masar (IRE),501,Class 6,64,6,5,8,5,0.92,0.09,-7.5
sir_8866032,Masar (IRE),501,Class 2,25,5,3,1,3,2.0,0.2,21.5
sir_8866032,Masar (IRE),501,Class 3,9,1,1,2,2,0.83,0.11,-6.9
sir_8866032,Masar (IRE),501,Class 1,6,0,2,0,1,0.0,0.0,-6.0
sir_8174257,Cracksman (GB),1025,Class 5,287,38,31,35,34,0.91,0.13,-84.22
sir_8174257,Cracksman (GB),1025,Class 4,226,26,26,22,18,0.9,0.12,70.92
sir_8174257,Cracksman (GB),1025,,179,29,17,19,17,1.19,0.16,42.19
sir_8174257,Cracksman (GB),1025,Class 6,148,18,18,16,13,0.83,0.12,-7.58
sir_8174257,Cracksman (GB),1025,Class 2,89,7,8,9,6,0.69,0.08,11.66
sir_8174257,Cracksman (GB),1025,Class 3,61,9,6,10,7,0.91,0.15,-24.37
sir_8174257,Cracksman (GB),1025,Class 1,35,4,4,3,1,0.85,0.11,-18.59
sir_13368124,Land Force (IRE),775,Class 5,307,25,29,36,35,0.77,0.08,-109.16
sir_13368124,Land Force (IRE),775,Class 6,193,26,18,10,16,1.22,0.13,-12.73
sir_13368124,Land Force (IRE),775,Class 4,140,10,14,8,16,0.74,0.07,-41.46
sir_13368124,Land Force (IRE),775,,74,3,3,10,4,0.49,0.04,-47.0
sir_13368124,Land Force (IRE),775,Class 2,30,2,1,0,4,1.07,0.07,-16.5
sir_13368124,Land Force (IRE),775,Class 3,26,2,2,4,3,0.74,0.08,-10.5
sir_13368124,Land Force (IRE),775,Class 1,5,0,0,0,1,0.0,0.0,-5.0
sir_13695164,Hello Youmzain (FR),195,,126,15,14,15,12,0.92,0.12,-15.92
sir_13695164,Hello Youmzain (FR),195,Class 4,26,8,4,5,3,1.44,0.31,17.25
sir_13695164,Hello Youmzain (FR),195,Class 5,23,6,6,4,4,0.96,0.26,-1.57
sir_13695164,Hello Youmzain (FR),195,Class 2,9,0,2,1,1,0.0,0.0,-9.0
sir_13695164,Hello Youmzain (FR),195,Class 1,5,0,1,1,0,0.0,0.0,-5.0
sir_13695164,Hello Youmzain (FR),195,Class 3,4,0,0,0,1,0.0,0.0,-4.0
sir_13695164,Hello Youmzain (FR),195,Class 6,2,0,0,0,0,0.0,0.0,-2.0
sir_5133128,Siyouni (FR),7675,,4793,635,545,488,517,0.94,0.13,-473.98
sir_5133128,Siyouni (FR),7675,Class 5,905,125,136,122,101,0.81,0.14,-238.5
sir_5133128,Siyouni (FR),7675,Class 4,789,93,114,81,76,0.78,0.12,-214.46
sir_5133128,Siyouni (FR),7675,Class 3,366,37,44,41,43,0.76,0.1,-144.3
sir_5133128,Siyouni (FR),7675,Class 2,326,32,38,33,28,0.79,0.1,-100.09
sir_5133128,Siyouni (FR),7675,Class 6,293,48,37,38,35,0.99,0.16,16.12
sir_5133128,Siyouni (FR),7675,Class 1,203,22,27,27,21,0.72,0.11,-43.76
sir_7175189,Blue Point (IRE),1399,,407,49,49,48,47,0.79,0.12,-59.27
sir_7175189,Blue Point (IRE),1399,Class 5,323,44,61,56,32,0.66,0.14,-103.54
sir_7175189,Blue Point (IRE),1399,Class 4,293,52,40,36,37,0.91,0.18,12.3
sir_7175189,Blue Point (IRE),1399,Class 2,110,10,12,17,11,0.66,0.09,-59.91
sir_7175189,Blue Point (IRE),1399,Class 6,101,17,12,8,11,1.02,0.17,29.62
sir_7175189,Blue Point (IRE),1399,Class 3,95,16,9,11,12,0.93,0.17,-15.13
sir_7175189,Blue Point (IRE),1399,Class 1,70,12,4,6,4,1.37,0.17,21.39
sir_4091143,Iffraaj (GB),14312,,3912,342,346,388,368,0.79,0.09,-1087.77
sir_4091143,Iffraaj (GB),14312,Class 5,3462,423,387,404,412,0.88,0.12,-709.4
sir_4091143,Iffraaj (GB),14312,Class 4,2538,266,316,282,266,0.82,0.1,-651.03
sir_4091143,Iffraaj (GB),14312,Class 6,2177,236,207,197,219,0.89,0.11,-427.87
sir_4091143,Iffraaj (GB),14312,Class 3,943,117,80,122,103,0.93,0.12,-114.05
sir_4091143,Iffraaj (GB),14312,Class 2,819,73,74,57,58,0.82,0.09,-289.73
sir_4091143,Iffraaj (GB),14312,Class 1,427,44,50,45,42,0.86,0.1,-92.94
sir_4091143,Iffraaj (GB),14312,Class 7,34,3,5,2,2,0.81,0.09,-3.25
sir_5246346,Wootton Bassett (GB),3615,,2307,281,276,240,232,0.89,0.12,-280.09
sir_5246346,Wootton Bassett (GB),3615,Class 5,379,53,45,54,54,0.86,0.14,-141.67
sir_5246346,Wootton Bassett (GB),3615,Class 4,355,38,26,60,45,0.79,0.11,-90.22
sir_5246346,Wootton Bassett (GB),3615,Class 6,161,18,16,19,18,0.85,0.11,-12.63
sir_5246346,Wootton Bassett (GB),3615,Class 2,156,21,17,8,17,0.98,0.13,-28.02
sir_5246346,Wootton Bassett (GB),3615,Class 1,141,20,17,18,13,1.0,0.14,-29.77
sir_5246346,Wootton Bassett (GB),3615,Class 3,114,12,15,9,9,0.83,0.11,-56.06
sir_5246346,Wootton Bassett (GB),3615,Class 7,2,0,0,0,0,0.0,0.0,-2.0
sir_5494055,Gregorian (IRE),1714,Class 5,519,56,63,48,57,0.92,0.11,-119.98
sir_5494055,Gregorian (IRE),1714,Class 6,462,47,44,32,37,0.96,0.1,-102.5
sir_5494055,Gregorian (IRE),1714,Class 4,287,25,32,23,32,0.8,0.09,-93.84
sir_5494055,Gregorian (IRE),1714,,256,20,13,22,19,0.96,0.08,-65.44
sir_5494055,Gregorian (IRE),1714,Class 3,78,9,6,9,10,1.08,0.12,-21.42
sir_5494055,Gregorian (IRE),1714,Class 1,62,3,8,5,5,0.79,0.05,-26.0
sir_5494055,Gregorian (IRE),1714,Class 2,47,2,7,4,3,0.4,0.04,-39.88
sir_5494055,Gregorian (IRE),1714,Class 7,3,1,0,0,0,3.04,0.33,1.5
sir_5292651,Zoffany (IRE),10767,,4346,361,449,414,380,0.72,0.08,-1291.23
sir_5292651,Zoffany (IRE),10767,Class 5,1998,210,220,234,207,0.84,0.11,-506.03
sir_5292651,Zoffany (IRE),10767,Class 4,1577,184,194,192,184,0.9,0.12,-297.37
sir_5292651,Zoffany (IRE),10767,Class 6,1336,137,117,140,123,0.85,0.1,-142.19
sir_5292651,Zoffany (IRE),10767,Class 3,668,61,83,78,78,0.74,0.09,-59.61
sir_5292651,Zoffany (IRE),10767,Class 2,551,55,49,54,51,0.93,0.1,118.2
sir_5292651,Zoffany (IRE),10767,Class 1,272,33,33,31,26,0.98,0.12,-10.62
sir_5292651,Zoffany (IRE),10767,Class 7,19,3,3,0,1,1.68,0.16,0.5
sir_5865139,Zoustar (AUS),2972,,1020,114,102,113,85,0.91,0.11,-212.95
sir_5865139,Zoustar (AUS),2972,Class 4,686,74,60,86,70,0.84,0.11,-47.41
sir_5865139,Zoustar (AUS),2972,Class 5,521,70,62,52,52,1.01,0.13,-127.59
sir_5865139,Zoustar (AUS),2972,Class 3,321,30,27,43,42,0.73,0.09,-40.1
sir_5865139,Zoustar (AUS),2972,Class 6,261,28,18,38,21,0.93,0.11,-30.13
sir_5865139,Zoustar (AUS),2972,Class 2,90,14,9,7,5,1.07,0.16,-18.72
sir_5865139,Zoustar (AUS),2972,Class 1,73,7,6,5,7,0.85,0.1,-48.48
sir_5800130,Lightning Spear (GB),328,Class 5,125,16,16,14,19,0.96,0.13,-33.36
sir_5800130,Lightning Spear (GB),328,Class 6,79,13,8,7,6,1.29,0.16,23.11
sir_5800130,Lightning Spear (GB),328,Class 4,75,7,5,9,7,0.89,0.09,-20.75
sir_5800130,Lightning Spear (GB),328,,34,2,2,5,3,0.64,0.06,-15.0
sir_5800130,Lightning Spear (GB),328,Class 2,8,1,0,0,0,1.76,0.12,-3.5
sir_5800130,Lightning Spear (GB),328,Class 3,6,1,0,1,0,2.43,0.17,7.0
sir_5800130,Lightning Spear (GB),328,Class 1,1,0,0,0,0,0.0,0.0,-1.0
sir_10504137,Expert Eye (GB),1389,Class 5,414,49,44,51,50,0.95,0.12,-25.13
sir_10504137,Expert Eye (GB),1389,Class 4,283,30,34,32,44,0.76,0.11,-83.86
sir_10504137,Expert Eye (GB),1389,,277,24,26,23,16,0.8,0.09,-109.83
sir_10504137,Expert Eye (GB),1389,Class 6,253,24,23,22,28,0.72,0.09,-105.22
sir_10504137,Expert Eye (GB),1389,Class 2,68,5,9,7,8,0.69,0.07,37.75
sir_10504137,Expert Eye (GB),1389,Class 3,60,4,7,7,10,0.55,0.07,-49.24
sir_10504137,Expert Eye (GB),1389,Class 1,34,4,2,0,4,1.59,0.12,8.5
sir_19359298,Kameko (USA),220,Class 5,83,8,8,9,5,0.92,0.1,-32.22
sir_19359298,Kameko (USA),220,Class 4,47,6,7,5,4,1.01,0.13,16.79
sir_19359298,Kameko (USA),220,Class 6,37,2,5,4,4,0.5,0.05,-4.75
sir_19359298,Kameko (USA),220,Class 2,22,2,1,1,6,0.65,0.09,-11.0
sir_19359298,Kameko (USA),220,,13,1,0,1,2,1.24,0.08,-8.95
sir_19359298,Kameko (USA),220,Class 1,12,2,3,2,2,1.1,0.17,-4.12
sir_19359298,Kameko (USA),220,Class 3,6,1,1,0,2,0.7,0.17,-4.67
sir_18619580,Pinatubo (IRE),166,Class 5,53,14,10,6,5,1.32,0.26,42.54
sir_18619580,Pinatubo (IRE),166,,44,7,4,6,6,0.84,0.16,-17.82
sir_18619580,Pinatubo (IRE),166,Class 4,36,4,5,5,3,0.71,0.11,-12.88
sir_18619580,Pinatubo (IRE),166,Class 2,13,3,1,1,2,1.97,0.23,17.0
sir_18619580,Pinatubo (IRE),166,Class 1,12,0,2,1,1,0.0,0.0,-12.0
sir_18619580,Pinatubo (IRE),166,Class 3,4,1,0,2,1,0.78,0.25,2.5
sir_18619580,Pinatubo (IRE),166,Class 6,4,1,1,0,0,1.64,0.25,1.5
sir_15030547,Persian King (IRE),115,,70,6,6,9,10,0.61,0.09,-51.77
sir_15030547,Persian King (IRE),115,Class 5,21,6,2,2,4,1.55,0.29,34.48
sir_15030547,Persian King (IRE),115,Class 4,16,2,1,5,4,0.63,0.12,3.33
sir_15030547,Persian King (IRE),115,Class 2,5,0,0,1,0,0.0,0.0,-5.0
sir_15030547,Persian King (IRE),115,Class 3,3,0,2,0,1,0.0,0.0,-3.0
sir_5876514,Night Of Thunder (IRE),3710,,965,142,126,100,113,0.98,0.15,47.38
sir_5876514,Night Of Thunder (IRE),3710,Class 5,815,143,100,117,88,1.0,0.18,-85.8
sir_5876514,Night Of Thunder (IRE),3710,Class 4,621,113,71,72,71,1.08,0.18,42.17
sir_5876514,Night Of Thunder (IRE),3710,Class 6,476,58,49,51,43,0.87,0.12,-132.64
sir_5876514,Night Of Thunder (IRE),3710,Class 2,310,41,44,40,21,0.9,0.13,-35.06
sir_5876514,Night Of Thunder (IRE),3710,Class 3,276,32,39,39,24,0.73,0.12,-66.03
sir_5876514,Night Of Thunder (IRE),3710,Class 1,247,31,32,33,33,0.84,0.13,-6.94
sir_5178992,Bated Breath (GB),6815,Class 5,1748,209,213,202,191,0.88,0.12,-301.69
sir_5178992,Bated Breath (GB),6815,,1693,177,143,160,176,0.92,0.1,-405.81
sir_5178992,Bated Breath (GB),6815,Class 6,1462,133,159,155,146,0.73,0.09,-447.57
sir_5178992,Bated Breath (GB),6815,Class 4,1021,132,106,118,124,0.97,0.13,-172.99
sir_5178992,Bated Breath (GB),6815,Class 3,433,35,45,58,47,0.61,0.08,-226.68
sir_5178992,Bated Breath (GB),6815,Class 2,308,33,27,31,25,0.92,0.11,104.92
sir_5178992,Bated Breath (GB),6815,Class 1,137,10,15,19,7,0.68,0.07,-41.37
sir_5178992,Bated Breath (GB),6815,Class 7,13,0,1,0,2,0.0,0.0,-13.0
sir_19035702,Earthlight (IRE),199,Class 5,63,5,7,6,6,0.64,0.08,-27.47
sir_19035702,Earthlight (IRE),199,,57,6,4,9,3,0.9,0.11,-25.5
sir_19035702,Earthlight (IRE),199,Class 4,31,4,7,4,2,0.69,0.13,-3.0
sir_19035702,Earthlight (IRE),199,Class 6,16,3,1,1,3,1.52,0.19,13.5
sir_19035702,Earthlight (IRE),199,Class 3,15,1,4,2,1,0.42,0.07,-6.0
sir_19035702,Earthlight (IRE),199,Class 2,9,1,2,1,0,0.96,0.11,0.5
sir_19035702,Earthlight (IRE),199,Class 1,8,0,1,1,1,0.0,0.0,-8.0
sir_4761330,Adlerflug (GER),786,,707,103,96,82,83,0.93,0.15,-24.27
sir_4761330,Adlerflug (GER),786,Class 5,23,2,1,3,3,0.94,0.09,-11.5
sir_4761330,Adlerflug (GER),786,Class 4,21,8,1,1,1,2.13,0.38,12.26
sir_4761330,Adlerflug (GER),786,Class 1,14,5,6,1,0,1.93,0.36,51.87
sir_4761330,Adlerflug (GER),786,Class 3,11,4,1,2,2,2.01,0.36,13.6
sir_4761330,Adlerflug (GER),786,Class 2,5,0,0,1,0,0.0,0.0,-5.0
sir_4761330,Adlerflug (GER),786,Class 6,4,0,1,0,1,0.0,0.0,-4.0
sir_4761330,Adlerflug (GER),786,Class 7,1,0,0,0,1,0.0,0.0,-1.0
sir_5601386,Battle Of Marengo (IRE),852,,502,30,31,43,43,0.74,0.06,-225.17
sir_5601386,Battle Of Marengo (IRE),852,Class 5,145,15,8,16,19,0.9,0.1,-86.97
sir_5601386,Battle Of Marengo (IRE),852,Class 4,124,14,14,17,8,0.92,0.11,14.18
sir_5601386,Battle Of Marengo (IRE),852,Class 6,45,7,3,3,3,1.09,0.16,-20.82
sir_5601386,Battle Of Marengo (IRE),852,Class 3,18,1,1,5,1,0.58,0.06,-11.5
sir_5601386,Battle Of Marengo (IRE),852,Class 2,13,0,0,2,1,0.0,0.0,-13.0
sir_5601386,Battle Of Marengo (IRE),852,Class 1,5,0,1,0,0,0.0,0.0,-5.0
sir_5237785,Reliable Man (GB),1662,,1035,91,102,75,101,0.86,0.09,-214.89
sir_5237785,Reliable Man (GB),1662,Class 4,203,20,16,26,26,0.79,0.1,-114.39
sir_5237785,Reliable Man (GB),1662,Class 3,177,14,19,12,13,0.7,0.08,-74.12
sir_5237785,Reliable Man (GB),1662,Class 5,108,10,17,9,9,0.84,0.09,-24.82
sir_5237785,Reliable Man (GB),1662,Class 6,73,9,13,9,7,0.91,0.12,-4.0
sir_5237785,Reliable Man (GB),1662,Class 2,49,5,4,4,1,1.09,0.1,35.65
sir_5237785,Reliable Man (GB),1662,Class 1,17,0,3,0,3,0.0,0.0,-17.0
sir_6124769,Awtaad (IRE),2217,,634,52,57,54,49,0.73,0.08,-319.58
sir_6124769,Awtaad (IRE),2217,Class 5,472,69,52,54,49,1.03,0.15,7.54
sir_6124769,Awtaad (IRE),2217,Class 6,422,49,41,39,41,0.89,0.12,-118.91
sir_6124769,Awtaad (IRE),2217,Class 4,361,45,45,37,46,0.87,0.12,-36.71
sir_6124769,Awtaad (IRE),2217,Class 2,138,14,6,15,16,0.98,0.1,-4.55
sir_6124769,Awtaad (IRE),2217,Class 3,129,19,21,11,9,1.09,0.15,-31.26
sir_6124769,Awtaad (IRE),2217,Class 1,61,9,8,5,9,1.17,0.15,20.71
sir_6319173,Zarak (FR),1029,,815,127,107,109,70,1.02,0.16,42.72
sir_6319173,Zarak (FR),1029,Class 4,78,15,13,11,8,1.06,0.19,125.31
sir_6319173,Zarak (FR),1029,Class 5,64,12,14,7,6,0.97,0.19,-9.65
sir_6319173,Zarak (FR),1029,Class 3,23,2,3,4,2,0.47,0.09,-14.7
sir_6319173,Zarak (FR),1029,Class 2,21,3,2,0,3,0.93,0.14,-10.25
sir_6319173,Zarak (FR),1029,Class 1,20,1,3,2,5,0.48,0.05,-17.9
sir_6319173,Zarak (FR),1029,Class 6,8,4,1,1,0,1.92,0.5,3.72
sir_4624179,Mahler (GB),7616,,3218,253,258,293,260,0.8,0.08,-1408.77
sir_4624179,Mahler (GB),7616,Class 4,1982,264,242,239,224,0.92,0.13,-534.56
sir_4624179,Mahler (GB),7616,Class 5,1302,164,146,158,117,0.96,0.13,-161.16
sir_4624179,Mahler (GB),7616,Class 3,548,97,74,67,62,1.02,0.18,3.61
sir_4624179,Mahler (GB),7616,Class 2,253,25,26,32,26,0.77,0.1,-80.51
sir_4624179,Mahler (GB),7616,Class 1,229,24,27,28,15,0.91,0.1,-74.67
sir_4624179,Mahler (GB),7616,Class 6,84,9,9,8,12,0.66,0.11,-46.57
sir_4690833,New Approach (IRE),7227,,2460,277,234,256,238,0.86,0.11,-563.77
sir_4690833,New Approach (IRE),7227,Class 5,1651,245,213,207,164,0.87,0.15,-498.18
sir_4690833,New Approach (IRE),7227,Class 4,1165,153,144,162,118,0.82,0.13,-348.84
sir_4690833,New Approach (IRE),7227,Class 6,759,74,85,64,60,0.8,0.1,-134.61
sir_4690833,New Approach (IRE),7227,Class 3,463,67,58,65,57,0.87,0.14,-120.48
sir_4690833,New Approach (IRE),7227,Class 2,415,48,44,43,31,0.83,0.12,-123.92
sir_4690833,New Approach (IRE),7227,Class 1,307,40,34,46,27,0.9,0.13,-45.21
sir_4690833,New Approach (IRE),7227,Class 7,7,0,0,1,0,0.0,0.0,-7.0
sir_4168122,Balko (FR),2356,,1323,157,165,161,147,0.86,0.12,-209.08
sir_4168122,Balko (FR),2356,Class 4,409,63,62,72,45,0.88,0.15,-89.06
sir_4168122,Balko (FR),2356,Class 3,213,32,32,36,28,0.82,0.15,-29.99
sir_4168122,Balko (FR),2356,Class 5,201,38,22,28,23,1.23,0.19,16.93
sir_4168122,Balko (FR),2356,Class 1,100,9,6,10,9,0.78,0.09,-40.37
sir_4168122,Balko (FR),2356,Class 2,95,8,10,9,10,0.61,0.08,-37.58
sir_4168122,Balko (FR),2356,Class 6,15,2,0,3,0,1.24,0.13,-2.12
sir_6091939,Storm The Stars (USA),118,,82,11,6,6,5,1.25,0.13,13.17
sir_6091939,Storm The Stars (USA),118,Class 5,19,4,3,6,0,0.94,0.21,34.35
sir_6091939,Storm The Stars (USA),118,Class 4,6,2,0,1,1,1.39,0.33,-1.05
sir_6091939,Storm The Stars (USA),118,Class 1,4,0,0,1,0,0.0,0.0,-4.0
sir_6091939,Storm The Stars (USA),118,Class 6,4,0,2,0,0,0.0,0.0,-4.0
sir_6091939,Storm The Stars (USA),118,Class 3,2,0,0,0,0,0.0,0.0,-2.0
sir_6091939,Storm The Stars (USA),118,Class 2,1,0,0,0,0,0.0,0.0,-1.0
sir_4966836,Jukebox Jury (IRE),1525,,796,98,74,69,81,1.0,0.12,-54.82
sir_4966836,Jukebox Jury (IRE),1525,Class 4,280,40,33,38,38,0.95,0.14,43.18
sir_4966836,Jukebox Jury (IRE),1525,Class 5,191,31,17,31,24,1.05,0.16,-29.63
sir_4966836,Jukebox Jury (IRE),1525,Class 3,99,12,13,14,9,0.84,0.12,-33.71
sir_4966836,Jukebox Jury (IRE),1525,Class 2,74,7,7,6,8,0.72,0.09,-41.15
sir_4966836,Jukebox Jury (IRE),1525,Class 1,60,6,7,6,6,0.88,0.1,-23.7
sir_4966836,Jukebox Jury (IRE),1525,Class 6,25,3,3,2,3,0.88,0.12,-1.0
sir_5344241,Masked Marvel (GB),1018,,635,76,68,75,68,0.84,0.12,-136.03
sir_5344241,Masked Marvel (GB),1018,Class 4,169,38,18,25,20,1.15,0.22,11.84
sir_5344241,Masked Marvel (GB),1018,Class 3,71,15,15,10,6,0.77,0.21,-35.57
sir_5344241,Masked Marvel (GB),1018,Class 5,63,8,11,4,3,0.91,0.13,-2.49
sir_5344241,Masked Marvel (GB),1018,Class 2,40,10,3,2,5,1.51,0.25,19.12
sir_5344241,Masked Marvel (GB),1018,Class 1,40,6,5,7,3,0.96,0.15,3.87
sir_5720169,Leading Light (IRE),1794,,930,57,68,70,75,0.79,0.06,-390.21
sir_5720169,Leading Light (IRE),1794,Class 4,377,36,47,44,52,0.74,0.1,-202.52
sir_5720169,Leading Light (IRE),1794,Class 5,368,34,43,34,36,0.87,0.09,-123.47
sir_5720169,Leading Light (IRE),1794,Class 3,63,6,15,10,5,0.52,0.1,-48.29
sir_5720169,Leading Light (IRE),1794,Class 2,34,5,4,4,2,0.98,0.15,-7.79
sir_5720169,Leading Light (IRE),1794,Class 1,17,2,4,2,1,0.78,0.12,-3.5
sir_5720169,Leading Light (IRE),1794,Class 6,5,0,0,0,1,0.0,0.0,-5.0
sir_5412708,Imperial Monarch (IRE),1360,,665,33,42,39,68,0.61,0.05,-367.42
sir_5412708,Imperial Monarch (IRE),1360,Class 4,311,40,29,31,41,1.02,0.13,-125.26
sir_5412708,Imperial Monarch (IRE),1360,Class 5,287,31,27,32,33,0.82,0.11,-134.03
sir_5412708,Imperial Monarch (IRE),1360,Class 3,61,3,7,11,10,0.38,0.05,-47.12
sir_5412708,Imperial Monarch (IRE),1360,Class 2,21,1,2,2,2,0.45,0.05,-16.5
sir_5412708,Imperial Monarch (IRE),1360,Class 1,15,2,2,1,0,0.86,0.13,-11.08
sir_5957350,Ol' Man River (IRE),307,,145,5,10,9,15,0.58,0.03,-102.77
sir_5957350,Ol' Man River (IRE),307,Class 5,74,7,10,4,10,0.66,0.09,-19.68
sir_5957350,Ol' Man River (IRE),307,Class 4,67,7,6,3,5,1.12,0.1,-15.71
sir_5957350,Ol' Man River (IRE),307,Class 3,10,2,1,0,0,3.03,0.2,1.75
sir_5957350,Ol' Man River (IRE),307,Class 1,9,0,0,1,2,0.0,0.0,-9.0
sir_5957350,Ol' Man River (IRE),307,Class 2,2,1,0,0,0,2.37,0.5,3.0
sir_18001074,Nirvana Du Berlais (FR),38,,29,5,2,2,3,1.25,0.17,20.7
sir_18001074,Nirvana Du Berlais (FR),38,Class 4,7,1,0,1,1,0.79,0.14,-5.09
sir_18001074,Nirvana Du Berlais (FR),38,Class 1,1,0,1,0,0,0.0,0.0,-1.0
sir_18001074,Nirvana Du Berlais (FR),38,Class 3,1,1,0,0,0,1.8,1.0,0.8
sir_3852772,Black Sam Bellamy (IRE),4461,Class 4,1575,161,171,184,186,0.79,0.1,-661.25
sir_3852772,Black Sam Bellamy (IRE),4461,Class 5,1130,92,116,128,118,0.76,0.08,-271.47
sir_3852772,Black Sam Bellamy (IRE),4461,,778,90,72,80,75,0.92,0.12,-132.13
sir_3852772,Black Sam Bellamy (IRE),4461,Class 3,389,50,59,56,54,0.79,0.13,-170.93
sir_3852772,Black Sam Bellamy (IRE),4461,Class 6,230,27,29,26,20,0.86,0.12,-54.38
sir_3852772,Black Sam Bellamy (IRE),4461,Class 1,191,17,15,21,20,0.83,0.09,-54.55
sir_3852772,Black Sam Bellamy (IRE),4461,Class 2,168,26,16,24,13,1.13,0.15,24.28
sir_4495463,Jeremy (USA),6643,,3284,352,322,279,276,0.94,0.11,-836.81
sir_4495463,Jeremy (USA),6643,Class 4,978,127,124,105,115,0.87,0.13,-217.45
sir_4495463,Jeremy (USA),6643,Class 5,968,85,99,102,109,0.7,0.09,-409.97
sir_4495463,Jeremy (USA),6643,Class 6,526,54,62,55,62,0.82,0.1,-134.8
sir_4495463,Jeremy (USA),6643,Class 3,402,63,55,60,40,1.01,0.16,-31.17
sir_4495463,Jeremy (USA),6643,Class 2,243,29,17,22,14,1.02,0.12,-36.15
sir_4495463,Jeremy (USA),6643,Class 1,223,34,21,26,22,1.1,0.15,59.74
sir_4495463,Jeremy (USA),6643,Class 7,19,2,0,4,3,0.9,0.11,-2.5
sir_4097646,Apsis (GB),757,,577,50,52,58,42,0.95,0.09,75.08
sir_4097646,Apsis (GB),757,Class 4,56,3,8,8,6,0.42,0.05,-24.83
sir_4097646,Apsis (GB),757,Class 3,38,5,6,10,5,0.9,0.13,2.75
sir_4097646,Apsis (GB),757,Class 5,29,2,0,3,5,0.49,0.07,9.0
sir_4097646,Apsis (GB),757,Class 1,23,1,2,6,3,0.45,0.04,-13.5
sir_4097646,Apsis (GB),757,Class 2,21,2,3,4,2,0.59,0.1,-2.75
sir_4097646,Apsis (GB),757,Class 6,13,0,2,0,2,0.0,0.0,-13.0
sir_4087860,Geordieland (FR),649,Class 5,210,25,24,21,13,1.08,0.12,18.83
sir_4087860,Geordieland (FR),649,Class 4,197,18,27,16,21,0.88,0.09,-68.71
sir_4087860,Geordieland (FR),649,Class 3,81,15,11,7,14,1.22,0.19,-1.5
sir_4087860,Geordieland (FR),649,,60,3,5,7,2,0.65,0.05,-2.0
sir_4087860,Geordieland (FR),649,Class 6,43,3,4,3,4,0.81,0.07,30.0
sir_4087860,Geordieland (FR),649,Class 2,34,8,0,6,1,1.85,0.24,37.5
sir_4087860,Geordieland (FR),649,Class 1,24,0,3,2,5,0.0,0.0,-24.0
sir_5369000,Maxios (GB),1837,,911,107,89,105,102,0.88,0.12,-162.3
sir_5369000,Maxios (GB),1837,Class 5,300,21,33,45,33,0.56,0.07,-145.39
sir_5369000,Maxios (GB),1837,Class 4,215,29,36,25,27,0.77,0.13,-50.21
sir_5369000,Maxios (GB),1837,Class 6,135,10,12,20,16,0.64,0.07,-67.62
sir_5369000,Maxios (GB),1837,Class 3,123,24,19,13,11,1.02,0.2,-25.44
sir_5369000,Maxios (GB),1837,Class 2,101,12,8,10,12,0.94,0.12,-33.5
sir_5369000,Maxios (GB),1837,Class 1,52,4,4,3,4,0.71,0.08,-33.75
sir_2998898,Passing Glance (GB),3076,Class 5,973,99,100,95,83,0.88,0.1,-76.93
sir_2998898,Passing Glance (GB),3076,Class 4,969,136,125,112,110,0.95,0.14,-212.91
sir_2998898,Passing Glance (GB),3076,Class 3,344,50,44,41,39,0.99,0.15,-64.59
sir_2998898,Passing Glance (GB),3076,Class 6,309,28,26,36,30,0.86,0.09,-72.12
sir_2998898,Passing Glance (GB),3076,Class 2,180,27,21,21,18,1.17,0.15,-19.42
sir_2998898,Passing Glance (GB),3076,Class 1,155,13,21,18,17,0.71,0.08,-42.68
sir_2998898,Passing Glance (GB),3076,,142,13,16,20,19,0.62,0.09,-68.21
sir_2998898,Passing Glance (GB),3076,Class 7,4,1,0,0,0,2.4,0.25,-1.0
sir_3839283,Sholokhov (IRE),3894,,1904,229,211,175,165,0.9,0.12,-257.6
sir_3839283,Sholokhov (IRE),3894,Class 4,780,91,82,82,81,0.85,0.12,-312.11
sir_3839283,Sholokhov (IRE),3894,Class 5,660,81,76,62,69,0.85,0.12,-190.25
sir_3839283,Sholokhov (IRE),3894,Class 3,235,36,31,31,32,0.89,0.15,-84.32
sir_3839283,Sholokhov (IRE),3894,Class 1,126,25,13,10,10,1.11,0.2,-22.94
sir_3839283,Sholokhov (IRE),3894,Class 2,121,14,10,13,13,0.93,0.12,-9.62
sir_3839283,Sholokhov (IRE),3894,Class 6,67,5,6,7,6,0.56,0.07,-39.34
sir_3839283,Sholokhov (IRE),3894,Class 7,1,0,0,0,0,0.0,0.0,-1.0
sir_4871055,Fame And Glory (GB),5676,,2607,269,218,277,244,0.85,0.1,-785.06
sir_4871055,Fame And Glory (GB),5676,Class 4,1207,207,170,154,139,0.99,0.17,-108.56
sir_4871055,Fame And Glory (GB),5676,Class 5,922,111,117,111,89,0.8,0.12,-245.01
sir_4871055,Fame And Glory (GB),5676,Class 3,429,81,67,56,55,0.96,0.19,-12.61
sir_4871055,Fame And Glory (GB),5676,Class 1,266,25,27,34,25,0.77,0.09,7.94
sir_4871055,Fame And Glory (GB),5676,Class 2,235,34,27,29,25,0.95,0.14,-22.54
sir_4871055,Fame And Glory (GB),5676,Class 6,10,2,0,1,0,1.62,0.2,19.75
sir_4538492,Ask (GB),2943,,1451,90,130,108,117,0.7,0.06,-721.94
sir_4538492,Ask (GB),2943,Class 4,655,99,89,76,67,1.02,0.15,-168.5
sir_4538492,Ask (GB),2943,Class 5,357,45,37,33,45,0.97,0.13,46.23
sir_4538492,Ask (GB),2943,Class 3,281,48,34,36,21,1.12,0.17,47.25
sir_4538492,Ask (GB),2943,Class 2,104,15,18,10,11,1.07,0.14,35.0
sir_4538492,Ask (GB),2943,Class 1,57,5,9,6,5,0.82,0.09,-13.83
sir_4538492,Ask (GB),2943,Class 6,38,4,7,4,6,0.74,0.11,-21.75
sir_4482254,Dylan Thomas (IRE),7738,,3665,318,332,331,296,0.85,0.09,-928.68
sir_4482254,Dylan Thomas (IRE),7738,Class 5,1361,151,148,163,157,0.87,0.11,-303.87
sir_4482254,Dylan Thomas (IRE),7738,Class 4,1181,146,150,158,139,0.93,0.12,-404.28
sir_4482254,Dylan Thomas (IRE),7738,Class 6,597,70,82,67,66,0.89,0.12,-47.47
sir_4482254,Dylan Thomas (IRE),7738,Class 3,386,62,57,46,43,1.06,0.16,-45.38
sir_4482254,Dylan Thomas (IRE),7738,Class 2,308,42,28,23,27,1.14,0.14,70.13
sir_4482254,Dylan Thomas (IRE),7738,Class 1,234,25,28,25,18,0.81,0.11,6.29
sir_4482254,Dylan Thomas (IRE),7738,Class 7,6,0,0,1,2,0.0,0.0,-6.0
sir_4820571,Virtual (GB),826,Class 5,235,18,20,38,26,0.76,0.08,-63.18
sir_4820571,Virtual (GB),826,,230,19,19,15,14,1.15,0.08,-55.92
sir_4820571,Virtual (GB),826,Class 6,192,18,18,18,20,0.8,0.09,-10.58
sir_4820571,Virtual (GB),826,Class 4,111,10,13,5,13,0.83,0.09,-52.09
sir_4820571,Virtual (GB),826,Class 3,39,3,5,3,3,0.91,0.08,49.0
sir_4820571,Virtual (GB),826,Class 1,11,3,0,0,0,3.04,0.27,21.2
sir_4820571,Virtual (GB),826,Class 2,5,1,0,1,0,1.96,0.2,-1.0
sir_4820571,Virtual (GB),826,Class 7,3,1,0,0,0,7.47,0.33,12.0
sir_3616242,Beat Hollow (GB),6102,,1858,206,174,163,175,0.87,0.11,-435.72
sir_3616242,Beat Hollow (GB),6102,Class 4,1354,143,152,163,150,0.8,0.11,-358.62
sir_3616242,Beat Hollow (GB),6102,Class 5,1313,158,143,148,144,0.94,0.12,-155.83
sir_3616242,Beat Hollow (GB),6102,Class 6,641,79,66,54,58,0.98,0.12,-73.03
sir_3616242,Beat Hollow (GB),6102,Class 3,408,50,36,68,47,0.96,0.12,-65.87
sir_3616242,Beat Hollow (GB),6102,Class 2,271,23,22,29,37,0.79,0.08,-63.67
sir_3616242,Beat Hollow (GB),6102,Class 1,249,25,17,18,24,1.01,0.1,33.44
sir_3616242,Beat Hollow (GB),6102,Class 7,8,0,0,0,1,0.0,0.0,-8.0
sir_4237240,Laverock (IRE),451,,247,27,26,19,15,1.1,0.11,-42.63
sir_4237240,Laverock (IRE),451,Class 4,85,11,7,11,8,0.89,0.13,-29.21
sir_4237240,Laverock (IRE),451,Class 5,63,2,6,6,7,0.34,0.03,-57.25
sir_4237240,Laverock (IRE),451,Class 1,25,4,7,1,4,0.73,0.16,-11.96
sir_4237240,Laverock (IRE),451,Class 3,14,2,0,0,1,1.37,0.14,-9.0
sir_4237240,Laverock (IRE),451,Class 2,11,6,1,2,1,2.58,0.55,14.38
sir_4237240,Laverock (IRE),451,Class 6,6,0,0,1,0,0.0,0.0,-6.0
sir_4724783,Brave Mansonnien (FR),193,,94,6,7,4,6,0.84,0.06,164.9
sir_4724783,Brave Mansonnien (FR),193,Class 4,30,4,2,5,3,1.1,0.13,-12.13
sir_4724783,Brave Mansonnien (FR),193,Class 1,27,4,6,5,1,0.62,0.15,-14.55
sir_4724783,Brave Mansonnien (FR),193,Class 5,23,5,4,2,3,1.47,0.22,107.25
sir_4724783,Brave Mansonnien (FR),193,Class 3,10,6,1,0,0,2.05,0.6,6.32
sir_4724783,Brave Mansonnien (FR),193,Class 2,9,4,0,1,0,1.71,0.44,9.09
sir_740670,Shantou (USA),7319,,3466,414,346,316,304,0.93,0.12,-677.58
sir_740670,Shantou (USA),7319,Class 4,1526,254,209,205,167,0.93,0.17,-106.77
sir_740670,Shantou (USA),7319,Class 5,774,118,103,77,71,0.98,0.15,-181.8
sir_740670,Shantou (USA),7319,Class 3,701,114,104,84,89,0.98,0.16,-33.97
sir_740670,Shantou (USA),7319,Class 1,381,36,40,36,24,0.8,0.09,-11.87
sir_740670,Shantou (USA),7319,Class 2,338,42,42,30,45,0.94,0.12,-13.42
sir_740670,Shantou (USA),7319,Class 6,132,26,24,14,12,0.98,0.2,-36.75
sir_740670,Shantou (USA),7319,Class 7,1,1,0,0,0,17.0,1.0,16.0
sir_3842790,Ballingarry (IRE),2324,,1456,133,114,133,127,0.84,0.09,-324.32
sir_3842790,Ballingarry (IRE),2324,Class 4,304,37,31,44,38,0.9,0.12,-62.07
sir_3842790,Ballingarry (IRE),2324,Class 3,190,34,23,23,24,1.13,0.18,-11.35
sir_3842790,Ballingarry (IRE),2324,Class 5,170,12,16,24,17,0.62,0.07,-106.38
sir_3842790,Ballingarry (IRE),2324,Class 1,90,8,10,8,10,0.98,0.09,-34.7
sir_3842790,Ballingarry (IRE),2324,Class 2,82,8,11,9,7,0.72,0.1,-45.82
sir_3842790,Ballingarry (IRE),2324,Class 6,32,1,7,4,1,0.21,0.03,-29.25
sir_3862593,Martaline (GB),6966,,4089,571,499,466,370,0.89,0.14,-771.64
sir_3862593,Martaline (GB),6966,Class 4,971,159,149,121,120,0.87,0.16,-213.39
sir_3862593,Martaline (GB),6966,Class 3,633,96,103,91,87,0.85,0.15,-171.94
sir_3862593,Martaline (GB),6966,Class 5,434,57,53,59,43,0.82,0.13,-91.75
sir_3862593,Martaline (GB),6966,Class 1,393,44,45,46,39,0.78,0.11,-108.83
sir_3862593,Martaline (GB),6966,Class 2,372,49,34,52,36,0.85,0.13,-62.41
sir_3862593,Martaline (GB),6966,Class 6,74,12,8,6,4,0.96,0.16,-13.49
sir_4572834,Gentlewave (IRE),1502,,809,102,87,75,63,1.08,0.13,105.41
sir_4572834,Gentlewave (IRE),1502,Class 4,237,31,22,25,28,0.94,0.13,-62.77
sir_4572834,Gentlewave (IRE),1502,Class 5,226,27,20,34,19,1.06,0.12,-13.24
sir_4572834,Gentlewave (IRE),1502,Class 3,89,20,12,9,8,1.33,0.22,14.4
sir_4572834,Gentlewave (IRE),1502,Class 2,69,8,6,4,6,0.97,0.12,4.25
sir_4572834,Gentlewave (IRE),1502,Class 1,42,4,4,4,3,1.14,0.1,-2.75
sir_4572834,Gentlewave (IRE),1502,Class 6,30,2,2,1,4,0.9,0.07,-9.0
sir_3782352,Dubai Destination (USA),7333,,1817,143,171,161,146,0.79,0.08,-519.36
sir_3782352,Dubai Destination (USA),7333,Class 5,1784,199,198,206,190,0.83,0.11,-531.74
sir_3782352,Dubai Destination (USA),7333,Class 4,1517,190,186,204,151,0.89,0.13,-460.1
sir_3782352,Dubai Destination (USA),7333,Class 6,1005,114,134,120,117,0.83,0.11,-221.19
sir_3782352,Dubai Destination (USA),7333,Class 3,561,77,80,76,68,0.89,0.14,-120.38
sir_3782352,Dubai Destination (USA),7333,Class 2,391,42,42,39,48,0.91,0.11,-132.7
sir_3782352,Dubai Destination (USA),7333,Class 1,240,26,30,27,22,0.88,0.11,-44.28
sir_3782352,Dubai Destination (USA),7333,Class 7,18,0,0,3,1,0.0,0.0,-18.0
sir_4872385,Legolas (JPN),157,,138,13,13,15,16,0.75,0.09,-58.93
sir_4872385,Legolas (JPN),157,Class 1,5,0,0,0,0,0.0,0.0,-5.0
sir_4872385,Legolas (JPN),157,Class 3,5,0,0,0,0,0.0,0.0,-5.0
sir_4872385,Legolas (JPN),157,Class 2,4,0,1,1,0,0.0,0.0,-4.0
sir_4872385,Legolas (JPN),157,Class 4,3,0,0,0,0,0.0,0.0,-3.0
sir_4872385,Legolas (JPN),157,Class 5,2,0,0,0,0,0.0,0.0,-2.0
sir_366520,Turgeon (USA),3463,,1760,176,182,188,173,0.84,0.1,-312.81
sir_366520,Turgeon (USA),3463,Class 4,625,110,107,77,70,1.01,0.18,-89.98
sir_366520,Turgeon (USA),3463,Class 3,404,60,63,46,39,0.87,0.15,-65.37
sir_366520,Turgeon (USA),3463,Class 5,240,20,27,31,28,0.59,0.08,-78.66
sir_366520,Turgeon (USA),3463,Class 1,179,29,22,18,16,1.06,0.16,3.01
sir_366520,Turgeon (USA),3463,Class 2,170,21,24,18,19,0.87,0.12,-20.45
sir_366520,Turgeon (USA),3463,Class 6,85,12,12,10,6,0.81,0.14,-44.19
sir_3723643,Network (GER),3620,,2031,271,251,227,195,0.91,0.13,-404.05
sir_3723643,Network (GER),3620,Class 4,651,111,97,72,83,0.94,0.17,-123.81
sir_3723643,Network (GER),3620,Class 3,370,50,53,56,39,0.8,0.14,-17.89
sir_3723643,Network (GER),3620,Class 5,207,29,19,16,20,0.95,0.14,-21.52
sir_3723643,Network (GER),3620,Class 1,164,23,17,14,17,0.92,0.14,-41.08
sir_3723643,Network (GER),3620,Class 2,143,19,13,22,10,1.04,0.13,-35.77
sir_3723643,Network (GER),3620,Class 6,54,5,4,9,3,0.64,0.09,-26.0
sir_5636862,Alhebayeb (IRE),2481,,1206,96,115,104,103,0.87,0.08,-424.17
sir_5636862,Alhebayeb (IRE),2481,Class 6,504,46,59,67,67,0.77,0.09,-148.79
sir_5636862,Alhebayeb (IRE),2481,Class 5,407,36,36,44,44,0.87,0.09,-166.95
sir_5636862,Alhebayeb (IRE),2481,Class 4,227,16,23,24,31,0.74,0.07,-60.5
sir_5636862,Alhebayeb (IRE),2481,Class 2,67,4,8,5,6,0.69,0.06,-12.0
sir_5636862,Alhebayeb (IRE),2481,Class 3,60,6,6,7,7,0.93,0.1,-27.87
sir_5636862,Alhebayeb (IRE),2481,Class 1,9,2,0,0,2,1.57,0.22,-2.25
sir_5636862,Alhebayeb (IRE),2481,Class 7,1,0,0,0,0,0.0,0.0,-1.0
sir_3897341,Policy Maker (IRE),996,,694,71,55,47,41,1.04,0.1,68.24
sir_3897341,Policy Maker (IRE),996,Class 5,123,12,19,10,12,0.69,0.1,-36.81
sir_3897341,Policy Maker (IRE),996,Class 4,107,6,10,16,13,0.48,0.06,-73.14
sir_3897341,Policy Maker (IRE),996,Class 1,28,0,5,2,1,0.0,0.0,-28.0
sir_3897341,Policy Maker (IRE),996,Class 3,21,5,1,0,4,1.54,0.24,0.6
sir_3897341,Policy Maker (IRE),996,Class 2,13,4,0,2,0,2.55,0.31,14.5
sir_3897341,Policy Maker (IRE),996,Class 6,10,0,0,3,1,0.0,0.0,-10.0
sir_5784198,Affinisea (IRE),503,,260,32,28,24,29,1.06,0.12,-9.56
sir_5784198,Affinisea (IRE),503,Class 4,117,18,15,20,16,0.82,0.15,-39.26
sir_5784198,Affinisea (IRE),503,Class 5,64,10,12,7,6,0.9,0.16,-6.29
sir_5784198,Affinisea (IRE),503,Class 3,28,4,9,3,3,0.56,0.14,-17.84
sir_5784198,Affinisea (IRE),503,Class 1,19,4,3,0,1,1.8,0.21,1.91
sir_5784198,Affinisea (IRE),503,Class 2,15,5,2,2,1,1.31,0.33,0.12
sir_5181561,Diamond Boy (FR),1564,,650,55,59,60,60,0.78,0.08,-328.31
sir_5181561,Diamond Boy (FR),1564,Class 4,374,46,64,39,40,0.72,0.12,-166.99
sir_5181561,Diamond Boy (FR),1564,Class 5,259,25,35,40,21,0.71,0.1,-77.79
sir_5181561,Diamond Boy (FR),1564,Class 3,131,28,29,10,12,1.03,0.21,-15.83
sir_5181561,Diamond Boy (FR),1564,Class 1,82,15,7,7,11,1.14,0.18,-25.53
sir_5181561,Diamond Boy (FR),1564,Class 2,63,10,7,8,7,1.01,0.16,-16.7
sir_5181561,Diamond Boy (FR),1564,Class 6,5,1,2,1,1,0.52,0.2,-3.0
sir_3548951,Sandmason (GB),441,,133,9,8,5,9,0.96,0.07,-95.37
sir_3548951,Sandmason (GB),441,Class 4,126,13,16,18,9,0.79,0.1,-45.03
sir_3548951,Sandmason (GB),441,Class 5,90,12,13,9,6,0.95,0.13,-9.36
sir_3548951,Sandmason (GB),441,Class 1,38,5,8,4,5,1.01,0.13,0.0
sir_3548951,Sandmason (GB),441,Class 3,30,3,5,6,4,0.68,0.1,-16.0
sir_3548951,Sandmason (GB),441,Class 6,14,1,2,2,2,0.6,0.07,-9.67
sir_3548951,Sandmason (GB),441,Class 2,10,1,1,1,1,0.62,0.1,-5.67
sir_5991769,Kool Kompany (IRE),24,,20,2,4,2,2,1.41,0.1,1.2
sir_5991769,Kool Kompany (IRE),24,Class 5,2,2,0,0,0,3.87,1.0,5.83
sir_5991769,Kool Kompany (IRE),24,Class 1,2,0,0,0,0,0.0,0.0,-2.0
sir_6059046,Order Of St George (IRE),213,,113,9,5,9,5,0.86,0.08,-47.57
sir_6059046,Order Of St George (IRE),213,Class 4,44,1,8,5,3,0.18,0.02,-42.0
sir_6059046,Order Of St George (IRE),213,Class 5,40,5,12,3,3,0.74,0.12,5.95
sir_6059046,Order Of St George (IRE),213,Class 1,6,2,0,0,0,2.16,0.33,0.38
sir_6059046,Order Of St George (IRE),213,Class 2,5,0,1,0,2,0.0,0.0,-5.0
sir_6059046,Order Of St George (IRE),213,Class 3,5,1,0,1,1,0.73,0.2,-3.09
sir_6006707,Jeu St Eloi (FR),455,,293,33,38,21,38,0.79,0.11,-15.26
sir_6006707,Jeu St Eloi (FR),455,Class 4,75,12,8,12,4,0.94,0.16,2.31
sir_6006707,Jeu St Eloi (FR),455,Class 5,40,10,1,6,4,1.18,0.25,-5.02
sir_6006707,Jeu St Eloi (FR),455,Class 1,20,2,4,1,3,0.58,0.1,-11.0
sir_6006707,Jeu St Eloi (FR),455,Class 3,13,5,2,0,0,2.59,0.38,9.95
sir_6006707,Jeu St Eloi (FR),455,Class 2,13,2,4,2,1,0.63,0.15,41.5
sir_6006707,Jeu St Eloi (FR),455,Class 6,1,0,0,1,0,0.0,0.0,-1.0
sir_5857859,Postponed (IRE),1084,Class 5,297,33,28,29,42,0.86,0.11,-135.25
sir_5857859,Postponed (IRE),1084,Class 4,224,34,32,27,23,1.01,0.15,-78.38
sir_5857859,Postponed (IRE),1084,,211,19,20,23,24,0.77,0.09,-90.33
sir_5857859,Postponed (IRE),1084,Class 6,189,18,19,23,18,0.72,0.1,-60.89
sir_5857859,Postponed (IRE),1084,Class 2,66,8,6,4,10,1.08,0.12,-22.37
sir_5857859,Postponed (IRE),1084,Class 3,61,9,9,13,8,0.93,0.15,-18.94
sir_5857859,Postponed (IRE),1084,Class 1,36,0,6,3,6,0.0,0.0,-36.0
sir_4602234,Holy Roman Emperor (IRE),13109,,5709,573,539,562,562,0.88,0.1,-1178.93
sir_4602234,Holy Roman Emperor (IRE),13109,Class 5,2411,262,304,254,272,0.83,0.11,-656.63
sir_4602234,Holy Roman Emperor (IRE),13109,Class 4,1790,172,194,211,173,0.88,0.1,-436.11
sir_4602234,Holy Roman Emperor (IRE),13109,Class 6,1555,179,160,185,165,0.89,0.12,-139.95
sir_4602234,Holy Roman Emperor (IRE),13109,Class 3,798,73,90,85,80,0.81,0.09,-213.63
sir_4602234,Holy Roman Emperor (IRE),13109,Class 2,551,43,43,51,57,0.79,0.08,-16.03
sir_4602234,Holy Roman Emperor (IRE),13109,Class 1,273,23,26,20,30,0.9,0.08,33.99
sir_4602234,Holy Roman Emperor (IRE),13109,Class 7,22,2,2,4,4,0.79,0.09,-8.5
sir_5884984,The Grey Gatsby (IRE),548,,443,47,39,43,47,1.01,0.11,-9.0
sir_5884984,The Grey Gatsby (IRE),548,Class 6,58,6,7,5,10,0.78,0.1,-23.42
sir_5884984,The Grey Gatsby (IRE),548,Class 5,16,3,1,2,2,1.14,0.19,0.41
sir_5884984,The Grey Gatsby (IRE),548,Class 4,15,4,1,1,2,1.06,0.27,0.08
sir_5884984,The Grey Gatsby (IRE),548,Class 2,10,0,0,1,1,0.0,0.0,-10.0
sir_5884984,The Grey Gatsby (IRE),548,Class 3,4,1,1,0,0,1.9,0.25,2.0
sir_5884984,The Grey Gatsby (IRE),548,Class 1,2,1,0,0,0,3.07,0.5,1.75
sir_6028491,Vadamos (FR),1530,,743,56,69,64,59,0.74,0.08,-303.46
sir_6028491,Vadamos (FR),1530,Class 5,229,19,21,27,24,0.77,0.08,0.93
sir_6028491,Vadamos (FR),1530,Class 6,191,20,16,11,17,0.96,0.1,68.98
sir_6028491,Vadamos (FR),1530,Class 4,182,19,22,14,13,0.76,0.1,-95.81
sir_6028491,Vadamos (FR),1530,Class 2,72,8,7,7,6,0.97,0.11,-6.98
sir_6028491,Vadamos (FR),1530,Class 3,70,13,10,9,7,1.36,0.19,50.39
sir_6028491,Vadamos (FR),1530,Class 1,43,3,6,8,3,0.63,0.07,-22.0
sir_6051941,Territories (IRE),2626,,860,93,79,84,90,0.87,0.11,-266.37
sir_6051941,Territories (IRE),2626,Class 5,612,66,77,61,72,0.82,0.11,-203.48
sir_6051941,Territories (IRE),2626,Class 6,410,37,38,41,58,0.76,0.09,-142.97
sir_6051941,Territories (IRE),2626,Class 4,385,33,50,48,52,0.64,0.09,-235.73
sir_6051941,Territories (IRE),2626,Class 2,159,24,12,16,18,1.21,0.15,10.3
sir_6051941,Territories (IRE),2626,Class 3,117,14,10,18,14,0.84,0.12,-26.43
sir_6051941,Territories (IRE),2626,Class 1,83,7,14,11,12,0.57,0.08,-39.47
sir_4971393,Yorgunnabelucky (USA),878,Class 5,300,33,16,30,22,1.2,0.11,-0.94
sir_4971393,Yorgunnabelucky (USA),878,Class 4,209,22,26,25,28,0.84,0.11,-49.93
sir_4971393,Yorgunnabelucky (USA),878,,143,20,11,8,12,0.97,0.14,-62.13
sir_4971393,Yorgunnabelucky (USA),878,Class 6,115,10,10,7,3,0.86,0.09,-59.92
sir_4971393,Yorgunnabelucky (USA),878,Class 3,67,10,12,5,12,0.93,0.15,-8.75
sir_4971393,Yorgunnabelucky (USA),878,Class 1,23,3,3,2,2,1.65,0.13,-1.0
sir_4971393,Yorgunnabelucky (USA),878,Class 2,21,3,5,2,3,0.81,0.14,-2.12
sir_4782463,Sageburg (IRE),3096,,1863,144,139,142,136,0.87,0.08,-452.8
sir_4782463,Sageburg (IRE),3096,Class 4,497,64,52,64,43,0.92,0.13,-34.31
sir_4782463,Sageburg (IRE),3096,Class 5,445,58,44,44,45,0.94,0.13,-42.27
sir_4782463,Sageburg (IRE),3096,Class 3,133,14,16,19,10,0.77,0.11,-68.73
sir_4782463,Sageburg (IRE),3096,Class 1,62,5,6,11,8,0.69,0.08,-16.0
sir_4782463,Sageburg (IRE),3096,Class 2,60,8,8,4,11,0.92,0.13,-7.84
sir_4782463,Sageburg (IRE),3096,Class 6,36,1,3,4,6,0.25,0.03,-21.0
sir_4839422,Kap Rock (FR),495,,255,25,28,25,23,0.91,0.1,-53.67
sir_4839422,Kap Rock (FR),495,Class 5,89,7,14,13,13,0.61,0.08,-54.8
sir_4839422,Kap Rock (FR),495,Class 4,84,6,13,10,12,0.5,0.07,-51.12
sir_4839422,Kap Rock (FR),495,Class 3,31,5,3,1,5,0.94,0.16,-10.79
sir_4839422,Kap Rock (FR),495,Class 2,21,3,1,3,2,1.37,0.14,-2.5
sir_4839422,Kap Rock (FR),495,Class 6,8,3,1,2,1,1.88,0.38,6.25
sir_4839422,Kap Rock (FR),495,Class 1,7,0,0,2,0,0.0,0.0,-7.0
sir_4924724,Blue Bresil (FR),2537,,931,118,105,100,85,0.88,0.13,-359.55
sir_4924724,Blue Bresil (FR),2537,Class 4,678,78,82,68,72,0.79,0.12,-275.67
sir_4924724,Blue Bresil (FR),2537,Class 5,547,64,66,52,55,0.82,0.12,-188.98
sir_4924724,Blue Bresil (FR),2537,Class 3,175,20,22,25,18,0.68,0.11,-92.48
sir_4924724,Blue Bresil (FR),2537,Class 1,114,20,8,16,8,0.91,0.18,-38.68
sir_4924724,Blue Bresil (FR),2537,Class 2,83,11,10,9,6,0.96,0.13,-22.17
sir_4924724,Blue Bresil (FR),2537,Class 6,9,0,2,1,2,0.0,0.0,-9.0
sir_3502310,Enrique (GB),2578,,1999,180,162,169,140,0.89,0.09,-55.96
sir_3502310,Enrique (GB),2578,Class 4,223,29,30,35,42,0.73,0.13,-85.24
sir_3502310,Enrique (GB),2578,Class 5,122,14,10,16,7,0.82,0.11,-31.43
sir_3502310,Enrique (GB),2578,Class 3,109,14,10,21,8,0.83,0.13,-46.9
sir_3502310,Enrique (GB),2578,Class 1,49,9,2,7,8,0.79,0.18,-23.95
sir_3502310,Enrique (GB),2578,Class 2,46,5,7,4,2,0.59,0.11,-20.34
sir_3502310,Enrique (GB),2578,Class 6,26,3,3,1,1,1.0,0.12,-6.4
sir_3502310,Enrique (GB),2578,Class 7,4,0,0,2,0,0.0,0.0,-4.0
sir_5239360,Quest For Peace (IRE),114,,68,5,1,5,7,1.0,0.07,-7.4
sir_5239360,Quest For Peace (IRE),114,Class 4,26,5,4,6,2,1.06,0.19,-6.31
sir_5239360,Quest For Peace (IRE),114,Class 5,15,6,0,1,2,2.51,0.4,14.62
sir_5239360,Quest For Peace (IRE),114,Class 3,4,0,0,1,0,0.0,0.0,-4.0
sir_5239360,Quest For Peace (IRE),114,Class 2,1,0,0,0,0,0.0,0.0,-1.0
sir_5164180,Elusive Pimpernel (USA),2436,,1692,106,106,125,134,0.75,0.06,-833.99
sir_5164180,Elusive Pimpernel (USA),2436,Class 5,242,21,16,24,20,0.81,0.09,-101.89
sir_5164180,Elusive Pimpernel (USA),2436,Class 4,240,23,25,31,22,0.86,0.1,-77.77
sir_5164180,Elusive Pimpernel (USA),2436,Class 6,102,12,10,13,9,1.0,0.12,7.57
sir_5164180,Elusive Pimpernel (USA),2436,Class 3,95,11,14,17,6,0.85,0.12,83.37
sir_5164180,Elusive Pimpernel (USA),2436,Class 2,35,0,3,7,1,0.0,0.0,-35.0
sir_5164180,Elusive Pimpernel (USA),2436,Class 1,27,1,1,4,5,0.34,0.04,-20.5
sir_5164180,Elusive Pimpernel (USA),2436,Class 7,3,0,0,0,0,0.0,0.0,-3.0
sir_5735996,Pether's Moon (IRE),645,Class 4,243,30,27,26,24,0.92,0.12,-95.64
sir_5735996,Pether's Moon (IRE),645,Class 5,219,31,15,31,24,1.11,0.14,-34.31
sir_5735996,Pether's Moon (IRE),645,,93,6,11,5,12,0.6,0.06,-27.4
sir_5735996,Pether's Moon (IRE),645,Class 3,50,10,10,5,4,0.89,0.2,-3.3
sir_5735996,Pether's Moon (IRE),645,Class 2,23,3,3,3,1,0.84,0.13,4.0
sir_5735996,Pether's Moon (IRE),645,Class 1,15,0,1,1,1,0.0,0.0,-15.0
sir_5735996,Pether's Moon (IRE),645,Class 6,2,0,0,0,1,0.0,0.0,-2.0
sir_4741954,Zambezi Sun (GB),902,,673,46,42,55,56,0.86,0.07,-124.75
sir_4741954,Zambezi Sun (GB),902,Class 4,81,12,12,7,10,0.87,0.15,-40.79
sir_4741954,Zambezi Sun (GB),902,Class 5,52,6,7,7,8,0.64,0.12,-34.6
sir_4741954,Zambezi Sun (GB),902,Class 3,44,5,11,5,5,0.74,0.11,-12.17
sir_4741954,Zambezi Sun (GB),902,Class 1,30,8,7,1,5,1.09,0.27,-2.9
sir_4741954,Zambezi Sun (GB),902,Class 2,15,1,3,2,2,0.43,0.07,-13.43
sir_4741954,Zambezi Sun (GB),902,Class 6,7,3,2,0,1,2.61,0.43,25.5
sir_4628113,Schiaparelli (GER),1582,Class 4,622,82,78,65,55,1.0,0.13,-5.28
sir_4628113,Schiaparelli (GER),1582,Class 5,426,39,31,46,49,0.83,0.09,-149.05
sir_4628113,Schiaparelli (GER),1582,Class 3,169,26,20,26,17,1.03,0.15,-16.18
sir_4628113,Schiaparelli (GER),1582,,168,16,21,13,17,0.83,0.1,-61.0
sir_4628113,Schiaparelli (GER),1582,Class 1,72,6,11,11,7,0.63,0.08,-33.62
sir_4628113,Schiaparelli (GER),1582,Class 2,71,11,9,4,11,1.09,0.15,7.21
sir_4628113,Schiaparelli (GER),1582,Class 6,54,9,8,5,5,1.46,0.17,6.12
sir_3807587,Arvico (FR),621,,204,23,13,20,24,0.86,0.11,-100.04
sir_3807587,Arvico (FR),621,Class 5,197,6,12,13,18,0.45,0.03,-124.13
sir_3807587,Arvico (FR),621,Class 4,156,9,8,8,9,0.93,0.06,-77.15
sir_3807587,Arvico (FR),621,Class 3,37,7,6,1,5,1.31,0.19,63.76
sir_3807587,Arvico (FR),621,Class 2,11,0,1,1,3,0.0,0.0,-11.0
sir_3807587,Arvico (FR),621,Class 6,10,0,0,1,2,0.0,0.0,-10.0
sir_3807587,Arvico (FR),621,Class 1,6,0,0,1,1,0.0,0.0,-6.0
sir_3922548,Morozov (USA),2188,,890,66,59,62,52,0.88,0.07,-106.04
sir_3922548,Morozov (USA),2188,Class 4,516,70,72,54,54,0.87,0.14,-192.01
sir_3922548,Morozov (USA),2188,Class 5,410,52,32,38,53,1.08,0.13,97.0
sir_3922548,Morozov (USA),2188,Class 3,210,34,29,14,29,1.11,0.16,-7.51
sir_3922548,Morozov (USA),2188,Class 2,72,7,7,7,9,0.98,0.1,68.5
sir_3922548,Morozov (USA),2188,Class 6,46,10,2,5,3,1.32,0.22,-16.18
sir_3922548,Morozov (USA),2188,Class 1,44,3,6,2,5,0.67,0.07,-23.92
sir_4784598,Famous Name (GB),1478,,766,54,50,43,61,0.83,0.07,-132.67
sir_4784598,Famous Name (GB),1478,Class 5,206,32,17,20,17,1.43,0.16,78.99
sir_4784598,Famous Name (GB),1478,Class 4,177,19,14,14,20,1.0,0.11,74.42
sir_4784598,Famous Name (GB),1478,Class 6,160,14,20,21,18,0.71,0.09,-71.67
sir_4784598,Famous Name (GB),1478,Class 3,73,6,7,5,8,0.77,0.08,-14.2
sir_4784598,Famous Name (GB),1478,Class 2,59,5,5,9,3,1.02,0.08,15.75
sir_4784598,Famous Name (GB),1478,Class 1,34,3,3,5,6,0.77,0.09,-17.0
sir_4784598,Famous Name (GB),1478,Class 7,3,0,0,1,0,0.0,0.0,-3.0
sir_4546038,Teofilo (IRE),10764,,4754,558,545,455,428,0.92,0.12,-874.57
sir_4546038,Teofilo (IRE),10764,Class 5,2045,268,252,250,261,0.87,0.13,-541.45
sir_4546038,Teofilo (IRE),10764,Class 4,1399,186,172,162,161,0.88,0.13,-406.59
sir_4546038,Teofilo (IRE),10764,Class 6,836,90,96,82,87,0.83,0.11,-271.71
sir_4546038,Teofilo (IRE),10764,Class 2,649,73,69,67,76,0.84,0.11,-168.45
sir_4546038,Teofilo (IRE),10764,Class 3,611,76,88,71,81,0.82,0.12,-172.5
sir_4546038,Teofilo (IRE),10764,Class 1,458,63,79,60,47,0.94,0.14,-53.79
sir_4546038,Teofilo (IRE),10764,Class 7,12,2,1,1,1,1.75,0.17,-3.25
sir_11118415,Saxon Warrior (JPN),1534,,640,57,76,53,71,0.73,0.09,-303.65
sir_11118415,Saxon Warrior (JPN),1534,Class 5,275,42,36,39,41,0.89,0.15,-55.69
sir_11118415,Saxon Warrior (JPN),1534,Class 4,252,38,28,30,26,0.98,0.15,-34.46
sir_11118415,Saxon Warrior (JPN),1534,Class 6,154,22,21,8,23,0.93,0.14,-62.21
sir_11118415,Saxon Warrior (JPN),1534,Class 2,100,6,11,6,9,0.62,0.06,-44.43
sir_11118415,Saxon Warrior (JPN),1534,Class 3,82,15,9,9,12,1.36,0.18,6.39
sir_11118415,Saxon Warrior (JPN),1534,Class 1,31,1,4,4,2,0.3,0.03,-20.0
sir_6106975,New Bay (GB),2315,,704,67,65,78,70,0.74,0.1,-166.39
sir_6106975,New Bay (GB),2315,Class 5,458,72,55,63,44,0.92,0.16,-75.88
sir_6106975,New Bay (GB),2315,Class 4,427,81,57,49,52,1.1,0.19,30.37
sir_6106975,New Bay (GB),2315,Class 6,249,45,31,20,24,1.27,0.18,18.6
sir_6106975,New Bay (GB),2315,Class 2,201,30,19,26,16,1.2,0.15,9.67
sir_6106975,New Bay (GB),2315,Class 1,149,24,18,19,17,1.17,0.16,13.1
sir_6106975,New Bay (GB),2315,Class 3,127,27,17,16,16,1.25,0.21,5.1
sir_3660062,Saddler Maker (IRE),2025,,1181,193,153,144,131,1.0,0.16,135.85
sir_3660062,Saddler Maker (IRE),2025,Class 4,257,47,48,32,38,0.86,0.18,-52.17
sir_3660062,Saddler Maker (IRE),2025,Class 1,217,34,30,25,29,0.88,0.16,-26.99
sir_3660062,Saddler Maker (IRE),2025,Class 3,143,31,23,16,22,1.03,0.22,10.16
sir_3660062,Saddler Maker (IRE),2025,Class 2,116,16,15,13,11,1.09,0.14,-19.52
sir_3660062,Saddler Maker (IRE),2025,Class 5,107,23,15,11,12,1.17,0.21,12.66
sir_3660062,Saddler Maker (IRE),2025,Class 6,4,0,2,0,0,0.0,0.0,-4.0
sir_5740378,Valirann (FR),1088,,629,37,31,48,43,0.76,0.06,-196.22
sir_5740378,Valirann (FR),1088,Class 5,192,28,34,19,25,0.86,0.15,-5.98
sir_5740378,Valirann (FR),1088,Class 4,179,28,20,16,19,1.05,0.16,-47.4
sir_5740378,Valirann (FR),1088,Class 3,36,8,7,4,4,0.94,0.22,1.04
sir_5740378,Valirann (FR),1088,Class 1,30,10,4,4,3,1.64,0.33,38.43
sir_5740378,Valirann (FR),1088,Class 2,18,5,1,3,0,1.74,0.28,4.9
sir_5740378,Valirann (FR),1088,Class 6,4,1,1,0,0,1.09,0.25,0.0
sir_3957289,Brian Boru (GB),4096,,1612,126,124,111,143,0.86,0.08,-485.9
sir_3957289,Brian Boru (GB),4096,Class 4,962,135,129,141,110,0.96,0.14,-161.23
sir_3957289,Brian Boru (GB),4096,Class 3,517,72,59,84,62,0.94,0.14,-72.28
sir_3957289,Brian Boru (GB),4096,Class 5,505,72,52,53,46,1.12,0.14,-10.88
sir_3957289,Brian Boru (GB),4096,Class 2,202,24,23,24,21,0.97,0.12,14.21
sir_3957289,Brian Boru (GB),4096,Class 1,151,6,12,14,19,0.42,0.04,-89.65
sir_3957289,Brian Boru (GB),4096,Class 6,147,14,25,23,17,0.68,0.1,-64.94
sir_5379878,Sea Moon (GB),357,,188,17,22,18,19,0.69,0.09,-93.06
sir_5379878,Sea Moon (GB),357,Class 4,82,12,5,16,7,0.92,0.15,-26.46
sir_5379878,Sea Moon (GB),357,Class 5,47,6,6,6,8,0.75,0.13,-28.7
sir_5379878,Sea Moon (GB),357,Class 3,17,2,2,3,1,0.74,0.12,-9.75
sir_5379878,Sea Moon (GB),357,Class 2,12,1,0,3,2,0.88,0.08,3.0
sir_5379878,Sea Moon (GB),357,Class 1,7,0,3,0,0,0.0,0.0,-7.0
sir_5379878,Sea Moon (GB),357,Class 6,4,1,0,0,0,1.55,0.25,-0.25
sir_5866273,Night Wish (GER),150,,84,6,4,10,4,0.84,0.07,-54.7
sir_5866273,Night Wish (GER),150,Class 4,32,4,5,5,5,0.63,0.12,-16.22
sir_5866273,Night Wish (GER),150,Class 5,18,2,4,4,0,0.83,0.11,-8.67
sir_5866273,Night Wish (GER),150,Class 3,11,1,1,1,2,0.53,0.09,-6.5
sir_5866273,Night Wish (GER),150,Class 2,3,0,1,0,0,0.0,0.0,-3.0
sir_5866273,Night Wish (GER),150,Class 1,2,0,0,0,0,0.0,0.0,-2.0
sir_3234854,Cloudings (IRE),4698,Class 4,1533,173,159,167,171,0.95,0.11,-486.7
sir_3234854,Cloudings (IRE),4698,,1040,67,67,71,95,0.77,0.06,-467.09
sir_3234854,Cloudings (IRE),4698,Class 5,877,90,77,85,79,0.9,0.1,-62.65
sir_3234854,Cloudings (IRE),4698,Class 3,532,75,64,62,55,1.05,0.14,-27.82
sir_3234854,Cloudings (IRE),4698,Class 6,388,31,37,29,39,0.85,0.08,-93.92
sir_3234854,Cloudings (IRE),4698,Class 2,159,19,19,13,12,0.97,0.12,-52.11
sir_3234854,Cloudings (IRE),4698,Class 1,144,17,21,13,16,1.14,0.12,29.6
sir_3234854,Cloudings (IRE),4698,Class 7,25,3,0,2,4,1.51,0.12,7.0
sir_4639740,Lucarno (USA),1162,Class 4,418,28,28,48,50,0.71,0.07,-270.25
sir_4639740,Lucarno (USA),1162,Class 5,372,37,29,29,28,0.96,0.1,-23.75
sir_4639740,Lucarno (USA),1162,,133,13,16,15,13,0.64,0.1,-58.54
sir_4639740,Lucarno (USA),1162,Class 6,119,4,6,15,13,0.39,0.03,-26.75
sir_4639740,Lucarno (USA),1162,Class 3,66,6,15,5,6,0.64,0.09,-38.5
sir_4639740,Lucarno (USA),1162,Class 2,30,5,3,3,2,1.38,0.17,1.25
sir_4639740,Lucarno (USA),1162,Class 1,24,2,2,0,1,0.61,0.08,-15.38
sir_12355945,Frammassone (IRE),329,Class 4,116,12,16,15,9,0.78,0.1,-51.88
sir_12355945,Frammassone (IRE),329,Class 5,96,14,9,13,12,1.14,0.15,42.38
sir_12355945,Frammassone (IRE),329,,58,6,3,1,2,1.54,0.1,19.75
sir_12355945,Frammassone (IRE),329,Class 3,40,9,6,6,3,1.38,0.23,33.71
sir_12355945,Frammassone (IRE),329,Class 2,16,1,1,0,1,0.57,0.06,-11.67
sir_12355945,Frammassone (IRE),329,Class 1,3,0,1,0,0,0.0,0.0,-3.0
sir_4703412,Myboycharlie (IRE),3705,,2186,181,188,195,217,0.86,0.08,-506.68
sir_4703412,Myboycharlie (IRE),3705,Class 5,466,36,54,52,47,0.74,0.08,-195.05
sir_4703412,Myboycharlie (IRE),3705,Class 6,437,25,43,61,49,0.53,0.06,-245.92
sir_4703412,Myboycharlie (IRE),3705,Class 4,329,29,30,32,42,0.78,0.09,-91.8
sir_4703412,Myboycharlie (IRE),3705,Class 3,169,12,17,14,18,0.79,0.07,-52.05
sir_4703412,Myboycharlie (IRE),3705,Class 2,72,7,5,3,5,1.05,0.1,-31.5
sir_4703412,Myboycharlie (IRE),3705,Class 1,30,6,3,3,0,1.5,0.2,33.98
sir_4703412,Myboycharlie (IRE),3705,Class 7,16,0,3,0,2,0.0,0.0,-16.0
sir_11016229,Roaring Lion (USA),835,Class 5,239,35,25,37,26,0.89,0.15,-74.67
sir_11016229,Roaring Lion (USA),835,Class 4,179,19,30,18,24,0.66,0.11,-54.7
sir_11016229,Roaring Lion (USA),835,,165,16,18,16,17,0.68,0.1,-70.3
sir_11016229,Roaring Lion (USA),835,Class 6,79,10,8,12,8,1.08,0.13,-15.0
sir_11016229,Roaring Lion (USA),835,Class 2,67,10,10,8,6,1.07,0.15,-6.05
sir_11016229,Roaring Lion (USA),835,Class 3,59,9,5,9,8,0.87,0.15,-16.95
sir_11016229,Roaring Lion (USA),835,Class 1,47,8,8,8,1,0.92,0.17,-12.02
sir_5322954,Casamento (IRE),3684,,1284,95,95,92,113,0.78,0.07,-551.6
sir_5322954,Casamento (IRE),3684,Class 6,811,53,88,87,82,0.62,0.07,-406.46
sir_5322954,Casamento (IRE),3684,Class 5,688,65,71,72,52,0.92,0.09,-182.8
sir_5322954,Casamento (IRE),3684,Class 4,513,54,60,51,66,0.85,0.11,-169.15
sir_5322954,Casamento (IRE),3684,Class 3,162,21,21,14,8,0.99,0.13,24.22
sir_5322954,Casamento (IRE),3684,Class 2,136,16,10,19,8,1.01,0.12,-50.25
sir_5322954,Casamento (IRE),3684,Class 1,77,6,16,6,9,0.72,0.08,16.88
sir_5322954,Casamento (IRE),3684,Class 7,13,0,2,0,2,0.0,0.0,-13.0
sir_21010010,Sogann (FR),40,Class 5,17,3,1,1,3,1.32,0.18,-1.17
sir_21010010,Sogann (FR),40,Class 6,13,0,0,2,3,0.0,0.0,-13.0
sir_21010010,Sogann (FR),40,Class 4,9,1,0,2,0,1.77,0.11,-5.75
sir_21010010,Sogann (FR),40,Class 2,1,0,0,0,0,0.0,0.0,-1.0
sir_6066578,Twilight Son (GB),2732,Class 5,862,91,92,91,98,0.91,0.11,-200.53
sir_6066578,Twilight Son (GB),2732,Class 6,721,64,72,89,77,0.74,0.09,-194.67
sir_6066578,Twilight Son (GB),2732,,427,36,48,43,39,0.74,0.08,-216.34
sir_6066578,Twilight Son (GB),2732,Class 4,401,43,50,34,55,0.81,0.11,-119.35
sir_6066578,Twilight Son (GB),2732,Class 3,136,18,17,20,20,0.88,0.13,-40.5
sir_6066578,Twilight Son (GB),2732,Class 2,129,13,10,13,8,1.0,0.1,31.63
sir_6066578,Twilight Son (GB),2732,Class 1,56,7,5,6,6,1.03,0.12,-3.76
sir_13368145,Sergei Prokofiev (CAN),302,Class 5,110,9,4,19,14,0.71,0.08,-47.18
sir_13368145,Sergei Prokofiev (CAN),302,Class 4,58,5,5,6,5,0.79,0.09,-29.0
sir_13368145,Sergei Prokofiev (CAN),302,,48,7,7,6,3,0.99,0.15,-21.28
sir_13368145,Sergei Prokofiev (CAN),302,Class 6,39,4,1,6,4,1.21,0.1,-13.5
sir_13368145,Sergei Prokofiev (CAN),302,Class 2,32,5,3,3,4,1.16,0.16,-7.87
sir_13368145,Sergei Prokofiev (CAN),302,Class 3,8,1,1,1,0,1.36,0.12,-3.5
sir_13368145,Sergei Prokofiev (CAN),302,Class 1,7,1,0,1,0,1.99,0.14,-2.0
sir_5957938,Time Test (GB),1883,Class 5,615,50,76,70,53,0.69,0.08,-220.72
sir_5957938,Time Test (GB),1883,Class 4,398,28,39,42,42,0.68,0.07,-132.06
sir_5957938,Time Test (GB),1883,Class 6,398,48,51,34,35,0.9,0.12,37.78
sir_5957938,Time Test (GB),1883,,259,32,19,21,23,1.24,0.12,-5.99
sir_5957938,Time Test (GB),1883,Class 2,95,9,8,4,13,0.9,0.09,-53.7
sir_5957938,Time Test (GB),1883,Class 3,83,6,9,6,15,0.63,0.07,-22.61
sir_5957938,Time Test (GB),1883,Class 1,35,5,2,2,5,1.62,0.14,29.83
sir_19600987,Wooded (IRE),110,,76,8,9,10,7,0.75,0.11,-39.3
sir_19600987,Wooded (IRE),110,Class 5,19,0,3,1,6,0.0,0.0,-19.0
sir_19600987,Wooded (IRE),110,Class 4,9,0,3,2,0,0.0,0.0,-9.0
sir_19600987,Wooded (IRE),110,Class 6,3,0,0,0,1,0.0,0.0,-3.0
sir_19600987,Wooded (IRE),110,Class 2,2,0,0,0,0,0.0,0.0,-2.0
sir_19600987,Wooded (IRE),110,Class 3,1,0,0,0,0,0.0,0.0,-1.0
sir_6104063,Make Believe (GB),2645,,1156,89,90,98,103,0.77,0.08,-418.6
sir_6104063,Make Believe (GB),2645,Class 5,459,62,72,48,57,0.89,0.14,-113.24
sir_6104063,Make Believe (GB),2645,Class 4,388,53,52,39,43,0.86,0.14,-57.17
sir_6104063,Make Believe (GB),2645,Class 6,301,39,41,23,30,0.89,0.13,-42.34
sir_6104063,Make Believe (GB),2645,Class 3,150,23,21,14,15,1.05,0.15,80.31
sir_6104063,Make Believe (GB),2645,Class 2,124,10,15,12,15,0.64,0.08,-70.0
sir_6104063,Make Believe (GB),2645,Class 1,67,6,10,12,5,0.73,0.09,-19.0
sir_5874547,No Nay Never (USA),5285,,2262,266,232,238,218,0.87,0.12,-622.11
sir_5874547,No Nay Never (USA),5285,Class 5,858,102,104,103,95,0.84,0.12,-213.84
sir_5874547,No Nay Never (USA),5285,Class 4,787,98,102,77,87,0.93,0.12,-194.88
sir_5874547,No Nay Never (USA),5285,Class 6,457,46,49,40,49,0.77,0.1,-176.95
sir_5874547,No Nay Never (USA),5285,Class 1,311,36,30,26,44,0.91,0.12,-60.33
sir_5874547,No Nay Never (USA),5285,Class 2,306,27,33,26,32,0.77,0.09,-94.5
sir_5874547,No Nay Never (USA),5285,Class 3,303,46,25,34,34,1.11,0.15,3.3
sir_5874547,No Nay Never (USA),5285,Class 7,1,0,0,0,0,0.0,0.0,-1.0
sir_6125343,Ulysses (IRE),1688,Class 5,525,61,66,75,62,0.76,0.12,-164.33
sir_6125343,Ulysses (IRE),1688,Class 4,360,41,40,44,49,0.94,0.11,-64.82
sir_6125343,Ulysses (IRE),1688,Class 6,285,31,32,36,30,0.77,0.11,-130.31
sir_6125343,Ulysses (IRE),1688,,254,25,29,37,20,0.9,0.1,55.0
sir_6125343,Ulysses (IRE),1688,Class 2,112,5,11,14,13,0.37,0.04,-69.12
sir_6125343,Ulysses (IRE),1688,Class 3,88,8,11,17,8,0.61,0.09,-20.37
sir_6125343,Ulysses (IRE),1688,Class 1,64,7,5,11,9,0.83,0.11,-1.32
sir_11448332,Study Of Man (IRE),372,Class 5,114,18,14,12,15,0.83,0.16,-40.75
sir_11448332,Study Of Man (IRE),372,,95,11,15,13,6,0.8,0.12,-30.43
sir_11448332,Study Of Man (IRE),372,Class 4,69,13,6,11,9,1.24,0.19,68.48
sir_11448332,Study Of Man (IRE),372,Class 6,40,7,5,2,5,1.07,0.17,-7.72
sir_11448332,Study Of Man (IRE),372,Class 1,24,4,3,4,5,0.96,0.17,-13.34
sir_11448332,Study Of Man (IRE),372,Class 3,17,6,1,2,1,2.33,0.35,14.61
sir_11448332,Study Of Man (IRE),372,Class 2,13,2,2,1,1,0.77,0.15,5.0
sir_4779124,Raven's Pass (USA),5052,,1776,183,172,182,179,0.82,0.1,-560.18
sir_4779124,Raven's Pass (USA),5052,Class 5,1042,132,112,120,127,0.83,0.13,-324.53
sir_4779124,Raven's Pass (USA),5052,Class 4,861,112,104,109,99,0.92,0.13,-122.28
sir_4779124,Raven's Pass (USA),5052,Class 6,467,44,47,42,44,0.81,0.09,-179.37
sir_4779124,Raven's Pass (USA),5052,Class 2,377,39,39,30,38,0.87,0.1,-25.47
sir_4779124,Raven's Pass (USA),5052,Class 3,335,50,39,44,34,0.95,0.15,-46.47
sir_4779124,Raven's Pass (USA),5052,Class 1,186,20,18,27,21,0.79,0.11,-53.76
sir_4779124,Raven's Pass (USA),5052,Class 7,8,1,0,1,2,0.99,0.12,0.0
sir_6028834,Cotai Glory (GB),2308,,699,76,60,51,54,1.1,0.11,-109.41
sir_6028834,Cotai Glory (GB),2308,Class 5,497,69,71,54,73,0.95,0.14,-69.06
sir_6028834,Cotai Glory (GB),2308,Class 4,369,51,49,40,35,1.04,0.14,-38.44
sir_6028834,Cotai Glory (GB),2308,Class 6,348,44,38,28,47,0.92,0.13,1.26
sir_6028834,Cotai Glory (GB),2308,Class 3,168,17,16,17,17,0.85,0.1,-7.84
sir_6028834,Cotai Glory (GB),2308,Class 2,147,15,17,11,13,0.94,0.1,-68.39
sir_6028834,Cotai Glory (GB),2308,Class 1,80,3,7,2,8,0.43,0.04,-64.0
sir_5617752,Havana Gold (IRE),4468,Class 5,1298,132,142,142,134,0.83,0.1,-369.96
sir_5617752,Havana Gold (IRE),4468,Class 6,1278,132,137,131,128,0.88,0.1,-216.91
sir_5617752,Havana Gold (IRE),4468,Class 4,814,66,117,91,78,0.71,0.08,-414.26
sir_5617752,Havana Gold (IRE),4468,,587,49,49,41,52,0.83,0.08,-191.64
sir_5617752,Havana Gold (IRE),4468,Class 3,208,20,22,28,23,0.73,0.1,-76.67
sir_5617752,Havana Gold (IRE),4468,Class 2,175,22,18,20,14,1.09,0.13,0.38
sir_5617752,Havana Gold (IRE),4468,Class 1,100,12,6,11,11,0.98,0.12,-25.4
sir_5617752,Havana Gold (IRE),4468,Class 7,8,0,2,1,0,0.0,0.0,-8.0
sir_13695283,Ten Sovereigns (IRE),766,,330,32,30,34,22,0.82,0.1,-112.7
sir_13695283,Ten Sovereigns (IRE),766,Class 5,177,17,21,20,27,0.67,0.1,-105.14
sir_13695283,Ten Sovereigns (IRE),766,Class 6,98,18,12,13,5,1.36,0.18,33.49
sir_13695283,Ten Sovereigns (IRE),766,Class 4,86,13,9,13,11,1.07,0.15,-31.16
sir_13695283,Ten Sovereigns (IRE),766,Class 3,29,3,2,4,3,0.96,0.1,-8.4
sir_13695283,Ten Sovereigns (IRE),766,Class 2,25,4,1,5,1,1.46,0.16,11.33
sir_13695283,Ten Sovereigns (IRE),766,Class 1,21,2,2,3,4,0.88,0.1,-9.67
sir_14691040,Shaman (IRE),131,,59,0,2,5,3,0.0,0.0,-59.0
sir_14691040,Shaman (IRE),131,Class 5,37,4,6,2,1,1.01,0.11,5.51
sir_14691040,Shaman (IRE),131,Class 6,9,0,0,2,2,0.0,0.0,-9.0
sir_14691040,Shaman (IRE),131,Class 4,8,2,0,1,1,3.01,0.25,2.0
sir_14691040,Shaman (IRE),131,Class 3,8,2,0,1,1,1.48,0.25,-1.09
sir_14691040,Shaman (IRE),131,Class 1,6,0,0,3,1,0.0,0.0,-6.0
sir_14691040,Shaman (IRE),131,Class 2,4,1,0,0,2,2.79,0.25,-0.25
sir_5377211,Al Kazeem (GB),1051,Class 5,318,46,35,33,34,1.05,0.14,37.22
sir_5377211,Al Kazeem (GB),1051,Class 6,208,19,17,19,16,0.9,0.09,-25.67
sir_5377211,Al Kazeem (GB),1051,,199,15,22,16,12,0.81,0.08,-97.55
sir_5377211,Al Kazeem (GB),1051,Class 4,185,21,22,19,25,0.87,0.11,-67.36
sir_5377211,Al Kazeem (GB),1051,Class 3,55,11,4,10,7,1.39,0.2,36.37
sir_5377211,Al Kazeem (GB),1051,Class 2,50,3,7,5,3,0.54,0.06,-2.09
sir_5377211,Al Kazeem (GB),1051,Class 1,36,3,5,4,6,1.07,0.08,-13.0
sir_5186867,Lope De Vega (IRE),11424,,4264,511,474,439,421,0.82,0.12,-1055.75
sir_5186867,Lope De Vega (IRE),11424,Class 5,1955,307,278,266,214,0.88,0.16,-427.27
sir_5186867,Lope De Vega (IRE),11424,Class 4,1791,272,223,195,223,0.94,0.15,-130.67
sir_5186867,Lope De Vega (IRE),11424,Class 2,1000,122,103,90,87,0.91,0.12,-178.14
sir_5186867,Lope De Vega (IRE),11424,Class 3,894,120,125,95,115,0.86,0.13,-217.13
sir_5186867,Lope De Vega (IRE),11424,Class 6,882,115,105,89,103,0.86,0.13,-97.19
sir_5186867,Lope De Vega (IRE),11424,Class 1,629,69,77,72,80,0.8,0.11,-204.78
sir_5186867,Lope De Vega (IRE),11424,Class 7,9,2,0,0,1,0.85,0.22,-5.57
sir_8501080,Inns Of Court (IRE),1069,,384,34,34,34,43,0.91,0.09,-65.0
sir_8501080,Inns Of Court (IRE),1069,Class 5,273,30,32,33,38,0.85,0.11,135.99
sir_8501080,Inns Of Court (IRE),1069,Class 4,155,20,17,16,21,1.05,0.13,-8.17
sir_8501080,Inns Of Court (IRE),1069,Class 6,151,16,10,11,20,0.94,0.11,-54.08
sir_8501080,Inns Of Court (IRE),1069,Class 2,48,3,6,5,2,0.51,0.06,-33.47
sir_8501080,Inns Of Court (IRE),1069,Class 1,31,1,3,1,5,0.46,0.03,-26.0
sir_8501080,Inns Of Court (IRE),1069,Class 3,27,5,1,2,1,1.6,0.19,7.82
sir_10782604,Sands Of Mali (FR),190,Class 5,65,10,8,8,6,0.89,0.15,-27.7
sir_10782604,Sands Of Mali (FR),190,,41,2,4,2,6,0.78,0.05,-24.0
sir_10782604,Sands Of Mali (FR),190,Class 4,38,8,8,4,5,1.38,0.21,5.44
sir_10782604,Sands Of Mali (FR),190,Class 2,17,3,2,5,3,1.14,0.18,-0.23
sir_10782604,Sands Of Mali (FR),190,Class 1,14,2,1,1,0,2.16,0.14,7.0
sir_10782604,Sands Of Mali (FR),190,Class 6,10,0,3,2,0,0.0,0.0,-10.0
sir_10782604,Sands Of Mali (FR),190,Class 3,5,1,2,1,1,1.23,0.2,4.0
sir_6035519,Profitable (IRE),2976,,787,63,69,64,77,0.79,0.08,-275.71
sir_6035519,Profitable (IRE),2976,Class 5,721,80,96,69,83,0.84,0.11,-126.94
sir_6035519,Profitable (IRE),2976,Class 6,686,80,95,80,71,0.88,0.12,2.48
sir_6035519,Profitable (IRE),2976,Class 4,447,47,54,56,50,0.85,0.11,-119.57
sir_6035519,Profitable (IRE),2976,Class 2,144,7,8,15,10,0.49,0.05,-65.97
sir_6035519,Profitable (IRE),2976,Class 3,134,14,15,14,15,0.79,0.1,-35.0
sir_6035519,Profitable (IRE),2976,Class 1,57,8,3,1,3,1.66,0.14,21.0
sir_5601162,Sir Prancealot (IRE),3765,,1130,87,74,82,99,0.85,0.08,-297.09
sir_5601162,Sir Prancealot (IRE),3765,Class 6,803,92,91,81,80,0.91,0.11,15.5
sir_5601162,Sir Prancealot (IRE),3765,Class 5,779,87,77,89,94,0.92,0.11,-231.5
sir_5601162,Sir Prancealot (IRE),3765,Class 4,512,65,74,60,54,0.95,0.13,-39.31
sir_5601162,Sir Prancealot (IRE),3765,Class 2,241,27,25,16,27,1.1,0.11,0.32
sir_5601162,Sir Prancealot (IRE),3765,Class 3,195,21,29,23,16,0.8,0.11,-49.63
sir_5601162,Sir Prancealot (IRE),3765,Class 1,93,11,7,11,12,1.12,0.12,-7.92
sir_5601162,Sir Prancealot (IRE),3765,Class 7,12,0,2,2,2,0.0,0.0,-12.0
sir_4760049,Stimulation (IRE),1737,Class 6,634,62,68,74,57,0.96,0.1,-104.92
sir_4760049,Stimulation (IRE),1737,Class 5,504,31,37,59,42,0.65,0.06,-259.21
sir_4760049,Stimulation (IRE),1737,Class 4,241,24,23,23,21,0.98,0.1,-16.42
sir_4760049,Stimulation (IRE),1737,,185,17,22,21,19,0.68,0.09,-36.93
sir_4760049,Stimulation (IRE),1737,Class 3,65,9,5,4,8,1.51,0.14,23.25
sir_4760049,Stimulation (IRE),1737,Class 2,62,5,2,7,6,0.87,0.08,-24.25
sir_4760049,Stimulation (IRE),1737,Class 1,35,2,2,2,2,0.78,0.06,-17.5
sir_4760049,Stimulation (IRE),1737,Class 7,11,1,1,0,1,1.3,0.09,-1.0
sir_4996964,Cityscape (GB),2750,Class 5,810,57,74,87,90,0.66,0.07,-273.14
sir_4996964,Cityscape (GB),2750,Class 6,807,106,74,95,83,1.01,0.13,-25.57
sir_4996964,Cityscape (GB),2750,Class 4,463,32,48,30,58,0.77,0.07,-191.55
sir_4996964,Cityscape (GB),2750,,424,31,46,48,38,0.75,0.07,-79.79
sir_4996964,Cityscape (GB),2750,Class 3,109,10,6,15,12,0.89,0.09,-35.85
sir_4996964,Cityscape (GB),2750,Class 2,72,9,9,6,7,1.22,0.12,2.03
sir_4996964,Cityscape (GB),2750,Class 1,60,7,6,9,5,1.12,0.12,7.1
sir_4996964,Cityscape (GB),2750,Class 7,5,1,0,0,1,3.27,0.2,12.0
sir_4045216,Exceed And Excel (AUS),19404,,4713,483,484,431,423,0.85,0.1,-1186.48
sir_4045216,Exceed And Excel (AUS),19404,Class 5,4372,576,544,529,488,0.85,0.13,-1109.47
sir_4045216,Exceed And Excel (AUS),19404,Class 4,3455,446,383,380,353,0.94,0.13,-340.85
sir_4045216,Exceed And Excel (AUS),19404,Class 6,3000,317,304,318,301,0.86,0.11,-710.11
sir_4045216,Exceed And Excel (AUS),19404,Class 3,1664,161,192,176,169,0.78,0.1,-570.45
sir_4045216,Exceed And Excel (AUS),19404,Class 2,1396,138,121,141,117,0.84,0.1,-334.56
sir_4045216,Exceed And Excel (AUS),19404,Class 1,748,90,89,74,62,0.96,0.12,-58.71
sir_4045216,Exceed And Excel (AUS),19404,Class 7,56,5,3,2,6,0.8,0.09,1.0
sir_6257503,Ribchester (IRE),1966,,549,47,38,40,55,0.85,0.09,-72.03
sir_6257503,Ribchester (IRE),1966,Class 5,491,46,60,49,55,0.79,0.09,-169.78
sir_6257503,Ribchester (IRE),1966,Class 6,405,43,44,42,45,0.83,0.11,-178.15
sir_6257503,Ribchester (IRE),1966,Class 4,323,30,29,38,32,0.82,0.09,-147.54
sir_6257503,Ribchester (IRE),1966,Class 3,84,11,8,11,4,1.04,0.13,-13.0
sir_6257503,Ribchester (IRE),1966,Class 2,73,5,3,5,6,0.68,0.07,-34.25
sir_6257503,Ribchester (IRE),1966,Class 1,41,3,5,5,3,0.7,0.07,-28.88
sir_13788572,Advertise (GB),793,Class 5,246,26,27,22,32,0.93,0.11,-66.64
sir_13788572,Advertise (GB),793,Class 6,173,15,14,22,23,0.69,0.09,-83.02
sir_13788572,Advertise (GB),793,Class 4,149,15,11,22,14,0.95,0.1,-79.32
sir_13788572,Advertise (GB),793,,134,12,13,11,8,0.9,0.09,-35.7
sir_13788572,Advertise (GB),793,Class 3,34,3,5,1,2,0.98,0.09,-7.0
sir_13788572,Advertise (GB),793,Class 2,32,3,5,4,3,0.82,0.09,-15.17
sir_13788572,Advertise (GB),793,Class 1,25,3,3,3,4,0.9,0.12,9.5
sir_4784353,Tale Of Two Cities (IRE),66,,38,0,1,2,0,0.0,0.0,-38.0
sir_4784353,Tale Of Two Cities (IRE),66,Class 6,28,4,2,4,3,1.33,0.14,29.5
sir_5988948,Kodi Bear (IRE),2326,,708,52,53,53,61,0.77,0.07,-316.72
sir_5988948,Kodi Bear (IRE),2326,Class 5,521,50,50,61,45,0.76,0.1,-23.71
sir_5988948,Kodi Bear (IRE),2326,Class 6,498,61,49,57,50,0.95,0.12,-69.63
sir_5988948,Kodi Bear (IRE),2326,Class 4,304,37,28,34,31,1.01,0.12,-71.45
sir_5988948,Kodi Bear (IRE),2326,Class 2,123,12,10,10,7,0.92,0.1,-25.0
sir_5988948,Kodi Bear (IRE),2326,Class 3,104,11,17,8,5,1.01,0.11,-43.92
sir_5988948,Kodi Bear (IRE),2326,Class 1,68,7,8,11,8,0.93,0.1,-9.97
sir_3789198,Acclamation (GB),19683,,4519,388,455,409,411,0.76,0.09,-1390.79
sir_3789198,Acclamation (GB),19683,Class 5,4489,535,495,601,522,0.82,0.12,-962.42
sir_3789198,Acclamation (GB),19683,Class 6,3619,302,359,393,382,0.71,0.08,-1264.36
sir_3789198,Acclamation (GB),19683,Class 4,3372,397,414,393,398,0.89,0.12,-628.86
sir_3789198,Acclamation (GB),19683,Class 3,1500,150,153,190,155,0.81,0.1,-387.99
sir_3789198,Acclamation (GB),19683,Class 2,1330,113,128,118,118,0.82,0.08,-393.74
sir_3789198,Acclamation (GB),19683,Class 1,730,61,69,69,77,0.77,0.08,-265.8
sir_3789198,Acclamation (GB),19683,Class 7,124,12,9,21,12,0.81,0.1,-8.62
sir_7013188,Harry Angel (IRE),1582,Class 5,421,57,65,46,43,0.84,0.14,-125.19
sir_7013188,Harry Angel (IRE),1582,,331,43,37,35,24,1.04,0.13,-45.11
sir_7013188,Harry Angel (IRE),1582,Class 4,305,38,32,40,41,0.81,0.12,-52.61
sir_7013188,Harry Angel (IRE),1582,Class 6,282,41,21,27,29,1.15,0.15,-26.08
sir_7013188,Harry Angel (IRE),1582,Class 2,99,8,9,7,8,0.72,0.08,-38.5
sir_7013188,Harry Angel (IRE),1582,Class 3,86,17,7,11,11,1.37,0.2,35.53
sir_7013188,Harry Angel (IRE),1582,Class 1,58,4,7,8,4,0.51,0.07,-27.12
sir_13020504,Soldier's Call (GB),1058,Class 5,274,26,38,28,29,0.67,0.09,-156.37
sir_13020504,Soldier's Call (GB),1058,,271,19,30,24,18,0.72,0.07,-135.92
sir_13020504,Soldier's Call (GB),1058,Class 6,194,17,25,24,22,0.74,0.09,-30.13
sir_13020504,Soldier's Call (GB),1058,Class 4,181,27,20,17,15,1.18,0.15,-44.53
sir_13020504,Soldier's Call (GB),1058,Class 2,66,6,6,3,11,0.72,0.09,-34.38
sir_13020504,Soldier's Call (GB),1058,Class 1,39,0,4,1,4,0.0,0.0,-39.0
sir_13020504,Soldier's Call (GB),1058,Class 3,33,6,5,6,3,1.1,0.18,-3.7
sir_6345339,Churchill (IRE),3300,,1211,138,115,116,119,0.89,0.11,-300.54
sir_6345339,Churchill (IRE),3300,Class 4,621,63,83,60,65,0.81,0.1,-173.63
sir_6345339,Churchill (IRE),3300,Class 5,606,84,64,78,71,0.97,0.14,-155.92
sir_6345339,Churchill (IRE),3300,Class 6,384,40,43,45,29,0.76,0.1,-159.88
sir_6345339,Churchill (IRE),3300,Class 3,215,19,22,29,16,0.69,0.09,112.06
sir_6345339,Churchill (IRE),3300,Class 2,163,17,10,13,16,1.1,0.1,-27.32
sir_6345339,Churchill (IRE),3300,Class 1,100,12,9,9,11,1.03,0.12,-19.06
sir_5877137,Outstrip (GB),2846,Class 6,993,115,116,108,103,0.95,0.12,89.27
sir_5877137,Outstrip (GB),2846,Class 5,743,60,70,67,79,0.79,0.08,-321.51
sir_5877137,Outstrip (GB),2846,,636,47,42,50,52,0.83,0.07,-147.57
sir_5877137,Outstrip (GB),2846,Class 4,331,34,39,32,30,0.91,0.1,-114.48
sir_5877137,Outstrip (GB),2846,Class 3,85,6,12,5,7,0.59,0.07,-49.0
sir_5877137,Outstrip (GB),2846,Class 2,48,3,5,2,11,0.53,0.06,-38.35
sir_5877137,Outstrip (GB),2846,Class 1,10,1,0,0,0,2.8,0.1,7.0
sir_6026251,Brazen Beau (AUS),2612,Class 5,773,75,88,88,77,0.81,0.1,-212.16
sir_6026251,Brazen Beau (AUS),2612,Class 6,708,69,78,60,61,0.86,0.1,-175.35
sir_6026251,Brazen Beau (AUS),2612,Class 4,386,48,40,42,41,1.04,0.12,-77.68
sir_6026251,Brazen Beau (AUS),2612,,356,39,37,40,30,0.84,0.11,-4.79
sir_6026251,Brazen Beau (AUS),2612,Class 3,200,18,20,21,16,0.82,0.09,-19.89
sir_6026251,Brazen Beau (AUS),2612,Class 2,106,6,8,8,8,0.6,0.06,-70.48
sir_6026251,Brazen Beau (AUS),2612,Class 1,83,6,5,11,6,0.75,0.07,14.0
sir_5711006,Garswood (GB),1835,Class 6,545,55,46,52,60,0.95,0.1,-107.54
sir_5711006,Garswood (GB),1835,Class 5,505,36,47,52,60,0.66,0.07,-104.42
sir_5711006,Garswood (GB),1835,Class 4,290,26,37,30,33,0.74,0.09,-79.88
sir_5711006,Garswood (GB),1835,,284,19,22,21,20,0.81,0.07,-92.35
sir_5711006,Garswood (GB),1835,Class 3,95,11,8,9,13,0.95,0.12,-2.0
sir_5711006,Garswood (GB),1835,Class 2,92,10,10,5,7,1.13,0.11,-28.79
sir_5711006,Garswood (GB),1835,Class 1,22,0,1,0,3,0.0,0.0,-22.0
sir_5711006,Garswood (GB),1835,Class 7,2,0,0,1,1,0.0,0.0,-2.0
sir_15566474,Mohaather (GB),229,Class 4,67,5,7,11,9,0.67,0.07,-15.38
sir_15566474,Mohaather (GB),229,Class 5,66,11,5,11,8,0.97,0.17,-20.41
sir_15566474,Mohaather (GB),229,Class 6,34,8,6,3,6,1.05,0.24,-1.14
sir_15566474,Mohaather (GB),229,Class 2,27,1,2,3,5,0.42,0.04,-23.5
sir_15566474,Mohaather (GB),229,,19,2,1,2,2,1.54,0.11,-7.2
sir_15566474,Mohaather (GB),229,Class 1,9,2,2,0,1,2.22,0.22,22.5
sir_15566474,Mohaather (GB),229,Class 3,7,1,0,1,0,1.32,0.14,-4.0
sir_6068706,Frosted (USA),358,,299,31,39,42,26,0.77,0.1,-61.96
sir_6068706,Frosted (USA),358,Class 4,31,2,3,1,3,0.64,0.06,-16.85
sir_6068706,Frosted (USA),358,Class 3,17,4,0,2,1,1.81,0.24,10.05
sir_6068706,Frosted (USA),358,Class 2,5,0,0,0,0,0.0,0.0,-5.0
sir_6068706,Frosted (USA),358,Class 1,3,0,0,1,0,0.0,0.0,-3.0
sir_6068706,Frosted (USA),358,Class 5,2,0,1,0,0,0.0,0.0,-2.0
sir_6068706,Frosted (USA),358,Class 6,1,0,0,0,0,0.0,0.0,-1.0
sir_6028827,Adaay (IRE),2517,Class 6,808,73,79,76,102,0.84,0.09,-236.94
sir_6028827,Adaay (IRE),2517,Class 5,785,81,98,88,87,0.87,0.1,-302.7
sir_6028827,Adaay (IRE),2517,Class 4,418,41,44,55,53,0.82,0.1,-81.87
sir_6028827,Adaay (IRE),2517,,233,18,19,25,24,0.77,0.08,-101.05
sir_6028827,Adaay (IRE),2517,Class 2,113,8,5,11,18,0.88,0.07,-53.75
sir_6028827,Adaay (IRE),2517,Class 3,110,15,7,10,16,1.04,0.14,112.74
sir_6028827,Adaay (IRE),2517,Class 1,50,2,8,4,10,0.35,0.04,-43.62
sir_5602422,Feel Like Dancing (GB),158,,148,11,9,11,14,0.83,0.07,-77.1
sir_5602422,Feel Like Dancing (GB),158,Class 5,6,1,0,1,0,2.23,0.17,3.5
sir_5602422,Feel Like Dancing (GB),158,Class 1,4,1,0,1,0,1.61,0.25,1.0
sir_4688159,Coastal Path (GB),1940,,1106,134,129,109,109,0.87,0.12,-187.58
sir_4688159,Coastal Path (GB),1940,Class 4,289,61,42,29,31,1.09,0.21,-55.82
sir_4688159,Coastal Path (GB),1940,Class 5,191,20,23,18,26,0.66,0.1,-1.05
sir_4688159,Coastal Path (GB),1940,Class 3,189,26,39,30,13,0.73,0.14,-73.53
sir_4688159,Coastal Path (GB),1940,Class 1,87,6,8,15,10,0.67,0.07,-15.0
sir_4688159,Coastal Path (GB),1940,Class 2,71,5,7,10,5,0.5,0.07,-55.22
sir_4688159,Coastal Path (GB),1940,Class 6,7,1,0,1,2,0.56,0.14,-5.17
sir_5771157,Ivanhowe (GER),136,,113,8,22,9,9,0.51,0.07,-55.07
sir_5771157,Ivanhowe (GER),136,Class 4,11,4,0,2,1,1.87,0.36,5.5
sir_5771157,Ivanhowe (GER),136,Class 3,7,1,0,0,2,0.69,0.14,-5.27
sir_5771157,Ivanhowe (GER),136,Class 1,2,0,0,0,0,0.0,0.0,-2.0
sir_5771157,Ivanhowe (GER),136,Class 2,2,0,0,2,0,0.0,0.0,-2.0
sir_5771157,Ivanhowe (GER),136,Class 5,1,0,0,0,1,0.0,0.0,-1.0
sir_4848690,It's Gino (GER),715,,377,32,33,27,41,0.84,0.08,-65.88
sir_4848690,It's Gino (GER),715,Class 4,94,17,13,8,11,0.95,0.18,-24.38
sir_4848690,It's Gino (GER),715,Class 5,83,11,11,10,7,0.86,0.13,-24.29
sir_4848690,It's Gino (GER),715,Class 3,72,15,12,10,7,1.06,0.21,11.7
sir_4848690,It's Gino (GER),715,Class 1,51,13,3,9,4,1.65,0.25,72.67
sir_4848690,It's Gino (GER),715,Class 2,29,9,2,6,3,1.87,0.31,12.89
sir_4848690,It's Gino (GER),715,Class 6,9,2,3,1,2,1.2,0.22,19.62
sir_6290277,The Gurkha (IRE),1797,,807,59,62,51,64,0.78,0.07,-261.0
sir_6290277,The Gurkha (IRE),1797,Class 5,366,45,54,35,53,0.89,0.12,-74.85
sir_6290277,The Gurkha (IRE),1797,Class 6,289,33,35,29,37,0.82,0.11,-36.26
sir_6290277,The Gurkha (IRE),1797,Class 4,169,18,19,21,13,0.83,0.11,-30.36
sir_6290277,The Gurkha (IRE),1797,Class 3,67,9,4,10,9,1.03,0.13,-12.78
sir_6290277,The Gurkha (IRE),1797,Class 2,54,8,5,3,4,1.75,0.15,7.73
sir_6290277,The Gurkha (IRE),1797,Class 1,45,8,4,7,6,1.05,0.18,-3.18
sir_4548635,Spanish Moon (USA),1374,,883,101,102,105,69,0.84,0.11,-154.61
sir_4548635,Spanish Moon (USA),1374,Class 4,199,31,34,25,32,0.85,0.16,44.63
sir_4548635,Spanish Moon (USA),1374,Class 5,135,19,15,15,12,1.01,0.14,40.45
sir_4548635,Spanish Moon (USA),1374,Class 3,63,12,10,6,9,1.03,0.19,-17.63
sir_4548635,Spanish Moon (USA),1374,Class 2,46,5,4,5,13,0.75,0.11,-6.52
sir_4548635,Spanish Moon (USA),1374,Class 1,44,5,6,5,5,0.59,0.11,-31.83
sir_4548635,Spanish Moon (USA),1374,Class 6,4,0,0,0,1,0.0,0.0,-4.0
sir_5312636,Tin Horse (IRE),881,,769,48,61,49,51,0.74,0.06,-301.3
sir_5312636,Tin Horse (IRE),881,Class 4,45,9,9,3,6,1.25,0.2,13.75
sir_5312636,Tin Horse (IRE),881,Class 5,23,2,1,2,3,0.65,0.09,-13.5
sir_5312636,Tin Horse (IRE),881,Class 3,22,2,2,2,3,0.69,0.09,-1.5
sir_5312636,Tin Horse (IRE),881,Class 1,8,0,0,2,2,0.0,0.0,-8.0
sir_5312636,Tin Horse (IRE),881,Class 2,7,1,0,2,1,1.25,0.14,-0.5
sir_5312636,Tin Horse (IRE),881,Class 6,7,1,0,1,3,1.18,0.14,-3.75
sir_4200735,Bonbon Rose (FR),457,,257,32,18,22,20,1.06,0.12,-73.96
sir_4200735,Bonbon Rose (FR),457,Class 4,66,9,6,10,4,0.92,0.14,-24.53
sir_4200735,Bonbon Rose (FR),457,Class 5,44,5,5,3,5,0.8,0.11,-23.17
sir_4200735,Bonbon Rose (FR),457,Class 3,32,6,5,3,3,1.02,0.19,-16.16
sir_4200735,Bonbon Rose (FR),457,Class 1,26,1,3,4,3,0.35,0.04,-23.38
sir_4200735,Bonbon Rose (FR),457,Class 2,22,5,3,2,3,1.38,0.23,12.5
sir_4200735,Bonbon Rose (FR),457,Class 6,10,3,2,0,0,1.7,0.3,9.5
sir_5413016,Mukhadram (GB),2264,Class 5,622,77,54,78,77,1.0,0.12,-164.29
sir_5413016,Mukhadram (GB),2264,,606,51,50,65,54,0.83,0.08,-165.78
sir_5413016,Mukhadram (GB),2264,Class 6,465,61,55,55,53,0.93,0.13,-9.5
sir_5413016,Mukhadram (GB),2264,Class 4,355,38,35,32,43,0.85,0.11,-92.25
sir_5413016,Mukhadram (GB),2264,Class 3,104,13,15,18,10,0.77,0.12,-34.69
sir_5413016,Mukhadram (GB),2264,Class 2,80,3,4,8,8,0.36,0.04,-25.38
sir_5413016,Mukhadram (GB),2264,Class 1,28,0,1,2,4,0.0,0.0,-28.0
sir_5413016,Mukhadram (GB),2264,Class 7,4,2,0,1,1,4.28,0.5,17.0
sir_3276504,Muhtathir (GB),4596,,3388,353,342,302,307,0.88,0.1,-652.61
sir_3276504,Muhtathir (GB),4596,Class 4,358,47,43,38,42,0.87,0.13,-168.02
sir_3276504,Muhtathir (GB),4596,Class 5,334,33,35,42,42,0.72,0.1,-148.34
sir_3276504,Muhtathir (GB),4596,Class 6,170,20,30,15,14,0.83,0.12,-67.23
sir_3276504,Muhtathir (GB),4596,Class 3,163,20,18,33,13,0.75,0.12,-55.24
sir_3276504,Muhtathir (GB),4596,Class 1,90,11,11,9,8,0.91,0.12,15.13
sir_3276504,Muhtathir (GB),4596,Class 2,90,7,4,12,10,0.58,0.08,-19.63
sir_3276504,Muhtathir (GB),4596,Class 7,3,3,0,0,0,4.73,1.0,12.0
sir_4497822,Kentucky Dynamite (USA),1057,,845,69,77,80,76,0.83,0.08,-273.36
sir_4497822,Kentucky Dynamite (USA),1057,Class 4,59,10,10,5,11,0.87,0.17,-12.88
sir_4497822,Kentucky Dynamite (USA),1057,Class 5,50,8,8,2,3,1.5,0.16,3.3
sir_4497822,Kentucky Dynamite (USA),1057,Class 3,42,9,8,6,2,1.01,0.21,-9.62
sir_4497822,Kentucky Dynamite (USA),1057,Class 2,27,2,3,4,3,0.51,0.07,-15.75
sir_4497822,Kentucky Dynamite (USA),1057,Class 1,22,0,5,0,5,0.0,0.0,-22.0
sir_4497822,Kentucky Dynamite (USA),1057,Class 6,12,0,2,0,0,0.0,0.0,-12.0
sir_3090514,Well Chosen (GB),1731,,1116,132,114,95,98,0.97,0.12,-261.72
sir_3090514,Well Chosen (GB),1731,Class 4,269,36,31,30,29,0.82,0.13,-66.35
sir_3090514,Well Chosen (GB),1731,Class 5,158,27,19,17,16,0.94,0.17,-21.31
sir_3090514,Well Chosen (GB),1731,Class 3,88,12,11,11,12,0.81,0.14,21.98
sir_3090514,Well Chosen (GB),1731,Class 2,41,5,5,1,3,0.93,0.12,48.62
sir_3090514,Well Chosen (GB),1731,Class 1,38,1,4,2,0,0.25,0.03,-33.5
sir_3090514,Well Chosen (GB),1731,Class 6,21,4,3,2,2,1.32,0.19,-3.55
sir_3647567,Al Namix (FR),2134,,1099,105,116,120,94,0.77,0.1,-365.62
sir_3647567,Al Namix (FR),2134,Class 4,342,55,48,39,40,0.92,0.16,-134.83
sir_3647567,Al Namix (FR),2134,Class 5,219,18,33,27,22,0.64,0.08,-117.57
sir_3647567,Al Namix (FR),2134,Class 3,183,28,28,27,24,0.77,0.15,-68.78
sir_3647567,Al Namix (FR),2134,Class 1,163,17,24,16,10,0.69,0.1,-25.93
sir_3647567,Al Namix (FR),2134,Class 2,106,23,9,10,8,1.35,0.22,14.13
sir_3647567,Al Namix (FR),2134,Class 6,22,1,4,5,3,0.24,0.05,-20.09
sir_5730277,Morandi (FR),401,,344,25,37,27,27,0.79,0.07,25.64
sir_5730277,Morandi (FR),401,Class 4,22,0,4,3,6,0.0,0.0,-22.0
sir_5730277,Morandi (FR),401,Class 5,14,1,2,1,3,0.58,0.07,-9.67
sir_5730277,Morandi (FR),401,Class 2,11,2,2,2,0,1.23,0.18,-0.5
sir_5730277,Morandi (FR),401,Class 3,5,0,3,1,0,0.0,0.0,-5.0
sir_5730277,Morandi (FR),401,Class 1,3,0,1,0,0,0.0,0.0,-3.0
sir_5730277,Morandi (FR),401,Class 6,2,0,1,0,0,0.0,0.0,-2.0
sir_3795330,Desir D'Un Soir (FR),92,Class 4,25,6,4,3,3,1.21,0.24,-9.77
sir_3795330,Desir D'Un Soir (FR),92,Class 1,18,0,2,2,2,0.0,0.0,-18.0
sir_3795330,Desir D'Un Soir (FR),92,,17,3,2,1,3,1.48,0.18,0.8
sir_3795330,Desir D'Un Soir (FR),92,Class 5,15,4,2,1,1,2.8,0.27,19.5
sir_3795330,Desir D'Un Soir (FR),92,Class 3,14,5,1,0,0,1.76,0.36,7.55
sir_3795330,Desir D'Un Soir (FR),92,Class 2,3,1,0,1,0,2.35,0.33,6.0
sir_4749731,Dansant (GB),445,,335,26,25,18,41,0.98,0.08,-89.11
sir_4749731,Dansant (GB),445,Class 4,50,7,6,9,8,0.78,0.14,-29.62
sir_4749731,Dansant (GB),445,Class 3,22,2,4,6,2,0.6,0.09,-12.1
sir_4749731,Dansant (GB),445,Class 5,15,0,2,2,4,0.0,0.0,-15.0
sir_4749731,Dansant (GB),445,Class 2,11,0,0,3,1,0.0,0.0,-11.0
sir_4749731,Dansant (GB),445,Class 1,10,0,4,0,0,0.0,0.0,-10.0
sir_4749731,Dansant (GB),445,Class 6,2,0,0,2,0,0.0,0.0,-2.0
sir_3543505,Maresca Sorrento (FR),1351,,733,65,77,84,77,0.76,0.09,-132.05
sir_3543505,Maresca Sorrento (FR),1351,Class 4,250,29,35,32,28,0.73,0.12,-106.03
sir_3543505,Maresca Sorrento (FR),1351,Class 5,141,12,10,9,12,0.81,0.09,-44.92
sir_3543505,Maresca Sorrento (FR),1351,Class 3,114,14,17,8,18,0.78,0.12,-44.67
sir_3543505,Maresca Sorrento (FR),1351,Class 2,50,4,7,4,3,0.71,0.08,-30.13
sir_3543505,Maresca Sorrento (FR),1351,Class 1,44,3,0,4,4,0.93,0.07,-10.25
sir_3543505,Maresca Sorrento (FR),1351,Class 6,19,2,2,2,1,0.68,0.11,-14.7
sir_6245778,Nutan (IRE),91,Class 4,28,3,3,3,3,0.97,0.11,-14.0
sir_6245778,Nutan (IRE),91,,25,3,1,1,5,0.9,0.12,3.2
sir_6245778,Nutan (IRE),91,Class 5,24,3,5,0,5,0.74,0.12,-13.02
sir_6245778,Nutan (IRE),91,Class 3,10,0,2,2,1,0.0,0.0,-10.0
sir_6245778,Nutan (IRE),91,Class 2,2,0,0,0,0,0.0,0.0,-2.0
sir_6245778,Nutan (IRE),91,Class 1,1,0,0,0,0,0.0,0.0,-1.0
sir_6245778,Nutan (IRE),91,Class 6,1,0,0,0,0,0.0,0.0,-1.0
sir_5411385,Born To Sea (IRE),3953,,1772,148,175,150,139,0.8,0.08,-564.83
sir_5411385,Born To Sea (IRE),3953,Class 5,611,59,61,58,64,0.78,0.1,-272.1
sir_5411385,Born To Sea (IRE),3953,Class 4,582,72,71,67,70,0.92,0.12,-126.98
sir_5411385,Born To Sea (IRE),3953,Class 6,564,39,62,49,47,0.65,0.07,-301.03
sir_5411385,Born To Sea (IRE),3953,Class 3,194,23,16,25,17,0.92,0.12,-53.24
sir_5411385,Born To Sea (IRE),3953,Class 2,141,18,15,14,7,1.33,0.13,52.62
sir_5411385,Born To Sea (IRE),3953,Class 1,83,3,5,9,9,0.44,0.04,-49.27
sir_5411385,Born To Sea (IRE),3953,Class 7,6,0,0,0,0,0.0,0.0,-6.0
sir_5785444,Australia (GB),4440,,1739,212,170,175,159,0.93,0.12,-315.58
sir_5785444,Australia (GB),4440,Class 5,985,106,102,99,125,0.78,0.11,-361.59
sir_5785444,Australia (GB),4440,Class 4,647,72,61,79,75,0.84,0.11,-231.1
sir_5785444,Australia (GB),4440,Class 6,544,69,65,42,71,0.88,0.13,-172.32
sir_5785444,Australia (GB),4440,Class 2,207,12,21,25,29,0.43,0.06,-160.03
sir_5785444,Australia (GB),4440,Class 3,176,25,25,19,22,0.85,0.14,-59.12
sir_5785444,Australia (GB),4440,Class 1,140,19,15,16,24,0.96,0.14,-30.03
sir_5785444,Australia (GB),4440,Class 7,2,0,0,1,0,0.0,0.0,-2.0
sir_6057142,Golden Horn (GB),3061,Class 5,785,112,120,106,93,0.84,0.14,-98.28
sir_6057142,Golden Horn (GB),3061,,707,59,81,74,76,0.64,0.08,-324.15
sir_6057142,Golden Horn (GB),3061,Class 4,635,116,94,91,77,0.95,0.18,-108.32
sir_6057142,Golden Horn (GB),3061,Class 2,286,32,39,25,24,0.76,0.11,-66.28
sir_6057142,Golden Horn (GB),3061,Class 1,226,28,21,33,24,0.96,0.12,41.24
sir_6057142,Golden Horn (GB),3061,Class 3,225,35,40,32,31,0.79,0.16,-72.98
sir_6057142,Golden Horn (GB),3061,Class 6,197,42,25,19,15,1.29,0.21,19.68
sir_3622080,Sinndar (IRE),4226,,2047,205,184,204,186,0.84,0.1,-596.52
sir_3622080,Sinndar (IRE),4226,Class 4,747,94,74,73,82,0.93,0.13,-235.86
sir_3622080,Sinndar (IRE),4226,Class 5,638,69,73,62,62,0.82,0.11,-213.03
sir_3622080,Sinndar (IRE),4226,Class 3,277,44,38,25,30,1.06,0.16,-34.51
sir_3622080,Sinndar (IRE),4226,Class 6,218,24,24,19,21,0.82,0.11,-47.81
sir_3622080,Sinndar (IRE),4226,Class 1,154,17,17,23,16,0.9,0.11,-63.07
sir_3622080,Sinndar (IRE),4226,Class 2,144,16,22,14,13,0.85,0.11,-40.49
sir_3622080,Sinndar (IRE),4226,Class 7,1,0,0,0,0,0.0,0.0,-1.0
sir_21685482,Ubettabelieveit (IRE),3,,2,0,0,1,0,0.0,0.0,-2.0
sir_21685482,Ubettabelieveit (IRE),3,Class 4,1,0,0,0,0,0.0,0.0,-1.0
sir_21670488,Nando Parrado (GB),2,,1,0,0,0,0,0.0,0.0,-1.0
sir_21670488,Nando Parrado (GB),2,Class 4,1,0,0,1,0,0.0,0.0,-1.0
sir_21678475,Lucky Vega (IRE),11,,9,2,1,0,1,2.63,0.22,3.5
sir_21678475,Lucky Vega (IRE),11,Class 2,1,0,0,0,0,0.0,0.0,-1.0
sir_21678475,Lucky Vega (IRE),11,Class 4,1,0,0,0,1,0.0,0.0,-1.0
sir_21649551,Supremacy (IRE),3,,2,0,1,0,0,0.0,0.0,-2.0
sir_21649551,Supremacy (IRE),3,Class 4,1,1,0,0,0,19.0,1.0,18.0
sir_16762004,Lope Y Fernandez (IRE),3,Class 2,1,0,0,0,0,0.0,0.0,-1.0
sir_16762004,Lope Y Fernandez (IRE),3,Class 4,1,0,1,0,0,0.0,0.0,-1.0
sir_16762004,Lope Y Fernandez (IRE),3,Class 3,1,1,0,0,0,4.0,1.0,3.0
sir_4817246,Tamayuz (GB),5095,,1563,132,128,161,130,0.79,0.08,-397.57
sir_4817246,Tamayuz (GB),5095,Class 5,1248,154,157,143,168,0.91,0.12,-259.12
sir_4817246,Tamayuz (GB),5095,Class 6,807,80,92,86,108,0.79,0.1,-235.5
sir_4817246,Tamayuz (GB),5095,Class 4,781,89,101,97,88,0.91,0.11,-157.41
sir_4817246,Tamayuz (GB),5095,Class 3,299,32,40,31,34,0.88,0.11,-2.46
sir_4817246,Tamayuz (GB),5095,Class 2,213,20,21,17,18,0.89,0.09,-40.47
sir_4817246,Tamayuz (GB),5095,Class 1,176,24,22,16,16,1.18,0.14,-33.86
sir_4817246,Tamayuz (GB),5095,Class 7,8,1,1,2,1,1.12,0.12,0.0
sir_5528656,Heeraat (IRE),2737,Class 6,1034,92,87,96,94,0.89,0.09,-294.57
sir_5528656,Heeraat (IRE),2737,Class 5,700,46,49,53,64,0.84,0.07,-348.33
sir_5528656,Heeraat (IRE),2737,,477,36,41,29,35,0.9,0.08,-187.9
sir_5528656,Heeraat (IRE),2737,Class 4,271,26,25,25,36,0.97,0.1,-125.98
sir_5528656,Heeraat (IRE),2737,Class 3,118,10,19,13,14,0.73,0.08,-41.97
sir_5528656,Heeraat (IRE),2737,Class 2,110,13,6,5,16,1.14,0.12,26.0
sir_5528656,Heeraat (IRE),2737,Class 1,26,2,3,1,4,0.69,0.08,-2.0
sir_5528656,Heeraat (IRE),2737,Class 7,1,0,0,0,0,0.0,0.0,-1.0
sir_6138986,Tasleet (GB),655,Class 5,217,16,33,24,22,0.65,0.07,-140.87
sir_6138986,Tasleet (GB),655,Class 6,156,18,13,15,16,0.91,0.12,-66.51
sir_6138986,Tasleet (GB),655,,113,17,15,15,10,0.94,0.15,-27.34
sir_6138986,Tasleet (GB),655,Class 4,101,12,10,9,11,1.13,0.12,-10.62
sir_6138986,Tasleet (GB),655,Class 3,27,2,3,2,7,0.63,0.07,-16.25
sir_6138986,Tasleet (GB),655,Class 2,24,2,1,0,1,0.79,0.08,-11.75
sir_6138986,Tasleet (GB),655,Class 1,17,3,0,3,0,1.85,0.18,11.0
sir_6017487,Charming Thought (GB),855,Class 6,359,41,38,44,38,0.9,0.11,-56.85
sir_6017487,Charming Thought (GB),855,Class 5,261,20,22,24,32,0.74,0.08,-95.26
sir_6017487,Charming Thought (GB),855,,108,10,15,16,10,0.79,0.09,-57.29
sir_6017487,Charming Thought (GB),855,Class 4,91,9,11,8,7,0.96,0.1,14.63
sir_6017487,Charming Thought (GB),855,Class 3,18,2,2,2,3,1.24,0.11,-6.88
sir_6017487,Charming Thought (GB),855,Class 2,13,2,0,2,0,1.24,0.15,-4.0
sir_6017487,Charming Thought (GB),855,Class 1,5,0,0,0,0,0.0,0.0,-5.0
sir_5957903,Portamento (IRE),33,Class 6,16,1,0,1,2,1.46,0.06,1.0
sir_5957903,Portamento (IRE),33,Class 5,11,0,2,0,1,0.0,0.0,-11.0
sir_5957903,Portamento (IRE),33,Class 4,3,0,0,0,0,0.0,0.0,-3.0
sir_5957903,Portamento (IRE),33,Class 3,2,0,0,0,1,0.0,0.0,-2.0
sir_5957903,Portamento (IRE),33,Class 2,1,0,0,0,0,0.0,0.0,-1.0
sir_5827822,Coach House (IRE),2286,Class 6,1115,95,108,116,94,0.8,0.09,-388.12
sir_5827822,Coach House (IRE),2286,Class 5,694,54,57,66,75,0.84,0.08,-157.15
sir_5827822,Coach House (IRE),2286,Class 4,268,26,25,35,34,0.9,0.1,23.66
sir_5827822,Coach House (IRE),2286,,87,5,2,4,4,0.76,0.06,-59.55
sir_5827822,Coach House (IRE),2286,Class 3,66,5,2,9,5,0.89,0.08,-12.17
sir_5827822,Coach House (IRE),2286,Class 2,31,1,1,3,2,0.51,0.03,-27.25
sir_5827822,Coach House (IRE),2286,Class 1,20,1,1,1,1,0.75,0.05,-17.62
sir_5827822,Coach House (IRE),2286,Class 7,5,1,0,2,0,2.26,0.2,0.0
sir_9992339,Unfortunately (IRE),464,Class 6,129,13,15,13,14,0.83,0.1,-26.87
sir_9992339,Unfortunately (IRE),464,Class 5,112,15,14,9,11,1.11,0.13,-8.8
sir_9992339,Unfortunately (IRE),464,Class 4,83,7,13,9,8,0.68,0.08,-51.0
sir_9992339,Unfortunately (IRE),464,,80,4,6,5,11,0.6,0.05,-57.85
sir_9992339,Unfortunately (IRE),464,Class 2,30,2,2,5,2,0.65,0.07,-19.8
sir_9992339,Unfortunately (IRE),464,Class 3,21,1,3,1,3,0.45,0.05,-13.0
sir_9992339,Unfortunately (IRE),464,Class 1,9,0,1,1,1,0.0,0.0,-9.0
sir_6232947,Galileo Gold (GB),1377,,418,43,36,38,25,1.08,0.1,110.69
sir_6232947,Galileo Gold (GB),1377,Class 5,323,32,27,30,35,0.88,0.1,-91.7
sir_6232947,Galileo Gold (GB),1377,Class 6,322,39,36,34,30,0.97,0.12,157.38
sir_6232947,Galileo Gold (GB),1377,Class 4,164,16,12,9,21,1.03,0.1,215.62
sir_6232947,Galileo Gold (GB),1377,Class 1,61,6,7,5,8,0.89,0.1,-1.29
sir_6232947,Galileo Gold (GB),1377,Class 3,57,4,7,6,6,0.71,0.07,-21.1
sir_6232947,Galileo Gold (GB),1377,Class 2,32,4,4,2,2,1.24,0.12,16.0
sir_3960579,Oasis Dream (GB),17936,,4733,515,481,442,394,0.85,0.11,-1006.33
sir_3960579,Oasis Dream (GB),17936,Class 5,4452,600,548,521,485,0.88,0.13,-1098.88
sir_3960579,Oasis Dream (GB),17936,Class 4,3096,367,356,336,330,0.85,0.12,-792.44
sir_3960579,Oasis Dream (GB),17936,Class 6,2225,251,225,214,227,0.88,0.11,-542.55
sir_3960579,Oasis Dream (GB),17936,Class 2,1349,135,128,128,136,0.89,0.1,-268.86
sir_3960579,Oasis Dream (GB),17936,Class 3,1147,154,148,120,133,0.94,0.13,-101.99
sir_3960579,Oasis Dream (GB),17936,Class 1,893,100,106,115,83,0.84,0.11,-122.69
sir_3960579,Oasis Dream (GB),17936,Class 7,41,5,2,7,3,0.94,0.12,20.0
sir_5860085,Cable Bay (IRE),3024,Class 6,928,75,87,101,102,0.72,0.08,-318.59
sir_5860085,Cable Bay (IRE),3024,Class 5,738,74,90,81,82,0.82,0.1,-282.59
sir_5860085,Cable Bay (IRE),3024,Class 4,444,55,55,51,52,0.91,0.12,-149.24
sir_5860085,Cable Bay (IRE),3024,,440,25,37,38,39,0.6,0.06,-215.57
sir_5860085,Cable Bay (IRE),3024,Class 2,183,12,21,21,13,0.69,0.07,-55.62
sir_5860085,Cable Bay (IRE),3024,Class 3,160,26,15,21,15,1.28,0.16,26.9
sir_5860085,Cable Bay (IRE),3024,Class 1,131,11,16,11,16,0.79,0.08,-72.75
sir_5308828,Albaasil (IRE),210,Class 6,115,8,10,16,11,0.62,0.07,-77.8
sir_5308828,Albaasil (IRE),210,Class 5,75,4,8,6,7,0.73,0.05,-39.17
sir_5308828,Albaasil (IRE),210,Class 3,9,2,2,3,0,0.85,0.22,0.75
sir_5308828,Albaasil (IRE),210,Class 2,5,1,2,1,0,1.73,0.2,4.5
sir_5308828,Albaasil (IRE),210,Class 4,4,0,0,1,1,0.0,0.0,-4.0
sir_5308828,Albaasil (IRE),210,Class 1,2,0,0,0,1,0.0,0.0,-2.0
sir_2921590,Intrinsic (GB),332,Class 5,125,10,13,11,7,1.05,0.08,-38.75
sir_2921590,Intrinsic (GB),332,Class 6,111,13,12,7,6,0.97,0.12,-39.37
sir_2921590,Intrinsic (GB),332,Class 4,41,5,1,2,3,1.99,0.12,-9.5
sir_2921590,Intrinsic (GB),332,Class 2,23,2,2,1,3,0.62,0.09,6.0
sir_2921590,Intrinsic (GB),332,Class 3,19,0,2,3,4,0.0,0.0,-19.0
sir_2921590,Intrinsic (GB),332,,13,5,0,2,0,3.72,0.38,33.2
sir_6017543,Belardo (IRE),2672,,1024,86,94,104,95,0.81,0.08,-266.4
sir_6017543,Belardo (IRE),2672,Class 5,553,59,66,67,61,0.82,0.11,-157.02
sir_6017543,Belardo (IRE),2672,Class 6,423,64,59,37,53,1.1,0.15,69.64
sir_6017543,Belardo (IRE),2672,Class 4,368,33,48,48,35,0.74,0.09,-83.23
sir_6017543,Belardo (IRE),2672,Class 3,131,14,17,12,18,0.9,0.11,-14.27
sir_6017543,Belardo (IRE),2672,Class 2,121,17,16,8,11,1.27,0.14,52.48
sir_6017543,Belardo (IRE),2672,Class 1,52,8,1,5,4,1.5,0.15,38.6
sir_21995442,Alkumait (GB),2,Class 2,1,0,0,0,0,0.0,0.0,-1.0
sir_21995442,Alkumait (GB),2,Class 5,1,0,1,0,0,0.0,0.0,-1.0
sir_14220528,Raging Bull (FR),1,Class 5,1,0,0,0,1,0.0,0.0,-1.0
sir_5808516,Kuroshio (AUS),972,,336,33,25,14,31,1.16,0.1,95.93
sir_5808516,Kuroshio (AUS),972,Class 6,270,19,26,21,30,0.7,0.07,-111.17
sir_5808516,Kuroshio (AUS),972,Class 5,173,13,10,13,14,0.88,0.08,8.63
sir_5808516,Kuroshio (AUS),972,Class 4,96,6,8,7,6,0.63,0.06,-61.45
sir_5808516,Kuroshio (AUS),972,Class 3,59,3,3,4,7,0.45,0.05,-50.08
sir_5808516,Kuroshio (AUS),972,Class 2,17,0,1,1,1,0.0,0.0,-17.0
sir_5808516,Kuroshio (AUS),972,Class 1,16,2,2,0,3,1.41,0.12,-3.0
sir_5808516,Kuroshio (AUS),972,Class 7,5,0,1,0,0,0.0,0.0,-5.0
sir_5880140,Kingman (GB),6026,,1909,241,231,195,167,0.81,0.13,-464.55
sir_5880140,Kingman (GB),6026,Class 5,1169,203,166,148,161,0.84,0.17,-315.55
sir_5880140,Kingman (GB),6026,Class 4,1077,186,158,143,112,0.93,0.17,2.18
sir_5880140,Kingman (GB),6026,Class 2,517,63,47,60,47,0.86,0.12,-130.57
sir_5880140,Kingman (GB),6026,Class 3,494,78,55,72,50,0.92,0.16,-116.22
sir_5880140,Kingman (GB),6026,Class 1,460,70,54,60,66,0.85,0.15,-60.73
sir_5880140,Kingman (GB),6026,Class 6,399,51,47,41,35,0.93,0.13,-30.1
sir_5880140,Kingman (GB),6026,Class 7,1,0,0,0,0,0.0,0.0,-1.0
sir_4038104,Pastoral Pursuits (GB),7126,Class 5,2123,237,218,226,205,0.97,0.11,-376.08
sir_4038104,Pastoral Pursuits (GB),7126,Class 6,2097,205,196,226,228,0.87,0.1,-574.17
sir_4038104,Pastoral Pursuits (GB),7126,Class 4,1204,109,138,122,126,0.75,0.09,-342.44
sir_4038104,Pastoral Pursuits (GB),7126,Class 3,505,47,48,62,55,0.79,0.09,-167.62
sir_4038104,Pastoral Pursuits (GB),7126,,494,26,47,48,64,0.55,0.05,-255.5
sir_4038104,Pastoral Pursuits (GB),7126,Class 2,472,34,44,32,40,0.82,0.07,-110.25
sir_4038104,Pastoral Pursuits (GB),7126,Class 1,191,10,22,19,18,0.56,0.05,-102.0
sir_4038104,Pastoral Pursuits (GB),7126,Class 7,40,3,4,2,3,0.74,0.07,-2.5
sir_5818785,Anjaal (GB),1192,,465,26,25,27,35,0.71,0.06,-71.54
sir_5818785,Anjaal (GB),1192,Class 5,257,28,27,34,22,1.0,0.11,-28.42
sir_5818785,Anjaal (GB),1192,Class 6,220,17,16,22,18,0.76,0.08,-8.0
sir_5818785,Anjaal (GB),1192,Class 4,138,13,15,19,16,0.78,0.09,-55.67
sir_5818785,Anjaal (GB),1192,Class 2,54,4,9,5,4,0.79,0.07,-21.38
sir_5818785,Anjaal (GB),1192,Class 3,52,6,4,5,4,1.02,0.12,-17.17
sir_5818785,Anjaal (GB),1192,Class 1,6,0,1,0,0,0.0,0.0,-6.0
sir_6752270,The Last Lion (IRE),876,,322,16,21,20,39,0.57,0.05,-197.37
sir_6752270,The Last Lion (IRE),876,Class 6,226,20,24,24,21,0.75,0.09,-90.43
sir_6752270,The Last Lion (IRE),876,Class 5,204,20,21,19,29,0.86,0.1,-66.84
sir_6752270,The Last Lion (IRE),876,Class 4,78,7,8,10,5,0.62,0.09,-41.25
sir_6752270,The Last Lion (IRE),876,Class 3,30,2,2,5,2,0.64,0.07,-15.0
sir_6752270,The Last Lion (IRE),876,Class 2,13,1,0,0,2,0.88,0.08,-8.67
sir_6752270,The Last Lion (IRE),876,Class 1,3,0,0,0,0,0.0,0.0,-3.0
sir_5344171,Frankel (GB),6877,,2474,383,290,259,245,0.9,0.15,-378.63
sir_5344171,Frankel (GB),6877,Class 5,1146,221,181,134,134,0.87,0.19,-310.78
sir_5344171,Frankel (GB),6877,Class 4,1029,202,135,125,107,0.97,0.2,-173.1
sir_5344171,Frankel (GB),6877,Class 1,736,120,94,103,85,0.84,0.16,-94.61
sir_5344171,Frankel (GB),6877,Class 3,580,96,69,68,64,0.89,0.17,-78.51
sir_5344171,Frankel (GB),6877,Class 2,572,77,69,59,61,0.83,0.13,-187.36
sir_5344171,Frankel (GB),6877,Class 6,339,44,27,28,38,0.91,0.13,-49.94
sir_5344171,Frankel (GB),6877,Class 7,1,0,0,0,0,0.0,0.0,-1.0
sir_6010662,Cappella Sansevero (GB),529,,296,13,15,18,26,0.58,0.04,-135.92
sir_6010662,Cappella Sansevero (GB),529,Class 6,97,9,12,10,9,0.76,0.09,-29.5
sir_6010662,Cappella Sansevero (GB),529,Class 5,71,5,10,4,9,0.7,0.07,-54.54
sir_6010662,Cappella Sansevero (GB),529,Class 3,33,2,1,4,4,0.51,0.06,-19.3
sir_6010662,Cappella Sansevero (GB),529,Class 4,25,3,1,4,1,0.91,0.12,-15.6
sir_6010662,Cappella Sansevero (GB),529,Class 1,4,1,0,0,0,1.59,0.25,-0.75
sir_6010662,Cappella Sansevero (GB),529,Class 2,3,0,0,0,0,0.0,0.0,-3.0
sir_6125028,Massaat (IRE),682,Class 5,260,24,28,20,22,0.93,0.09,29.53
sir_6125028,Massaat (IRE),682,Class 6,216,13,15,19,19,0.67,0.06,-58.67
sir_6125028,Massaat (IRE),682,Class 4,119,6,10,13,8,0.58,0.05,-73.0
sir_6125028,Massaat (IRE),682,Class 3,30,1,1,4,2,0.33,0.03,-25.5
sir_6125028,Massaat (IRE),682,,24,2,2,1,1,1.18,0.08,25.2
sir_6125028,Massaat (IRE),682,Class 2,22,2,3,3,5,0.91,0.09,-10.67
sir_6125028,Massaat (IRE),682,Class 1,11,0,2,1,1,0.0,0.0,-11.0
sir_4585931,Hellvelyn (GB),1932,Class 6,692,48,60,73,65,0.73,0.07,-221.56
sir_4585931,Hellvelyn (GB),1932,Class 5,630,39,52,49,79,0.74,0.06,-236.28
sir_4585931,Hellvelyn (GB),1932,,243,22,11,30,18,0.9,0.09,-31.39
sir_4585931,Hellvelyn (GB),1932,Class 4,231,16,23,30,27,0.68,0.07,-103.29
sir_4585931,Hellvelyn (GB),1932,Class 3,54,8,4,9,4,1.32,0.15,-9.17
sir_4585931,Hellvelyn (GB),1932,Class 1,35,3,2,3,4,0.87,0.09,-23.0
sir_4585931,Hellvelyn (GB),1932,Class 2,31,2,3,4,0,0.59,0.06,-23.7
sir_4585931,Hellvelyn (GB),1932,Class 7,16,0,3,3,2,0.0,0.0,-16.0
sir_12573540,Rumble Inthejungle (IRE),58,Class 5,27,3,1,3,4,1.18,0.11,-16.0
sir_12573540,Rumble Inthejungle (IRE),58,Class 4,11,1,0,1,1,1.37,0.09,-3.5
sir_12573540,Rumble Inthejungle (IRE),58,Class 6,11,0,1,2,1,0.0,0.0,-11.0
sir_12573540,Rumble Inthejungle (IRE),58,Class 2,5,0,2,0,0,0.0,0.0,-5.0
sir_12573540,Rumble Inthejungle (IRE),58,Class 3,3,0,0,1,0,0.0,0.0,-3.0
sir_12573540,Rumble Inthejungle (IRE),58,Class 1,1,0,0,0,0,0.0,0.0,-1.0
sir_13368159,The Irish Rover (IRE),67,,38,2,3,5,3,0.59,0.05,-26.5
sir_13368159,The Irish Rover (IRE),67,Class 4,8,1,4,1,0,0.5,0.12,-3.67
sir_13368159,The Irish Rover (IRE),67,Class 3,7,0,2,1,0,0.0,0.0,-7.0
sir_13368159,The Irish Rover (IRE),67,Class 2,5,1,0,0,0,2.01,0.2,-1.0
sir_13368159,The Irish Rover (IRE),67,Class 5,5,1,1,1,0,1.22,0.2,-3.27
sir_13368159,The Irish Rover (IRE),67,Class 6,4,0,0,0,1,0.0,0.0,-4.0
sir_6158376,Pride Of Dubai (AUS),1551,,802,95,83,72,62,1.06,0.12,-117.27
sir_6158376,Pride Of Dubai (AUS),1551,Class 5,254,38,30,31,41,1.02,0.15,-45.26
sir_6158376,Pride Of Dubai (AUS),1551,Class 4,207,21,29,25,17,0.77,0.1,-76.06
sir_6158376,Pride Of Dubai (AUS),1551,Class 3,111,9,11,9,11,0.63,0.08,-80.49
sir_6158376,Pride Of Dubai (AUS),1551,Class 6,111,21,12,7,9,1.45,0.19,19.38
sir_6158376,Pride Of Dubai (AUS),1551,Class 1,44,6,9,4,4,0.86,0.14,43.55
sir_6158376,Pride Of Dubai (AUS),1551,Class 2,22,1,1,1,5,0.33,0.05,-15.5
sir_5507334,Dragon Pulse (IRE),4154,,1809,131,138,112,135,0.84,0.07,-473.25
sir_5507334,Dragon Pulse (IRE),4154,Class 5,773,78,92,98,68,0.82,0.1,-252.12
sir_5507334,Dragon Pulse (IRE),4154,Class 6,639,69,65,57,77,0.91,0.11,-46.37
sir_5507334,Dragon Pulse (IRE),4154,Class 4,538,58,63,70,54,0.85,0.11,-98.67
sir_5507334,Dragon Pulse (IRE),4154,Class 3,207,20,33,22,19,0.82,0.1,-93.22
sir_5507334,Dragon Pulse (IRE),4154,Class 2,145,20,15,15,14,1.13,0.14,-22.32
sir_5507334,Dragon Pulse (IRE),4154,Class 1,38,1,4,5,1,0.31,0.03,-34.5
sir_5507334,Dragon Pulse (IRE),4154,Class 7,5,1,1,1,1,1.03,0.2,21.0
sir_4163390,Kitten's Joy (USA),3629,,2378,288,276,281,230,0.84,0.12,-434.08
sir_4163390,Kitten's Joy (USA),3629,Class 5,402,48,47,42,42,0.8,0.12,-119.76
sir_4163390,Kitten's Joy (USA),3629,Class 6,317,34,33,36,25,0.86,0.11,-142.46
sir_4163390,Kitten's Joy (USA),3629,Class 4,264,29,37,24,27,0.85,0.11,-71.97
sir_4163390,Kitten's Joy (USA),3629,Class 3,100,14,15,13,13,0.95,0.14,-26.81
sir_4163390,Kitten's Joy (USA),3629,Class 2,84,6,7,9,11,0.53,0.07,-61.98
sir_4163390,Kitten's Joy (USA),3629,Class 1,83,17,13,8,11,1.26,0.2,12.07
sir_4163390,Kitten's Joy (USA),3629,Class 7,1,0,0,0,0,0.0,0.0,-1.0
sir_14985173,Too Darn Hot (GB),934,,250,45,32,26,37,1.01,0.18,-7.22
sir_14985173,Too Darn Hot (GB),934,Class 5,235,43,27,32,24,0.98,0.18,-62.36
sir_14985173,Too Darn Hot (GB),934,Class 4,219,36,29,31,30,0.92,0.16,15.09
sir_14985173,Too Darn Hot (GB),934,Class 6,73,11,5,9,7,0.93,0.15,-26.55
sir_14985173,Too Darn Hot (GB),934,Class 1,62,9,7,1,9,1.1,0.15,-14.56
sir_14985173,Too Darn Hot (GB),934,Class 2,61,8,5,12,8,0.95,0.13,5.25
sir_14985173,Too Darn Hot (GB),934,Class 3,34,5,2,7,3,0.78,0.15,-7.84
sir_5925682,Bobby's Kitten (USA),1485,Class 5,479,49,44,60,50,0.88,0.1,-50.77
sir_5925682,Bobby's Kitten (USA),1485,Class 6,423,30,49,49,35,0.62,0.07,-193.72
sir_5925682,Bobby's Kitten (USA),1485,,314,25,21,26,28,0.81,0.08,-85.95
sir_5925682,Bobby's Kitten (USA),1485,Class 4,185,10,18,28,23,0.51,0.05,-90.79
sir_5925682,Bobby's Kitten (USA),1485,Class 3,40,0,3,4,3,0.0,0.0,-40.0
sir_5925682,Bobby's Kitten (USA),1485,Class 1,24,4,2,4,1,1.34,0.17,15.7
sir_5925682,Bobby's Kitten (USA),1485,Class 2,20,0,1,3,2,0.0,0.0,-20.0
sir_7341264,Koropick (IRE),80,Class 6,24,2,2,1,3,0.76,0.08,-14.27
sir_7341264,Koropick (IRE),80,Class 5,24,1,1,3,3,0.46,0.04,-19.5
sir_7341264,Koropick (IRE),80,,22,0,2,0,1,0.0,0.0,-22.0
sir_7341264,Koropick (IRE),80,Class 4,8,2,0,1,1,3.38,0.25,8.0
sir_7341264,Koropick (IRE),80,Class 2,2,0,0,0,0,0.0,0.0,-2.0
sir_9942359,U S Navy Flag (USA),1022,,344,20,26,29,29,0.63,0.06,-179.33
sir_9942359,U S Navy Flag (USA),1022,Class 4,210,13,20,21,20,0.6,0.06,-68.45
sir_9942359,U S Navy Flag (USA),1022,Class 5,195,19,16,25,17,0.75,0.1,-131.18
sir_9942359,U S Navy Flag (USA),1022,Class 6,173,20,20,18,14,0.82,0.12,-37.49
sir_9942359,U S Navy Flag (USA),1022,Class 3,53,4,5,4,8,0.74,0.08,-33.25
sir_9942359,U S Navy Flag (USA),1022,Class 2,35,1,2,4,7,0.27,0.03,-20.0
sir_9942359,U S Navy Flag (USA),1022,Class 1,12,0,1,1,1,0.0,0.0,-12.0
sir_14576338,Phoenix Of Spain (IRE),611,,211,19,17,16,19,0.87,0.09,-103.7
sir_14576338,Phoenix Of Spain (IRE),611,Class 5,129,24,19,16,17,1.03,0.19,-50.25
sir_14576338,Phoenix Of Spain (IRE),611,Class 4,105,18,10,10,9,1.39,0.17,28.55
sir_14576338,Phoenix Of Spain (IRE),611,Class 6,76,7,13,10,12,0.63,0.09,-18.42
sir_14576338,Phoenix Of Spain (IRE),611,Class 3,44,6,3,5,3,1.11,0.14,-9.96
sir_14576338,Phoenix Of Spain (IRE),611,Class 2,30,3,5,5,1,0.66,0.1,1.0
sir_14576338,Phoenix Of Spain (IRE),611,Class 1,16,3,1,1,1,1.95,0.19,1.25
sir_3691611,Kyllachy (GB),15190,Class 5,4480,462,496,500,491,0.83,0.1,-1237.21
sir_3691611,Kyllachy (GB),15190,Class 6,3665,365,395,341,385,0.84,0.1,-775.27
sir_3691611,Kyllachy (GB),15190,Class 4,2690,286,296,298,277,0.87,0.11,-538.81
sir_3691611,Kyllachy (GB),15190,,1835,137,169,175,155,0.67,0.07,-553.24
sir_3691611,Kyllachy (GB),15190,Class 3,1059,113,101,99,111,0.92,0.11,-69.99
sir_3691611,Kyllachy (GB),15190,Class 2,893,62,66,82,70,0.7,0.07,-475.98
sir_3691611,Kyllachy (GB),15190,Class 1,452,47,35,50,34,0.97,0.1,28.81
sir_3691611,Kyllachy (GB),15190,Class 7,116,18,11,6,10,1.43,0.16,18.0
sir_5535299,Dabirsim (FR),3776,,2686,178,230,227,228,0.7,0.07,-1071.19
sir_5535299,Dabirsim (FR),3776,Class 5,353,37,41,31,45,0.77,0.1,-84.57
sir_5535299,Dabirsim (FR),3776,Class 6,268,19,29,37,23,0.64,0.07,-107.42
sir_5535299,Dabirsim (FR),3776,Class 4,245,31,24,25,26,1.0,0.13,65.7
sir_5535299,Dabirsim (FR),3776,Class 3,113,10,11,11,14,0.74,0.09,-47.35
sir_5535299,Dabirsim (FR),3776,Class 2,71,5,0,9,4,0.76,0.07,-44.5
sir_5535299,Dabirsim (FR),3776,Class 1,39,1,3,4,3,0.27,0.03,-18.0
sir_5535299,Dabirsim (FR),3776,Class 7,1,0,0,0,0,0.0,0.0,-1.0
sir_4759678,Fast Company (IRE),7396,,2399,199,213,186,203,0.84,0.08,-602.16
sir_4759678,Fast Company (IRE),7396,Class 5,1571,159,153,158,179,0.89,0.1,-313.03
sir_4759678,Fast Company (IRE),7396,Class 6,1534,136,150,156,157,0.8,0.09,-498.11
sir_4759678,Fast Company (IRE),7396,Class 4,1033,121,110,109,116,0.96,0.12,-159.09
sir_4759678,Fast Company (IRE),7396,Class 3,361,34,37,48,39,0.72,0.09,-157.85
sir_4759678,Fast Company (IRE),7396,Class 2,331,29,26,29,25,0.87,0.09,-83.67
sir_4759678,Fast Company (IRE),7396,Class 1,152,17,14,14,20,1.0,0.11,-2.29
sir_4759678,Fast Company (IRE),7396,Class 7,15,1,1,1,0,1.17,0.07,11.0
sir_3647602,Tiger Groom (GB),586,,328,34,32,34,22,0.86,0.1,42.67
sir_3647602,Tiger Groom (GB),586,Class 4,96,7,10,10,6,0.69,0.07,-5.96
sir_3647602,Tiger Groom (GB),586,Class 5,84,9,5,9,6,1.17,0.11,-22.62
sir_3647602,Tiger Groom (GB),586,Class 3,40,5,5,5,5,0.74,0.12,-11.39
sir_3647602,Tiger Groom (GB),586,Class 1,23,4,4,3,1,1.3,0.17,11.0
sir_3647602,Tiger Groom (GB),586,Class 2,14,2,0,2,1,1.5,0.14,-5.75
sir_3647602,Tiger Groom (GB),586,Class 6,1,0,0,0,0,0.0,0.0,-1.0
sir_4870369,Mastercraftsman (IRE),11896,,4495,399,421,439,420,0.8,0.09,-1269.97
sir_4870369,Mastercraftsman (IRE),11896,Class 5,2419,267,273,277,281,0.87,0.11,-564.09
sir_4870369,Mastercraftsman (IRE),11896,Class 4,1825,206,201,224,205,0.88,0.11,-383.33
sir_4870369,Mastercraftsman (IRE),11896,Class 6,1236,150,123,130,112,0.95,0.12,-166.51
sir_4870369,Mastercraftsman (IRE),11896,Class 2,745,81,85,71,71,1.0,0.11,-166.05
sir_4870369,Mastercraftsman (IRE),11896,Class 3,717,90,96,97,90,0.9,0.13,-90.41
sir_4870369,Mastercraftsman (IRE),11896,Class 1,457,48,57,42,56,0.97,0.11,-58.72
sir_4870369,Mastercraftsman (IRE),11896,Class 7,2,1,0,0,0,1.87,0.5,0.25
sir_6925198,Caravaggio (USA),1600,,631,80,89,55,69,0.86,0.13,-78.27
sir_6925198,Caravaggio (USA),1600,Class 5,306,30,38,32,34,0.79,0.1,-59.0
sir_6925198,Caravaggio (USA),1600,Class 4,241,24,21,30,22,0.81,0.1,-65.62
sir_6925198,Caravaggio (USA),1600,Class 6,219,20,19,28,13,0.8,0.09,-73.3
sir_6925198,Caravaggio (USA),1600,Class 3,98,10,10,13,8,0.75,0.1,-45.53
sir_6925198,Caravaggio (USA),1600,Class 2,57,3,5,5,4,0.51,0.05,-35.5
sir_6925198,Caravaggio (USA),1600,Class 1,48,10,4,7,6,1.38,0.21,12.79
sir_4247215,Manduro (GER),4324,,2136,254,219,197,215,0.92,0.12,-432.25
sir_4247215,Manduro (GER),4324,Class 5,773,82,95,89,86,0.86,0.11,-264.02
sir_4247215,Manduro (GER),4324,Class 4,549,54,64,63,79,0.76,0.1,-240.49
sir_4247215,Manduro (GER),4324,Class 6,371,28,41,39,36,0.62,0.08,-175.57
sir_4247215,Manduro (GER),4324,Class 3,193,26,23,28,20,1.02,0.13,-27.45
sir_4247215,Manduro (GER),4324,Class 2,172,10,26,12,16,0.54,0.06,-37.25
sir_4247215,Manduro (GER),4324,Class 1,120,12,8,11,15,0.98,0.1,-40.1
sir_4247215,Manduro (GER),4324,Class 7,10,1,0,1,0,1.05,0.1,11.0
sir_4131533,Motivator (GB),5554,,2347,248,232,226,228,0.87,0.11,-261.63
sir_4131533,Motivator (GB),5554,Class 5,998,109,92,132,113,0.85,0.11,-325.16
sir_4131533,Motivator (GB),5554,Class 4,913,120,93,96,110,0.97,0.13,-193.63
sir_4131533,Motivator (GB),5554,Class 6,490,62,60,37,54,0.98,0.13,-60.07
sir_4131533,Motivator (GB),5554,Class 3,286,35,36,27,30,0.86,0.12,-51.07
sir_4131533,Motivator (GB),5554,Class 2,266,33,30,28,25,0.9,0.12,-53.98
sir_4131533,Motivator (GB),5554,Class 1,253,32,28,32,29,0.86,0.13,-36.86
sir_4131533,Motivator (GB),5554,Class 7,1,0,0,0,0,0.0,0.0,-1.0
sir_5021548,Le Havre (IRE),5323,,3733,443,404,376,337,0.93,0.12,-575.76
sir_5021548,Le Havre (IRE),5323,Class 5,524,73,64,71,51,0.85,0.14,-177.94
sir_5021548,Le Havre (IRE),5323,Class 4,470,73,55,54,63,1.03,0.16,-21.5
sir_5021548,Le Havre (IRE),5323,Class 3,172,27,19,26,21,0.92,0.16,-29.92
sir_5021548,Le Havre (IRE),5323,Class 6,168,24,15,19,15,1.06,0.14,-47.67
sir_5021548,Le Havre (IRE),5323,Class 2,152,15,15,16,12,0.78,0.1,-71.91
sir_5021548,Le Havre (IRE),5323,Class 1,103,13,16,19,8,0.87,0.13,-49.3
sir_5021548,Le Havre (IRE),5323,Class 7,1,0,0,0,0,0.0,0.0,-1.0
sir_530859,Beneficial (GB),18913,,9820,843,849,867,831,0.81,0.09,-3621.53
sir_530859,Beneficial (GB),18913,Class 4,3809,486,518,449,465,0.85,0.13,-1083.36
sir_530859,Beneficial (GB),18913,Class 5,1867,219,198,203,196,0.91,0.12,-278.32
sir_530859,Beneficial (GB),18913,Class 3,1696,228,236,217,176,0.87,0.13,-327.06
sir_530859,Beneficial (GB),18913,Class 2,647,75,69,73,63,0.88,0.12,-90.95
sir_530859,Beneficial (GB),18913,Class 6,557,73,72,66,54,0.85,0.13,-251.44
sir_530859,Beneficial (GB),18913,Class 1,516,44,34,43,47,0.85,0.09,-181.66
sir_530859,Beneficial (GB),18913,Class 7,1,0,0,0,0,0.0,0.0,-1.0
sir_6201195,Washington DC (IRE),505,Class 6,187,14,32,20,13,0.58,0.07,-97.87
sir_6201195,Washington DC (IRE),505,Class 5,175,22,17,15,18,1.27,0.13,-18.82
sir_6201195,Washington DC (IRE),505,Class 4,62,5,7,9,5,0.62,0.08,-36.5
sir_6201195,Washington DC (IRE),505,,31,1,7,4,1,0.36,0.03,-27.18
sir_6201195,Washington DC (IRE),505,Class 2,25,2,9,2,5,0.56,0.08,-13.0
sir_6201195,Washington DC (IRE),505,Class 3,19,2,1,2,0,1.18,0.11,-4.0
sir_6201195,Washington DC (IRE),505,Class 1,6,1,0,1,1,2.89,0.17,28.0
sir_634410,Winged Love (IRE),4207,,1685,131,155,141,129,0.83,0.08,-640.33
sir_634410,Winged Love (IRE),4207,Class 4,968,150,120,117,99,1.08,0.15,-134.43
sir_634410,Winged Love (IRE),4207,Class 5,520,60,52,46,54,0.87,0.12,-144.25
sir_634410,Winged Love (IRE),4207,Class 3,443,71,57,57,55,1.1,0.16,94.58
sir_634410,Winged Love (IRE),4207,Class 1,229,18,24,23,24,0.74,0.08,-37.79
sir_634410,Winged Love (IRE),4207,Class 2,206,22,29,22,15,0.84,0.11,-57.94
sir_634410,Winged Love (IRE),4207,Class 6,151,11,14,12,14,0.67,0.07,-98.1
sir_634410,Winged Love (IRE),4207,Class 7,5,3,0,0,0,3.52,0.6,14.5
sir_5740294,Bathyrhon (GER),654,,453,50,48,43,40,0.91,0.11,-182.3
sir_5740294,Bathyrhon (GER),654,Class 4,85,16,16,16,8,0.82,0.19,-26.01
sir_5740294,Bathyrhon (GER),654,Class 5,36,5,6,4,8,0.77,0.14,1.12
sir_5740294,Bathyrhon (GER),654,Class 3,31,7,7,2,4,1.14,0.23,5.85
sir_5740294,Bathyrhon (GER),654,Class 1,25,2,1,0,4,0.58,0.08,-14.5
sir_5740294,Bathyrhon (GER),654,Class 2,24,2,5,3,1,0.54,0.08,-15.75
sir_8009960,Manbolix (FR),37,,34,3,3,4,1,0.79,0.09,-26.92
sir_8009960,Manbolix (FR),37,Class 3,2,0,1,0,0,0.0,0.0,-2.0
sir_8009960,Manbolix (FR),37,Class 2,1,1,0,0,0,23.0,1.0,22.0
sir_3689966,Robin Des Champs (FR),3911,,1617,204,187,156,123,0.83,0.13,-452.33
sir_3689966,Robin Des Champs (FR),3911,Class 4,1014,143,117,111,107,0.91,0.14,-73.92
sir_3689966,Robin Des Champs (FR),3911,Class 3,421,61,45,47,44,0.84,0.14,-113.42
sir_3689966,Robin Des Champs (FR),3911,Class 5,417,43,55,35,41,0.81,0.1,-50.58
sir_3689966,Robin Des Champs (FR),3911,Class 1,182,21,12,22,13,0.83,0.12,-14.99
sir_3689966,Robin Des Champs (FR),3911,Class 2,159,18,16,18,11,0.86,0.11,-5.63
sir_3689966,Robin Des Champs (FR),3911,Class 6,101,16,16,11,16,0.88,0.16,-11.83
sir_3708180,Tobougg (IRE),6979,Class 5,2076,182,183,206,198,0.9,0.09,-537.73
sir_3708180,Tobougg (IRE),6979,Class 4,1504,153,137,170,126,0.95,0.1,-150.13
sir_3708180,Tobougg (IRE),6979,Class 6,1498,124,95,137,144,0.86,0.08,-480.59
sir_3708180,Tobougg (IRE),6979,,1007,69,59,98,85,0.72,0.07,-433.72
sir_3708180,Tobougg (IRE),6979,Class 3,419,41,34,58,63,0.88,0.1,-121.82
sir_3708180,Tobougg (IRE),6979,Class 2,274,21,26,18,22,0.76,0.08,-83.73
sir_3708180,Tobougg (IRE),6979,Class 1,167,11,10,27,18,0.68,0.07,-46.67
sir_3708180,Tobougg (IRE),6979,Class 7,34,2,2,2,3,0.59,0.06,-1.5
sir_4491872,Multiplex (GB),4179,Class 5,1276,120,107,142,124,0.99,0.09,-133.85
sir_4491872,Multiplex (GB),4179,Class 6,1012,106,95,98,113,0.98,0.1,-216.41
sir_4491872,Multiplex (GB),4179,Class 4,922,68,103,86,102,0.73,0.07,-467.77
sir_4491872,Multiplex (GB),4179,,535,44,49,44,48,0.81,0.08,-115.1
sir_4491872,Multiplex (GB),4179,Class 3,241,28,32,20,22,0.99,0.12,20.95
sir_4491872,Multiplex (GB),4179,Class 2,118,11,11,8,18,0.91,0.09,-54.25
sir_4491872,Multiplex (GB),4179,Class 1,63,2,2,3,5,0.43,0.03,-47.0
sir_4491872,Multiplex (GB),4179,Class 7,12,1,0,1,2,0.75,0.08,-4.0
sir_3234945,Oscar (IRE),19486,,9940,839,815,773,764,0.81,0.08,-3414.65
sir_3234945,Oscar (IRE),19486,Class 4,3976,518,494,502,426,0.86,0.13,-1326.32
sir_3234945,Oscar (IRE),19486,Class 5,1783,228,192,176,173,0.95,0.13,-225.22
sir_3234945,Oscar (IRE),19486,Class 3,1626,218,183,212,203,0.85,0.13,-403.86
sir_3234945,Oscar (IRE),19486,Class 1,763,95,79,79,55,0.94,0.12,-30.8
sir_3234945,Oscar (IRE),19486,Class 6,725,107,114,99,79,0.91,0.15,-101.59
sir_3234945,Oscar (IRE),19486,Class 2,673,84,77,81,61,0.92,0.12,-174.55
sir_614005,Midnight Legend (GB),8660,Class 4,3251,478,424,423,381,0.98,0.15,-483.34
sir_614005,Midnight Legend (GB),8660,Class 5,1912,256,204,202,195,1.01,0.13,-283.64
sir_614005,Midnight Legend (GB),8660,Class 3,1548,251,260,201,198,0.99,0.16,89.79
sir_614005,Midnight Legend (GB),8660,Class 6,583,82,56,67,68,1.15,0.14,72.39
sir_614005,Midnight Legend (GB),8660,Class 2,569,65,91,68,50,0.86,0.11,-83.18
sir_614005,Midnight Legend (GB),8660,Class 1,552,46,65,68,52,0.8,0.08,-151.99
sir_614005,Midnight Legend (GB),8660,,240,31,24,18,15,1.08,0.13,-45.5
sir_614005,Midnight Legend (GB),8660,Class 7,5,2,1,0,0,3.11,0.4,11.25
sir_3987102,Soldier Hollow (GB),2321,,1815,202,182,209,153,0.91,0.11,-197.52
sir_3987102,Soldier Hollow (GB),2321,Class 4,165,21,23,17,16,0.83,0.13,-79.0
sir_3987102,Soldier Hollow (GB),2321,Class 5,130,12,18,13,13,0.74,0.09,-58.84
sir_3987102,Soldier Hollow (GB),2321,Class 3,80,11,16,5,6,0.9,0.14,-19.03
sir_3987102,Soldier Hollow (GB),2321,Class 1,52,7,8,6,7,0.89,0.13,-0.38
sir_3987102,Soldier Hollow (GB),2321,Class 2,45,7,4,2,6,1.04,0.16,-5.2
sir_3987102,Soldier Hollow (GB),2321,Class 6,34,3,4,6,3,0.6,0.09,-25.0
sir_5710586,Triple Threat (FR),172,,134,23,7,8,11,1.15,0.17,10.74
sir_5710586,Triple Threat (FR),172,Class 2,11,1,1,1,3,0.47,0.09,-6.0
sir_5710586,Triple Threat (FR),172,Class 3,8,1,0,2,1,0.93,0.12,-6.17
sir_5710586,Triple Threat (FR),172,Class 1,8,2,0,2,0,1.76,0.25,4.0
sir_5710586,Triple Threat (FR),172,Class 4,7,3,1,0,0,1.36,0.43,-1.8
sir_5710586,Triple Threat (FR),172,Class 5,4,0,0,0,0,0.0,0.0,-4.0
sir_5509343,Waldpark (GER),318,,228,20,17,15,15,0.92,0.09,-58.6
sir_5509343,Waldpark (GER),318,Class 4,26,3,9,6,1,0.43,0.12,-15.87
sir_5509343,Waldpark (GER),318,Class 2,23,4,2,3,0,1.14,0.17,5.1
sir_5509343,Waldpark (GER),318,Class 3,22,6,3,4,3,1.3,0.27,-4.49
sir_5509343,Waldpark (GER),318,Class 1,11,0,1,0,2,0.0,0.0,-11.0
sir_5509343,Waldpark (GER),318,Class 5,8,1,1,2,1,0.65,0.12,-5.9
sir_5859679,Berkshire (IRE),119,,67,10,9,5,5,1.24,0.15,9.16
sir_5859679,Berkshire (IRE),119,Class 5,29,4,3,3,4,1.06,0.14,-11.57
sir_5859679,Berkshire (IRE),119,Class 4,17,3,2,4,0,1.44,0.18,0.5
sir_5859679,Berkshire (IRE),119,Class 3,4,0,0,1,0,0.0,0.0,-4.0
sir_5859679,Berkshire (IRE),119,Class 1,2,0,0,0,0,0.0,0.0,-2.0
sir_5198053,Workforce (GB),488,,329,24,21,26,25,0.94,0.07,-123.12
sir_5198053,Workforce (GB),488,Class 4,76,7,14,8,9,0.75,0.09,-20.25
sir_5198053,Workforce (GB),488,Class 5,59,8,6,8,5,1.4,0.14,7.0
sir_5198053,Workforce (GB),488,Class 3,12,1,2,0,1,0.67,0.08,-3.5
sir_5198053,Workforce (GB),488,Class 1,9,0,1,0,0,0.0,0.0,-9.0
sir_5198053,Workforce (GB),488,Class 2,3,0,0,1,1,0.0,0.0,-3.0
sir_5958869,Decorated Knight (GB),687,,189,10,18,8,20,0.67,0.05,-140.37
sir_5958869,Decorated Knight (GB),687,Class 6,160,22,13,13,18,0.98,0.14,-53.1
sir_5958869,Decorated Knight (GB),687,Class 5,153,9,13,15,23,0.55,0.06,-113.33
sir_5958869,Decorated Knight (GB),687,Class 4,106,14,15,11,12,1.04,0.13,2.4
sir_5958869,Decorated Knight (GB),687,Class 3,36,6,3,3,6,1.14,0.17,-6.0
sir_5958869,Decorated Knight (GB),687,Class 2,29,3,3,2,5,0.78,0.1,-16.67
sir_5958869,Decorated Knight (GB),687,Class 1,14,0,1,1,1,0.0,0.0,-14.0
sir_3188248,Stowaway (GB),7145,,3494,336,351,351,365,0.78,0.1,-1399.11
sir_3188248,Stowaway (GB),7145,Class 4,1460,189,184,176,149,0.84,0.13,-554.74
sir_3188248,Stowaway (GB),7145,Class 5,856,93,86,103,87,0.81,0.11,-267.45
sir_3188248,Stowaway (GB),7145,Class 3,604,103,89,88,74,0.95,0.17,-8.36
sir_3188248,Stowaway (GB),7145,Class 1,314,38,35,40,31,0.88,0.12,-98.62
sir_3188248,Stowaway (GB),7145,Class 2,280,30,28,40,26,0.77,0.11,-111.42
sir_3188248,Stowaway (GB),7145,Class 6,137,20,20,15,18,0.89,0.15,-18.5
sir_3897691,Phoenix Reach (IRE),1897,Class 5,633,46,65,48,64,0.82,0.07,-232.68
sir_3897691,Phoenix Reach (IRE),1897,Class 6,598,41,50,62,64,0.72,0.07,-214.85
sir_3897691,Phoenix Reach (IRE),1897,Class 4,423,34,55,47,38,0.77,0.08,-96.17
sir_3897691,Phoenix Reach (IRE),1897,,88,6,5,17,14,0.62,0.07,-48.75
sir_3897691,Phoenix Reach (IRE),1897,Class 3,72,10,10,13,7,1.02,0.14,8.75
sir_3897691,Phoenix Reach (IRE),1897,Class 1,40,4,4,4,9,0.77,0.1,-29.18
sir_3897691,Phoenix Reach (IRE),1897,Class 2,31,6,3,3,3,1.75,0.19,11.38
sir_3897691,Phoenix Reach (IRE),1897,Class 7,12,1,3,1,0,1.11,0.08,9.0
sir_4761463,Rajj (IRE),371,,295,20,13,32,29,0.88,0.07,-165.15
sir_4761463,Rajj (IRE),371,Class 2,27,2,2,5,5,0.61,0.07,-19.4
sir_4761463,Rajj (IRE),371,Class 4,21,4,2,2,2,1.41,0.19,32.5
sir_4761463,Rajj (IRE),371,Class 5,10,1,2,0,0,0.66,0.1,-4.0
sir_4761463,Rajj (IRE),371,Class 3,10,2,2,1,1,1.02,0.2,-0.62
sir_4761463,Rajj (IRE),371,Class 1,7,0,1,1,0,0.0,0.0,-7.0
sir_4761463,Rajj (IRE),371,Class 6,1,0,1,0,0,0.0,0.0,-1.0
sir_4514419,Kendargent (FR),4922,,3830,367,305,357,369,0.87,0.1,-779.59
sir_4514419,Kendargent (FR),4922,Class 5,313,35,38,31,29,0.88,0.11,-46.3
sir_4514419,Kendargent (FR),4922,Class 4,252,25,21,27,30,0.84,0.1,-93.38
sir_4514419,Kendargent (FR),4922,Class 6,218,28,28,27,24,0.91,0.13,-14.12
sir_4514419,Kendargent (FR),4922,Class 3,135,13,11,18,12,0.92,0.1,-53.79
sir_4514419,Kendargent (FR),4922,Class 2,113,7,11,12,10,0.54,0.06,-82.43
sir_4514419,Kendargent (FR),4922,Class 1,61,5,7,10,8,0.69,0.08,-32.25
sir_5272953,Elzaam (AUS),4211,,2020,160,154,146,138,0.89,0.08,-715.25
sir_5272953,Elzaam (AUS),4211,Class 5,632,73,80,62,71,0.93,0.12,-123.14
sir_5272953,Elzaam (AUS),4211,Class 6,570,64,58,58,50,0.87,0.11,-37.68
sir_5272953,Elzaam (AUS),4211,Class 4,489,50,58,47,56,0.88,0.1,-111.02
sir_5272953,Elzaam (AUS),4211,Class 3,286,23,36,24,33,0.75,0.08,-83.72
sir_5272953,Elzaam (AUS),4211,Class 2,153,11,12,13,17,0.67,0.07,-68.68
sir_5272953,Elzaam (AUS),4211,Class 1,60,3,2,8,8,0.55,0.05,-43.25
sir_5272953,Elzaam (AUS),4211,Class 7,1,0,0,0,0,0.0,0.0,-1.0
sir_5302829,Roderic O'Connor (IRE),2477,,909,85,74,71,71,0.99,0.09,-71.62
sir_5302829,Roderic O'Connor (IRE),2477,Class 5,517,58,62,53,57,0.9,0.11,-79.36
sir_5302829,Roderic O'Connor (IRE),2477,Class 6,433,60,47,50,42,0.99,0.14,-34.65
sir_5302829,Roderic O'Connor (IRE),2477,Class 4,343,30,38,32,50,0.75,0.09,-107.42
sir_5302829,Roderic O'Connor (IRE),2477,Class 3,121,10,12,15,6,0.65,0.08,-60.46
sir_5302829,Roderic O'Connor (IRE),2477,Class 2,104,4,13,7,9,0.39,0.04,-63.0
sir_5302829,Roderic O'Connor (IRE),2477,Class 1,49,4,4,6,4,0.8,0.08,-23.4
sir_5302829,Roderic O'Connor (IRE),2477,Class 7,1,0,0,0,0,0.0,0.0,-1.0
sir_6167980,Buratino (IRE),1514,,862,46,75,66,78,0.62,0.05,-510.84
sir_6167980,Buratino (IRE),1514,Class 5,248,31,20,27,22,1.17,0.12,-71.7
sir_6167980,Buratino (IRE),1514,Class 6,195,23,18,14,24,1.01,0.12,-52.37
sir_6167980,Buratino (IRE),1514,Class 4,147,12,14,20,19,0.73,0.08,-42.92
sir_6167980,Buratino (IRE),1514,Class 3,32,3,2,6,0,0.99,0.09,-8.62
sir_6167980,Buratino (IRE),1514,Class 2,23,1,1,1,3,0.6,0.04,-17.5
sir_6167980,Buratino (IRE),1514,Class 1,7,0,0,0,2,0.0,0.0,-7.0
sir_8024303,City Light (FR),344,,307,37,27,46,34,1.06,0.12,68.8
sir_8024303,City Light (FR),344,Class 5,19,8,2,2,3,1.64,0.42,6.85
sir_8024303,City Light (FR),344,Class 4,11,1,2,2,1,0.4,0.09,-9.64
sir_8024303,City Light (FR),344,Class 2,3,0,0,1,0,0.0,0.0,-3.0
sir_8024303,City Light (FR),344,Class 3,3,1,0,1,0,0.79,0.33,-1.09
sir_8024303,City Light (FR),344,Class 6,1,0,1,0,0,0.0,0.0,-1.0
sir_5454624,Power (GB),3098,,1241,92,93,120,113,0.82,0.07,-265.68
sir_5454624,Power (GB),3098,Class 4,578,60,85,61,67,0.85,0.1,-53.98
sir_5454624,Power (GB),3098,Class 5,486,60,48,55,49,0.97,0.12,-73.83
sir_5454624,Power (GB),3098,Class 6,422,45,64,45,46,0.89,0.11,-0.27
sir_5454624,Power (GB),3098,Class 3,211,21,15,24,18,0.93,0.1,-90.2
sir_5454624,Power (GB),3098,Class 2,109,13,10,10,6,1.06,0.12,-14.44
sir_5454624,Power (GB),3098,Class 1,47,6,1,4,3,1.58,0.13,-3.0
sir_5454624,Power (GB),3098,Class 7,4,0,1,0,0,0.0,0.0,-4.0
sir_9601879,Rajasinghe (IRE),381,Class 5,135,22,21,11,16,1.06,0.16,15.84
sir_9601879,Rajasinghe (IRE),381,Class 4,95,9,13,10,8,0.75,0.09,-30.0
sir_9601879,Rajasinghe (IRE),381,Class 6,68,14,6,6,6,1.33,0.21,-8.25
sir_9601879,Rajasinghe (IRE),381,Class 3,28,3,5,2,8,0.83,0.11,-11.25
sir_9601879,Rajasinghe (IRE),381,Class 2,27,1,6,2,6,0.38,0.04,-22.0
sir_9601879,Rajasinghe (IRE),381,,22,2,0,0,1,1.46,0.09,-12.62
sir_9601879,Rajasinghe (IRE),381,Class 1,6,0,1,0,0,0.0,0.0,-6.0
sir_18120207,Far Above (IRE),147,,48,2,3,3,5,0.68,0.04,-26.1
sir_18120207,Far Above (IRE),147,Class 5,42,6,8,5,0,0.98,0.14,27.75
sir_18120207,Far Above (IRE),147,Class 4,22,2,2,6,1,0.63,0.09,-4.12
sir_18120207,Far Above (IRE),147,Class 6,15,0,6,0,1,0.0,0.0,-15.0
sir_18120207,Far Above (IRE),147,Class 2,10,0,2,1,1,0.0,0.0,-10.0
sir_18120207,Far Above (IRE),147,Class 3,6,0,1,1,2,0.0,0.0,-6.0
sir_18120207,Far Above (IRE),147,Class 1,4,0,0,0,0,0.0,0.0,-4.0
sir_5455471,Helmet (AUS),5315,Class 5,1348,137,164,150,144,0.85,0.1,-431.18
sir_5455471,Helmet (AUS),5315,Class 6,1201,119,120,121,105,0.93,0.1,-273.7
sir_5455471,Helmet (AUS),5315,,1148,99,101,97,94,0.9,0.09,-272.59
sir_5455471,Helmet (AUS),5315,Class 4,891,86,94,110,98,0.84,0.1,-147.89
sir_5455471,Helmet (AUS),5315,Class 3,404,43,50,47,44,0.92,0.11,6.22
sir_5455471,Helmet (AUS),5315,Class 2,259,17,28,27,23,0.69,0.07,-85.95
sir_5455471,Helmet (AUS),5315,Class 1,57,3,4,6,3,0.51,0.05,-43.62
sir_5455471,Helmet (AUS),5315,Class 7,7,0,0,0,0,0.0,0.0,-7.0
sir_5542019,Union Rags (USA),619,,473,53,49,56,66,0.76,0.11,-116.4
sir_5542019,Union Rags (USA),619,Class 5,70,4,12,12,7,0.38,0.06,-39.34
sir_5542019,Union Rags (USA),619,Class 4,25,2,2,2,3,0.57,0.08,-20.0
sir_5542019,Union Rags (USA),619,Class 6,24,3,1,2,2,0.76,0.12,-19.0
sir_5542019,Union Rags (USA),619,Class 3,14,1,1,5,2,0.39,0.07,-10.0
sir_5542019,Union Rags (USA),619,Class 2,6,1,0,1,1,1.55,0.17,1.0
sir_5542019,Union Rags (USA),619,Class 1,6,2,0,1,1,1.76,0.33,0.12
sir_5542019,Union Rags (USA),619,Class 7,1,0,0,0,0,0.0,0.0,-1.0
sir_5215966,Dunaden (FR),557,Class 5,166,17,9,12,17,1.16,0.1,-10.93
sir_5215966,Dunaden (FR),557,Class 4,153,13,13,16,18,0.76,0.08,-37.67
sir_5215966,Dunaden (FR),557,Class 6,102,5,11,10,10,0.54,0.05,-60.0
sir_5215966,Dunaden (FR),557,,52,5,6,6,4,0.71,0.1,-27.25
sir_5215966,Dunaden (FR),557,Class 2,41,7,3,4,3,1.55,0.17,31.62
sir_5215966,Dunaden (FR),557,Class 3,29,6,0,4,8,1.97,0.21,3.0
sir_5215966,Dunaden (FR),557,Class 1,14,1,2,0,4,0.66,0.07,-5.5
sir_4799018,Conduit (IRE),359,,218,8,11,16,15,0.69,0.04,-108.62
sir_4799018,Conduit (IRE),359,Class 4,53,7,5,7,10,0.88,0.13,-10.75
sir_4799018,Conduit (IRE),359,Class 5,48,3,4,8,5,0.67,0.06,-11.67
sir_4799018,Conduit (IRE),359,Class 3,14,2,2,2,2,0.85,0.14,-2.5
sir_4799018,Conduit (IRE),359,Class 2,13,1,1,0,5,0.69,0.08,13.0
sir_4799018,Conduit (IRE),359,Class 6,9,0,2,1,0,0.0,0.0,-9.0
sir_4799018,Conduit (IRE),359,Class 1,4,0,0,1,0,0.0,0.0,-4.0
sir_4607638,Saddex (GB),734,,459,54,49,41,43,0.97,0.12,27.88
sir_4607638,Saddex (GB),734,Class 5,94,10,9,9,11,0.81,0.11,-55.68
sir_4607638,Saddex (GB),734,Class 4,90,7,11,15,11,0.54,0.08,-53.02
sir_4607638,Saddex (GB),734,Class 3,41,6,7,4,1,0.85,0.15,-13.71
sir_4607638,Saddex (GB),734,Class 1,30,5,1,1,4,1.8,0.17,34.0
sir_4607638,Saddex (GB),734,Class 2,20,3,2,2,1,1.01,0.15,-8.75
sir_3366048,Kalanisi (IRE),7000,,3188,268,285,261,262,0.84,0.08,-974.92
sir_3366048,Kalanisi (IRE),7000,Class 4,1503,183,188,175,147,0.89,0.12,-335.52
sir_3366048,Kalanisi (IRE),7000,Class 5,1062,114,118,110,101,0.88,0.11,-195.75
sir_3366048,Kalanisi (IRE),7000,Class 3,466,60,49,42,58,0.92,0.13,-137.35
sir_3366048,Kalanisi (IRE),7000,Class 6,323,53,32,40,28,1.16,0.16,7.62
sir_3366048,Kalanisi (IRE),7000,Class 1,233,29,22,21,22,1.02,0.12,-49.23
sir_3366048,Kalanisi (IRE),7000,Class 2,224,22,24,21,20,0.82,0.1,8.63
sir_3366048,Kalanisi (IRE),7000,Class 7,1,0,0,0,0,0.0,0.0,-1.0
sir_5010166,Buck's Boum (FR),1057,,543,48,41,46,57,0.74,0.09,-30.12
sir_5010166,Buck's Boum (FR),1057,Class 4,198,34,23,23,27,0.96,0.17,40.66
sir_5010166,Buck's Boum (FR),1057,Class 5,140,16,17,24,17,0.7,0.11,-34.07
sir_5010166,Buck's Boum (FR),1057,Class 3,94,12,9,18,11,0.71,0.13,-39.86
sir_5010166,Buck's Boum (FR),1057,Class 1,48,7,4,8,4,1.05,0.15,-2.92
sir_5010166,Buck's Boum (FR),1057,Class 2,30,2,4,2,2,0.43,0.07,-27.03
sir_5010166,Buck's Boum (FR),1057,Class 6,4,0,1,1,1,0.0,0.0,-4.0
sir_5172580,Joshua Tree (IRE),651,,459,42,45,47,42,0.8,0.09,-173.2
sir_5172580,Joshua Tree (IRE),651,Class 5,79,13,8,16,13,0.86,0.16,-0.46
sir_5172580,Joshua Tree (IRE),651,Class 4,76,12,9,11,6,0.95,0.16,-18.25
sir_5172580,Joshua Tree (IRE),651,Class 3,18,2,1,2,2,0.73,0.11,-12.12
sir_5172580,Joshua Tree (IRE),651,Class 6,13,1,2,2,3,0.44,0.08,-7.5
sir_5172580,Joshua Tree (IRE),651,Class 2,4,0,0,0,0,0.0,0.0,-4.0
sir_5172580,Joshua Tree (IRE),651,Class 1,2,1,1,0,0,2.87,0.5,4.0
sir_3957527,Norse Dancer (IRE),1760,Class 4,595,40,60,83,59,0.64,0.07,-238.37
sir_3957527,Norse Dancer (IRE),1760,Class 5,542,52,39,43,50,0.87,0.1,-151.54
sir_3957527,Norse Dancer (IRE),1760,Class 6,205,21,21,19,17,1.06,0.1,-34.99
sir_3957527,Norse Dancer (IRE),1760,Class 3,145,17,20,15,17,0.86,0.12,-7.77
sir_3957527,Norse Dancer (IRE),1760,,139,16,12,11,8,1.12,0.12,-1.95
sir_3957527,Norse Dancer (IRE),1760,Class 2,83,9,3,6,13,1.06,0.11,-40.92
sir_3957527,Norse Dancer (IRE),1760,Class 1,45,8,7,3,2,0.91,0.18,-23.59
sir_3957527,Norse Dancer (IRE),1760,Class 7,6,0,0,1,1,0.0,0.0,-6.0
sir_5647166,Dawn Approach (IRE),3575,,1787,128,138,160,148,0.76,0.07,-638.42
sir_5647166,Dawn Approach (IRE),3575,Class 5,635,62,69,54,65,0.79,0.1,-245.59
sir_5647166,Dawn Approach (IRE),3575,Class 6,480,46,48,53,41,0.8,0.1,-135.9
sir_5647166,Dawn Approach (IRE),3575,Class 4,424,29,49,48,26,0.67,0.07,-198.82
sir_5647166,Dawn Approach (IRE),3575,Class 3,130,16,6,9,10,1.07,0.12,84.82
sir_5647166,Dawn Approach (IRE),3575,Class 2,67,8,6,10,4,0.92,0.12,27.73
sir_5647166,Dawn Approach (IRE),3575,Class 1,50,4,9,6,4,0.74,0.08,-18.5
sir_5647166,Dawn Approach (IRE),3575,Class 7,2,0,1,0,0,0.0,0.0,-2.0
sir_4127473,Alqaahir (USA),65,Class 5,47,6,7,8,4,0.86,0.13,-25.01
sir_4127473,Alqaahir (USA),65,Class 4,16,1,0,1,0,0.98,0.06,-11.67
sir_4127473,Alqaahir (USA),65,Class 3,2,0,0,0,0,0.0,0.0,-2.0
sir_5389447,Pour Moi (IRE),2364,,1049,88,93,95,81,0.86,0.08,-324.24
sir_5389447,Pour Moi (IRE),2364,Class 4,411,41,42,60,50,0.76,0.1,-177.5
sir_5389447,Pour Moi (IRE),2364,Class 5,397,43,48,34,29,0.88,0.11,-170.82
sir_5389447,Pour Moi (IRE),2364,Class 6,207,27,17,15,18,1.05,0.13,-24.11
sir_5389447,Pour Moi (IRE),2364,Class 3,136,15,23,18,19,0.68,0.11,-45.75
sir_5389447,Pour Moi (IRE),2364,Class 2,125,11,15,13,12,0.77,0.09,-13.78
sir_5389447,Pour Moi (IRE),2364,Class 1,37,3,4,3,2,1.06,0.08,18.5
sir_5389447,Pour Moi (IRE),2364,Class 7,2,0,0,0,0,0.0,0.0,-2.0
sir_5440085,Sepoy (AUS),3807,Class 5,1116,113,118,110,94,0.84,0.1,-395.74
sir_5440085,Sepoy (AUS),3807,Class 6,775,88,72,69,72,0.98,0.11,18.75
sir_5440085,Sepoy (AUS),3807,,716,67,48,59,60,0.92,0.09,-134.5
sir_5440085,Sepoy (AUS),3807,Class 4,668,67,62,64,54,0.9,0.1,-156.23
sir_5440085,Sepoy (AUS),3807,Class 3,276,17,27,37,36,0.55,0.06,-195.65
sir_5440085,Sepoy (AUS),3807,Class 2,148,15,14,15,12,0.88,0.1,-1.54
sir_5440085,Sepoy (AUS),3807,Class 1,98,7,7,10,14,0.82,0.07,-44.5
sir_5440085,Sepoy (AUS),3807,Class 7,10,0,0,1,1,0.0,0.0,-10.0
sir_5850733,Lucky Speed (IRE),247,,160,4,5,11,15,0.41,0.03,-126.5
sir_5850733,Lucky Speed (IRE),247,Class 4,42,5,3,9,3,0.91,0.12,-19.17
sir_5850733,Lucky Speed (IRE),247,Class 5,38,4,3,3,4,0.84,0.11,-22.92
sir_5850733,Lucky Speed (IRE),247,Class 3,4,0,1,1,0,0.0,0.0,-4.0
sir_5850733,Lucky Speed (IRE),247,Class 2,2,0,0,0,0,0.0,0.0,-2.0
sir_5850733,Lucky Speed (IRE),247,Class 1,1,0,0,0,0,0.0,0.0,-1.0
sir_5897101,Snow Sky (GB),270,,149,9,11,12,13,0.82,0.06,-63.17
sir_5897101,Snow Sky (GB),270,Class 4,58,6,10,11,5,0.82,0.1,-22.25
sir_5897101,Snow Sky (GB),270,Class 5,47,3,4,2,12,0.68,0.06,-25.25
sir_5897101,Snow Sky (GB),270,Class 3,7,2,1,1,1,1.48,0.29,-1.34
sir_5897101,Snow Sky (GB),270,Class 2,5,0,0,1,1,0.0,0.0,-5.0
sir_5897101,Snow Sky (GB),270,Class 1,4,0,1,0,0,0.0,0.0,-4.0
sir_3659915,Nayef (USA),5899,Class 5,1582,170,178,152,159,0.84,0.11,-466.95
sir_3659915,Nayef (USA),5899,,1538,167,147,127,143,0.87,0.11,-391.76
sir_3659915,Nayef (USA),5899,Class 4,1200,105,132,126,128,0.75,0.09,-444.1
sir_3659915,Nayef (USA),5899,Class 6,823,81,77,94,95,0.79,0.1,-202.98
sir_3659915,Nayef (USA),5899,Class 3,332,26,44,44,37,0.62,0.08,-157.38
sir_3659915,Nayef (USA),5899,Class 2,228,19,23,17,26,0.78,0.08,-74.27
sir_3659915,Nayef (USA),5899,Class 1,182,17,20,18,20,0.78,0.09,-45.75
sir_3659915,Nayef (USA),5899,Class 7,14,3,4,2,1,1.09,0.21,3.5
sir_3384073,Robin Des Pres (FR),2830,,1013,64,89,78,89,0.74,0.06,-227.43
sir_3384073,Robin Des Pres (FR),2830,Class 4,753,94,93,83,90,0.87,0.12,-152.84
sir_3384073,Robin Des Pres (FR),2830,Class 5,502,52,53,55,54,0.88,0.1,-112.21
sir_3384073,Robin Des Pres (FR),2830,Class 3,290,38,44,39,30,0.8,0.13,-115.88
sir_3384073,Robin Des Pres (FR),2830,Class 1,93,5,9,13,7,0.5,0.05,-55.58
sir_3384073,Robin Des Pres (FR),2830,Class 6,91,3,9,11,11,0.28,0.03,-66.0
sir_3384073,Robin Des Pres (FR),2830,Class 2,88,11,6,11,7,0.91,0.12,-28.82
sir_3153248,Cape Cross (IRE),16160,,4154,420,401,401,385,0.84,0.1,-1004.81
sir_3153248,Cape Cross (IRE),16160,Class 5,3658,547,444,406,427,0.97,0.15,-253.59
sir_3153248,Cape Cross (IRE),16160,Class 4,2849,412,362,349,282,0.97,0.14,-394.03
sir_3153248,Cape Cross (IRE),16160,Class 6,1919,251,175,205,196,1.0,0.13,-163.63
sir_3153248,Cape Cross (IRE),16160,Class 2,1311,149,104,125,120,0.99,0.11,-62.96
sir_3153248,Cape Cross (IRE),16160,Class 3,1211,173,178,136,132,0.95,0.14,-224.99
sir_3153248,Cape Cross (IRE),16160,Class 1,943,116,108,113,123,0.97,0.12,-121.31
sir_3153248,Cape Cross (IRE),16160,Class 7,115,9,9,8,18,0.63,0.08,-40.0
sir_5206740,Arctic Cosmos (USA),1024,,640,41,63,56,49,0.64,0.06,-414.75
sir_5206740,Arctic Cosmos (USA),1024,Class 4,167,16,18,19,25,0.78,0.1,-79.49
sir_5206740,Arctic Cosmos (USA),1024,Class 5,149,11,22,17,17,0.57,0.07,-54.55
sir_5206740,Arctic Cosmos (USA),1024,Class 3,38,6,1,2,5,1.32,0.16,30.08
sir_5206740,Arctic Cosmos (USA),1024,Class 1,15,3,5,2,0,0.95,0.2,8.5
sir_5206740,Arctic Cosmos (USA),1024,Class 2,15,1,4,1,4,0.44,0.07,-12.0
sir_4793005,Thewayyouare (USA),2409,,1058,64,88,78,84,0.69,0.06,-525.15
sir_4793005,Thewayyouare (USA),2409,Class 5,507,46,41,48,53,0.92,0.09,-164.24
sir_4793005,Thewayyouare (USA),2409,Class 6,416,53,42,38,45,0.93,0.13,-80.75
sir_4793005,Thewayyouare (USA),2409,Class 4,302,22,32,28,31,0.65,0.07,-99.8
sir_4793005,Thewayyouare (USA),2409,Class 3,77,6,1,3,7,1.07,0.08,-17.0
sir_4793005,Thewayyouare (USA),2409,Class 2,22,4,1,2,0,1.82,0.18,7.95
sir_4793005,Thewayyouare (USA),2409,Class 1,19,2,1,1,3,1.59,0.11,-1.0
sir_4793005,Thewayyouare (USA),2409,Class 7,8,0,3,2,0,0.0,0.0,-8.0
sir_5492277,Saddler's Rock (IRE),109,Class 4,40,8,6,4,7,1.38,0.2,16.88
sir_5492277,Saddler's Rock (IRE),109,Class 5,29,4,2,7,6,1.35,0.14,-12.0
sir_5492277,Saddler's Rock (IRE),109,,19,1,1,4,6,0.33,0.05,-17.43
sir_5492277,Saddler's Rock (IRE),109,Class 3,11,2,1,1,2,0.88,0.18,-1.75
sir_5492277,Saddler's Rock (IRE),109,Class 6,5,0,0,0,0,0.0,0.0,-5.0
sir_5492277,Saddler's Rock (IRE),109,Class 2,4,0,0,1,0,0.0,0.0,-4.0
sir_5492277,Saddler's Rock (IRE),109,Class 1,1,0,0,0,0,0.0,0.0,-1.0
sir_4933313,Dink (FR),77,Class 4,20,5,4,2,2,1.04,0.25,-0.87
sir_4933313,Dink (FR),77,Class 1,20,3,5,3,3,0.81,0.15,5.35
sir_4933313,Dink (FR),77,,17,0,0,1,2,0.0,0.0,-17.0
sir_4933313,Dink (FR),77,Class 5,13,4,3,3,0,1.33,0.31,2.5
sir_4933313,Dink (FR),77,Class 2,5,1,1,1,1,0.78,0.2,-3.0
sir_4933313,Dink (FR),77,Class 3,1,1,0,0,0,1.4,1.0,0.4
sir_4933313,Dink (FR),77,Class 6,1,0,0,0,0,0.0,0.0,-1.0
sir_5746923,Intello (GER),3103,,1469,171,149,135,123,0.94,0.12,-192.98
sir_5746923,Intello (GER),3103,Class 5,621,76,64,71,69,0.96,0.12,-117.39
sir_5746923,Intello (GER),3103,Class 4,425,31,52,53,40,0.57,0.07,-189.22
sir_5746923,Intello (GER),3103,Class 6,327,27,29,31,43,0.72,0.08,-106.18
sir_5746923,Intello (GER),3103,Class 3,108,13,15,8,16,0.91,0.12,5.33
sir_5746923,Intello (GER),3103,Class 1,84,10,8,14,10,0.89,0.12,-28.42
sir_5746923,Intello (GER),3103,Class 2,69,7,7,9,4,0.82,0.1,-33.9
sir_3897313,Arakan (USA),3438,,1599,107,112,126,126,0.78,0.07,-662.18
sir_3897313,Arakan (USA),3438,Class 5,564,58,63,65,59,0.86,0.1,-204.17
sir_3897313,Arakan (USA),3438,Class 4,512,64,64,61,42,0.87,0.12,-139.34
sir_3897313,Arakan (USA),3438,Class 6,356,34,37,26,35,1.01,0.1,-48.32
sir_3897313,Arakan (USA),3438,Class 3,222,31,32,34,20,0.96,0.14,-35.63
sir_3897313,Arakan (USA),3438,Class 1,87,15,11,6,13,1.19,0.17,-15.43
sir_3897313,Arakan (USA),3438,Class 2,87,6,4,10,7,0.63,0.07,-61.94
sir_3897313,Arakan (USA),3438,Class 7,11,3,0,0,0,2.96,0.27,13.0
sir_4953634,Sayif (IRE),835,Class 5,206,24,16,18,17,1.26,0.12,-40.87
sir_4953634,Sayif (IRE),835,,183,15,13,18,17,0.93,0.08,-48.07
sir_4953634,Sayif (IRE),835,Class 6,164,11,13,13,15,0.72,0.07,42.58
sir_4953634,Sayif (IRE),835,Class 4,143,16,13,12,23,1.11,0.11,0.85
sir_4953634,Sayif (IRE),835,Class 2,75,7,6,8,3,1.09,0.09,5.08
sir_4953634,Sayif (IRE),835,Class 3,49,7,2,7,7,1.05,0.14,-0.29
sir_4953634,Sayif (IRE),835,Class 1,12,0,0,0,1,0.0,0.0,-12.0
sir_4953634,Sayif (IRE),835,Class 7,3,0,0,0,0,0.0,0.0,-3.0
sir_6020651,Manatee (GB),151,,77,5,5,6,3,0.9,0.06,12.3
sir_6020651,Manatee (GB),151,Class 4,47,5,9,3,8,0.64,0.11,-35.36
sir_6020651,Manatee (GB),151,Class 5,16,3,3,2,4,0.83,0.19,-8.53
sir_6020651,Manatee (GB),151,Class 3,7,0,2,0,2,0.0,0.0,-7.0
sir_6020651,Manatee (GB),151,Class 2,2,0,0,0,0,0.0,0.0,-2.0
sir_6020651,Manatee (GB),151,Class 1,2,0,0,1,0,0.0,0.0,-2.0
sir_5903800,Ectot (GB),332,,221,22,23,16,20,0.97,0.1,12.7
sir_5903800,Ectot (GB),332,Class 4,41,2,3,10,7,0.45,0.05,-14.0
sir_5903800,Ectot (GB),332,Class 6,24,2,3,3,2,0.51,0.08,-5.5
sir_5903800,Ectot (GB),332,Class 5,19,2,4,2,3,0.89,0.11,1.5
sir_5903800,Ectot (GB),332,Class 2,15,1,1,1,2,0.89,0.07,14.0
sir_5903800,Ectot (GB),332,Class 3,11,2,0,0,0,2.04,0.18,8.2
sir_5903800,Ectot (GB),332,Class 1,1,0,0,0,0,0.0,0.0,-1.0
sir_4476528,Aussie Rules (USA),4763,,1878,175,187,216,162,0.81,0.09,-539.13
sir_4476528,Aussie Rules (USA),4763,Class 5,940,97,92,99,113,0.94,0.1,-284.75
sir_4476528,Aussie Rules (USA),4763,Class 6,788,90,84,83,84,0.92,0.11,-4.03
sir_4476528,Aussie Rules (USA),4763,Class 4,652,66,62,92,80,0.85,0.1,-30.13
sir_4476528,Aussie Rules (USA),4763,Class 3,220,28,21,23,28,1.08,0.13,-8.75
sir_4476528,Aussie Rules (USA),4763,Class 2,161,5,15,16,18,0.38,0.03,-114.25
sir_4476528,Aussie Rules (USA),4763,Class 1,115,7,8,11,9,0.74,0.06,-43.75
sir_4476528,Aussie Rules (USA),4763,Class 7,9,1,2,0,0,0.82,0.11,-5.5
sir_4472293,Arcadio (GER),3838,,1694,110,128,138,136,0.76,0.06,-744.3
sir_4472293,Arcadio (GER),3838,Class 4,885,89,103,119,111,0.81,0.1,-458.16
sir_4472293,Arcadio (GER),3838,Class 5,608,68,57,53,55,0.97,0.11,-115.12
sir_4472293,Arcadio (GER),3838,Class 3,312,46,51,39,39,0.89,0.15,-76.22
sir_4472293,Arcadio (GER),3838,Class 1,155,10,10,15,17,0.58,0.06,-88.24
sir_4472293,Arcadio (GER),3838,Class 2,126,17,15,11,17,0.96,0.13,-22.07
sir_4472293,Arcadio (GER),3838,Class 6,58,8,2,6,10,0.84,0.14,-16.01
sir_6276900,Doha Dream (FR),20,,15,1,2,1,1,0.68,0.07,-9.9
sir_6276900,Doha Dream (FR),20,Class 1,3,0,0,0,0,0.0,0.0,-3.0
sir_6276900,Doha Dream (FR),20,Class 4,2,1,1,0,0,1.97,0.5,0.62
sir_6199858,Hawkbill (USA),151,Class 6,58,6,5,6,8,0.78,0.1,-18.13
sir_6199858,Hawkbill (USA),151,Class 5,42,2,6,2,3,0.59,0.05,-25.2
sir_6199858,Hawkbill (USA),151,Class 4,30,3,2,1,5,1.23,0.1,-15.75
sir_6199858,Hawkbill (USA),151,,12,0,1,1,1,0.0,0.0,-12.0
sir_6199858,Hawkbill (USA),151,Class 3,8,0,1,1,0,0.0,0.0,-8.0
sir_6199858,Hawkbill (USA),151,Class 2,1,0,0,0,0,0.0,0.0,-1.0
sir_5335106,Farhh (GB),1700,Class 5,413,68,55,38,57,1.09,0.16,24.41
sir_5335106,Farhh (GB),1700,,368,39,36,47,28,0.81,0.11,-83.32
sir_5335106,Farhh (GB),1700,Class 4,285,44,33,23,36,0.95,0.15,-115.79
sir_5335106,Farhh (GB),1700,Class 6,223,25,24,19,21,0.85,0.11,-76.92
sir_5335106,Farhh (GB),1700,Class 2,160,18,25,16,24,0.8,0.11,2.97
sir_5335106,Farhh (GB),1700,Class 3,131,26,20,12,11,1.04,0.2,6.52
sir_5335106,Farhh (GB),1700,Class 1,119,14,22,19,13,0.8,0.12,-28.8
sir_5335106,Farhh (GB),1700,Class 7,1,0,0,0,0,0.0,0.0,-1.0
sir_6028897,Clovis Du Berlais (FR),424,,156,15,22,16,15,0.77,0.1,-35.68
sir_6028897,Clovis Du Berlais (FR),424,Class 4,141,14,18,16,21,0.74,0.1,-32.38
sir_6028897,Clovis Du Berlais (FR),424,Class 5,98,8,5,10,11,0.77,0.08,-26.55
sir_6028897,Clovis Du Berlais (FR),424,Class 3,14,2,2,1,1,1.32,0.14,-6.78
sir_6028897,Clovis Du Berlais (FR),424,Class 1,8,0,2,0,0,0.0,0.0,-8.0
sir_6028897,Clovis Du Berlais (FR),424,Class 2,7,1,0,0,0,1.06,0.14,-1.0
sir_3779580,Golden Lariat (USA),512,,223,13,12,10,12,0.87,0.06,-65.91
sir_3779580,Golden Lariat (USA),512,Class 5,105,14,15,8,10,1.1,0.13,77.63
sir_3779580,Golden Lariat (USA),512,Class 4,91,17,8,5,11,1.24,0.19,-23.53
sir_3779580,Golden Lariat (USA),512,Class 3,56,10,15,4,8,0.99,0.18,-17.48
sir_3779580,Golden Lariat (USA),512,Class 2,18,1,4,1,2,0.48,0.06,-5.0
sir_3779580,Golden Lariat (USA),512,Class 1,17,0,1,2,1,0.0,0.0,-17.0
sir_3779580,Golden Lariat (USA),512,Class 6,2,0,0,0,2,0.0,0.0,-2.0
sir_5575990,Sun Central (IRE),100,Class 5,44,0,4,3,4,0.0,0.0,-44.0
sir_5575990,Sun Central (IRE),100,Class 6,27,5,2,2,2,1.24,0.19,-7.48
sir_5575990,Sun Central (IRE),100,Class 4,25,2,2,2,3,1.72,0.08,-6.0
sir_5575990,Sun Central (IRE),100,,2,0,0,1,0,0.0,0.0,-2.0
sir_5575990,Sun Central (IRE),100,Class 3,1,0,0,0,0,0.0,0.0,-1.0
sir_5575990,Sun Central (IRE),100,Class 2,1,0,0,1,0,0.0,0.0,-1.0
sir_4490136,English Channel (USA),1436,,1158,153,132,133,124,0.98,0.13,-96.27
sir_4490136,English Channel (USA),1436,Class 4,71,15,7,12,9,1.66,0.21,51.0
sir_4490136,English Channel (USA),1436,Class 2,59,3,7,4,9,0.57,0.05,-29.0
sir_4490136,English Channel (USA),1436,Class 5,57,9,5,9,9,1.11,0.16,6.0
sir_4490136,English Channel (USA),1436,Class 6,47,5,6,4,8,0.76,0.11,-13.5
sir_4490136,English Channel (USA),1436,Class 3,38,4,5,2,10,0.72,0.11,-8.3
sir_4490136,English Channel (USA),1436,Class 1,6,2,0,0,0,3.43,0.33,3.75
sir_12241537,Circus Maximus (IRE),42,,21,0,2,3,2,0.0,0.0,-21.0
sir_12241537,Circus Maximus (IRE),42,Class 5,10,1,2,0,3,0.74,0.1,-8.56
sir_12241537,Circus Maximus (IRE),42,Class 4,6,1,2,0,0,1.38,0.17,-1.0
sir_12241537,Circus Maximus (IRE),42,Class 3,3,1,1,1,0,0.78,0.33,-0.9
sir_12241537,Circus Maximus (IRE),42,Class 1,1,0,1,0,0,0.0,0.0,-1.0
sir_12241537,Circus Maximus (IRE),42,Class 2,1,0,0,0,0,0.0,0.0,-1.0
sir_4840283,Watar (IRE),462,Class 5,160,9,13,10,19,0.63,0.06,-66.54
sir_4840283,Watar (IRE),462,Class 4,120,16,8,16,5,1.14,0.13,-44.11
sir_4840283,Watar (IRE),462,,110,3,5,4,5,0.65,0.03,-31.5
sir_4840283,Watar (IRE),462,Class 3,33,5,5,7,2,1.19,0.15,8.0
sir_4840283,Watar (IRE),462,Class 6,32,1,2,2,3,0.93,0.03,-19.0
sir_4840283,Watar (IRE),462,Class 2,5,0,0,0,0,0.0,0.0,-5.0
sir_4840283,Watar (IRE),462,Class 1,2,0,0,1,0,0.0,0.0,-2.0
sir_5483345,Lethal Force (IRE),4095,Class 6,1135,126,130,123,115,0.84,0.11,-257.03
sir_5483345,Lethal Force (IRE),4095,Class 5,1073,130,111,127,102,1.01,0.12,-88.52
sir_5483345,Lethal Force (IRE),4095,,647,53,45,54,61,0.81,0.08,-190.14
sir_5483345,Lethal Force (IRE),4095,Class 4,645,75,68,74,71,0.93,0.12,-200.49
sir_5483345,Lethal Force (IRE),4095,Class 3,272,30,33,38,28,0.85,0.11,-23.81
sir_5483345,Lethal Force (IRE),4095,Class 2,244,25,25,19,25,1.02,0.1,9.05
sir_5483345,Lethal Force (IRE),4095,Class 1,72,4,7,10,10,0.63,0.06,-48.17
sir_5483345,Lethal Force (IRE),4095,Class 7,7,0,0,0,1,0.0,0.0,-7.0
sir_3747156,Orientor (GB),1321,Class 6,495,58,60,44,53,0.97,0.12,-151.28
sir_3747156,Orientor (GB),1321,Class 5,398,36,37,41,51,0.84,0.09,-214.19
sir_3747156,Orientor (GB),1321,Class 4,207,21,23,17,24,0.88,0.1,-75.62
sir_3747156,Orientor (GB),1321,Class 3,105,8,8,7,14,0.76,0.08,-34.5
sir_3747156,Orientor (GB),1321,Class 2,77,8,3,3,8,1.24,0.1,-7.0
sir_3747156,Orientor (GB),1321,Class 1,28,4,2,3,4,1.03,0.14,-11.99
sir_3747156,Orientor (GB),1321,,9,1,1,0,0,1.19,0.11,-5.0
sir_3747156,Orientor (GB),1321,Class 7,2,0,0,1,0,0.0,0.0,-2.0
sir_6093178,El Kabeir (USA),1041,,373,19,24,29,29,0.59,0.05,-185.71
sir_6093178,El Kabeir (USA),1041,Class 5,219,16,20,18,22,0.8,0.07,-109.04
sir_6093178,El Kabeir (USA),1041,Class 6,210,12,9,29,24,0.6,0.06,-86.97
sir_6093178,El Kabeir (USA),1041,Class 4,136,13,20,7,12,0.98,0.1,-23.94
sir_6093178,El Kabeir (USA),1041,Class 1,42,6,3,4,4,1.12,0.14,-11.43
sir_6093178,El Kabeir (USA),1041,Class 2,37,4,4,2,3,0.84,0.11,-18.5
sir_6093178,El Kabeir (USA),1041,Class 3,24,1,2,1,2,0.43,0.04,-17.5
sir_5726210,Music Master (GB),195,Class 6,119,10,12,15,9,0.81,0.08,1.0
sir_5726210,Music Master (GB),195,Class 5,56,1,6,5,2,0.28,0.02,-52.75
sir_5726210,Music Master (GB),195,Class 4,9,0,0,1,1,0.0,0.0,-9.0
sir_5726210,Music Master (GB),195,,9,1,1,0,1,1.68,0.11,1.5
sir_5726210,Music Master (GB),195,Class 3,2,0,0,0,0,0.0,0.0,-2.0
sir_10669162,River Boyne (IRE),66,Class 5,29,1,2,4,2,0.41,0.03,-27.27
sir_10669162,River Boyne (IRE),66,,22,0,0,1,0,0.0,0.0,-22.0
sir_10669162,River Boyne (IRE),66,Class 6,7,1,0,0,2,2.45,0.14,3.0
sir_10669162,River Boyne (IRE),66,Class 4,5,0,0,0,0,0.0,0.0,-5.0
sir_10669162,River Boyne (IRE),66,Class 2,1,0,0,0,0,0.0,0.0,-1.0
sir_10669162,River Boyne (IRE),66,Class 3,1,0,0,0,0,0.0,0.0,-1.0
sir_10669162,River Boyne (IRE),66,Class 1,1,0,0,0,0,0.0,0.0,-1.0
sir_5532317,Noble Mission (GB),912,,326,38,30,34,33,0.98,0.12,-36.65
sir_5532317,Noble Mission (GB),912,Class 5,185,21,25,19,20,0.88,0.11,-46.94
sir_5532317,Noble Mission (GB),912,Class 4,144,18,17,18,15,0.85,0.12,-20.13
sir_5532317,Noble Mission (GB),912,Class 6,121,16,11,12,14,1.29,0.13,-25.29
sir_5532317,Noble Mission (GB),912,Class 3,57,3,6,9,6,0.38,0.05,-46.75
sir_5532317,Noble Mission (GB),912,Class 2,55,4,6,3,7,0.6,0.07,-36.5
sir_5532317,Noble Mission (GB),912,Class 1,24,4,3,3,1,1.23,0.17,-5.59
sir_5472908,Requinto (IRE),2445,,825,57,42,57,65,0.82,0.07,-178.19
sir_5472908,Requinto (IRE),2445,Class 6,482,40,53,45,48,0.67,0.08,-205.32
sir_5472908,Requinto (IRE),2445,Class 5,452,46,55,45,55,0.84,0.1,-114.8
sir_5472908,Requinto (IRE),2445,Class 4,387,43,49,50,43,0.93,0.11,-94.27
sir_5472908,Requinto (IRE),2445,Class 3,143,18,13,15,16,1.03,0.13,-55.39
sir_5472908,Requinto (IRE),2445,Class 2,126,10,9,14,12,0.84,0.08,-42.0
sir_5472908,Requinto (IRE),2445,Class 1,25,3,1,1,1,1.43,0.12,-6.88
sir_5472908,Requinto (IRE),2445,Class 7,5,3,1,0,0,3.11,0.6,13.62
sir_13930980,Kessaar (IRE),844,,249,16,18,27,19,0.7,0.06,28.11
sir_13930980,Kessaar (IRE),844,Class 5,202,17,19,18,24,0.8,0.08,-95.24
sir_13930980,Kessaar (IRE),844,Class 6,190,14,17,27,19,0.66,0.07,-111.79
sir_13930980,Kessaar (IRE),844,Class 4,112,14,19,12,12,0.92,0.12,-10.23
sir_13930980,Kessaar (IRE),844,Class 2,43,3,5,6,5,0.68,0.07,-25.62
sir_13930980,Kessaar (IRE),844,Class 3,29,1,4,0,3,0.29,0.03,-26.2
sir_13930980,Kessaar (IRE),844,Class 1,19,0,3,1,1,0.0,0.0,-19.0
sir_6065969,Johnny Barnes (IRE),333,,246,15,19,27,18,0.62,0.06,-9.5
sir_6065969,Johnny Barnes (IRE),333,Class 5,37,1,4,4,4,0.32,0.03,-34.5
sir_6065969,Johnny Barnes (IRE),333,Class 6,24,0,5,2,0,0.0,0.0,-24.0
sir_6065969,Johnny Barnes (IRE),333,Class 4,24,2,3,0,3,1.13,0.08,-7.0
sir_6065969,Johnny Barnes (IRE),333,Class 3,1,0,0,0,0,0.0,0.0,-1.0
sir_6065969,Johnny Barnes (IRE),333,Class 2,1,0,0,0,0,0.0,0.0,-1.0
sir_10265619,Michigan (USA),12,Class 6,9,1,0,3,0,0.77,0.11,-4.0
sir_10265619,Michigan (USA),12,Class 4,2,0,0,0,0,0.0,0.0,-2.0
sir_10265619,Michigan (USA),12,Class 5,1,0,0,0,0,0.0,0.0,-1.0
sir_5532394,Wrote (IRE),177,Class 4,62,10,5,4,6,1.28,0.16,12.35
sir_5532394,Wrote (IRE),177,,52,5,3,5,5,1.1,0.1,-20.86
sir_5532394,Wrote (IRE),177,Class 6,26,2,2,4,2,0.86,0.08,-14.5
sir_5532394,Wrote (IRE),177,Class 3,13,5,0,2,0,1.66,0.38,5.1
sir_5532394,Wrote (IRE),177,Class 5,13,2,1,4,3,0.86,0.15,-1.15
sir_5532394,Wrote (IRE),177,Class 2,11,3,0,2,3,0.72,0.27,-3.6
sir_4245192,Proclamation (IRE),1946,Class 5,677,65,47,61,69,1.08,0.1,-56.11
sir_4245192,Proclamation (IRE),1946,Class 6,586,49,49,52,64,0.89,0.08,-131.18
sir_4245192,Proclamation (IRE),1946,Class 4,382,26,38,43,35,0.76,0.07,-209.13
sir_4245192,Proclamation (IRE),1946,,137,7,8,14,12,0.54,0.05,-72.0
sir_4245192,Proclamation (IRE),1946,Class 3,88,6,9,5,12,0.59,0.07,-58.58
sir_4245192,Proclamation (IRE),1946,Class 2,38,3,5,2,4,0.76,0.08,-11.5
sir_4245192,Proclamation (IRE),1946,Class 1,24,1,1,3,2,0.62,0.04,27.0
sir_4245192,Proclamation (IRE),1946,Class 7,14,0,1,2,2,0.0,0.0,-14.0
sir_4495729,Konig Turf (GER),484,,368,61,54,37,36,1.13,0.17,89.26
sir_4495729,Konig Turf (GER),484,Class 4,51,6,6,5,9,0.57,0.12,-36.13
sir_4495729,Konig Turf (GER),484,Class 3,21,5,3,2,1,1.07,0.24,-7.39
sir_4495729,Konig Turf (GER),484,Class 5,18,1,7,2,1,0.31,0.06,-12.0
sir_4495729,Konig Turf (GER),484,Class 1,13,0,1,1,5,0.0,0.0,-13.0
sir_4495729,Konig Turf (GER),484,Class 2,12,0,0,3,0,0.0,0.0,-12.0
sir_4495729,Konig Turf (GER),484,Class 6,1,1,0,0,0,1.44,1.0,0.44
sir_4465013,Sir Percy (GB),7003,Class 5,2060,230,244,251,247,0.86,0.11,-604.73
sir_4465013,Sir Percy (GB),7003,Class 4,1494,190,197,198,165,0.92,0.13,-378.48
sir_4465013,Sir Percy (GB),7003,Class 6,1353,166,134,172,140,0.92,0.12,-287.47
sir_4465013,Sir Percy (GB),7003,,887,84,88,102,94,0.79,0.09,-136.76
sir_4465013,Sir Percy (GB),7003,Class 2,501,39,41,50,63,0.71,0.08,-162.67
sir_4465013,Sir Percy (GB),7003,Class 3,462,53,64,70,63,0.81,0.11,-131.34
sir_4465013,Sir Percy (GB),7003,Class 1,241,21,16,28,34,0.97,0.09,-43.54
sir_4465013,Sir Percy (GB),7003,Class 7,5,1,1,0,0,2.31,0.2,1.0
sir_723912,Royal Applause (GB),17467,Class 5,4919,482,507,491,528,0.83,0.1,-1418.38
sir_723912,Royal Applause (GB),17467,Class 6,3892,318,367,407,389,0.75,0.08,-971.65
sir_723912,Royal Applause (GB),17467,Class 4,3578,328,375,421,356,0.79,0.09,-1164.78
sir_723912,Royal Applause (GB),17467,,2551,180,194,210,225,0.71,0.07,-970.3
sir_723912,Royal Applause (GB),17467,Class 3,957,85,86,94,93,0.76,0.09,-267.12
sir_723912,Royal Applause (GB),17467,Class 2,807,55,70,54,67,0.77,0.07,-266.75
sir_723912,Royal Applause (GB),17467,Class 1,502,39,42,57,50,0.7,0.08,-205.19
sir_723912,Royal Applause (GB),17467,Class 7,261,20,16,26,27,0.8,0.08,-85.75
sir_5745824,Martinborough (JPN),423,,365,48,30,45,41,1.14,0.13,136.48
sir_5745824,Martinborough (JPN),423,Class 4,26,1,1,3,3,0.47,0.04,-19.5
sir_5745824,Martinborough (JPN),423,Class 5,22,1,1,3,2,0.43,0.05,-17.0
sir_5745824,Martinborough (JPN),423,Class 2,3,0,0,1,0,0.0,0.0,-3.0
sir_5745824,Martinborough (JPN),423,Class 3,3,0,0,0,1,0.0,0.0,-3.0
sir_5745824,Martinborough (JPN),423,Class 6,2,0,0,1,1,0.0,0.0,-2.0
sir_5745824,Martinborough (JPN),423,Class 1,2,1,0,1,0,1.24,0.5,5.0
sir_5245191,Excelebration (IRE),3836,,1651,134,140,163,123,0.78,0.08,-622.88
sir_5245191,Excelebration (IRE),3836,Class 5,651,66,63,85,92,0.78,0.1,-253.45
sir_5245191,Excelebration (IRE),3836,Class 4,589,67,75,84,64,0.88,0.11,-92.47
sir_5245191,Excelebration (IRE),3836,Class 3,328,33,39,44,31,0.87,0.1,4.5
sir_5245191,Excelebration (IRE),3836,Class 6,316,25,35,31,33,0.69,0.08,-82.56
sir_5245191,Excelebration (IRE),3836,Class 2,218,15,23,24,27,0.53,0.07,-28.97
sir_5245191,Excelebration (IRE),3836,Class 1,78,7,10,9,12,0.79,0.09,-5.0
sir_5245191,Excelebration (IRE),3836,Class 7,5,0,0,0,0,0.0,0.0,-5.0
sir_4124274,Sintarajan (IRE),112,,68,3,1,3,2,1.31,0.04,-37.12
sir_4124274,Sintarajan (IRE),112,Class 4,14,1,3,1,2,0.49,0.07,-9.0
sir_4124274,Sintarajan (IRE),112,Class 3,11,2,0,0,2,1.01,0.18,-4.67
sir_4124274,Sintarajan (IRE),112,Class 6,9,2,0,0,0,3.26,0.22,2.5
sir_4124274,Sintarajan (IRE),112,Class 5,7,1,1,0,0,1.24,0.14,-5.33
sir_4124274,Sintarajan (IRE),112,Class 2,3,1,0,0,0,3.13,0.33,4.0
sir_3270568,Trans Island (GB),5888,,1709,114,123,141,142,0.74,0.07,-854.47
sir_3270568,Trans Island (GB),5888,Class 5,1401,145,147,121,155,0.92,0.1,-110.97
sir_3270568,Trans Island (GB),5888,Class 4,1190,110,110,135,114,0.84,0.09,-331.11
sir_3270568,Trans Island (GB),5888,Class 6,881,93,99,99,77,0.88,0.11,-81.64
sir_3270568,Trans Island (GB),5888,Class 3,346,36,36,34,42,0.9,0.1,-84.53
sir_3270568,Trans Island (GB),5888,Class 2,212,19,20,21,17,0.96,0.09,-42.25
sir_3270568,Trans Island (GB),5888,Class 1,109,10,6,10,9,1.06,0.09,-23.75
sir_3270568,Trans Island (GB),5888,Class 7,40,3,4,5,5,0.68,0.07,-20.0
sir_5163970,Indomito (GER),15,Class 5,7,0,0,1,1,0.0,0.0,-7.0
sir_5163970,Indomito (GER),15,Class 4,4,0,0,1,0,0.0,0.0,-4.0
sir_5163970,Indomito (GER),15,,3,0,0,0,0,0.0,0.0,-3.0
sir_5163970,Indomito (GER),15,Class 3,1,0,0,0,1,0.0,0.0,-1.0
sir_4598440,Creachadoir (IRE),786,,579,48,36,50,57,0.9,0.08,-165.85
sir_4598440,Creachadoir (IRE),786,Class 4,53,2,9,11,7,0.29,0.04,-44.75
sir_4598440,Creachadoir (IRE),786,Class 5,51,3,5,7,6,0.5,0.06,-27.5
sir_4598440,Creachadoir (IRE),786,Class 2,39,4,1,4,7,1.01,0.1,4.0
sir_4598440,Creachadoir (IRE),786,Class 3,33,3,3,5,4,0.7,0.09,12.5
sir_4598440,Creachadoir (IRE),786,Class 1,29,2,2,4,2,0.59,0.07,-23.67
sir_4598440,Creachadoir (IRE),786,Class 6,2,0,0,0,2,0.0,0.0,-2.0
sir_5409138,Gatewood (GB),60,,53,2,7,0,3,0.44,0.04,-44.88
sir_5409138,Gatewood (GB),60,Class 4,5,2,0,0,0,2.95,0.4,3.75
sir_5409138,Gatewood (GB),60,Class 5,2,0,1,0,0,0.0,0.0,-2.0
sir_4486762,Racinger (FR),503,,347,37,24,24,31,0.95,0.11,-44.68
sir_4486762,Racinger (FR),503,Class 4,65,7,16,12,7,0.54,0.11,-38.23
sir_4486762,Racinger (FR),503,Class 3,41,7,2,6,1,1.04,0.17,-7.67
sir_4486762,Racinger (FR),503,Class 5,24,5,9,2,2,1.03,0.21,8.0
sir_4486762,Racinger (FR),503,Class 1,14,0,0,2,1,0.0,0.0,-14.0
sir_4486762,Racinger (FR),503,Class 2,12,0,2,2,2,0.0,0.0,-12.0
sir_4519235,Lord Of England (GER),1333,,1007,95,83,101,97,0.83,0.09,-240.39
sir_4519235,Lord Of England (GER),1333,Class 4,114,18,20,17,14,0.88,0.16,-38.02
sir_4519235,Lord Of England (GER),1333,Class 3,75,10,7,7,11,1.06,0.13,25.2
sir_4519235,Lord Of England (GER),1333,Class 5,63,14,8,7,5,1.22,0.22,3.46
sir_4519235,Lord Of England (GER),1333,Class 2,31,3,2,2,2,0.9,0.1,-6.17
sir_4519235,Lord Of England (GER),1333,Class 6,28,2,3,3,4,0.57,0.07,-20.0
sir_4519235,Lord Of England (GER),1333,Class 1,15,1,0,4,3,0.46,0.07,-9.0
sir_7927619,Waldgeist (GB),312,,142,10,18,14,11,0.71,0.07,-66.5
sir_7927619,Waldgeist (GB),312,Class 5,70,6,6,8,10,0.99,0.09,-22.4
sir_7927619,Waldgeist (GB),312,Class 4,48,4,6,7,5,1.09,0.08,-27.17
sir_7927619,Waldgeist (GB),312,Class 6,29,3,3,5,3,0.71,0.1,-15.65
sir_7927619,Waldgeist (GB),312,Class 2,9,0,0,1,1,0.0,0.0,-9.0
sir_7927619,Waldgeist (GB),312,Class 3,8,0,0,1,0,0.0,0.0,-8.0
sir_7927619,Waldgeist (GB),312,Class 1,6,1,0,1,0,1.39,0.17,-2.25
sir_4995844,Fuisse (FR),1074,,616,58,55,43,46,0.98,0.09,-106.65
sir_4995844,Fuisse (FR),1074,Class 4,171,27,19,21,18,0.93,0.16,-34.54
sir_4995844,Fuisse (FR),1074,Class 5,93,19,10,12,12,1.3,0.2,0.19
sir_4995844,Fuisse (FR),1074,Class 3,90,14,15,14,13,0.99,0.16,-5.58
sir_4995844,Fuisse (FR),1074,Class 2,70,2,9,6,10,0.29,0.03,-57.0
sir_4995844,Fuisse (FR),1074,Class 1,21,0,2,1,4,0.0,0.0,-21.0
sir_4995844,Fuisse (FR),1074,Class 6,13,4,1,3,1,1.32,0.31,-0.63
sir_5895316,Galiway (GB),940,,849,89,84,73,78,0.89,0.1,-182.63
sir_5895316,Galiway (GB),940,Class 1,26,4,5,4,6,0.98,0.15,13.0
sir_5895316,Galiway (GB),940,Class 4,24,7,1,1,1,1.5,0.29,0.11
sir_5895316,Galiway (GB),940,Class 5,19,3,2,5,2,1.03,0.16,0.98
sir_5895316,Galiway (GB),940,Class 2,11,2,2,1,2,1.31,0.18,-3.0
sir_5895316,Galiway (GB),940,Class 3,6,0,0,1,2,0.0,0.0,-6.0
sir_5895316,Galiway (GB),940,Class 6,5,0,0,1,1,0.0,0.0,-5.0
sir_10272927,Gustav Klimt (IRE),362,,146,4,7,8,7,0.54,0.03,-90.2
sir_10272927,Gustav Klimt (IRE),362,Class 6,89,11,12,8,9,0.88,0.12,-11.87
sir_10272927,Gustav Klimt (IRE),362,Class 5,85,6,8,8,12,0.63,0.07,-45.79
sir_10272927,Gustav Klimt (IRE),362,Class 4,35,2,2,4,4,0.55,0.06,-27.92
sir_10272927,Gustav Klimt (IRE),362,Class 3,4,0,0,0,2,0.0,0.0,-4.0
sir_10272927,Gustav Klimt (IRE),362,Class 2,3,0,0,0,0,0.0,0.0,-3.0
sir_5800319,Fountain Of Youth (IRE),997,Class 5,368,26,33,32,43,0.8,0.07,90.88
sir_5800319,Fountain Of Youth (IRE),997,Class 6,354,28,25,27,24,0.9,0.08,-116.21
sir_5800319,Fountain Of Youth (IRE),997,Class 4,163,12,15,18,14,0.7,0.07,-49.5
sir_5800319,Fountain Of Youth (IRE),997,Class 3,47,3,5,5,5,0.8,0.06,-25.17
sir_5800319,Fountain Of Youth (IRE),997,,36,2,1,3,5,0.63,0.06,-28.5
sir_5800319,Fountain Of Youth (IRE),997,Class 2,20,2,0,3,1,1.55,0.1,-4.5
sir_5800319,Fountain Of Youth (IRE),997,Class 1,9,0,0,0,1,0.0,0.0,-9.0
sir_3223696,Fragrant Mix (IRE),1042,,576,47,67,64,58,0.6,0.08,-345.04
sir_3223696,Fragrant Mix (IRE),1042,Class 4,161,25,26,17,14,0.98,0.16,-28.07
sir_3223696,Fragrant Mix (IRE),1042,Class 3,110,21,15,12,12,0.94,0.19,-36.69
sir_3223696,Fragrant Mix (IRE),1042,Class 5,108,12,12,8,13,0.86,0.11,-16.88
sir_3223696,Fragrant Mix (IRE),1042,Class 2,37,1,3,4,1,0.25,0.03,-27.0
sir_3223696,Fragrant Mix (IRE),1042,Class 1,30,4,3,2,4,1.1,0.13,1.63
sir_3223696,Fragrant Mix (IRE),1042,Class 6,20,1,2,0,1,0.43,0.05,-3.0
sir_5957532,Highland Reel (IRE),1202,,452,23,34,34,29,0.63,0.05,-247.46
sir_5957532,Highland Reel (IRE),1202,Class 5,247,23,20,24,24,0.85,0.09,-124.41
sir_5957532,Highland Reel (IRE),1202,Class 6,223,8,16,26,18,0.38,0.04,-145.5
sir_5957532,Highland Reel (IRE),1202,Class 4,196,21,16,21,18,0.98,0.11,-41.57
sir_5957532,Highland Reel (IRE),1202,Class 3,41,3,5,7,10,0.51,0.07,-15.0
sir_5957532,Highland Reel (IRE),1202,Class 2,37,3,1,8,4,0.67,0.08,-17.75
sir_5957532,Highland Reel (IRE),1202,Class 1,6,0,0,0,1,0.0,0.0,-6.0
sir_5899537,Charm Spirit (IRE),4031,,1701,140,144,141,135,0.82,0.08,-312.49
sir_5899537,Charm Spirit (IRE),4031,Class 5,767,74,114,91,87,0.7,0.1,-343.9
sir_5899537,Charm Spirit (IRE),4031,Class 4,690,70,90,69,76,0.8,0.1,-247.07
sir_5899537,Charm Spirit (IRE),4031,Class 6,418,48,41,40,41,0.94,0.11,-113.36
sir_5899537,Charm Spirit (IRE),4031,Class 3,288,26,26,28,23,0.73,0.09,-103.88
sir_5899537,Charm Spirit (IRE),4031,Class 2,117,11,9,14,11,0.89,0.09,10.0
sir_5899537,Charm Spirit (IRE),4031,Class 1,49,7,2,1,4,1.23,0.14,-15.17
sir_5899537,Charm Spirit (IRE),4031,Class 7,1,0,0,0,0,0.0,0.0,-1.0
sir_18518619,Golden Horde (IRE),64,,40,3,3,4,3,0.72,0.07,-11.9
sir_18518619,Golden Horde (IRE),64,Class 5,10,1,0,0,0,1.24,0.1,-8.17
sir_18518619,Golden Horde (IRE),64,Class 6,8,1,0,1,2,1.01,0.12,0.5
sir_18518619,Golden Horde (IRE),64,Class 4,5,0,0,0,1,0.0,0.0,-5.0
sir_18518619,Golden Horde (IRE),64,Class 2,1,0,0,0,0,0.0,0.0,-1.0
sir_6125385,Mekhtaal (GB),26,,22,0,2,1,1,0.0,0.0,-22.0
sir_6125385,Mekhtaal (GB),26,Class 5,3,0,0,0,0,0.0,0.0,-3.0
sir_6125385,Mekhtaal (GB),26,Class 4,1,0,0,0,0,0.0,0.0,-1.0
sir_5819310,Coulsty (IRE),589,,193,15,7,13,12,0.92,0.08,-61.1
sir_5819310,Coulsty (IRE),589,Class 5,168,18,19,22,19,0.85,0.11,-26.03
sir_5819310,Coulsty (IRE),589,Class 4,94,6,8,7,15,0.56,0.06,-62.47
sir_5819310,Coulsty (IRE),589,Class 6,85,15,7,11,7,1.31,0.18,77.44
sir_5819310,Coulsty (IRE),589,Class 3,21,0,1,7,1,0.0,0.0,-21.0
sir_5819310,Coulsty (IRE),589,Class 2,19,0,2,0,4,0.0,0.0,-19.0
sir_5819310,Coulsty (IRE),589,Class 1,9,1,0,3,1,1.22,0.11,-3.0
sir_11091493,Eqtidaar (IRE),230,Class 5,101,8,13,14,7,0.72,0.08,-23.17
sir_11091493,Eqtidaar (IRE),230,Class 6,54,5,9,9,6,0.77,0.09,-29.2
sir_11091493,Eqtidaar (IRE),230,,36,1,1,4,4,0.34,0.03,-21.0
sir_11091493,Eqtidaar (IRE),230,Class 4,29,1,2,1,6,0.4,0.03,-19.0
sir_11091493,Eqtidaar (IRE),230,Class 1,5,1,1,0,1,1.42,0.2,-1.5
sir_11091493,Eqtidaar (IRE),230,Class 2,4,0,1,0,0,0.0,0.0,-4.0
sir_11091493,Eqtidaar (IRE),230,Class 3,1,0,0,0,0,0.0,0.0,-1.0
sir_4957421,Vocalised (USA),1992,,1607,102,90,136,137,0.79,0.06,-558.26
sir_4957421,Vocalised (USA),1992,Class 4,139,16,11,14,15,0.94,0.12,-74.38
sir_4957421,Vocalised (USA),1992,Class 5,133,9,13,10,10,0.7,0.07,-80.43
sir_4957421,Vocalised (USA),1992,Class 6,51,3,5,3,5,0.61,0.06,-15.5
sir_4957421,Vocalised (USA),1992,Class 3,47,3,2,2,5,0.94,0.06,6.5
sir_4957421,Vocalised (USA),1992,Class 2,9,0,1,0,0,0.0,0.0,-9.0
sir_4957421,Vocalised (USA),1992,Class 1,6,0,0,0,2,0.0,0.0,-6.0
sir_4175850,Fastnet Rock (AUS),8446,,4699,536,464,452,430,0.92,0.11,-1104.27
sir_4175850,Fastnet Rock (AUS),8446,Class 5,956,141,108,110,118,0.98,0.15,-176.92
sir_4175850,Fastnet Rock (AUS),8446,Class 4,954,107,104,119,101,0.84,0.11,-180.84
sir_4175850,Fastnet Rock (AUS),8446,Class 3,803,78,71,79,68,0.84,0.1,-239.54
sir_4175850,Fastnet Rock (AUS),8446,Class 6,443,64,52,49,52,1.03,0.14,-7.42
sir_4175850,Fastnet Rock (AUS),8446,Class 2,330,33,21,24,35,0.89,0.1,-127.79
sir_4175850,Fastnet Rock (AUS),8446,Class 1,256,32,34,28,30,0.92,0.12,16.7
sir_4175850,Fastnet Rock (AUS),8446,Class 7,5,0,0,2,0,0.0,0.0,-5.0
sir_5093571,Quality Road (USA),1101,,845,121,124,110,103,0.81,0.14,-170.84
sir_5093571,Quality Road (USA),1101,Class 5,89,9,7,11,18,0.76,0.1,-25.57
sir_5093571,Quality Road (USA),1101,Class 4,65,5,8,9,9,0.67,0.08,-30.0
sir_5093571,Quality Road (USA),1101,Class 6,60,8,7,7,4,0.97,0.13,39.13
sir_5093571,Quality Road (USA),1101,Class 3,18,3,1,1,0,1.48,0.17,1.0
sir_5093571,Quality Road (USA),1101,Class 2,13,2,2,0,2,1.07,0.15,-5.5
sir_5093571,Quality Road (USA),1101,Class 1,10,2,0,1,0,1.03,0.2,-3.25
sir_5093571,Quality Road (USA),1101,Class 7,1,0,0,0,0,0.0,0.0,-1.0
sir_5425399,Swiss Spirit (GB),3441,Class 6,1098,119,98,98,102,0.95,0.11,-131.92
sir_5425399,Swiss Spirit (GB),3441,Class 5,1059,105,117,112,100,0.89,0.1,-334.62
sir_5425399,Swiss Spirit (GB),3441,Class 4,515,45,50,49,52,0.75,0.09,-194.65
sir_5425399,Swiss Spirit (GB),3441,,351,16,26,16,35,0.57,0.05,-193.4
sir_5425399,Swiss Spirit (GB),3441,Class 3,198,22,22,18,19,0.89,0.11,-43.08
sir_5425399,Swiss Spirit (GB),3441,Class 2,184,18,12,20,24,1.08,0.1,-4.62
sir_5425399,Swiss Spirit (GB),3441,Class 1,29,1,0,0,3,0.69,0.03,-19.5
sir_5425399,Swiss Spirit (GB),3441,Class 7,7,0,1,1,0,0.0,0.0,-7.0
sir_5753181,Morpheus (GB),1547,,869,42,44,59,64,0.63,0.05,-541.22
sir_5753181,Morpheus (GB),1547,Class 6,241,27,25,23,20,0.91,0.11,-75.73
sir_5753181,Morpheus (GB),1547,Class 5,190,21,18,10,22,1.17,0.11,70.95
sir_5753181,Morpheus (GB),1547,Class 4,176,11,17,23,18,0.57,0.06,-85.13
sir_5753181,Morpheus (GB),1547,Class 3,34,5,3,7,3,1.17,0.15,-9.63
sir_5753181,Morpheus (GB),1547,Class 2,23,2,4,2,1,0.86,0.09,-16.12
sir_5753181,Morpheus (GB),1547,Class 1,12,0,0,1,1,0.0,0.0,-12.0
sir_5753181,Morpheus (GB),1547,Class 7,2,0,1,1,0,0.0,0.0,-2.0
sir_3527125,Dansili (GB),15005,,4274,572,476,434,390,0.87,0.13,-602.76
sir_3527125,Dansili (GB),15005,Class 5,3403,483,448,376,378,0.91,0.14,-665.89
sir_3527125,Dansili (GB),15005,Class 4,2642,349,291,284,301,0.88,0.13,-542.32
sir_3527125,Dansili (GB),15005,Class 6,1841,224,194,188,173,0.94,0.12,-112.22
sir_3527125,Dansili (GB),15005,Class 2,1002,100,100,96,97,0.82,0.1,-279.07
sir_3527125,Dansili (GB),15005,Class 3,996,114,106,139,113,0.76,0.11,-217.28
sir_3527125,Dansili (GB),15005,Class 1,785,116,90,82,99,1.01,0.15,-68.93
sir_3527125,Dansili (GB),15005,Class 7,62,7,5,5,8,0.97,0.11,-10.5
sir_16106181,King Of Change (GB),43,,17,3,0,1,1,2.4,0.18,81.0
sir_16106181,King Of Change (GB),43,Class 5,12,0,3,0,1,0.0,0.0,-12.0
sir_16106181,King Of Change (GB),43,Class 4,10,0,1,1,1,0.0,0.0,-10.0
sir_16106181,King Of Change (GB),43,Class 2,2,0,0,1,0,0.0,0.0,-2.0
sir_16106181,King Of Change (GB),43,Class 6,1,1,0,0,0,2.5,1.0,1.5
sir_16106181,King Of Change (GB),43,Class 3,1,1,0,0,0,4.5,1.0,3.5
sir_6233822,Ajaya (GB),253,Class 6,93,15,9,18,14,1.01,0.16,-12.62
sir_6233822,Ajaya (GB),253,,87,7,5,5,7,0.9,0.08,-3.6
sir_6233822,Ajaya (GB),253,Class 5,49,2,3,4,6,0.44,0.04,-43.5
sir_6233822,Ajaya (GB),253,Class 4,18,2,2,1,4,0.95,0.11,-11.75
sir_6233822,Ajaya (GB),253,Class 1,4,0,0,1,0,0.0,0.0,-4.0
sir_6233822,Ajaya (GB),253,Class 3,2,0,0,1,0,0.0,0.0,-2.0
sir_5342575,Twirling Candy (USA),578,,497,77,55,78,59,0.95,0.15,-62.73
sir_5342575,Twirling Candy (USA),578,Class 5,38,4,5,9,3,0.76,0.11,-12.0
sir_5342575,Twirling Candy (USA),578,Class 4,17,1,0,5,1,0.51,0.06,-11.0
sir_5342575,Twirling Candy (USA),578,Class 6,13,3,2,1,1,1.48,0.23,13.0
sir_5342575,Twirling Candy (USA),578,Class 1,5,1,0,1,1,1.04,0.2,8.0
sir_5342575,Twirling Candy (USA),578,Class 3,4,1,1,1,0,1.83,0.25,-0.5
sir_5342575,Twirling Candy (USA),578,Class 2,4,0,0,2,0,0.0,0.0,-4.0
sir_6208167,Gutaifan (IRE),3361,,1075,66,70,75,95,0.72,0.06,-503.66
sir_6208167,Gutaifan (IRE),3361,Class 6,824,96,88,87,77,0.95,0.12,-79.54
sir_6208167,Gutaifan (IRE),3361,Class 5,746,86,80,82,69,0.94,0.12,-158.06
sir_6208167,Gutaifan (IRE),3361,Class 4,424,39,43,36,43,0.82,0.09,-121.96
sir_6208167,Gutaifan (IRE),3361,Class 2,133,11,21,14,9,0.76,0.08,-67.8
sir_6208167,Gutaifan (IRE),3361,Class 3,119,7,16,16,22,0.44,0.06,-87.97
sir_6208167,Gutaifan (IRE),3361,Class 1,40,3,2,4,4,0.99,0.07,-21.84
sir_633759,Poliglote (GB),4332,,3032,436,380,363,279,0.92,0.14,-348.72
sir_633759,Poliglote (GB),4332,Class 4,366,64,53,47,47,0.99,0.17,-51.58
sir_633759,Poliglote (GB),4332,Class 3,288,50,48,41,22,0.91,0.17,-91.58
sir_633759,Poliglote (GB),4332,Class 1,228,45,32,17,18,1.16,0.2,11.52
sir_633759,Poliglote (GB),4332,Class 5,162,18,17,17,17,0.74,0.11,-57.25
sir_633759,Poliglote (GB),4332,Class 2,161,31,20,20,15,1.03,0.19,30.23
sir_633759,Poliglote (GB),4332,Class 6,91,11,9,8,6,0.86,0.12,27.69
sir_633759,Poliglote (GB),4332,Class 7,4,0,0,0,1,0.0,0.0,-4.0
sir_4344697,Dragon Dancer (GB),358,,156,3,11,21,18,0.22,0.02,-130.6
sir_4344697,Dragon Dancer (GB),358,Class 4,76,7,9,12,12,0.71,0.09,-49.5
sir_4344697,Dragon Dancer (GB),358,Class 5,48,4,4,6,6,1.03,0.08,-7.5
sir_4344697,Dragon Dancer (GB),358,Class 3,31,8,5,4,3,1.29,0.26,27.37
sir_4344697,Dragon Dancer (GB),358,Class 2,25,2,1,0,3,0.7,0.08,-13.0
sir_4344697,Dragon Dancer (GB),358,Class 6,13,0,1,1,0,0.0,0.0,-13.0
sir_4344697,Dragon Dancer (GB),358,Class 1,9,0,1,2,1,0.0,0.0,-9.0
sir_3760694,Asian Heights (GB),134,Class 4,48,7,7,4,5,1.26,0.15,1.22
sir_3760694,Asian Heights (GB),134,Class 5,34,1,3,2,2,0.41,0.03,-19.0
sir_3760694,Asian Heights (GB),134,,20,0,0,0,1,0.0,0.0,-20.0
sir_3760694,Asian Heights (GB),134,Class 6,15,2,0,3,3,1.68,0.13,0.33
sir_3760694,Asian Heights (GB),134,Class 3,13,1,0,3,1,0.77,0.08,-9.0
sir_3760694,Asian Heights (GB),134,Class 1,2,0,0,0,0,0.0,0.0,-2.0
sir_3760694,Asian Heights (GB),134,Class 2,2,1,0,0,0,2.52,0.5,2.33
sir_4595990,Vendangeur (IRE),563,,326,24,30,29,28,0.73,0.07,-154.21
sir_4595990,Vendangeur (IRE),563,Class 4,97,9,14,9,11,0.71,0.09,-36.58
sir_4595990,Vendangeur (IRE),563,Class 5,74,8,9,6,5,0.92,0.11,-18.12
sir_4595990,Vendangeur (IRE),563,Class 3,30,4,6,5,3,0.89,0.13,-9.06
sir_4595990,Vendangeur (IRE),563,Class 1,19,2,3,2,1,1.09,0.11,7.0
sir_4595990,Vendangeur (IRE),563,Class 2,11,1,0,3,0,0.52,0.09,-1.0
sir_4595990,Vendangeur (IRE),563,Class 6,6,1,1,3,0,0.89,0.17,1.5
sir_5171712,Society Rock (IRE),2902,Class 5,735,87,77,95,71,0.91,0.12,-169.87
sir_5171712,Society Rock (IRE),2902,Class 6,672,62,81,70,81,0.75,0.09,-203.19
sir_5171712,Society Rock (IRE),2902,,564,41,51,44,47,0.81,0.07,-138.14
sir_5171712,Society Rock (IRE),2902,Class 4,484,49,53,57,54,0.8,0.1,-197.11
sir_5171712,Society Rock (IRE),2902,Class 3,208,31,21,21,25,1.23,0.15,-12.5
sir_5171712,Society Rock (IRE),2902,Class 2,176,17,17,16,16,0.8,0.1,34.72
sir_5171712,Society Rock (IRE),2902,Class 1,58,4,6,5,6,0.79,0.07,-28.0
sir_5171712,Society Rock (IRE),2902,Class 7,5,0,0,2,1,0.0,0.0,-5.0
sir_5534235,El Salvador (IRE),202,,90,15,7,3,5,1.39,0.17,-20.7
sir_5534235,El Salvador (IRE),202,Class 4,57,6,5,6,6,0.73,0.11,-29.76
sir_5534235,El Salvador (IRE),202,Class 5,34,9,2,2,5,1.54,0.26,-2.03
sir_5534235,El Salvador (IRE),202,Class 3,10,1,2,2,0,0.95,0.1,-5.5
sir_5534235,El Salvador (IRE),202,Class 1,6,0,1,0,2,0.0,0.0,-6.0
sir_5534235,El Salvador (IRE),202,Class 2,5,0,0,0,2,0.0,0.0,-5.0
sir_5897514,Master's Spirit (IRE),32,,18,1,1,2,3,0.47,0.06,-14.1
sir_5897514,Master's Spirit (IRE),32,Class 5,6,0,0,0,3,0.0,0.0,-6.0
sir_5897514,Master's Spirit (IRE),32,Class 4,5,0,1,0,1,0.0,0.0,-5.0
sir_5897514,Master's Spirit (IRE),32,Class 1,1,0,0,0,1,0.0,0.0,-1.0
sir_5897514,Master's Spirit (IRE),32,Class 6,1,0,0,0,0,0.0,0.0,-1.0
sir_5897514,Master's Spirit (IRE),32,Class 2,1,0,0,0,0,0.0,0.0,-1.0
sir_5931107,Free Port Lux (GB),198,,124,7,16,10,14,0.53,0.06,-78.5
sir_5931107,Free Port Lux (GB),198,Class 4,29,3,4,3,7,0.61,0.1,-20.75
sir_5931107,Free Port Lux (GB),198,Class 5,24,4,2,2,3,1.0,0.17,-13.0
sir_5931107,Free Port Lux (GB),198,Class 3,16,4,2,2,3,1.23,0.25,-6.17
sir_5931107,Free Port Lux (GB),198,Class 2,3,0,2,0,0,0.0,0.0,-3.0
sir_5931107,Free Port Lux (GB),198,Class 1,2,0,0,0,0,0.0,0.0,-2.0
sir_5771003,Vif Monsieur (GER),48,,36,1,2,2,2,0.44,0.03,-7.0
sir_5771003,Vif Monsieur (GER),48,Class 5,6,0,0,0,1,0.0,0.0,-6.0
sir_5771003,Vif Monsieur (GER),48,Class 4,6,0,0,0,0,0.0,0.0,-6.0
sir_5397294,Hunter's Light (IRE),960,,640,58,67,58,42,0.84,0.09,-151.17
sir_5397294,Hunter's Light (IRE),960,Class 6,106,13,16,10,9,1.01,0.12,-41.17
sir_5397294,Hunter's Light (IRE),960,Class 5,105,14,7,13,12,1.17,0.13,-34.53
sir_5397294,Hunter's Light (IRE),960,Class 4,74,9,14,8,5,0.89,0.12,-33.97
sir_5397294,Hunter's Light (IRE),960,Class 1,12,0,2,0,2,0.0,0.0,-12.0
sir_5397294,Hunter's Light (IRE),960,Class 3,12,2,1,3,1,0.88,0.17,-5.87
sir_5397294,Hunter's Light (IRE),960,Class 2,11,4,0,2,0,2.04,0.36,13.43
sir_5538568,Creative Cause (USA),295,,279,30,41,30,33,0.76,0.11,-65.73
sir_5538568,Creative Cause (USA),295,Class 6,6,0,0,0,0,0.0,0.0,-6.0
sir_5538568,Creative Cause (USA),295,Class 5,4,0,0,0,2,0.0,0.0,-4.0
sir_5538568,Creative Cause (USA),295,Class 4,3,0,0,0,0,0.0,0.0,-3.0
sir_5538568,Creative Cause (USA),295,Class 1,2,0,0,0,0,0.0,0.0,-2.0
sir_5538568,Creative Cause (USA),295,Class 3,1,0,0,0,0,0.0,0.0,-1.0
sir_12217870,Without Parole (GB),150,Class 6,45,4,7,5,5,0.71,0.09,-17.25
sir_12217870,Without Parole (GB),150,Class 5,45,4,3,3,5,1.52,0.09,28.25
sir_12217870,Without Parole (GB),150,,22,1,4,0,3,0.41,0.05,-19.9
sir_12217870,Without Parole (GB),150,Class 4,19,5,0,1,0,1.91,0.26,5.74
sir_12217870,Without Parole (GB),150,Class 2,11,1,2,0,1,1.46,0.09,0.0
sir_12217870,Without Parole (GB),150,Class 1,5,0,0,1,1,0.0,0.0,-5.0
sir_12217870,Without Parole (GB),150,Class 3,3,0,0,0,0,0.0,0.0,-3.0
sir_18092508,Arizona (IRE),135,,68,7,4,8,1,1.26,0.1,-28.47
sir_18092508,Arizona (IRE),135,Class 5,28,1,2,1,1,0.49,0.04,-25.0
sir_18092508,Arizona (IRE),135,Class 6,17,0,2,2,2,0.0,0.0,-17.0
sir_18092508,Arizona (IRE),135,Class 4,14,1,0,3,0,1.14,0.07,-5.5
sir_18092508,Arizona (IRE),135,Class 2,6,0,0,0,0,0.0,0.0,-6.0
sir_18092508,Arizona (IRE),135,Class 3,2,0,0,0,1,0.0,0.0,-2.0
sir_10051440,Romanised (IRE),103,,88,8,12,7,5,0.78,0.09,-44.1
sir_10051440,Romanised (IRE),103,Class 5,6,1,0,1,1,0.62,0.17,-4.93
sir_10051440,Romanised (IRE),103,Class 2,4,0,0,1,0,0.0,0.0,-4.0
sir_10051440,Romanised (IRE),103,Class 4,3,0,2,0,0,0.0,0.0,-3.0
sir_10051440,Romanised (IRE),103,Class 6,1,1,0,0,0,15.0,1.0,14.0
sir_10051440,Romanised (IRE),103,Class 3,1,0,1,0,0,0.0,0.0,-1.0
sir_4869837,Rip Van Winkle (IRE),4548,,1638,163,149,163,155,0.86,0.1,-599.77
sir_4869837,Rip Van Winkle (IRE),4548,Class 5,1071,110,101,106,111,0.82,0.1,-338.6
sir_4869837,Rip Van Winkle (IRE),4548,Class 4,789,63,69,81,78,0.71,0.08,-146.89
sir_4869837,Rip Van Winkle (IRE),4548,Class 6,610,69,67,71,66,0.89,0.11,-91.0
sir_4869837,Rip Van Winkle (IRE),4548,Class 3,227,21,29,28,19,0.79,0.09,-115.57
sir_4869837,Rip Van Winkle (IRE),4548,Class 2,146,18,17,16,13,1.0,0.12,42.3
sir_4869837,Rip Van Winkle (IRE),4548,Class 1,59,1,7,7,9,0.17,0.02,-55.0
sir_4869837,Rip Van Winkle (IRE),4548,Class 7,8,1,2,0,2,1.12,0.12,3.0
sir_3930213,Sunday Break (JPN),1231,,973,90,86,100,93,0.86,0.09,25.02
sir_3930213,Sunday Break (JPN),1231,Class 4,83,13,9,11,13,1.09,0.16,-3.9
sir_3930213,Sunday Break (JPN),1231,Class 5,67,7,9,16,11,0.65,0.1,-13.75
sir_3930213,Sunday Break (JPN),1231,Class 3,39,2,6,6,4,0.3,0.05,-34.29
sir_3930213,Sunday Break (JPN),1231,Class 6,27,3,4,2,2,0.62,0.11,-6.52
sir_3930213,Sunday Break (JPN),1231,Class 2,23,1,1,4,5,0.47,0.04,-4.0
sir_3930213,Sunday Break (JPN),1231,Class 1,17,1,0,3,1,0.76,0.06,24.0
sir_3930213,Sunday Break (JPN),1231,Class 7,2,0,0,0,0,0.0,0.0,-2.0
sir_4079796,Voix Du Nord (FR),1998,,1151,196,134,128,113,1.14,0.17,190.94
sir_4079796,Voix Du Nord (FR),1998,Class 4,214,44,29,27,25,1.06,0.21,-33.27
sir_4079796,Voix Du Nord (FR),1998,Class 1,181,31,18,18,20,1.02,0.17,-59.79
sir_4079796,Voix Du Nord (FR),1998,Class 3,167,35,18,23,21,1.14,0.21,-8.59
sir_4079796,Voix Du Nord (FR),1998,Class 2,128,13,18,14,9,0.71,0.1,-61.58
sir_4079796,Voix Du Nord (FR),1998,Class 5,124,9,14,13,18,0.47,0.07,-71.73
sir_4079796,Voix Du Nord (FR),1998,Class 6,33,8,3,4,4,1.24,0.24,24.1
sir_4009047,Gold Well (GB),5601,,2434,231,229,202,223,0.89,0.09,-636.44
sir_4009047,Gold Well (GB),5601,Class 4,1368,223,209,175,153,0.97,0.16,-116.79
sir_4009047,Gold Well (GB),5601,Class 5,623,82,59,80,51,1.02,0.13,-35.52
sir_4009047,Gold Well (GB),5601,Class 3,599,87,91,78,73,0.84,0.15,-107.73
sir_4009047,Gold Well (GB),5601,Class 2,259,34,34,24,36,0.94,0.13,-39.54
sir_4009047,Gold Well (GB),5601,Class 1,233,15,22,26,25,0.62,0.06,-117.0
sir_4009047,Gold Well (GB),5601,Class 6,85,13,18,6,8,0.79,0.15,-40.15
sir_6268388,Attendu (FR),281,,251,10,22,26,14,0.5,0.04,-170.3
sir_6268388,Attendu (FR),281,Class 5,14,0,5,1,1,0.0,0.0,-14.0
sir_6268388,Attendu (FR),281,Class 4,12,0,2,2,0,0.0,0.0,-12.0
sir_6268388,Attendu (FR),281,Class 3,2,0,0,0,0,0.0,0.0,-2.0
sir_6268388,Attendu (FR),281,Class 2,1,0,0,0,0,0.0,0.0,-1.0
sir_6268388,Attendu (FR),281,Class 6,1,0,0,0,0,0.0,0.0,-1.0
sir_3940377,Monsieur Bond (IRE),6001,Class 6,1997,176,205,209,188,0.82,0.09,-641.27
sir_3940377,Monsieur Bond (IRE),6001,Class 5,1907,168,173,200,206,0.86,0.09,-566.18
sir_3940377,Monsieur Bond (IRE),6001,Class 4,846,84,87,92,90,0.92,0.1,-248.38
sir_3940377,Monsieur Bond (IRE),6001,Class 2,402,41,43,35,36,1.04,0.1,-78.17
sir_3940377,Monsieur Bond (IRE),6001,Class 3,397,37,36,38,49,0.88,0.09,-156.41
sir_3940377,Monsieur Bond (IRE),6001,,299,17,31,28,22,0.51,0.06,-162.98
sir_3940377,Monsieur Bond (IRE),6001,Class 1,111,11,11,13,8,0.92,0.1,-14.75
sir_3940377,Monsieur Bond (IRE),6001,Class 7,42,2,4,4,5,0.45,0.05,-29.0
sir_15245916,Sottsass (FR),92,,44,5,7,5,4,0.81,0.11,-25.4
sir_15245916,Sottsass (FR),92,Class 4,23,2,3,3,4,0.86,0.09,-10.5
sir_15245916,Sottsass (FR),92,Class 5,16,2,2,5,0,1.24,0.12,8.0
sir_15245916,Sottsass (FR),92,Class 3,4,0,1,1,1,0.0,0.0,-4.0
sir_15245916,Sottsass (FR),92,Class 2,3,1,0,0,0,2.56,0.33,1.0
sir_15245916,Sottsass (FR),92,Class 1,2,0,0,0,0,0.0,0.0,-2.0
sir_4832611,Dunkerque (FR),588,,510,38,41,55,48,0.79,0.07,-171.35
sir_4832611,Dunkerque (FR),588,Class 5,25,0,2,0,4,0.0,0.0,-25.0
sir_4832611,Dunkerque (FR),588,Class 4,21,1,0,1,2,0.37,0.05,-17.5
sir_4832611,Dunkerque (FR),588,Class 2,13,2,0,0,1,1.61,0.15,-3.5
sir_4832611,Dunkerque (FR),588,Class 3,10,1,2,0,1,1.14,0.1,-6.0
sir_4832611,Dunkerque (FR),588,Class 6,8,1,1,0,1,1.3,0.12,2.0
sir_4832611,Dunkerque (FR),588,Class 1,1,0,0,0,1,0.0,0.0,-1.0
sir_5177396,Temple City (USA),435,,391,48,45,59,45,0.9,0.12,-101.75
sir_5177396,Temple City (USA),435,Class 5,20,5,0,3,2,1.54,0.25,-5.23
sir_5177396,Temple City (USA),435,Class 6,7,1,0,1,0,4.37,0.14,27.0
sir_5177396,Temple City (USA),435,Class 4,7,0,2,2,1,0.0,0.0,-7.0
sir_5177396,Temple City (USA),435,Class 1,5,1,0,0,2,1.76,0.2,-2.2
sir_5177396,Temple City (USA),435,Class 3,3,0,0,0,0,0.0,0.0,-3.0
sir_5177396,Temple City (USA),435,Class 2,2,0,0,0,0,0.0,0.0,-2.0
sir_3133732,Compton Place (GB),12074,Class 5,3845,312,388,375,434,0.76,0.08,-1429.3
sir_3133732,Compton Place (GB),12074,Class 6,3437,298,358,329,304,0.8,0.09,-902.64
sir_3133732,Compton Place (GB),12074,Class 4,2097,193,212,189,214,0.86,0.09,-598.06
sir_3133732,Compton Place (GB),12074,,794,62,67,64,63,0.79,0.08,-157.95
sir_3133732,Compton Place (GB),12074,Class 3,688,67,71,72,76,0.88,0.1,-152.39
sir_3133732,Compton Place (GB),12074,Class 2,687,41,70,42,47,0.72,0.06,-143.42
sir_3133732,Compton Place (GB),12074,Class 1,278,31,28,27,23,1.01,0.11,-56.69
sir_3133732,Compton Place (GB),12074,Class 7,248,23,28,11,19,0.95,0.09,15.38
sir_7322763,Tornibush (IRE),18,,17,1,1,1,3,0.96,0.06,-9.8
sir_7322763,Tornibush (IRE),18,Class 3,1,0,0,0,0,0.0,0.0,-1.0
sir_5422165,Slade Power (IRE),2965,,1050,76,103,96,80,0.76,0.07,-419.65
sir_5422165,Slade Power (IRE),2965,Class 6,618,72,74,49,63,0.89,0.12,-73.84
sir_5422165,Slade Power (IRE),2965,Class 5,552,57,54,50,48,0.89,0.1,-102.63
sir_5422165,Slade Power (IRE),2965,Class 4,388,31,52,41,45,0.67,0.08,-129.19
sir_5422165,Slade Power (IRE),2965,Class 3,194,25,20,27,16,1.09,0.13,30.11
sir_5422165,Slade Power (IRE),2965,Class 2,142,15,16,22,7,0.93,0.11,-34.75
sir_5422165,Slade Power (IRE),2965,Class 1,20,2,3,1,2,0.63,0.1,4.5
sir_5422165,Slade Power (IRE),2965,Class 7,1,0,0,0,0,0.0,0.0,-1.0
sir_5725916,Anodin (IRE),1992,,1757,148,161,152,148,0.83,0.08,-136.42
sir_5725916,Anodin (IRE),1992,Class 4,62,7,11,6,4,0.79,0.11,-21.77
sir_5725916,Anodin (IRE),1992,Class 5,61,3,7,10,4,0.44,0.05,-49.35
sir_5725916,Anodin (IRE),1992,Class 6,43,2,7,2,3,0.36,0.05,-29.0
sir_5725916,Anodin (IRE),1992,Class 2,29,1,5,5,3,0.25,0.03,-22.0
sir_5725916,Anodin (IRE),1992,Class 1,22,2,2,2,1,1.05,0.09,-9.0
sir_5725916,Anodin (IRE),1992,Class 3,18,2,4,1,5,0.84,0.11,-9.38
sir_12329569,City Of Light (USA),131,,99,18,11,11,6,1.04,0.18,1.13
sir_12329569,City Of Light (USA),131,Class 5,13,2,2,1,2,0.98,0.15,-7.0
sir_12329569,City Of Light (USA),131,Class 6,11,4,2,1,1,1.8,0.36,14.0
sir_12329569,City Of Light (USA),131,Class 4,6,1,0,0,0,1.94,0.17,-2.5
sir_12329569,City Of Light (USA),131,Class 3,1,1,0,0,0,7.5,1.0,6.5
sir_12329569,City Of Light (USA),131,Class 2,1,0,0,0,0,0.0,0.0,-1.0
sir_6015954,Mattmu (GB),130,Class 5,52,9,5,7,7,1.25,0.17,2.75
sir_6015954,Mattmu (GB),130,Class 4,35,1,4,4,6,0.26,0.03,-29.5
sir_6015954,Mattmu (GB),130,Class 3,15,1,1,1,4,0.63,0.07,-6.0
sir_6015954,Mattmu (GB),130,Class 2,12,1,2,2,2,0.84,0.08,-7.0
sir_6015954,Mattmu (GB),130,Class 6,12,0,0,5,1,0.0,0.0,-12.0
sir_6015954,Mattmu (GB),130,Class 1,2,0,0,0,0,0.0,0.0,-2.0
sir_6015954,Mattmu (GB),130,,2,0,1,0,0,0.0,0.0,-2.0
sir_5892096,Hot Streak (IRE),1611,Class 6,556,43,48,44,53,0.78,0.08,-131.72
sir_5892096,Hot Streak (IRE),1611,Class 5,473,39,46,49,50,0.84,0.08,-130.02
sir_5892096,Hot Streak (IRE),1611,,311,24,26,33,32,0.78,0.08,-115.99
sir_5892096,Hot Streak (IRE),1611,Class 4,192,17,22,11,25,0.79,0.09,15.87
sir_5892096,Hot Streak (IRE),1611,Class 3,38,3,4,5,4,0.56,0.08,-21.77
sir_5892096,Hot Streak (IRE),1611,Class 2,30,1,1,3,2,0.44,0.03,4.0
sir_5892096,Hot Streak (IRE),1611,Class 1,10,0,0,0,1,0.0,0.0,-10.0
sir_5892096,Hot Streak (IRE),1611,Class 7,1,0,0,0,1,0.0,0.0,-1.0
sir_4749276,Mr Medici (IRE),71,Class 5,47,3,6,7,2,0.69,0.06,-14.5
sir_4749276,Mr Medici (IRE),71,Class 4,18,0,2,0,2,0.0,0.0,-18.0
sir_4749276,Mr Medici (IRE),71,Class 6,5,1,0,0,1,2.02,0.2,12.0
sir_4749276,Mr Medici (IRE),71,Class 2,1,0,0,0,0,0.0,0.0,-1.0
sir_753900,Pivotal (GB),17639,Class 5,4226,644,524,493,419,0.96,0.15,-445.75
sir_753900,Pivotal (GB),17639,,4082,526,451,394,374,0.94,0.13,-403.71
sir_753900,Pivotal (GB),17639,Class 4,3435,461,419,392,327,0.95,0.13,-208.19
sir_753900,Pivotal (GB),17639,Class 6,1884,251,198,205,161,0.99,0.13,-42.62
sir_753900,Pivotal (GB),17639,Class 2,1457,155,130,117,130,0.96,0.11,-246.63
sir_753900,Pivotal (GB),17639,Class 3,1405,173,175,154,162,0.87,0.12,-153.12
sir_753900,Pivotal (GB),17639,Class 1,1046,137,148,132,107,0.95,0.13,-7.29
sir_753900,Pivotal (GB),17639,Class 7,104,9,13,10,9,0.69,0.09,-49.75
sir_9942352,Seahenge (USA),324,,232,19,16,18,21,0.87,0.08,-98.75
sir_9942352,Seahenge (USA),324,Class 5,31,3,4,2,1,0.76,0.1,-9.35
sir_9942352,Seahenge (USA),324,Class 4,19,4,4,1,0,1.09,0.21,0.01
sir_9942352,Seahenge (USA),324,Class 6,14,2,0,1,2,1.59,0.14,2.5
sir_9942352,Seahenge (USA),324,Class 2,14,2,2,2,3,0.75,0.14,-6.42
sir_9942352,Seahenge (USA),324,Class 1,9,0,3,0,3,0.0,0.0,-9.0
sir_9942352,Seahenge (USA),324,Class 3,5,1,0,3,0,1.38,0.2,2.5
sir_4501959,First Samurai (USA),671,,543,77,77,83,57,0.87,0.14,-150.0
sir_4501959,First Samurai (USA),671,Class 5,47,5,3,3,5,0.73,0.11,-15.14
sir_4501959,First Samurai (USA),671,Class 4,27,1,2,3,3,0.3,0.04,-25.5
sir_4501959,First Samurai (USA),671,Class 6,25,4,2,1,3,1.08,0.16,5.26
sir_4501959,First Samurai (USA),671,Class 2,15,0,3,1,1,0.0,0.0,-15.0
sir_4501959,First Samurai (USA),671,Class 3,9,3,1,1,1,2.19,0.33,15.25
sir_4501959,First Samurai (USA),671,Class 1,3,0,0,0,0,0.0,0.0,-3.0
sir_4501959,First Samurai (USA),671,Class 7,2,0,0,0,0,0.0,0.0,-2.0
sir_5968361,Markaz (IRE),901,,275,26,17,20,18,1.04,0.09,-52.09
sir_5968361,Markaz (IRE),901,Class 5,231,24,19,24,32,0.95,0.1,-49.34
sir_5968361,Markaz (IRE),901,Class 6,229,21,29,22,28,0.75,0.09,54.83
sir_5968361,Markaz (IRE),901,Class 4,96,8,14,11,12,0.64,0.08,-45.42
sir_5968361,Markaz (IRE),901,Class 2,34,1,2,2,3,0.35,0.03,-21.0
sir_5968361,Markaz (IRE),901,Class 3,27,5,3,1,4,1.29,0.19,0.74
sir_5968361,Markaz (IRE),901,Class 1,9,0,1,1,0,0.0,0.0,-9.0
sir_6200985,Counterattack (AUS),128,,103,7,10,10,11,0.61,0.07,-23.7
sir_6200985,Counterattack (AUS),128,Class 4,14,1,1,2,1,0.49,0.07,-12.27
sir_6200985,Counterattack (AUS),128,Class 5,7,0,0,0,0,0.0,0.0,-7.0
sir_6200985,Counterattack (AUS),128,Class 2,3,0,0,0,0,0.0,0.0,-3.0
sir_6200985,Counterattack (AUS),128,Class 3,1,0,0,0,0,0.0,0.0,-1.0
sir_6277544,Nyquist (USA),257,,237,37,24,33,25,1.01,0.16,-56.28
sir_6277544,Nyquist (USA),257,Class 4,8,1,3,1,1,0.77,0.12,2.0
sir_6277544,Nyquist (USA),257,Class 1,4,1,1,0,0,3.16,0.25,6.0
sir_6277544,Nyquist (USA),257,Class 5,3,2,0,0,0,4.58,0.67,7.0
sir_6277544,Nyquist (USA),257,Class 3,2,1,0,0,0,4.12,0.5,8.0
sir_6277544,Nyquist (USA),257,Class 6,2,0,2,0,0,0.0,0.0,-2.0
sir_6277544,Nyquist (USA),257,Class 2,1,0,0,1,0,0.0,0.0,-1.0
sir_6076147,American Pharoah (USA),1110,,846,107,83,92,87,0.83,0.13,-165.13
sir_6076147,American Pharoah (USA),1110,Class 5,85,12,7,12,14,0.8,0.14,-20.97
sir_6076147,American Pharoah (USA),1110,Class 4,75,9,12,11,7,0.75,0.12,-31.82
sir_6076147,American Pharoah (USA),1110,Class 6,30,2,2,1,2,0.55,0.07,-19.5
sir_6076147,American Pharoah (USA),1110,Class 1,29,1,4,3,3,0.31,0.03,-22.0
sir_6076147,American Pharoah (USA),1110,Class 2,23,5,2,1,0,1.12,0.22,5.75
sir_6076147,American Pharoah (USA),1110,Class 3,22,3,4,1,5,0.96,0.14,-3.4
sir_4846485,Equiano (FR),7694,Class 6,2117,190,218,208,228,0.8,0.09,-664.94
sir_4846485,Equiano (FR),7694,Class 5,2039,194,215,233,248,0.82,0.1,-709.54
sir_4846485,Equiano (FR),7694,,1281,95,103,103,101,0.76,0.07,-388.07
sir_4846485,Equiano (FR),7694,Class 4,1076,132,109,134,115,0.99,0.12,-58.41
sir_4846485,Equiano (FR),7694,Class 3,511,44,52,61,56,0.77,0.09,-148.47
sir_4846485,Equiano (FR),7694,Class 2,455,39,46,43,50,0.84,0.09,-79.75
sir_4846485,Equiano (FR),7694,Class 1,178,20,17,16,16,0.84,0.11,-52.87
sir_4846485,Equiano (FR),7694,Class 7,37,4,3,3,2,1.03,0.11,-12.75
sir_5968298,Estidhkaar (IRE),1299,,686,29,48,36,55,0.56,0.04,-409.6
sir_5968298,Estidhkaar (IRE),1299,Class 5,223,24,24,27,16,0.84,0.11,-45.55
sir_5968298,Estidhkaar (IRE),1299,Class 6,173,18,16,21,18,0.8,0.1,-51.1
sir_5968298,Estidhkaar (IRE),1299,Class 4,132,13,16,15,14,0.88,0.1,-58.85
sir_5968298,Estidhkaar (IRE),1299,Class 3,47,3,7,9,8,0.59,0.06,-12.67
sir_5968298,Estidhkaar (IRE),1299,Class 2,30,1,1,5,3,0.4,0.03,4.0
sir_5968298,Estidhkaar (IRE),1299,Class 1,8,0,0,0,0,0.0,0.0,-8.0
sir_727524,Tagula (IRE),9200,Class 5,2344,244,231,205,245,0.95,0.1,-352.36
sir_727524,Tagula (IRE),9200,Class 6,1986,202,180,196,187,0.89,0.1,-489.57
sir_727524,Tagula (IRE),9200,,1824,102,111,127,146,0.69,0.06,-924.05
sir_727524,Tagula (IRE),9200,Class 4,1677,173,153,176,186,0.93,0.1,-372.82
sir_727524,Tagula (IRE),9200,Class 3,585,66,46,58,61,1.04,0.11,-20.44
sir_727524,Tagula (IRE),9200,Class 2,449,31,35,38,34,0.85,0.07,-68.78
sir_727524,Tagula (IRE),9200,Class 1,226,30,17,21,29,1.11,0.13,-66.5
sir_727524,Tagula (IRE),9200,Class 7,109,10,10,6,8,0.76,0.09,-45.31
sir_4544750,War Front (USA),3739,,2303,364,311,292,235,0.82,0.16,-590.95
sir_4544750,War Front (USA),3739,Class 5,393,59,65,63,44,0.73,0.15,-184.96
sir_4544750,War Front (USA),3739,Class 4,277,47,34,29,19,1.02,0.17,0.78
sir_4544750,War Front (USA),3739,Class 2,242,28,24,27,24,0.9,0.12,-8.99
sir_4544750,War Front (USA),3739,Class 1,224,24,31,15,18,0.87,0.11,-16.09
sir_4544750,War Front (USA),3739,Class 3,164,26,21,16,17,1.17,0.16,-9.29
sir_4544750,War Front (USA),3739,Class 6,135,15,18,14,14,0.75,0.11,-55.16
sir_4544750,War Front (USA),3739,Class 7,1,1,0,0,0,4.5,1.0,3.5
sir_4619986,Haatef (USA),1487,,693,49,65,67,54,0.67,0.07,-335.4
sir_4619986,Haatef (USA),1487,Class 5,245,25,25,25,30,0.88,0.1,-82.99
sir_4619986,Haatef (USA),1487,Class 6,219,16,23,21,27,0.68,0.07,-84.63
sir_4619986,Haatef (USA),1487,Class 4,165,18,21,15,15,0.93,0.11,-46.08
sir_4619986,Haatef (USA),1487,Class 2,87,7,10,9,12,0.68,0.08,-27.0
sir_4619986,Haatef (USA),1487,Class 3,55,5,4,10,7,0.74,0.09,-32.55
sir_4619986,Haatef (USA),1487,Class 1,16,1,1,2,2,0.7,0.06,-4.0
sir_4619986,Haatef (USA),1487,Class 7,7,3,2,0,0,2.82,0.43,12.08
sir_4618404,Dutch Art (GB),8455,Class 5,2273,298,269,245,254,0.93,0.13,-300.88
sir_4618404,Dutch Art (GB),8455,Class 4,1559,196,174,163,191,0.91,0.13,-319.5
sir_4618404,Dutch Art (GB),8455,Class 6,1400,157,154,118,129,0.92,0.11,-9.27
sir_4618404,Dutch Art (GB),8455,,1370,148,141,139,106,0.89,0.11,-270.27
sir_4618404,Dutch Art (GB),8455,Class 3,724,93,90,78,80,0.95,0.13,-0.26
sir_4618404,Dutch Art (GB),8455,Class 2,705,71,58,64,63,0.94,0.1,-156.42
sir_4618404,Dutch Art (GB),8455,Class 1,392,43,48,35,58,0.89,0.11,-114.97
sir_4618404,Dutch Art (GB),8455,Class 7,32,4,1,1,2,1.4,0.12,1.25
sir_10320268,James Garfield (IRE),527,Class 6,168,17,17,20,21,0.83,0.1,-40.67
sir_10320268,James Garfield (IRE),527,Class 5,159,13,21,16,25,0.78,0.08,-72.01
sir_10320268,James Garfield (IRE),527,,113,8,3,8,10,1.13,0.07,-32.17
sir_10320268,James Garfield (IRE),527,Class 4,56,3,5,4,8,0.48,0.05,-22.17
sir_10320268,James Garfield (IRE),527,Class 1,12,1,0,1,0,1.07,0.08,-8.0
sir_10320268,James Garfield (IRE),527,Class 2,11,1,2,1,1,0.51,0.09,-5.5
sir_10320268,James Garfield (IRE),527,Class 3,8,1,0,1,0,1.14,0.12,13.0
sir_6220914,Shalaa (IRE),2342,,1282,120,115,101,112,0.83,0.09,-367.05
sir_6220914,Shalaa (IRE),2342,Class 5,339,41,39,30,39,0.85,0.12,-57.05
sir_6220914,Shalaa (IRE),2342,Class 4,305,24,41,26,30,0.68,0.08,-115.62
sir_6220914,Shalaa (IRE),2342,Class 6,168,24,16,21,17,1.01,0.14,26.04
sir_6220914,Shalaa (IRE),2342,Class 3,138,16,18,13,10,0.99,0.12,37.85
sir_6220914,Shalaa (IRE),2342,Class 2,89,4,15,5,11,0.43,0.04,-47.1
sir_6220914,Shalaa (IRE),2342,Class 1,21,0,3,1,3,0.0,0.0,-21.0
sir_3981138,Fairly Ransom (USA),499,,381,31,35,43,30,0.87,0.08,-124.18
sir_3981138,Fairly Ransom (USA),499,Class 4,38,11,4,2,3,1.81,0.29,37.18
sir_3981138,Fairly Ransom (USA),499,Class 6,32,3,1,3,4,1.06,0.09,10.0
sir_3981138,Fairly Ransom (USA),499,Class 5,28,4,1,5,3,1.01,0.14,-9.52
sir_3981138,Fairly Ransom (USA),499,Class 3,12,1,2,0,2,0.84,0.08,-7.0
sir_3981138,Fairly Ransom (USA),499,Class 2,5,0,2,0,0,0.0,0.0,-5.0
sir_3981138,Fairly Ransom (USA),499,Class 1,3,0,1,1,0,0.0,0.0,-3.0
sir_5108635,Red Jazz (USA),1802,,910,45,58,66,71,0.66,0.05,-425.45
sir_5108635,Red Jazz (USA),1802,Class 6,309,28,21,32,28,0.83,0.09,-131.38
sir_5108635,Red Jazz (USA),1802,Class 5,302,36,33,31,32,1.1,0.12,44.96
sir_5108635,Red Jazz (USA),1802,Class 4,168,20,19,20,16,0.98,0.12,16.94
sir_5108635,Red Jazz (USA),1802,Class 2,45,4,2,4,6,0.92,0.09,-9.75
sir_5108635,Red Jazz (USA),1802,Class 3,44,3,4,4,9,0.42,0.07,-33.43
sir_5108635,Red Jazz (USA),1802,Class 1,21,1,1,2,2,0.57,0.05,-17.25
sir_5108635,Red Jazz (USA),1802,Class 7,3,0,0,0,0,0.0,0.0,-3.0
sir_3952928,Clodovil (IRE),6860,,1889,162,165,166,146,0.83,0.09,-516.66
sir_3952928,Clodovil (IRE),6860,Class 5,1584,173,192,160,191,0.89,0.11,-391.74
sir_3952928,Clodovil (IRE),6860,Class 6,1378,139,142,142,142,0.86,0.1,-376.23
sir_3952928,Clodovil (IRE),6860,Class 4,960,103,104,112,121,0.87,0.11,-273.44
sir_3952928,Clodovil (IRE),6860,Class 2,451,39,44,48,32,0.84,0.09,-47.71
sir_3952928,Clodovil (IRE),6860,Class 3,345,45,49,36,39,0.91,0.13,-70.06
sir_3952928,Clodovil (IRE),6860,Class 1,224,15,24,31,25,0.68,0.07,-107.62
sir_3952928,Clodovil (IRE),6860,Class 7,29,3,2,1,5,1.01,0.1,-13.5
sir_5197052,Nom De D'La (FR),194,,157,18,10,22,15,1.22,0.11,100.2
sir_5197052,Nom De D'La (FR),194,Class 4,24,4,2,3,2,0.92,0.17,-12.68
sir_5197052,Nom De D'La (FR),194,Class 5,10,3,0,0,1,2.25,0.3,14.0
sir_5197052,Nom De D'La (FR),194,Class 3,2,0,1,0,0,0.0,0.0,-2.0
sir_5197052,Nom De D'La (FR),194,Class 2,1,0,1,0,0,0.0,0.0,-1.0
sir_5829649,Sidestep (AUS),679,,585,54,44,47,53,0.96,0.09,-50.32
sir_5829649,Sidestep (AUS),679,Class 5,40,3,6,8,2,0.48,0.07,-30.65
sir_5829649,Sidestep (AUS),679,Class 4,30,3,1,2,1,1.02,0.1,-20.25
sir_5829649,Sidestep (AUS),679,Class 3,14,1,2,0,1,0.56,0.07,-11.5
sir_5829649,Sidestep (AUS),679,Class 6,5,1,0,1,1,1.37,0.2,0.5
sir_5829649,Sidestep (AUS),679,Class 1,5,0,0,1,0,0.0,0.0,-5.0
sir_4822237,Crossharbour (GB),275,,167,16,15,14,15,1.0,0.1,72.6
sir_4822237,Crossharbour (GB),275,Class 4,49,7,6,8,4,0.74,0.14,-29.84
sir_4822237,Crossharbour (GB),275,Class 5,28,2,5,2,3,0.67,0.07,-8.5
sir_4822237,Crossharbour (GB),275,Class 3,13,2,1,2,2,1.26,0.15,6.5
sir_4822237,Crossharbour (GB),275,Class 2,9,0,1,3,0,0.0,0.0,-9.0
sir_4822237,Crossharbour (GB),275,Class 6,6,1,0,2,1,0.77,0.17,-4.09
sir_4822237,Crossharbour (GB),275,Class 1,3,0,0,0,2,0.0,0.0,-3.0
sir_5490415,French Fifteen (FR),893,,750,69,77,68,75,0.87,0.09,-131.37
sir_5490415,French Fifteen (FR),893,Class 4,44,5,7,8,3,0.65,0.11,-17.38
sir_5490415,French Fifteen (FR),893,Class 5,31,2,1,5,2,0.76,0.06,-18.67
sir_5490415,French Fifteen (FR),893,Class 3,25,3,2,3,5,0.84,0.12,-14.35
sir_5490415,French Fifteen (FR),893,Class 6,24,2,1,0,2,1.18,0.08,27.0
sir_5490415,French Fifteen (FR),893,Class 2,15,2,1,3,0,1.02,0.13,39.0
sir_5490415,French Fifteen (FR),893,Class 1,3,0,0,0,0,0.0,0.0,-3.0
sir_5490415,French Fifteen (FR),893,Class 7,1,0,0,0,0,0.0,0.0,-1.0
sir_5248348,Zebedee (GB),7361,,1983,141,142,147,196,0.82,0.07,-559.25
sir_5248348,Zebedee (GB),7361,Class 5,1781,183,201,194,219,0.83,0.1,-488.49
sir_5248348,Zebedee (GB),7361,Class 6,1629,155,153,149,149,0.89,0.1,-308.31
sir_5248348,Zebedee (GB),7361,Class 4,949,88,78,109,129,0.81,0.09,-184.47
sir_5248348,Zebedee (GB),7361,Class 2,450,43,32,36,33,1.01,0.1,-64.02
sir_5248348,Zebedee (GB),7361,Class 3,389,40,46,38,51,0.87,0.1,110.6
sir_5248348,Zebedee (GB),7361,Class 1,151,13,19,21,10,0.73,0.09,-97.05
sir_5248348,Zebedee (GB),7361,Class 7,29,0,1,2,1,0.0,0.0,-29.0
sir_4030824,My Risk (FR),938,,778,54,45,52,65,0.88,0.07,-86.3
sir_4030824,My Risk (FR),938,Class 4,57,13,6,9,7,0.91,0.23,-19.78
sir_4030824,My Risk (FR),938,Class 1,27,8,5,3,4,1.22,0.3,3.12
sir_4030824,My Risk (FR),938,Class 5,26,4,6,2,1,0.99,0.15,-15.82
sir_4030824,My Risk (FR),938,Class 2,24,6,2,2,3,1.61,0.25,10.85
sir_4030824,My Risk (FR),938,Class 3,19,2,3,4,4,0.53,0.11,-12.77
sir_4030824,My Risk (FR),938,Class 6,7,1,2,1,1,0.48,0.14,-4.8
sir_5956328,Dariyan (FR),717,,662,39,48,48,51,0.73,0.06,-177.1
sir_5956328,Dariyan (FR),717,Class 5,25,4,0,6,1,0.92,0.16,-1.08
sir_5956328,Dariyan (FR),717,Class 4,17,0,1,2,0,0.0,0.0,-17.0
sir_5956328,Dariyan (FR),717,Class 6,8,1,0,0,1,0.9,0.12,-4.5
sir_5956328,Dariyan (FR),717,Class 2,4,0,1,0,0,0.0,0.0,-4.0
sir_5956328,Dariyan (FR),717,Class 3,1,0,0,0,0,0.0,0.0,-1.0
sir_13202917,Goliath Du Berlais (FR),88,,82,17,12,8,8,1.09,0.21,-15.9
sir_13202917,Goliath Du Berlais (FR),88,Class 5,4,2,0,1,1,2.88,0.5,10.0
sir_13202917,Goliath Du Berlais (FR),88,Class 4,2,1,0,1,0,1.81,0.5,5.5
sir_3502282,Beat All (USA),2634,Class 4,787,56,74,68,51,0.78,0.07,-450.41
sir_3502282,Beat All (USA),2634,Class 5,679,52,45,64,65,0.88,0.08,-176.98
sir_3502282,Beat All (USA),2634,,451,28,33,32,40,0.71,0.06,-235.15
sir_3502282,Beat All (USA),2634,Class 6,421,25,39,33,44,0.68,0.06,-203.77
sir_3502282,Beat All (USA),2634,Class 3,182,18,13,26,19,0.8,0.1,-24.33
sir_3502282,Beat All (USA),2634,Class 2,89,4,10,12,8,0.5,0.04,-69.0
sir_3502282,Beat All (USA),2634,Class 1,18,1,0,0,1,1.06,0.06,-8.0
sir_3502282,Beat All (USA),2634,Class 7,7,0,0,0,0,0.0,0.0,-7.0
sir_6234816,Cloth Of Stars (IRE),520,,369,29,22,37,24,0.82,0.08,-150.55
sir_6234816,Cloth Of Stars (IRE),520,Class 4,50,7,11,5,1,0.96,0.14,-16.82
sir_6234816,Cloth Of Stars (IRE),520,Class 5,41,2,5,5,6,0.49,0.05,-32.83
sir_6234816,Cloth Of Stars (IRE),520,Class 2,20,2,2,3,2,0.74,0.1,16.5
sir_6234816,Cloth Of Stars (IRE),520,Class 6,16,4,1,2,4,1.3,0.25,-1.5
sir_6234816,Cloth Of Stars (IRE),520,Class 3,14,3,0,2,1,1.54,0.21,13.71
sir_6234816,Cloth Of Stars (IRE),520,Class 1,10,0,2,1,2,0.0,0.0,-10.0
sir_3410925,Bienamado (USA),521,,208,7,13,9,10,0.46,0.03,-148.17
sir_3410925,Bienamado (USA),521,Class 4,135,14,17,13,10,0.91,0.1,-19.72
sir_3410925,Bienamado (USA),521,Class 5,106,10,17,12,11,0.73,0.09,-47.05
sir_3410925,Bienamado (USA),521,Class 3,33,5,5,0,1,1.11,0.15,-1.5
sir_3410925,Bienamado (USA),521,Class 6,22,4,3,3,2,1.26,0.18,10.75
sir_3410925,Bienamado (USA),521,Class 2,9,0,0,0,0,0.0,0.0,-9.0
sir_3410925,Bienamado (USA),521,Class 1,8,1,1,1,0,1.18,0.12,2.0
sir_5141556,Rajsaman (FR),2738,,2292,161,148,165,203,0.81,0.07,-531.63
sir_5141556,Rajsaman (FR),2738,Class 4,137,11,14,24,13,0.69,0.08,-45.17
sir_5141556,Rajsaman (FR),2738,Class 6,134,7,14,11,15,0.48,0.05,-86.5
sir_5141556,Rajsaman (FR),2738,Class 5,121,11,18,12,13,0.9,0.09,-56.62
sir_5141556,Rajsaman (FR),2738,Class 3,39,3,7,5,4,0.61,0.08,-26.62
sir_5141556,Rajsaman (FR),2738,Class 2,9,0,0,0,2,0.0,0.0,-9.0
sir_5141556,Rajsaman (FR),2738,Class 1,6,0,0,0,0,0.0,0.0,-6.0
sir_3779741,Le Fou (IRE),1364,,648,32,54,44,46,0.66,0.05,-325.25
sir_3779741,Le Fou (IRE),1364,Class 4,280,37,34,31,34,0.89,0.13,8.59
sir_3779741,Le Fou (IRE),1364,Class 5,233,17,27,24,21,0.64,0.07,-125.67
sir_3779741,Le Fou (IRE),1364,Class 3,104,14,17,15,14,0.89,0.13,-29.87
sir_3779741,Le Fou (IRE),1364,Class 2,46,6,4,2,4,1.34,0.13,7.25
sir_3779741,Le Fou (IRE),1364,Class 1,39,3,4,2,3,0.98,0.08,1.0
sir_3779741,Le Fou (IRE),1364,Class 6,14,1,2,1,0,0.52,0.07,-12.2
sir_11245626,Seabhac (USA),283,,256,24,20,25,27,1.03,0.09,6.0
sir_11245626,Seabhac (USA),283,Class 5,9,1,2,0,0,0.83,0.11,-5.75
sir_11245626,Seabhac (USA),283,Class 6,8,0,3,2,0,0.0,0.0,-8.0
sir_11245626,Seabhac (USA),283,Class 3,5,1,0,0,0,2.21,0.2,6.1
sir_11245626,Seabhac (USA),283,Class 4,4,0,0,0,1,0.0,0.0,-4.0
sir_11245626,Seabhac (USA),283,Class 1,1,0,0,0,0,0.0,0.0,-1.0
sir_3631110,More Than Ready (USA),4445,,2549,323,261,296,234,0.89,0.13,-496.44
sir_3631110,More Than Ready (USA),4445,Class 5,649,62,70,73,69,0.73,0.1,-281.81
sir_3631110,More Than Ready (USA),4445,Class 4,538,51,46,37,58,0.84,0.09,-41.01
sir_3631110,More Than Ready (USA),4445,Class 6,243,21,20,24,23,0.8,0.09,-71.82
sir_3631110,More Than Ready (USA),4445,Class 3,223,23,20,15,18,0.85,0.1,-130.31
sir_3631110,More Than Ready (USA),4445,Class 2,128,14,10,6,10,0.9,0.11,-22.56
sir_3631110,More Than Ready (USA),4445,Class 1,110,12,17,14,9,0.77,0.11,-60.27
sir_3631110,More Than Ready (USA),4445,Class 7,5,0,0,0,0,0.0,0.0,-5.0
sir_6000799,Goken (FR),1126,,1006,96,98,81,93,0.91,0.1,-137.42
sir_6000799,Goken (FR),1126,Class 5,36,2,8,5,6,0.32,0.06,-22.38
sir_6000799,Goken (FR),1126,Class 4,33,4,5,4,1,0.86,0.12,-11.93
sir_6000799,Goken (FR),1126,Class 2,16,1,2,2,1,0.78,0.06,-13.25
sir_6000799,Goken (FR),1126,Class 6,15,4,2,1,1,1.51,0.27,16.5
sir_6000799,Goken (FR),1126,Class 3,12,2,0,4,0,1.26,0.17,14.5
sir_6000799,Goken (FR),1126,Class 1,8,1,0,0,2,1.93,0.12,1.0
sir_6212724,Birchwood (IRE),622,,571,29,35,33,55,0.68,0.05,-335.45
sir_6212724,Birchwood (IRE),622,Class 5,24,0,2,4,4,0.0,0.0,-24.0
sir_6212724,Birchwood (IRE),622,Class 4,13,0,2,2,1,0.0,0.0,-13.0
sir_6212724,Birchwood (IRE),622,Class 6,7,0,1,0,1,0.0,0.0,-7.0
sir_6212724,Birchwood (IRE),622,Class 3,6,1,1,0,2,1.48,0.17,9.0
sir_6212724,Birchwood (IRE),622,Class 2,1,0,0,0,1,0.0,0.0,-1.0
sir_8483132,Le Brivido (FR),196,,76,4,6,6,8,0.7,0.05,-44.0
sir_8483132,Le Brivido (FR),196,Class 6,44,6,9,3,4,1.08,0.14,-10.15
sir_8483132,Le Brivido (FR),196,Class 5,43,2,2,5,6,0.83,0.05,-12.0
sir_8483132,Le Brivido (FR),196,Class 4,27,1,3,4,4,0.5,0.04,-20.5
sir_8483132,Le Brivido (FR),196,Class 3,3,0,0,0,0,0.0,0.0,-3.0
sir_8483132,Le Brivido (FR),196,Class 2,3,0,0,0,0,0.0,0.0,-3.0
sir_4759531,Captain Gerrard (IRE),3007,Class 6,1175,102,123,102,107,0.81,0.09,-249.47
sir_4759531,Captain Gerrard (IRE),3007,Class 5,888,64,102,89,93,0.72,0.07,-367.98
sir_4759531,Captain Gerrard (IRE),3007,Class 4,356,27,32,36,40,0.8,0.08,-89.17
sir_4759531,Captain Gerrard (IRE),3007,,338,25,30,30,19,0.82,0.07,-105.85
sir_4759531,Captain Gerrard (IRE),3007,Class 3,109,15,11,5,11,1.33,0.14,29.83
sir_4759531,Captain Gerrard (IRE),3007,Class 2,55,7,4,3,5,1.21,0.13,13.0
sir_4759531,Captain Gerrard (IRE),3007,Class 1,47,2,5,4,4,0.66,0.04,1.5
sir_4759531,Captain Gerrard (IRE),3007,Class 7,39,1,3,5,4,0.31,0.03,-33.0
sir_5452111,Burwaaz (GB),169,Class 6,56,9,3,6,10,1.16,0.16,6.44
sir_5452111,Burwaaz (GB),169,Class 5,46,4,4,3,7,0.77,0.09,-5.12
sir_5452111,Burwaaz (GB),169,,36,2,0,2,2,1.11,0.06,-6.0
sir_5452111,Burwaaz (GB),169,Class 4,12,1,4,1,2,0.57,0.08,-8.0
sir_5452111,Burwaaz (GB),169,Class 2,10,0,2,0,2,0.0,0.0,-10.0
sir_5452111,Burwaaz (GB),169,Class 3,8,1,0,2,2,0.92,0.12,-4.75
sir_5452111,Burwaaz (GB),169,Class 1,1,0,0,1,0,0.0,0.0,-1.0
sir_5818484,War Command (USA),2288,,834,65,61,63,83,0.85,0.08,-74.19
sir_5818484,War Command (USA),2288,Class 5,462,55,45,46,48,1.06,0.12,-46.59
sir_5818484,War Command (USA),2288,Class 6,392,39,40,33,37,0.85,0.1,-32.64
sir_5818484,War Command (USA),2288,Class 4,350,37,36,27,46,0.89,0.11,-61.35
sir_5818484,War Command (USA),2288,Class 3,154,15,10,19,20,0.84,0.1,-16.05
sir_5818484,War Command (USA),2288,Class 2,66,6,6,8,7,0.81,0.09,-42.42
sir_5818484,War Command (USA),2288,Class 1,29,3,0,1,5,1.55,0.1,14.0
sir_5818484,War Command (USA),2288,Class 7,1,0,0,1,0,0.0,0.0,-1.0
sir_5796266,Master Carpenter (IRE),102,Class 6,54,9,7,2,2,1.23,0.17,11.91
sir_5796266,Master Carpenter (IRE),102,Class 5,35,5,1,3,1,1.35,0.14,-16.27
sir_5796266,Master Carpenter (IRE),102,Class 4,10,0,1,0,0,0.0,0.0,-10.0
sir_5796266,Master Carpenter (IRE),102,Class 3,2,0,0,0,0,0.0,0.0,-2.0
sir_5796266,Master Carpenter (IRE),102,Class 2,1,0,0,0,0,0.0,0.0,-1.0
sir_5006204,Munnings (USA),725,,650,105,94,76,75,0.9,0.16,-39.74
sir_5006204,Munnings (USA),725,Class 6,36,1,2,1,5,0.28,0.03,-30.0
sir_5006204,Munnings (USA),725,Class 5,13,1,1,1,1,1.1,0.08,-9.5
sir_5006204,Munnings (USA),725,Class 4,11,1,0,2,1,1.0,0.09,-8.38
sir_5006204,Munnings (USA),725,Class 1,7,1,2,0,1,1.27,0.14,-3.1
sir_5006204,Munnings (USA),725,Class 7,4,1,0,0,0,1.43,0.25,0.33
sir_5006204,Munnings (USA),725,Class 2,3,0,1,0,1,0.0,0.0,-3.0
sir_5006204,Munnings (USA),725,Class 3,1,0,1,0,0,0.0,0.0,-1.0
sir_5126478,Canford Cliffs (IRE),5250,,1898,167,168,162,151,0.88,0.09,-473.26
sir_5126478,Canford Cliffs (IRE),5250,Class 5,1071,127,124,117,109,0.95,0.12,11.51
sir_5126478,Canford Cliffs (IRE),5250,Class 6,808,73,97,91,86,0.72,0.09,-302.39
sir_5126478,Canford Cliffs (IRE),5250,Class 4,763,77,75,91,82,0.85,0.1,-125.22
sir_5126478,Canford Cliffs (IRE),5250,Class 3,321,35,41,46,39,0.87,0.11,-86.01
sir_5126478,Canford Cliffs (IRE),5250,Class 2,265,28,16,35,21,0.95,0.11,61.5
sir_5126478,Canford Cliffs (IRE),5250,Class 1,110,9,11,11,11,0.8,0.08,-73.32
sir_5126478,Canford Cliffs (IRE),5250,Class 7,14,1,4,2,0,0.65,0.07,3.0
sir_4928105,Blek (FR),111,,105,6,4,10,9,0.88,0.06,-31.4
sir_4928105,Blek (FR),111,Class 5,4,0,0,1,0,0.0,0.0,-4.0
sir_4928105,Blek (FR),111,Class 4,2,0,0,0,0,0.0,0.0,-2.0
sir_7175203,Capri (IRE),8,Class 4,3,0,0,0,0,0.0,0.0,-3.0
sir_7175203,Capri (IRE),8,,3,0,1,0,0,0.0,0.0,-3.0
sir_7175203,Capri (IRE),8,Class 5,2,0,0,0,1,0.0,0.0,-2.0
sir_4589844,Rail Link (GB),2884,,808,79,67,85,79,0.83,0.1,-247.95
sir_4589844,Rail Link (GB),2884,Class 5,656,67,73,77,81,0.83,0.1,-82.18
sir_4589844,Rail Link (GB),2884,Class 4,498,58,57,50,42,0.88,0.12,-96.24
sir_4589844,Rail Link (GB),2884,Class 6,494,61,53,63,45,0.95,0.12,63.84
sir_4589844,Rail Link (GB),2884,Class 3,183,24,22,25,19,0.97,0.13,1.98
sir_4589844,Rail Link (GB),2884,Class 2,167,13,17,16,16,0.86,0.08,-51.34
sir_4589844,Rail Link (GB),2884,Class 1,74,6,3,5,12,0.79,0.08,-33.25
sir_4589844,Rail Link (GB),2884,Class 7,4,2,0,0,0,3.67,0.5,14.25
sir_3659369,Curtain Time (IRE),487,,214,20,21,20,20,0.96,0.09,85.84
sir_3659369,Curtain Time (IRE),487,Class 4,133,11,13,16,12,0.62,0.08,-49.39
sir_3659369,Curtain Time (IRE),487,Class 5,79,10,15,10,4,0.86,0.13,-7.84
sir_3659369,Curtain Time (IRE),487,Class 3,33,5,6,6,4,1.12,0.15,-6.63
sir_3659369,Curtain Time (IRE),487,Class 6,10,1,0,0,0,1.36,0.1,-8.2
sir_3659369,Curtain Time (IRE),487,Class 1,9,1,0,0,1,2.12,0.11,-2.0
sir_3659369,Curtain Time (IRE),487,Class 2,9,0,1,1,1,0.0,0.0,-9.0
sir_6104420,Petillo (FR),70,,38,1,2,6,2,0.36,0.03,-9.0
sir_6104420,Petillo (FR),70,Class 4,16,0,1,0,4,0.0,0.0,-16.0
sir_6104420,Petillo (FR),70,Class 5,13,0,4,1,0,0.0,0.0,-13.0
sir_6104420,Petillo (FR),70,Class 3,2,0,1,0,0,0.0,0.0,-2.0
sir_6104420,Petillo (FR),70,Class 2,1,0,0,0,0,0.0,0.0,-1.0
sir_5925304,Cannock Chase (USA),275,Class 5,110,7,9,9,8,0.87,0.06,-2.38
sir_5925304,Cannock Chase (USA),275,Class 4,65,4,12,6,10,0.39,0.06,-36.88
sir_5925304,Cannock Chase (USA),275,Class 6,64,4,1,4,3,1.07,0.06,-0.45
sir_5925304,Cannock Chase (USA),275,Class 3,14,3,2,0,4,0.83,0.21,-6.15
sir_5925304,Cannock Chase (USA),275,,12,2,1,2,1,0.46,0.17,-8.53
sir_5925304,Cannock Chase (USA),275,Class 2,8,1,1,0,0,0.84,0.12,0.5
sir_5925304,Cannock Chase (USA),275,Class 1,2,0,0,2,0,0.0,0.0,-2.0
sir_11429670,Flag Of Honour (IRE),20,Class 5,9,0,0,0,0,0.0,0.0,-9.0
sir_11429670,Flag Of Honour (IRE),20,Class 4,7,0,3,1,1,0.0,0.0,-7.0
sir_11429670,Flag Of Honour (IRE),20,Class 6,4,0,0,0,0,0.0,0.0,-4.0
sir_4855088,Into Mischief (USA),1469,,1394,207,207,186,165,0.79,0.15,-400.44
sir_4855088,Into Mischief (USA),1469,Class 4,24,0,3,1,1,0.0,0.0,-24.0
sir_4855088,Into Mischief (USA),1469,Class 5,21,6,1,2,4,1.75,0.29,8.05
sir_4855088,Into Mischief (USA),1469,Class 3,14,2,3,2,0,0.6,0.14,-5.85
sir_4855088,Into Mischief (USA),1469,Class 6,6,0,0,0,2,0.0,0.0,-6.0
sir_4855088,Into Mischief (USA),1469,Class 1,6,1,1,1,0,1.0,0.17,13.7
sir_4855088,Into Mischief (USA),1469,Class 2,4,0,1,1,0,0.0,0.0,-4.0
sir_5783848,Karakontie (JPN),340,,197,37,31,16,18,1.11,0.19,93.57
sir_5783848,Karakontie (JPN),340,Class 5,42,6,7,4,4,0.89,0.14,-17.6
sir_5783848,Karakontie (JPN),340,Class 4,36,5,7,2,4,1.01,0.14,3.27
sir_5783848,Karakontie (JPN),340,Class 6,30,3,7,1,5,0.74,0.1,-14.5
sir_5783848,Karakontie (JPN),340,Class 2,15,1,1,1,2,0.5,0.07,6.0
sir_5783848,Karakontie (JPN),340,Class 3,12,0,2,2,1,0.0,0.0,-12.0
sir_5783848,Karakontie (JPN),340,Class 1,8,1,1,0,0,1.03,0.12,-0.5
sir_5600931,Hillstar (GB),352,,226,10,15,9,20,0.61,0.04,-185.69
sir_5600931,Hillstar (GB),352,Class 4,63,3,11,4,3,0.44,0.05,-50.31
sir_5600931,Hillstar (GB),352,Class 5,52,8,7,6,5,1.26,0.15,17.5
sir_5600931,Hillstar (GB),352,Class 3,9,1,1,2,1,0.69,0.11,-7.09
sir_5600931,Hillstar (GB),352,Class 1,1,0,0,1,0,0.0,0.0,-1.0
sir_5600931,Hillstar (GB),352,Class 2,1,0,0,0,0,0.0,0.0,-1.0
sir_4804128,High Rock (IRE),418,,319,21,21,30,31,0.83,0.07,-150.32
sir_4804128,High Rock (IRE),418,Class 4,35,2,5,2,2,0.49,0.06,-24.0
sir_4804128,High Rock (IRE),418,Class 3,28,6,6,3,4,1.15,0.21,12.38
sir_4804128,High Rock (IRE),418,Class 5,13,1,1,3,0,0.78,0.08,-6.5
sir_4804128,High Rock (IRE),418,Class 2,13,1,3,2,1,0.63,0.08,-3.5
sir_4804128,High Rock (IRE),418,Class 1,6,0,0,1,0,0.0,0.0,-6.0
sir_4804128,High Rock (IRE),418,Class 6,4,1,0,1,0,1.37,0.25,0.5
sir_4850699,Cima De Triomphe (IRE),331,,252,22,14,26,17,0.87,0.09,-23.87
sir_4850699,Cima De Triomphe (IRE),331,Class 4,25,4,3,2,4,0.89,0.16,-14.2
sir_4850699,Cima De Triomphe (IRE),331,Class 1,18,2,4,3,2,0.72,0.11,-6.5
sir_4850699,Cima De Triomphe (IRE),331,Class 5,17,2,3,1,0,0.73,0.12,-12.0
sir_4850699,Cima De Triomphe (IRE),331,Class 2,11,2,2,0,2,1.21,0.18,14.5
sir_4850699,Cima De Triomphe (IRE),331,Class 3,8,1,0,1,1,0.55,0.12,-6.8
sir_3548622,Millenary (GB),1379,,727,55,54,48,52,0.95,0.08,-217.58
sir_3548622,Millenary (GB),1379,Class 4,273,25,26,35,21,0.83,0.09,-120.34
sir_3548622,Millenary (GB),1379,Class 5,230,33,25,27,21,1.05,0.14,-56.44
sir_3548622,Millenary (GB),1379,Class 3,73,9,8,7,10,0.91,0.12,-33.34
sir_3548622,Millenary (GB),1379,Class 6,39,7,9,2,2,0.97,0.18,14.16
sir_3548622,Millenary (GB),1379,Class 1,19,1,0,2,2,0.74,0.05,-4.0
sir_3548622,Millenary (GB),1379,Class 2,18,3,5,0,1,1.41,0.17,-3.0
sir_9648492,Tunis (POL),100,,87,13,7,10,6,1.05,0.15,36.46
sir_9648492,Tunis (POL),100,Class 5,5,1,1,0,0,0.97,0.2,1.0
sir_9648492,Tunis (POL),100,Class 4,5,1,3,0,1,1.31,0.2,3.0
sir_9648492,Tunis (POL),100,Class 3,2,0,0,0,1,0.0,0.0,-2.0
sir_9648492,Tunis (POL),100,Class 1,1,0,0,0,0,0.0,0.0,-1.0
sir_3843581,Bollin Eric (GB),1301,Class 4,474,37,39,48,33,0.83,0.08,-168.55
sir_3843581,Bollin Eric (GB),1301,Class 5,437,43,35,36,43,0.99,0.1,-130.52
sir_3843581,Bollin Eric (GB),1301,Class 6,192,19,19,14,20,0.99,0.1,-68.35
sir_3843581,Bollin Eric (GB),1301,Class 3,101,14,8,12,12,1.07,0.14,46.5
sir_3843581,Bollin Eric (GB),1301,,49,7,5,3,5,1.33,0.14,22.65
sir_3843581,Bollin Eric (GB),1301,Class 2,38,3,5,3,2,0.82,0.08,-25.25
sir_3843581,Bollin Eric (GB),1301,Class 1,10,0,0,0,0,0.0,0.0,-10.0
sir_5850271,Bande (IRE),23,,22,1,4,3,2,0.44,0.05,-8.4
sir_5850271,Bande (IRE),23,Class 5,1,1,0,0,0,5.0,1.0,4.0
sir_5384960,Gemix (FR),418,,387,35,27,41,42,0.83,0.09,-181.08
sir_5384960,Gemix (FR),418,Class 4,22,1,2,3,2,0.35,0.05,-17.8
sir_5384960,Gemix (FR),418,Class 5,7,0,0,0,1,0.0,0.0,-7.0
sir_5384960,Gemix (FR),418,Class 1,2,0,0,0,0,0.0,0.0,-2.0
sir_7603442,Practical Joke (USA),274,,269,37,34,33,30,0.77,0.14,-91.75
sir_7603442,Practical Joke (USA),274,Class 5,3,0,0,0,0,0.0,0.0,-3.0
sir_7603442,Practical Joke (USA),274,Class 6,2,0,0,0,0,0.0,0.0,-2.0
sir_4985372,Delegator (GB),1891,Class 6,688,83,85,58,64,1.11,0.12,70.04
sir_4985372,Delegator (GB),1891,Class 5,492,51,43,45,59,0.97,0.1,-103.41
sir_4985372,Delegator (GB),1891,Class 4,307,31,30,43,30,0.77,0.1,-84.79
sir_4985372,Delegator (GB),1891,Class 3,139,18,23,18,9,0.95,0.13,-26.4
sir_4985372,Delegator (GB),1891,,116,11,12,11,11,0.9,0.09,-35.1
sir_4985372,Delegator (GB),1891,Class 2,93,9,11,7,8,0.98,0.1,-6.67
sir_4985372,Delegator (GB),1891,Class 1,32,3,2,6,2,1.22,0.09,31.0
sir_4985372,Delegator (GB),1891,Class 7,24,0,0,2,3,0.0,0.0,-24.0
sir_5493852,Harbour Watch (IRE),3782,Class 5,1040,91,105,100,120,0.78,0.09,-260.2
sir_5493852,Harbour Watch (IRE),3782,Class 6,962,113,97,95,83,0.99,0.12,-269.31
sir_5493852,Harbour Watch (IRE),3782,,736,80,81,77,71,0.86,0.11,-177.89
sir_5493852,Harbour Watch (IRE),3782,Class 4,609,52,68,57,78,0.77,0.09,-153.7
sir_5493852,Harbour Watch (IRE),3782,Class 2,197,19,28,18,13,0.89,0.1,-57.75
sir_5493852,Harbour Watch (IRE),3782,Class 3,143,19,20,15,16,0.98,0.13,-8.94
sir_5493852,Harbour Watch (IRE),3782,Class 1,92,11,14,8,11,1.01,0.12,9.25
sir_5493852,Harbour Watch (IRE),3782,Class 7,3,0,0,0,0,0.0,0.0,-3.0
sir_4009068,Haafhd (GB),4912,Class 5,1513,158,152,176,153,0.89,0.1,-338.66
sir_4009068,Haafhd (GB),4912,Class 6,1157,139,135,125,120,0.96,0.12,-163.44
sir_4009068,Haafhd (GB),4912,Class 4,925,105,102,103,92,0.93,0.11,-105.76
sir_4009068,Haafhd (GB),4912,,639,62,68,84,58,0.78,0.1,-136.55
sir_4009068,Haafhd (GB),4912,Class 3,309,41,40,35,35,1.05,0.13,30.56
sir_4009068,Haafhd (GB),4912,Class 2,243,23,22,23,20,0.96,0.09,4.73
sir_4009068,Haafhd (GB),4912,Class 1,108,11,13,10,13,0.94,0.1,-5.5
sir_4009068,Haafhd (GB),4912,Class 7,18,1,1,2,1,0.5,0.06,-11.5
sir_5050801,Native Ruler (GB),363,Class 5,156,9,12,12,21,0.75,0.06,-68.77
sir_5050801,Native Ruler (GB),363,Class 4,122,12,15,21,13,0.93,0.1,-39.27
sir_5050801,Native Ruler (GB),363,Class 6,59,1,6,3,5,0.24,0.02,-53.5
sir_5050801,Native Ruler (GB),363,Class 3,11,2,1,0,1,1.58,0.18,-6.7
sir_5050801,Native Ruler (GB),363,,10,0,0,0,0,0.0,0.0,-10.0
sir_5050801,Native Ruler (GB),363,Class 2,3,0,0,0,1,0.0,0.0,-3.0
sir_5050801,Native Ruler (GB),363,Class 1,1,0,0,0,0,0.0,0.0,-1.0
sir_5050801,Native Ruler (GB),363,Class 7,1,0,0,0,0,0.0,0.0,-1.0
sir_6134142,Disco Partner (USA),2,,1,0,0,0,0,0.0,0.0,-1.0
sir_6134142,Disco Partner (USA),2,Class 5,1,0,0,0,0,0.0,0.0,-1.0
sir_13988366,Legends Of War (USA),18,Class 5,9,0,0,1,0,0.0,0.0,-9.0
sir_13988366,Legends Of War (USA),18,,8,0,0,0,0,0.0,0.0,-8.0
sir_13988366,Legends Of War (USA),18,Class 6,1,0,0,0,0,0.0,0.0,-1.0
sir_6259309,Marcel (IRE),185,,86,5,6,4,3,0.93,0.06,5.13
sir_6259309,Marcel (IRE),185,Class 6,41,4,2,3,7,0.84,0.1,-28.39
sir_6259309,Marcel (IRE),185,Class 5,35,3,3,3,2,0.88,0.09,-23.77
sir_6259309,Marcel (IRE),185,Class 4,14,0,0,3,1,0.0,0.0,-14.0
sir_6259309,Marcel (IRE),185,Class 3,5,1,0,1,1,1.66,0.2,0.0
sir_6259309,Marcel (IRE),185,Class 2,2,0,0,0,0,0.0,0.0,-2.0
sir_6259309,Marcel (IRE),185,Class 1,2,0,0,0,0,0.0,0.0,-2.0
sir_5636379,Pedro The Great (USA),1116,,983,78,78,84,102,0.77,0.08,-299.3
sir_5636379,Pedro The Great (USA),1116,Class 2,42,4,3,6,2,1.06,0.1,10.5
sir_5636379,Pedro The Great (USA),1116,Class 4,26,2,3,4,0,0.55,0.08,-16.75
sir_5636379,Pedro The Great (USA),1116,Class 6,21,1,1,1,1,0.95,0.05,-10.0
sir_5636379,Pedro The Great (USA),1116,Class 3,20,2,4,5,2,0.74,0.1,-7.5
sir_5636379,Pedro The Great (USA),1116,Class 5,20,1,3,4,2,0.45,0.05,-17.12
sir_5636379,Pedro The Great (USA),1116,Class 1,4,1,0,1,1,2.52,0.25,4.3
sir_3748654,Anabaa Blue (GB),1818,,1555,118,122,141,133,0.87,0.08,-297.5
sir_3748654,Anabaa Blue (GB),1818,Class 4,103,11,16,10,8,0.71,0.11,-45.38
sir_3748654,Anabaa Blue (GB),1818,Class 5,66,6,10,7,7,0.76,0.09,7.83
sir_3748654,Anabaa Blue (GB),1818,Class 6,44,2,7,8,7,0.35,0.05,-35.0
sir_3748654,Anabaa Blue (GB),1818,Class 3,32,5,4,6,2,0.92,0.16,-10.75
sir_3748654,Anabaa Blue (GB),1818,Class 1,13,0,2,1,1,0.0,0.0,-13.0
sir_3748654,Anabaa Blue (GB),1818,Class 2,5,1,0,0,0,1.2,0.2,-2.75
sir_6265854,Idaho (IRE),45,,22,0,1,0,1,0.0,0.0,-22.0
sir_6265854,Idaho (IRE),45,Class 4,11,0,4,3,1,0.0,0.0,-11.0
sir_6265854,Idaho (IRE),45,Class 5,8,1,2,1,0,1.05,0.12,-2.5
sir_6265854,Idaho (IRE),45,Class 2,2,1,0,0,0,4.26,0.5,2.5
sir_6265854,Idaho (IRE),45,Class 1,1,0,0,0,0,0.0,0.0,-1.0
sir_6265854,Idaho (IRE),45,Class 3,1,0,0,0,0,0.0,0.0,-1.0
sir_3635513,Kutub (IRE),1000,,626,43,57,51,51,0.83,0.07,-192.37
sir_3635513,Kutub (IRE),1000,Class 4,167,19,21,17,18,0.84,0.11,-92.69
sir_3635513,Kutub (IRE),1000,Class 5,117,13,5,6,15,1.11,0.11,-31.72
sir_3635513,Kutub (IRE),1000,Class 3,43,4,7,6,5,0.57,0.09,9.44
sir_3635513,Kutub (IRE),1000,Class 6,19,6,1,4,0,1.16,0.32,-7.81
sir_3635513,Kutub (IRE),1000,Class 1,16,1,1,1,1,0.71,0.06,-6.0
sir_3635513,Kutub (IRE),1000,Class 2,12,1,2,1,2,0.45,0.08,3.0
sir_3958990,Big Bad Bob (IRE),4744,,2547,213,220,235,221,0.77,0.08,-790.82
sir_3958990,Big Bad Bob (IRE),4744,Class 5,796,70,72,82,82,0.8,0.09,-295.27
sir_3958990,Big Bad Bob (IRE),4744,Class 6,566,63,43,61,46,0.94,0.11,25.07
sir_3958990,Big Bad Bob (IRE),4744,Class 4,507,44,39,62,52,0.8,0.09,-192.76
sir_3958990,Big Bad Bob (IRE),4744,Class 3,186,18,13,17,22,0.94,0.1,1.31
sir_3958990,Big Bad Bob (IRE),4744,Class 2,106,6,10,6,9,0.57,0.06,-61.0
sir_3958990,Big Bad Bob (IRE),4744,Class 1,28,1,4,1,5,0.39,0.04,-25.12
sir_3958990,Big Bad Bob (IRE),4744,Class 7,8,1,0,0,0,1.46,0.12,-5.12
sir_3779559,Gamut (IRE),1780,,1014,69,79,80,82,0.72,0.07,-491.86
sir_3779559,Gamut (IRE),1780,Class 4,305,43,25,44,42,1.02,0.14,-81.26
sir_3779559,Gamut (IRE),1780,Class 5,219,18,23,22,25,0.67,0.08,-127.99
sir_3779559,Gamut (IRE),1780,Class 3,97,13,7,15,12,0.84,0.13,-22.43
sir_3779559,Gamut (IRE),1780,Class 6,70,7,10,6,4,0.94,0.1,-27.25
sir_3779559,Gamut (IRE),1780,Class 1,43,2,5,9,2,0.39,0.05,-25.12
sir_3779559,Gamut (IRE),1780,Class 2,32,4,5,2,4,0.93,0.12,62.75
sir_5003733,Recharge (IRE),255,Class 5,83,8,7,7,10,0.97,0.1,-42.0
sir_5003733,Recharge (IRE),255,Class 4,80,4,7,5,6,0.79,0.05,-30.0
sir_5003733,Recharge (IRE),255,,60,1,3,6,3,0.35,0.02,-46.3
sir_5003733,Recharge (IRE),255,Class 6,16,0,2,1,2,0.0,0.0,-16.0
sir_5003733,Recharge (IRE),255,Class 3,14,0,2,1,2,0.0,0.0,-14.0
sir_5003733,Recharge (IRE),255,Class 2,1,0,0,0,0,0.0,0.0,-1.0
sir_5003733,Recharge (IRE),255,Class 1,1,0,0,0,0,0.0,0.0,-1.0
sir_3501729,Kingsalsa (USA),2898,,2294,179,214,184,170,0.84,0.08,-351.24
sir_3501729,Kingsalsa (USA),2898,Class 4,218,28,22,27,27,0.96,0.13,-27.89
sir_3501729,Kingsalsa (USA),2898,Class 5,152,23,10,17,12,1.18,0.15,11.41
sir_3501729,Kingsalsa (USA),2898,Class 3,115,8,22,15,12,0.58,0.07,-54.0
sir_3501729,Kingsalsa (USA),2898,Class 6,49,6,8,4,3,0.89,0.12,-13.33
sir_3501729,Kingsalsa (USA),2898,Class 2,39,4,3,2,5,1.28,0.1,-14.0
sir_3501729,Kingsalsa (USA),2898,Class 1,31,6,2,2,3,1.34,0.19,3.37
sir_4831939,Gio Ponti (USA),325,,167,16,22,12,15,0.79,0.1,-41.32
sir_4831939,Gio Ponti (USA),325,Class 6,72,3,6,12,6,0.4,0.04,-64.42
sir_4831939,Gio Ponti (USA),325,Class 5,44,7,2,5,3,1.58,0.16,-2.5
sir_4831939,Gio Ponti (USA),325,Class 4,24,2,2,2,2,0.77,0.08,-19.5
sir_4831939,Gio Ponti (USA),325,Class 3,18,1,3,1,1,0.58,0.06,-11.25
sir_8630146,Mastery (USA),69,,56,5,7,4,9,0.55,0.09,-38.25
sir_8630146,Mastery (USA),69,Class 5,5,0,0,0,1,0.0,0.0,-5.0
sir_8630146,Mastery (USA),69,Class 6,3,0,0,0,0,0.0,0.0,-3.0
sir_8630146,Mastery (USA),69,Class 4,3,0,0,0,0,0.0,0.0,-3.0
sir_8630146,Mastery (USA),69,Class 3,1,0,0,1,0,0.0,0.0,-1.0
sir_8630146,Mastery (USA),69,Class 2,1,0,0,0,0,0.0,0.0,-1.0
sir_5633796,Lucayan (FR),210,,162,5,11,10,14,0.43,0.03,-116.7
sir_5633796,Lucayan (FR),210,Class 5,27,5,5,3,4,0.93,0.19,-4.85
sir_5633796,Lucayan (FR),210,Class 4,16,1,1,4,2,0.54,0.06,-11.0
sir_5633796,Lucayan (FR),210,Class 2,4,1,0,0,0,1.48,0.25,-2.09
sir_5633796,Lucayan (FR),210,Class 3,1,0,0,0,0,0.0,0.0,-1.0
sir_5957245,Magneticjim (IRE),131,,82,7,4,6,5,1.18,0.09,-11.2
sir_5957245,Magneticjim (IRE),131,Class 4,21,4,3,2,1,0.81,0.19,12.88
sir_5957245,Magneticjim (IRE),131,Class 5,19,0,3,0,3,0.0,0.0,-19.0
sir_5957245,Magneticjim (IRE),131,Class 2,5,1,1,1,0,1.3,0.2,3.5
sir_5957245,Magneticjim (IRE),131,Class 3,4,0,0,1,0,0.0,0.0,-4.0
sir_3861886,Jelani (IRE),86,Class 5,44,2,7,3,4,0.45,0.05,-22.67
sir_3861886,Jelani (IRE),86,Class 6,23,1,2,1,2,0.53,0.04,-20.9
sir_3861886,Jelani (IRE),86,Class 4,16,1,0,0,3,0.91,0.06,-14.17
sir_3861886,Jelani (IRE),86,Class 3,2,0,0,0,0,0.0,0.0,-2.0
sir_3861886,Jelani (IRE),86,Class 7,1,0,0,0,0,0.0,0.0,-1.0
sir_6044185,My Dream Boat (IRE),49,,35,3,4,5,1,1.09,0.09,-3.0
sir_6044185,My Dream Boat (IRE),49,Class 5,7,2,1,1,2,1.06,0.29,-1.75
sir_6044185,My Dream Boat (IRE),49,Class 4,4,0,0,2,2,0.0,0.0,-4.0
sir_6044185,My Dream Boat (IRE),49,Class 1,3,0,1,1,1,0.0,0.0,-3.0
sir_5305055,Scalo (GB),240,,217,11,15,21,18,0.56,0.05,46.5
sir_5305055,Scalo (GB),240,Class 5,10,0,0,1,0,0.0,0.0,-10.0
sir_5305055,Scalo (GB),240,Class 3,7,0,1,0,0,0.0,0.0,-7.0
sir_5305055,Scalo (GB),240,Class 4,6,0,0,0,0,0.0,0.0,-6.0
sir_5834787,Mondialiste (IRE),739,Class 5,264,23,28,26,39,0.85,0.09,-29.19
sir_5834787,Mondialiste (IRE),739,Class 6,215,6,18,21,12,0.35,0.03,-184.55
sir_5834787,Mondialiste (IRE),739,Class 4,105,5,7,13,14,0.56,0.05,-82.24
sir_5834787,Mondialiste (IRE),739,,90,8,7,10,7,0.87,0.09,-52.77
sir_5834787,Mondialiste (IRE),739,Class 3,37,3,4,3,4,1.0,0.08,-12.35
sir_5834787,Mondialiste (IRE),739,Class 1,16,0,1,2,3,0.0,0.0,-16.0
sir_5834787,Mondialiste (IRE),739,Class 2,12,0,3,0,2,0.0,0.0,-12.0
sir_5856886,Flintshire (GB),266,,101,13,15,12,12,0.92,0.13,21.19
sir_5856886,Flintshire (GB),266,Class 6,82,14,11,14,7,1.1,0.17,7.6
sir_5856886,Flintshire (GB),266,Class 5,55,3,6,9,4,0.47,0.05,-27.25
sir_5856886,Flintshire (GB),266,Class 4,17,1,2,3,2,0.41,0.06,4.0
sir_5856886,Flintshire (GB),266,Class 3,9,0,1,2,4,0.0,0.0,-9.0
sir_5856886,Flintshire (GB),266,Class 1,1,0,0,0,1,0.0,0.0,-1.0
sir_5856886,Flintshire (GB),266,Class 2,1,0,0,1,0,0.0,0.0,-1.0
sir_5287968,Silver Pond (FR),29,Class 6,15,2,3,1,2,1.25,0.13,2.2
sir_5287968,Silver Pond (FR),29,Class 5,14,0,0,2,0,0.0,0.0,-14.0
sir_5601218,Toronado (IRE),3968,,1809,173,147,187,166,0.92,0.1,-256.6
sir_5601218,Toronado (IRE),3968,Class 4,561,70,49,62,58,0.95,0.12,5.93
sir_5601218,Toronado (IRE),3968,Class 5,545,64,69,66,62,0.89,0.12,-146.62
sir_5601218,Toronado (IRE),3968,Class 3,425,44,55,43,51,0.72,0.1,-172.67
sir_5601218,Toronado (IRE),3968,Class 6,368,48,40,30,35,0.95,0.13,-70.11
sir_5601218,Toronado (IRE),3968,Class 2,184,14,15,24,21,0.57,0.08,-70.7
sir_5601218,Toronado (IRE),3968,Class 1,75,7,4,7,6,0.9,0.09,-33.7
sir_5601218,Toronado (IRE),3968,Class 7,1,0,0,0,0,0.0,0.0,-1.0
sir_4598426,Barastraight (GB),291,,235,35,28,23,15,1.09,0.15,-17.87
sir_4598426,Barastraight (GB),291,Class 4,25,3,1,2,6,0.7,0.12,31.5
sir_4598426,Barastraight (GB),291,Class 5,19,2,5,2,0,0.53,0.11,-7.9
sir_4598426,Barastraight (GB),291,Class 1,8,0,0,0,2,0.0,0.0,-8.0
sir_4598426,Barastraight (GB),291,Class 3,3,0,0,0,1,0.0,0.0,-3.0
sir_4598426,Barastraight (GB),291,Class 2,1,0,0,0,0,0.0,0.0,-1.0
sir_4997909,Urban Poet (USA),426,,372,22,23,28,27,0.74,0.06,-149.05
sir_4997909,Urban Poet (USA),426,Class 4,24,3,5,4,1,0.86,0.12,-14.38
sir_4997909,Urban Poet (USA),426,Class 5,24,0,4,1,1,0.0,0.0,-24.0
sir_4997909,Urban Poet (USA),426,Class 2,2,0,1,0,1,0.0,0.0,-2.0
sir_4997909,Urban Poet (USA),426,Class 1,2,0,0,1,0,0.0,0.0,-2.0
sir_4997909,Urban Poet (USA),426,Class 6,1,0,0,0,0,0.0,0.0,-1.0
sir_4997909,Urban Poet (USA),426,Class 3,1,0,0,0,0,0.0,0.0,-1.0
sir_3584833,Silvano (GER),1236,,883,89,89,76,71,0.82,0.1,-199.89
sir_3584833,Silvano (GER),1236,Class 5,93,11,8,6,11,1.14,0.12,1.21
sir_3584833,Silvano (GER),1236,Class 4,83,6,13,7,9,0.59,0.07,-62.77
sir_3584833,Silvano (GER),1236,Class 3,60,6,6,7,5,0.86,0.1,-46.21
sir_3584833,Silvano (GER),1236,Class 1,52,8,9,7,4,1.49,0.15,41.2
sir_3584833,Silvano (GER),1236,Class 2,36,4,7,1,5,0.91,0.11,-9.85
sir_3584833,Silvano (GER),1236,Class 6,23,1,1,1,5,0.51,0.04,-20.25
sir_3584833,Silvano (GER),1236,Class 7,6,0,1,1,1,0.0,0.0,-6.0
sir_4664667,Eastern Anthem (IRE),155,Class 5,71,1,8,9,9,0.23,0.01,-65.5
sir_4664667,Eastern Anthem (IRE),155,Class 4,44,4,1,3,3,1.58,0.09,-20.25
sir_4664667,Eastern Anthem (IRE),155,,23,5,0,3,2,2.11,0.22,40.7
sir_4664667,Eastern Anthem (IRE),155,Class 6,8,0,0,0,0,0.0,0.0,-8.0
sir_4664667,Eastern Anthem (IRE),155,Class 2,6,1,0,0,0,2.66,0.17,1.5
sir_4664667,Eastern Anthem (IRE),155,Class 3,3,0,0,1,0,0.0,0.0,-3.0
sir_10092838,Yafta (GB),47,,33,1,0,5,2,0.49,0.03,-11.2
sir_10092838,Yafta (GB),47,Class 5,8,2,1,1,1,1.54,0.25,-2.5
sir_10092838,Yafta (GB),47,Class 4,4,1,0,1,0,1.35,0.25,-1.38
sir_10092838,Yafta (GB),47,Class 6,2,0,0,0,0,0.0,0.0,-2.0
sir_4214315,Shamardal (USA),12649,,5075,641,577,522,509,0.9,0.13,-421.07
sir_4214315,Shamardal (USA),12649,Class 5,2435,399,361,335,260,0.87,0.16,-567.0
sir_4214315,Shamardal (USA),12649,Class 4,1869,289,254,229,207,0.89,0.15,-398.37
sir_4214315,Shamardal (USA),12649,Class 2,930,110,92,101,88,0.88,0.12,-143.29
sir_4214315,Shamardal (USA),12649,Class 3,900,128,116,98,106,0.86,0.14,-193.64
sir_4214315,Shamardal (USA),12649,Class 6,809,103,93,78,75,0.91,0.13,-197.43
sir_4214315,Shamardal (USA),12649,Class 1,621,95,72,77,55,0.99,0.15,-133.64
sir_4214315,Shamardal (USA),12649,Class 7,10,2,1,0,2,1.04,0.2,-4.72
sir_4648868,Mores Wells (GB),184,Class 4,65,16,9,15,6,1.29,0.25,16.45
sir_4648868,Mores Wells (GB),184,,46,3,2,3,4,1.54,0.07,-26.5
sir_4648868,Mores Wells (GB),184,Class 5,42,5,4,7,4,0.79,0.12,-14.5
sir_4648868,Mores Wells (GB),184,Class 3,25,2,2,6,2,0.67,0.08,-13.5
sir_4648868,Mores Wells (GB),184,Class 2,6,1,0,0,0,1.01,0.17,-1.67
sir_5490562,Red Dubawi (IRE),215,,170,13,12,20,11,0.87,0.08,-48.5
sir_5490562,Red Dubawi (IRE),215,Class 3,22,5,4,4,0,1.4,0.23,0.5
sir_5490562,Red Dubawi (IRE),215,Class 4,14,5,1,1,3,1.65,0.36,19.42
sir_5490562,Red Dubawi (IRE),215,Class 5,3,1,0,0,0,1.15,0.33,-1.27
sir_5490562,Red Dubawi (IRE),215,Class 1,3,0,0,0,0,0.0,0.0,-3.0
sir_5490562,Red Dubawi (IRE),215,Class 2,3,1,0,0,0,2.79,0.33,3.0
sir_6026909,Ivawood (IRE),1297,,599,47,36,35,51,0.9,0.08,-179.36
sir_6026909,Ivawood (IRE),1297,Class 5,236,28,22,17,25,1.01,0.12,10.08
sir_6026909,Ivawood (IRE),1297,Class 6,202,21,18,24,25,0.93,0.1,102.66
sir_6026909,Ivawood (IRE),1297,Class 4,134,11,17,19,14,0.73,0.08,-44.75
sir_6026909,Ivawood (IRE),1297,Class 2,58,5,8,7,4,0.81,0.09,-7.5
sir_6026909,Ivawood (IRE),1297,Class 3,55,9,8,5,5,1.18,0.16,1.45
sir_6026909,Ivawood (IRE),1297,Class 1,13,1,0,1,1,0.76,0.08,-8.0
sir_3894415,Alkaased (USA),98,,24,0,0,2,1,0.0,0.0,-24.0
sir_3894415,Alkaased (USA),98,Class 5,24,0,2,2,4,0.0,0.0,-24.0
sir_3894415,Alkaased (USA),98,Class 4,17,1,2,0,0,0.73,0.06,-15.56
sir_3894415,Alkaased (USA),98,Class 2,13,4,2,1,3,1.71,0.31,24.8
sir_3894415,Alkaased (USA),98,Class 1,12,3,0,1,1,2.03,0.25,2.88
sir_3894415,Alkaased (USA),98,Class 6,6,0,0,0,1,0.0,0.0,-6.0
sir_3894415,Alkaased (USA),98,Class 3,2,0,0,0,0,0.0,0.0,-2.0
sir_3548237,Dapper (GB),234,Class 5,75,10,4,8,8,1.23,0.13,-25.46
sir_3548237,Dapper (GB),234,Class 4,71,10,11,8,6,1.23,0.14,18.73
sir_3548237,Dapper (GB),234,Class 6,43,2,6,3,6,0.56,0.05,-29.0
sir_3548237,Dapper (GB),234,Class 3,31,5,5,4,3,1.04,0.16,-13.17
sir_3548237,Dapper (GB),234,Class 2,12,1,1,1,1,0.66,0.08,-9.62
sir_3548237,Dapper (GB),234,Class 1,2,0,0,0,0,0.0,0.0,-2.0
sir_4072320,Rule Of Law (USA),303,,187,8,11,12,22,0.58,0.04,-132.3
sir_4072320,Rule Of Law (USA),303,Class 4,58,6,8,7,5,0.86,0.1,-27.34
sir_4072320,Rule Of Law (USA),303,Class 5,45,5,7,6,0,0.7,0.11,-21.13
sir_4072320,Rule Of Law (USA),303,Class 3,10,0,1,3,0,0.0,0.0,-10.0
sir_4072320,Rule Of Law (USA),303,Class 2,2,0,0,0,0,0.0,0.0,-2.0
sir_4072320,Rule Of Law (USA),303,Class 6,1,0,0,0,0,0.0,0.0,-1.0
sir_4222589,Fracas (IRE),715,,497,40,38,55,43,0.83,0.08,-231.54
sir_4222589,Fracas (IRE),715,Class 4,90,13,6,11,14,1.18,0.14,12.17
sir_4222589,Fracas (IRE),715,Class 5,69,5,6,10,5,0.73,0.07,-36.25
sir_4222589,Fracas (IRE),715,Class 6,30,2,4,2,5,0.77,0.07,-21.0
sir_4222589,Fracas (IRE),715,Class 2,10,0,1,1,1,0.0,0.0,-10.0
sir_4222589,Fracas (IRE),715,Class 1,10,0,2,0,0,0.0,0.0,-10.0
sir_4222589,Fracas (IRE),715,Class 3,9,1,2,2,2,0.67,0.11,-2.0
sir_5561437,Pastorius (GER),628,,470,51,61,42,47,0.86,0.11,-119.94
sir_5561437,Pastorius (GER),628,Class 4,43,7,7,6,4,1.03,0.16,-3.69
sir_5561437,Pastorius (GER),628,Class 5,42,5,7,5,4,0.75,0.12,-6.5
sir_5561437,Pastorius (GER),628,Class 3,22,4,6,2,4,0.93,0.18,-6.0
sir_5561437,Pastorius (GER),628,Class 2,22,2,2,2,1,0.79,0.09,-11.67
sir_5561437,Pastorius (GER),628,Class 6,15,3,1,2,0,1.36,0.2,0.75
sir_5561437,Pastorius (GER),628,Class 1,14,3,2,1,1,1.48,0.21,-2.75
sir_5532338,Shantaram (GB),152,,84,1,3,3,2,0.35,0.01,42.0
sir_5532338,Shantaram (GB),152,Class 4,26,5,0,3,1,1.68,0.19,-5.04
sir_5532338,Shantaram (GB),152,Class 5,21,1,0,1,1,0.84,0.05,-4.0
sir_5532338,Shantaram (GB),152,Class 3,15,2,7,1,1,0.56,0.13,-10.34
sir_5532338,Shantaram (GB),152,Class 2,3,0,1,1,0,0.0,0.0,-3.0
sir_5532338,Shantaram (GB),152,Class 1,3,0,0,0,0,0.0,0.0,-3.0
sir_4817260,Full Of Gold (FR),355,,255,13,27,27,17,0.52,0.05,-188.78
sir_4817260,Full Of Gold (FR),355,Class 3,29,3,5,5,3,0.59,0.1,-6.0
sir_4817260,Full Of Gold (FR),355,Class 2,24,2,4,2,8,0.5,0.08,-20.3
sir_4817260,Full Of Gold (FR),355,Class 4,23,2,1,2,2,0.69,0.09,-18.25
sir_4817260,Full Of Gold (FR),355,Class 5,14,0,0,2,1,0.0,0.0,-14.0
sir_4817260,Full Of Gold (FR),355,Class 1,6,0,1,1,0,0.0,0.0,-6.0
sir_4817260,Full Of Gold (FR),355,Class 6,4,0,0,1,1,0.0,0.0,-4.0
sir_5934992,Forever Now (GB),37,Class 4,17,0,0,0,2,0.0,0.0,-17.0
sir_5934992,Forever Now (GB),37,Class 5,14,1,1,2,1,2.84,0.07,15.0
sir_5934992,Forever Now (GB),37,Class 6,4,0,0,0,0,0.0,0.0,-4.0
sir_5934992,Forever Now (GB),37,Class 3,1,0,0,0,0,0.0,0.0,-1.0
sir_5934992,Forever Now (GB),37,Class 2,1,0,0,0,0,0.0,0.0,-1.0
sir_5552386,Tai Chi (GER),163,,150,11,11,12,9,0.78,0.07,-71.85
sir_5552386,Tai Chi (GER),163,Class 4,7,2,1,1,0,1.17,0.29,-2.81
sir_5552386,Tai Chi (GER),163,Class 5,3,0,0,0,0,0.0,0.0,-3.0
sir_5552386,Tai Chi (GER),163,Class 1,2,0,0,0,1,0.0,0.0,-2.0
sir_5552386,Tai Chi (GER),163,Class 3,1,0,0,0,0,0.0,0.0,-1.0
sir_3888920,Fair Mix (IRE),2573,Class 4,940,72,90,96,121,0.68,0.08,-436.27
sir_3888920,Fair Mix (IRE),2573,Class 5,810,50,78,84,78,0.63,0.06,-405.9
sir_3888920,Fair Mix (IRE),2573,Class 6,283,14,19,24,32,0.52,0.05,-220.46
sir_3888920,Fair Mix (IRE),2573,,231,16,24,18,20,0.65,0.07,-115.94
sir_3888920,Fair Mix (IRE),2573,Class 3,187,21,23,23,15,0.82,0.11,-72.39
sir_3888920,Fair Mix (IRE),2573,Class 2,71,6,12,11,4,0.56,0.08,-42.14
sir_3888920,Fair Mix (IRE),2573,Class 1,51,6,3,3,3,0.83,0.12,-35.64
sir_5863004,Fly With Me (FR),111,,82,8,8,6,6,1.07,0.1,71.9
sir_5863004,Fly With Me (FR),111,Class 5,17,0,3,1,3,0.0,0.0,-17.0
sir_5863004,Fly With Me (FR),111,Class 4,9,0,0,1,0,0.0,0.0,-9.0
sir_5863004,Fly With Me (FR),111,Class 2,2,1,0,1,0,3.77,0.5,3.5
sir_5863004,Fly With Me (FR),111,Class 3,1,0,0,0,0,0.0,0.0,-1.0
sir_7129689,Whitecliffsofdover (USA),268,,251,10,11,20,11,0.62,0.04,-78.4
sir_7129689,Whitecliffsofdover (USA),268,Class 6,11,0,1,0,1,0.0,0.0,-11.0
sir_7129689,Whitecliffsofdover (USA),268,Class 5,4,0,0,1,0,0.0,0.0,-4.0
sir_7129689,Whitecliffsofdover (USA),268,Class 4,2,0,0,1,0,0.0,0.0,-2.0
sir_4387173,Assertive (GB),1572,Class 6,620,35,65,65,48,0.62,0.06,-246.5
sir_4387173,Assertive (GB),1572,Class 5,437,39,39,48,58,0.89,0.09,-73.29
sir_4387173,Assertive (GB),1572,Class 4,277,24,36,30,20,0.77,0.09,-67.38
sir_4387173,Assertive (GB),1572,Class 3,105,8,16,12,12,0.69,0.08,-42.0
sir_4387173,Assertive (GB),1572,Class 2,60,4,5,2,5,0.81,0.07,-2.5
sir_4387173,Assertive (GB),1572,,28,3,2,1,0,0.95,0.11,-14.38
sir_4387173,Assertive (GB),1572,Class 7,27,2,4,2,1,0.83,0.07,-10.0
sir_4387173,Assertive (GB),1572,Class 1,18,1,0,0,3,0.72,0.06,-11.0
sir_6217232,Noble Bird (USA),8,,5,0,1,1,0,0.0,0.0,-5.0
sir_6217232,Noble Bird (USA),8,Class 5,3,0,0,0,0,0.0,0.0,-3.0
sir_5197836,So You Think (NZ),2359,,1414,117,121,124,133,0.84,0.08,-319.98
sir_5197836,So You Think (NZ),2359,Class 4,325,33,24,36,24,0.98,0.1,-81.71
sir_5197836,So You Think (NZ),2359,Class 5,235,21,27,32,22,0.79,0.09,-87.28
sir_5197836,So You Think (NZ),2359,Class 3,198,22,21,18,13,0.92,0.11,-33.79
sir_5197836,So You Think (NZ),2359,Class 6,107,17,13,8,8,1.16,0.16,44.91
sir_5197836,So You Think (NZ),2359,Class 2,60,3,6,8,4,0.47,0.05,-47.15
sir_5197836,So You Think (NZ),2359,Class 1,20,2,0,2,0,1.76,0.1,-4.4
sir_3298582,Blueprint (IRE),1698,,628,48,55,52,61,0.84,0.08,-194.63
sir_3298582,Blueprint (IRE),1698,Class 4,495,49,61,60,64,0.77,0.1,-137.65
sir_3298582,Blueprint (IRE),1698,Class 5,252,34,26,23,28,1.14,0.13,17.45
sir_3298582,Blueprint (IRE),1698,Class 3,163,25,22,22,15,1.22,0.15,33.62
sir_3298582,Blueprint (IRE),1698,Class 6,79,7,11,8,5,0.99,0.09,-8.37
sir_3298582,Blueprint (IRE),1698,Class 2,53,4,7,8,4,0.81,0.08,-30.0
sir_3298582,Blueprint (IRE),1698,Class 1,28,0,0,2,4,0.0,0.0,-28.0
sir_6803671,Harbour Law (GB),21,Class 5,10,0,0,0,1,0.0,0.0,-10.0
sir_6803671,Harbour Law (GB),21,Class 4,6,0,0,0,0,0.0,0.0,-6.0
sir_6803671,Harbour Law (GB),21,Class 6,5,0,0,0,0,0.0,0.0,-5.0
sir_4623647,Archipenko (USA),3092,Class 5,831,95,89,85,99,0.91,0.11,-215.29
sir_4623647,Archipenko (USA),3092,Class 6,676,99,79,43,65,1.15,0.15,114.65
sir_4623647,Archipenko (USA),3092,,597,58,51,50,43,0.99,0.1,168.82
sir_4623647,Archipenko (USA),3092,Class 4,596,48,76,68,54,0.64,0.08,-320.17
sir_4623647,Archipenko (USA),3092,Class 3,185,18,16,30,17,0.75,0.1,-73.14
sir_4623647,Archipenko (USA),3092,Class 2,109,13,7,8,12,1.03,0.12,-9.0
sir_4623647,Archipenko (USA),3092,Class 1,84,10,7,4,9,1.3,0.12,-4.18
sir_4623647,Archipenko (USA),3092,Class 7,14,2,0,0,2,1.06,0.14,-5.88
sir_5064906,Vita Venturi (IRE),75,,70,2,6,6,1,0.54,0.03,-32.75
sir_5064906,Vita Venturi (IRE),75,Class 5,3,0,0,0,0,0.0,0.0,-3.0
sir_5064906,Vita Venturi (IRE),75,Class 4,1,0,0,0,0,0.0,0.0,-1.0
sir_5064906,Vita Venturi (IRE),75,Class 3,1,0,0,0,0,0.0,0.0,-1.0
sir_4783275,Estejo (GER),90,,83,15,15,12,4,0.77,0.18,-20.0
sir_4783275,Estejo (GER),90,Class 4,5,1,1,0,0,2.08,0.2,0.5
sir_4783275,Estejo (GER),90,Class 3,2,0,0,0,1,0.0,0.0,-2.0
sir_6076728,Karaktar (IRE),387,,271,40,30,26,29,0.97,0.15,-38.2
sir_6076728,Karaktar (IRE),387,Class 4,56,9,3,5,7,1.09,0.16,-14.75
sir_6076728,Karaktar (IRE),387,Class 5,21,2,0,1,0,1.02,0.1,-6.0
sir_6076728,Karaktar (IRE),387,Class 3,17,4,2,3,2,1.05,0.24,-0.25
sir_6076728,Karaktar (IRE),387,Class 1,11,2,2,0,0,1.51,0.18,-4.38
sir_6076728,Karaktar (IRE),387,Class 2,11,1,1,1,0,0.81,0.09,-6.0
sir_4905250,Vision D'Etat (FR),944,,696,88,64,60,61,0.92,0.13,-143.51
sir_4905250,Vision D'Etat (FR),944,Class 4,92,14,16,13,7,0.79,0.15,-44.43
sir_4905250,Vision D'Etat (FR),944,Class 5,53,5,3,5,6,0.83,0.09,-23.7
sir_4905250,Vision D'Etat (FR),944,Class 3,45,5,6,5,10,0.74,0.11,-3.5
sir_4905250,Vision D'Etat (FR),944,Class 2,32,2,3,3,2,0.66,0.06,-23.25
sir_4905250,Vision D'Etat (FR),944,Class 6,14,1,0,4,1,0.5,0.07,-10.25
sir_4905250,Vision D'Etat (FR),944,Class 1,12,0,1,2,1,0.0,0.0,-12.0
sir_19527683,Tiz The Law (USA),27,,25,4,5,3,2,1.07,0.16,-6.0
sir_19527683,Tiz The Law (USA),27,Class 5,1,1,0,0,0,2.38,1.0,1.38
sir_19527683,Tiz The Law (USA),27,Class 4,1,1,0,0,0,3.0,1.0,2.0
sir_5594365,Lord Kanaloa (JPN),992,,891,100,68,66,69,1.06,0.11,-13.47
sir_5594365,Lord Kanaloa (JPN),992,Class 3,50,6,4,4,3,0.99,0.12,10.26
sir_5594365,Lord Kanaloa (JPN),992,Class 4,27,7,2,2,0,1.8,0.26,25.7
sir_5594365,Lord Kanaloa (JPN),992,Class 6,10,0,3,3,0,0.0,0.0,-10.0
sir_5594365,Lord Kanaloa (JPN),992,Class 5,7,0,0,1,0,0.0,0.0,-7.0
sir_5594365,Lord Kanaloa (JPN),992,Class 2,4,0,0,0,1,0.0,0.0,-4.0
sir_5594365,Lord Kanaloa (JPN),992,Class 1,3,0,0,0,0,0.0,0.0,-3.0
sir_5648727,Epaulette (AUS),3425,,1340,100,117,112,106,0.82,0.07,-277.58
sir_5648727,Epaulette (AUS),3425,Class 6,704,69,73,78,92,0.88,0.1,-106.64
sir_5648727,Epaulette (AUS),3425,Class 5,598,65,57,73,50,0.97,0.11,38.27
sir_5648727,Epaulette (AUS),3425,Class 4,415,42,49,37,45,0.85,0.1,-123.71
sir_5648727,Epaulette (AUS),3425,Class 3,209,32,27,13,21,1.21,0.15,-31.57
sir_5648727,Epaulette (AUS),3425,Class 2,130,14,14,14,7,1.07,0.11,18.5
sir_5648727,Epaulette (AUS),3425,Class 1,24,0,5,1,3,0.0,0.0,-24.0
sir_5648727,Epaulette (AUS),3425,Class 7,5,1,1,1,1,1.7,0.2,3.0
sir_776510,Dr Massini (IRE),5951,,2817,216,205,184,202,0.82,0.08,-1004.49
sir_776510,Dr Massini (IRE),5951,Class 4,1228,183,142,148,118,1.1,0.15,-89.5
sir_776510,Dr Massini (IRE),5951,Class 5,736,69,84,73,102,0.8,0.09,-149.05
sir_776510,Dr Massini (IRE),5951,Class 3,554,70,63,57,55,0.95,0.13,-90.96
sir_776510,Dr Massini (IRE),5951,Class 6,239,30,22,24,18,1.08,0.13,-38.77
sir_776510,Dr Massini (IRE),5951,Class 2,213,24,19,24,22,1.05,0.11,2.24
sir_776510,Dr Massini (IRE),5951,Class 1,164,13,14,18,14,0.82,0.08,-47.58
sir_3727269,Vinnie Roe (IRE),3066,,1511,130,121,132,145,0.82,0.09,-502.42
sir_3727269,Vinnie Roe (IRE),3066,Class 4,645,97,82,94,75,0.94,0.15,-158.11
sir_3727269,Vinnie Roe (IRE),3066,Class 5,376,41,35,46,32,0.88,0.11,-25.94
sir_3727269,Vinnie Roe (IRE),3066,Class 3,231,43,32,28,26,1.09,0.19,2.3
sir_3727269,Vinnie Roe (IRE),3066,Class 2,122,14,14,13,8,0.85,0.11,-6.5
sir_3727269,Vinnie Roe (IRE),3066,Class 1,116,11,11,10,10,0.8,0.09,-13.08
sir_3727269,Vinnie Roe (IRE),3066,Class 6,65,10,10,11,7,1.06,0.15,-3.17
sir_4692114,Frozen Fire (GER),269,,200,9,9,19,8,0.65,0.04,-127.62
sir_4692114,Frozen Fire (GER),269,Class 4,37,4,0,4,1,1.24,0.11,-5.25
sir_4692114,Frozen Fire (GER),269,Class 5,25,3,2,3,2,1.25,0.12,2.33
sir_4692114,Frozen Fire (GER),269,Class 3,3,0,0,1,0,0.0,0.0,-3.0
sir_4692114,Frozen Fire (GER),269,Class 2,2,0,0,0,0,0.0,0.0,-2.0
sir_4692114,Frozen Fire (GER),269,Class 6,2,0,0,1,0,0.0,0.0,-2.0
sir_5179104,Planteur (IRE),1311,,955,67,81,71,86,0.8,0.07,-309.5
sir_5179104,Planteur (IRE),1311,Class 5,100,10,9,12,11,0.89,0.1,11.37
sir_5179104,Planteur (IRE),1311,Class 4,98,9,17,9,13,0.8,0.09,-2.75
sir_5179104,Planteur (IRE),1311,Class 6,73,12,11,10,11,1.05,0.16,12.17
sir_5179104,Planteur (IRE),1311,Class 3,38,3,5,2,4,0.91,0.08,-15.17
sir_5179104,Planteur (IRE),1311,Class 2,24,4,5,1,2,1.11,0.17,-6.62
sir_5179104,Planteur (IRE),1311,Class 1,23,8,4,2,5,1.11,0.35,5.98
sir_4506089,Hurricane Cat (USA),1370,,1173,128,102,120,94,0.97,0.11,15.0
sir_4506089,Hurricane Cat (USA),1370,Class 4,53,8,8,7,5,0.89,0.15,-24.92
sir_4506089,Hurricane Cat (USA),1370,Class 5,48,6,3,5,7,0.97,0.12,49.75
sir_4506089,Hurricane Cat (USA),1370,Class 3,47,3,5,4,4,0.64,0.06,-31.75
sir_4506089,Hurricane Cat (USA),1370,Class 2,39,3,4,1,1,0.8,0.08,-24.5
sir_4506089,Hurricane Cat (USA),1370,Class 6,7,2,0,0,0,1.67,0.29,-0.75
sir_4506089,Hurricane Cat (USA),1370,Class 1,3,1,0,0,0,6.42,0.33,9.6
sir_4452693,Deep Impact (JPN),3790,,3501,376,366,334,275,0.82,0.11,-523.74
sir_4452693,Deep Impact (JPN),3790,Class 3,78,6,5,8,12,0.81,0.08,-16.25
sir_4452693,Deep Impact (JPN),3790,Class 4,58,4,9,7,2,0.57,0.07,-24.75
sir_4452693,Deep Impact (JPN),3790,Class 1,58,14,6,3,10,1.22,0.24,8.25
sir_4452693,Deep Impact (JPN),3790,Class 5,57,10,14,9,4,0.87,0.18,1.66
sir_4452693,Deep Impact (JPN),3790,Class 2,23,0,3,1,0,0.0,0.0,-23.0
sir_4452693,Deep Impact (JPN),3790,Class 6,15,2,1,3,1,0.9,0.13,-4.5
sir_5992434,Bayern (USA),107,,102,16,19,10,12,1.1,0.16,54.9
sir_5992434,Bayern (USA),107,Class 5,3,2,0,1,0,1.72,0.67,0.53
sir_5992434,Bayern (USA),107,Class 4,2,0,0,0,0,0.0,0.0,-2.0
sir_7108171,Prince Of Lir (IRE),1078,,366,25,33,25,28,0.8,0.07,-54.12
sir_7108171,Prince Of Lir (IRE),1078,Class 5,216,29,15,29,22,1.02,0.13,-14.97
sir_7108171,Prince Of Lir (IRE),1078,Class 6,187,12,10,13,17,0.65,0.06,-45.79
sir_7108171,Prince Of Lir (IRE),1078,Class 4,147,20,12,17,16,1.06,0.14,7.5
sir_7108171,Prince Of Lir (IRE),1078,Class 2,67,10,3,4,3,1.24,0.15,-0.62
sir_7108171,Prince Of Lir (IRE),1078,Class 3,61,4,3,7,10,0.56,0.07,-41.25
sir_7108171,Prince Of Lir (IRE),1078,Class 1,34,3,5,3,3,0.79,0.09,6.0
sir_5351703,French Navy (GB),651,,438,37,27,34,34,1.09,0.08,-45.38
sir_5351703,French Navy (GB),651,Class 5,66,8,8,6,11,0.97,0.12,-12.3
sir_5351703,French Navy (GB),651,Class 6,60,5,11,7,9,0.54,0.08,-39.82
sir_5351703,French Navy (GB),651,Class 4,29,5,3,3,6,1.13,0.17,-6.79
sir_5351703,French Navy (GB),651,Class 2,25,2,1,4,4,0.67,0.08,-4.0
sir_5351703,French Navy (GB),651,Class 3,24,5,1,2,4,1.54,0.21,1.33
sir_5351703,French Navy (GB),651,Class 1,9,2,0,2,1,2.66,0.22,2.5
sir_4494112,Carlotamix (FR),999,,647,67,54,45,52,1.02,0.1,31.57
sir_4494112,Carlotamix (FR),999,Class 5,140,11,8,27,16,0.66,0.08,-57.67
sir_4494112,Carlotamix (FR),999,Class 4,125,15,9,18,13,0.91,0.12,-64.92
sir_4494112,Carlotamix (FR),999,Class 3,37,3,5,9,5,0.48,0.08,-23.0
sir_4494112,Carlotamix (FR),999,Class 6,28,3,9,4,3,0.75,0.11,-3.5
sir_4494112,Carlotamix (FR),999,Class 2,18,1,2,3,2,0.4,0.06,-11.0
sir_4494112,Carlotamix (FR),999,Class 1,4,0,0,0,1,0.0,0.0,-4.0
sir_3591329,Giant's Causeway (USA),6122,,3369,433,447,381,343,0.85,0.13,-627.37
sir_3591329,Giant's Causeway (USA),6122,Class 5,784,95,80,87,100,0.78,0.12,-215.68
sir_3591329,Giant's Causeway (USA),6122,Class 4,706,96,75,74,78,0.96,0.14,-71.31
sir_3591329,Giant's Causeway (USA),6122,Class 6,377,39,40,36,38,0.78,0.1,-164.15
sir_3591329,Giant's Causeway (USA),6122,Class 3,325,48,31,39,36,1.07,0.15,12.45
sir_3591329,Giant's Causeway (USA),6122,Class 2,323,21,33,34,23,0.6,0.07,-155.22
sir_3591329,Giant's Causeway (USA),6122,Class 1,230,27,21,31,25,0.84,0.12,-40.25
sir_3591329,Giant's Causeway (USA),6122,Class 7,8,4,0,0,0,1.66,0.5,2.54
sir_4485327,September Storm (GER),1103,,489,32,27,34,36,0.98,0.07,-163.0
sir_4485327,September Storm (GER),1103,Class 4,274,24,29,31,34,0.67,0.09,-161.31
sir_4485327,September Storm (GER),1103,Class 5,199,20,22,19,26,0.91,0.1,-24.22
sir_4485327,September Storm (GER),1103,Class 3,71,9,10,8,13,0.86,0.13,-17.92
sir_4485327,September Storm (GER),1103,Class 6,34,2,2,3,5,0.47,0.06,-25.0
sir_4485327,September Storm (GER),1103,Class 1,18,3,2,1,1,0.84,0.17,-7.08
sir_4485327,September Storm (GER),1103,Class 2,18,2,0,3,0,0.85,0.11,-2.0
sir_3841789,Denham Red (FR),628,,404,61,37,54,39,0.99,0.15,-76.92
sir_3841789,Denham Red (FR),628,Class 4,96,16,16,13,10,0.98,0.17,-9.49
sir_3841789,Denham Red (FR),628,Class 1,43,10,10,3,0,0.9,0.23,-2.19
sir_3841789,Denham Red (FR),628,Class 3,39,3,5,2,6,0.56,0.08,-19.88
sir_3841789,Denham Red (FR),628,Class 2,30,7,1,4,4,1.48,0.23,2.73
sir_3841789,Denham Red (FR),628,Class 5,8,1,2,1,2,0.74,0.12,-6.27
sir_3841789,Denham Red (FR),628,Class 6,8,1,0,4,1,1.14,0.12,-5.62
sir_6343778,Crystal Ocean (GB),49,Class 5,22,3,2,3,4,1.08,0.14,13.75
sir_6343778,Crystal Ocean (GB),49,,12,1,0,0,2,2.04,0.08,-3.6
sir_6343778,Crystal Ocean (GB),49,Class 4,8,1,1,0,3,0.85,0.12,-3.5
sir_6343778,Crystal Ocean (GB),49,Class 2,4,1,0,0,2,1.28,0.25,-0.25
sir_6343778,Crystal Ocean (GB),49,Class 6,1,0,0,0,0,0.0,0.0,-1.0
sir_6343778,Crystal Ocean (GB),49,Class 1,1,0,0,0,0,0.0,0.0,-1.0
sir_6343778,Crystal Ocean (GB),49,Class 3,1,0,0,0,1,0.0,0.0,-1.0
sir_4700157,Hard Spun (USA),3270,,1708,200,220,182,169,0.85,0.12,8.42
sir_4700157,Hard Spun (USA),3270,Class 4,514,64,54,64,63,0.9,0.12,-103.49
sir_4700157,Hard Spun (USA),3270,Class 5,414,61,47,57,58,0.9,0.15,-36.33
sir_4700157,Hard Spun (USA),3270,Class 3,256,26,20,32,15,0.78,0.1,-72.3
sir_4700157,Hard Spun (USA),3270,Class 6,148,19,19,17,11,1.08,0.13,11.97
sir_4700157,Hard Spun (USA),3270,Class 2,129,9,11,14,6,0.66,0.07,-55.74
sir_4700157,Hard Spun (USA),3270,Class 1,99,10,16,15,9,0.82,0.1,-26.5
sir_4700157,Hard Spun (USA),3270,Class 7,2,0,1,0,0,0.0,0.0,-2.0
sir_4124288,Sleeping Indian (GB),3729,Class 5,1252,103,139,138,142,0.75,0.08,-540.52
sir_4124288,Sleeping Indian (GB),3729,Class 6,1242,130,100,137,133,0.93,0.1,-224.74
sir_4124288,Sleeping Indian (GB),3729,Class 4,540,40,66,71,58,0.71,0.07,-136.72
sir_4124288,Sleeping Indian (GB),3729,,314,24,28,27,17,0.77,0.08,-143.15
sir_4124288,Sleeping Indian (GB),3729,Class 3,145,12,21,18,13,0.71,0.08,-65.56
sir_4124288,Sleeping Indian (GB),3729,Class 2,137,14,11,13,16,1.24,0.1,9.67
sir_4124288,Sleeping Indian (GB),3729,Class 1,60,4,7,2,6,0.75,0.07,-23.5
sir_4124288,Sleeping Indian (GB),3729,Class 7,39,4,4,3,7,0.9,0.1,-18.5
sir_5112191,Skins Game (GB),52,Class 1,14,1,1,2,3,1.33,0.07,3.0
sir_5112191,Skins Game (GB),52,,11,2,2,2,2,1.34,0.18,-0.4
sir_5112191,Skins Game (GB),52,Class 2,11,1,1,2,2,0.92,0.09,-2.0
sir_5112191,Skins Game (GB),52,Class 3,10,0,3,2,2,0.0,0.0,-10.0
sir_5112191,Skins Game (GB),52,Class 4,5,2,2,1,0,0.92,0.4,-1.87
sir_5112191,Skins Game (GB),52,Class 6,1,1,0,0,0,4.0,1.0,3.0
sir_552440,Smadoun (FR),1388,,819,86,93,70,93,0.88,0.11,-14.57
sir_552440,Smadoun (FR),1388,Class 4,187,27,19,20,21,0.82,0.14,-56.37
sir_552440,Smadoun (FR),1388,Class 5,119,13,17,12,15,0.75,0.11,-48.82
sir_552440,Smadoun (FR),1388,Class 1,114,14,14,16,14,0.9,0.12,-24.47
sir_552440,Smadoun (FR),1388,Class 3,84,18,10,5,8,1.05,0.21,-15.88
sir_552440,Smadoun (FR),1388,Class 2,44,9,7,4,2,1.39,0.2,-7.02
sir_552440,Smadoun (FR),1388,Class 6,21,0,4,2,2,0.0,0.0,-21.0
sir_5856053,Bow Creek (IRE),214,,170,10,15,20,15,0.61,0.06,-62.2
sir_5856053,Bow Creek (IRE),214,Class 5,18,3,0,2,1,1.14,0.17,-3.95
sir_5856053,Bow Creek (IRE),214,Class 6,17,3,4,1,0,0.98,0.18,-2.3
sir_5856053,Bow Creek (IRE),214,Class 4,7,1,0,1,1,0.81,0.14,-3.8
sir_5856053,Bow Creek (IRE),214,Class 2,2,0,0,0,1,0.0,0.0,-2.0
sir_4974025,Polarix (GB),198,,191,15,11,10,8,1.19,0.08,-9.9
sir_4974025,Polarix (GB),198,Class 5,4,0,0,1,0,0.0,0.0,-4.0
sir_4974025,Polarix (GB),198,Class 3,2,0,0,2,0,0.0,0.0,-2.0
sir_4974025,Polarix (GB),198,Class 4,1,0,0,0,0,0.0,0.0,-1.0
sir_3305358,Tertullian (USA),1324,,974,75,83,88,84,0.75,0.08,-351.35
sir_3305358,Tertullian (USA),1324,Class 5,150,14,12,19,13,0.85,0.09,-17.75
sir_3305358,Tertullian (USA),1324,Class 6,93,12,9,3,12,1.15,0.13,-0.5
sir_3305358,Tertullian (USA),1324,Class 4,73,5,8,7,8,0.61,0.07,-46.67
sir_3305358,Tertullian (USA),1324,Class 3,14,1,0,1,3,1.02,0.07,-10.75
sir_3305358,Tertullian (USA),1324,Class 1,9,1,1,0,0,2.03,0.11,-3.5
sir_3305358,Tertullian (USA),1324,Class 2,7,0,1,1,0,0.0,0.0,-7.0
sir_3305358,Tertullian (USA),1324,Class 7,4,3,0,0,0,3.49,0.75,14.38
sir_4746672,Davidoff (GER),486,,325,26,28,17,30,0.84,0.08,-107.78
sir_4746672,Davidoff (GER),486,Class 3,49,5,10,7,7,0.64,0.1,-26.25
sir_4746672,Davidoff (GER),486,Class 4,47,7,12,6,6,0.69,0.15,-24.17
sir_4746672,Davidoff (GER),486,Class 2,24,1,2,4,1,0.47,0.04,-20.5
sir_4746672,Davidoff (GER),486,Class 1,20,1,3,1,1,0.49,0.05,-14.0
sir_4746672,Davidoff (GER),486,Class 5,19,0,2,0,0,0.0,0.0,-19.0
sir_4746672,Davidoff (GER),486,Class 6,2,0,1,0,0,0.0,0.0,-2.0
sir_4932725,Cardinal (GB),25,Class 6,16,0,1,1,1,0.0,0.0,-16.0
sir_4932725,Cardinal (GB),25,Class 5,8,0,0,0,2,0.0,0.0,-8.0
sir_4932725,Cardinal (GB),25,Class 4,1,0,0,1,0,0.0,0.0,-1.0
sir_5602394,Ruler Of The World (IRE),669,,354,29,25,30,33,0.95,0.08,-124.43
sir_5602394,Ruler Of The World (IRE),669,Class 5,138,12,9,13,11,0.89,0.09,0.45
sir_5602394,Ruler Of The World (IRE),669,Class 6,99,10,8,5,13,0.87,0.1,-41.3
sir_5602394,Ruler Of The World (IRE),669,Class 4,60,4,4,10,4,0.65,0.07,-31.0
sir_5602394,Ruler Of The World (IRE),669,Class 2,7,0,0,1,0,0.0,0.0,-7.0
sir_5602394,Ruler Of The World (IRE),669,Class 1,7,1,0,2,0,1.46,0.14,8.0
sir_5602394,Ruler Of The World (IRE),669,Class 3,4,1,1,0,0,1.62,0.25,-1.25
sir_3962056,Elusive City (USA),8817,,5321,442,503,483,445,0.83,0.08,-995.38
sir_3962056,Elusive City (USA),8817,Class 5,1206,139,127,126,119,0.89,0.12,-224.45
sir_3962056,Elusive City (USA),8817,Class 4,844,90,99,82,92,0.91,0.11,-279.5
sir_3962056,Elusive City (USA),8817,Class 6,726,103,83,73,65,1.03,0.14,43.14
sir_3962056,Elusive City (USA),8817,Class 3,333,31,42,32,34,0.79,0.09,-80.04
sir_3962056,Elusive City (USA),8817,Class 2,241,18,20,22,19,0.76,0.07,-77.44
sir_3962056,Elusive City (USA),8817,Class 1,128,7,7,15,10,0.65,0.05,-71.5
sir_3962056,Elusive City (USA),8817,Class 7,18,1,2,1,3,0.48,0.06,-13.0
sir_6125175,Recorder (GB),712,,510,20,37,49,34,0.41,0.04,-357.2
sir_6125175,Recorder (GB),712,Class 5,75,7,6,8,8,0.81,0.09,-25.98
sir_6125175,Recorder (GB),712,Class 6,72,8,5,6,8,1.38,0.11,42.5
sir_6125175,Recorder (GB),712,Class 4,44,1,3,5,6,0.23,0.02,-3.0
sir_6125175,Recorder (GB),712,Class 1,5,0,0,0,1,0.0,0.0,-5.0
sir_6125175,Recorder (GB),712,Class 2,3,0,1,0,0,0.0,0.0,-3.0
sir_6125175,Recorder (GB),712,Class 3,3,0,0,0,1,0.0,0.0,-3.0
sir_6035659,Smooth Daddy (USA),212,,111,6,5,2,10,0.97,0.05,-68.4
sir_6035659,Smooth Daddy (USA),212,Class 5,45,3,7,7,7,0.6,0.07,-27.38
sir_6035659,Smooth Daddy (USA),212,Class 6,29,5,4,5,4,1.26,0.17,5.25
sir_6035659,Smooth Daddy (USA),212,Class 4,19,0,4,3,4,0.0,0.0,-19.0
sir_6035659,Smooth Daddy (USA),212,Class 2,3,0,0,1,0,0.0,0.0,-3.0
sir_6035659,Smooth Daddy (USA),212,Class 3,3,1,0,0,2,3.19,0.33,1.5
sir_6035659,Smooth Daddy (USA),212,Class 1,2,0,0,1,1,0.0,0.0,-2.0
sir_4577188,Irish Wells (FR),819,,509,42,40,38,45,0.87,0.08,-102.03
sir_4577188,Irish Wells (FR),819,Class 4,105,14,13,13,19,0.84,0.13,33.24
sir_4577188,Irish Wells (FR),819,Class 3,83,10,6,14,11,0.83,0.12,-33.0
sir_4577188,Irish Wells (FR),819,Class 5,73,6,11,10,7,0.53,0.08,-38.5
sir_4577188,Irish Wells (FR),819,Class 2,26,3,1,2,5,1.11,0.12,11.67
sir_4577188,Irish Wells (FR),819,Class 1,17,1,0,1,4,0.83,0.06,-8.0
sir_4577188,Irish Wells (FR),819,Class 6,6,1,1,1,1,0.8,0.17,-2.0
sir_5307008,Libranno (GB),91,Class 5,30,4,1,3,3,1.74,0.13,15.0
sir_5307008,Libranno (GB),91,Class 6,25,1,2,5,3,0.63,0.04,-10.0
sir_5307008,Libranno (GB),91,,22,0,0,0,0,0.0,0.0,-22.0
sir_5307008,Libranno (GB),91,Class 4,12,0,1,2,0,0.0,0.0,-12.0
sir_5307008,Libranno (GB),91,Class 3,2,0,0,0,0,0.0,0.0,-2.0
sir_4080405,Mustameet (USA),1070,,806,46,50,64,69,0.76,0.06,-422.73
sir_4080405,Mustameet (USA),1070,Class 4,122,17,24,11,13,0.8,0.14,-51.91
sir_4080405,Mustameet (USA),1070,Class 3,52,8,6,6,5,0.87,0.15,-16.65
sir_4080405,Mustameet (USA),1070,Class 5,41,9,5,3,9,1.62,0.22,24.83
sir_4080405,Mustameet (USA),1070,Class 2,22,5,3,1,2,1.61,0.23,18.12
sir_4080405,Mustameet (USA),1070,Class 1,15,1,3,0,2,0.64,0.07,-4.0
sir_4080405,Mustameet (USA),1070,Class 6,12,2,0,4,0,0.88,0.17,2.5
sir_4205425,Fight Club (GER),33,Class 5,17,0,0,1,1,0.0,0.0,-17.0
sir_4205425,Fight Club (GER),33,Class 4,12,0,0,0,0,0.0,0.0,-12.0
sir_4205425,Fight Club (GER),33,Class 6,3,0,0,0,0,0.0,0.0,-3.0
sir_4205425,Fight Club (GER),33,Class 2,1,0,0,0,0,0.0,0.0,-1.0
sir_18529882,Threat (IRE),37,,27,1,1,3,2,0.42,0.04,-24.5
sir_18529882,Threat (IRE),37,Class 5,5,2,1,1,0,1.85,0.4,15.25
sir_18529882,Threat (IRE),37,Class 4,4,0,0,1,2,0.0,0.0,-4.0
sir_18529882,Threat (IRE),37,Class 1,1,0,0,0,0,0.0,0.0,-1.0
sir_20979189,Kitkou (FR),110,,59,3,0,1,6,0.8,0.05,-26.3
sir_20979189,Kitkou (FR),110,Class 4,22,5,4,4,1,1.12,0.23,-0.62
sir_20979189,Kitkou (FR),110,Class 3,18,4,3,4,0,0.97,0.22,-3.72
sir_20979189,Kitkou (FR),110,Class 5,9,2,0,0,1,2.58,0.22,1.5
sir_20979189,Kitkou (FR),110,Class 1,2,0,0,0,0,0.0,0.0,-2.0
sir_6127597,Poet's Word (IRE),187,Class 5,57,4,11,11,4,0.44,0.07,-34.97
sir_6127597,Poet's Word (IRE),187,Class 6,55,7,5,6,11,0.96,0.13,-6.37
sir_6127597,Poet's Word (IRE),187,,47,7,5,5,5,0.99,0.15,-5.75
sir_6127597,Poet's Word (IRE),187,Class 4,23,4,1,2,3,1.61,0.17,4.45
sir_6127597,Poet's Word (IRE),187,Class 3,3,0,1,0,1,0.0,0.0,-3.0
sir_6127597,Poet's Word (IRE),187,Class 2,2,0,1,1,0,0.0,0.0,-2.0
sir_4677001,Gris De Gris (IRE),924,,548,48,33,64,47,0.79,0.09,-135.22
sir_4677001,Gris De Gris (IRE),924,Class 4,162,20,18,23,16,0.86,0.12,-63.84
sir_4677001,Gris De Gris (IRE),924,Class 5,102,17,8,7,14,1.14,0.17,118.33
sir_4677001,Gris De Gris (IRE),924,Class 3,67,8,13,9,8,0.85,0.12,-16.72
sir_4677001,Gris De Gris (IRE),924,Class 1,21,1,3,2,1,0.56,0.05,-2.0
sir_4677001,Gris De Gris (IRE),924,Class 2,19,1,3,1,7,0.6,0.05,22.0
sir_4677001,Gris De Gris (IRE),924,Class 6,5,0,3,1,1,0.0,0.0,-5.0
sir_4077878,Alkaadhem (GB),713,,425,23,20,33,31,0.75,0.05,-154.75
sir_4077878,Alkaadhem (GB),713,Class 4,95,17,9,14,5,1.17,0.18,-17.3
sir_4077878,Alkaadhem (GB),713,Class 5,86,11,8,6,8,1.1,0.13,-0.17
sir_4077878,Alkaadhem (GB),713,Class 3,41,7,6,4,4,0.96,0.17,-9.58
sir_4077878,Alkaadhem (GB),713,Class 1,35,8,2,4,5,2.07,0.23,38.5
sir_4077878,Alkaadhem (GB),713,Class 2,18,1,1,2,2,0.41,0.06,-5.0
sir_4077878,Alkaadhem (GB),713,Class 6,13,3,2,3,1,1.04,0.23,-4.75
sir_4246690,Tirwanako (FR),172,,100,12,8,9,7,1.04,0.12,-9.68
sir_4246690,Tirwanako (FR),172,Class 4,26,7,5,5,1,0.94,0.27,-6.02
sir_4246690,Tirwanako (FR),172,Class 3,19,5,1,3,4,1.26,0.26,3.67
sir_4246690,Tirwanako (FR),172,Class 1,13,3,1,0,0,2.04,0.23,4.0
sir_4246690,Tirwanako (FR),172,Class 2,7,1,0,3,0,0.62,0.14,-5.27
sir_4246690,Tirwanako (FR),172,Class 5,7,2,0,2,0,1.33,0.29,-2.3
sir_5017348,Timos (GER),48,,43,15,5,6,1,1.18,0.35,14.19
sir_5017348,Timos (GER),48,Class 1,4,2,1,0,0,0.95,0.5,0.31
sir_5017348,Timos (GER),48,Class 2,1,1,0,0,0,9.0,1.0,8.0
sir_5677651,Olympic Glory (IRE),1904,,1195,89,99,95,92,0.78,0.07,-302.57
sir_5677651,Olympic Glory (IRE),1904,Class 4,239,21,25,27,28,0.81,0.09,-30.84
sir_5677651,Olympic Glory (IRE),1904,Class 5,238,29,15,30,24,1.06,0.12,68.87
sir_5677651,Olympic Glory (IRE),1904,Class 6,136,15,16,16,14,0.83,0.11,-34.8
sir_5677651,Olympic Glory (IRE),1904,Class 3,46,4,6,5,4,0.69,0.09,-22.0
sir_5677651,Olympic Glory (IRE),1904,Class 2,35,1,3,3,5,0.25,0.03,-29.65
sir_5677651,Olympic Glory (IRE),1904,Class 1,15,2,0,2,0,1.54,0.13,8.88
sir_4058915,Kheleyf (USA),10677,Class 5,2624,291,308,275,284,0.91,0.11,-504.06
sir_4058915,Kheleyf (USA),10677,Class 6,2559,238,251,263,297,0.82,0.09,-769.06
sir_4058915,Kheleyf (USA),10677,,2488,175,215,208,225,0.7,0.07,-1016.01
sir_4058915,Kheleyf (USA),10677,Class 4,1576,128,160,176,172,0.73,0.08,-543.3
sir_4058915,Kheleyf (USA),10677,Class 3,632,49,64,73,69,0.68,0.08,-235.5
sir_4058915,Kheleyf (USA),10677,Class 2,491,31,31,42,43,0.73,0.06,-138.5
sir_4058915,Kheleyf (USA),10677,Class 1,207,5,17,12,24,0.29,0.02,-139.06
sir_4058915,Kheleyf (USA),10677,Class 7,100,4,16,8,11,0.39,0.04,-76.0
sir_6980897,Non Rien De Rien (FR),28,,26,2,2,4,5,0.63,0.08,-5.3
sir_6980897,Non Rien De Rien (FR),28,Class 1,1,0,0,0,0,0.0,0.0,-1.0
sir_6980897,Non Rien De Rien (FR),28,Class 4,1,1,0,0,0,1.8,1.0,0.8
sir_5895386,Altruistic (IRE),83,,82,4,2,5,5,0.98,0.05,-35.0
sir_5895386,Altruistic (IRE),83,Class 1,1,0,0,0,1,0.0,0.0,-1.0
sir_5607987,Top Trip (GB),157,,129,10,6,13,10,0.95,0.08,-59.9
sir_5607987,Top Trip (GB),157,Class 5,10,1,2,0,1,0.71,0.1,-6.75
sir_5607987,Top Trip (GB),157,Class 4,9,2,1,3,1,1.62,0.22,-0.88
sir_5607987,Top Trip (GB),157,Class 1,3,0,1,0,0,0.0,0.0,-3.0
sir_5607987,Top Trip (GB),157,Class 2,3,0,0,1,0,0.0,0.0,-3.0
sir_5607987,Top Trip (GB),157,Class 3,3,0,0,1,2,0.0,0.0,-3.0
sir_5799815,Finsceal Fior (IRE),509,,360,26,36,33,22,0.91,0.07,-159.07
sir_5799815,Finsceal Fior (IRE),509,Class 6,55,8,5,7,4,1.17,0.15,13.12
sir_5799815,Finsceal Fior (IRE),509,Class 5,49,1,3,2,5,0.22,0.02,-42.0
sir_5799815,Finsceal Fior (IRE),509,Class 4,31,2,3,4,2,0.72,0.06,-5.5
sir_5799815,Finsceal Fior (IRE),509,Class 3,10,0,4,0,0,0.0,0.0,-10.0
sir_5799815,Finsceal Fior (IRE),509,Class 1,3,0,0,0,1,0.0,0.0,-3.0
sir_5799815,Finsceal Fior (IRE),509,Class 2,1,0,0,0,0,0.0,0.0,-1.0
sir_4509183,Boris De Deauville (IRE),175,,117,20,6,16,10,1.28,0.17,-10.7
sir_4509183,Boris De Deauville (IRE),175,Class 4,26,3,1,4,3,0.78,0.12,-16.1
sir_4509183,Boris De Deauville (IRE),175,Class 5,15,1,1,1,3,0.45,0.07,-7.0
sir_4509183,Boris De Deauville (IRE),175,Class 3,10,1,4,2,2,0.5,0.1,-5.0
sir_4509183,Boris De Deauville (IRE),175,Class 2,5,0,1,1,0,0.0,0.0,-5.0
sir_4509183,Boris De Deauville (IRE),175,Class 1,1,0,1,0,0,0.0,0.0,-1.0
sir_4509183,Boris De Deauville (IRE),175,Class 6,1,0,0,0,0,0.0,0.0,-1.0
sir_3849349,Where Or When (IRE),1625,Class 5,501,41,56,43,53,0.87,0.08,-35.49
sir_3849349,Where Or When (IRE),1625,Class 6,391,41,33,43,39,1.03,0.1,-83.52
sir_3849349,Where Or When (IRE),1625,Class 4,312,25,31,35,33,0.87,0.08,-101.89
sir_3849349,Where Or When (IRE),1625,,290,20,21,22,19,0.86,0.07,-114.05
sir_3849349,Where Or When (IRE),1625,Class 3,50,10,3,6,4,1.64,0.2,21.5
sir_3849349,Where Or When (IRE),1625,Class 1,47,6,5,2,8,1.07,0.13,-26.0
sir_3849349,Where Or When (IRE),1625,Class 2,29,1,3,4,5,0.45,0.03,-6.0
sir_3849349,Where Or When (IRE),1625,Class 7,5,0,1,0,0,0.0,0.0,-5.0
sir_5783946,Mustajeeb (GB),168,,47,5,6,1,4,0.96,0.11,-24.67
sir_5783946,Mustajeeb (GB),168,Class 5,39,7,4,2,2,1.36,0.18,22.07
sir_5783946,Mustajeeb (GB),168,Class 6,37,0,1,1,2,0.0,0.0,-37.0
sir_5783946,Mustajeeb (GB),168,Class 4,29,2,4,2,4,0.67,0.07,-24.24
sir_5783946,Mustajeeb (GB),168,Class 2,9,1,3,0,1,1.22,0.11,-1.0
sir_5783946,Mustajeeb (GB),168,Class 1,4,0,0,0,0,0.0,0.0,-4.0
sir_5783946,Mustajeeb (GB),168,Class 3,3,0,0,0,0,0.0,0.0,-3.0
sir_4607631,Prince Flori (GER),84,,43,5,3,2,5,0.89,0.12,-22.5
sir_4607631,Prince Flori (GER),84,Class 4,23,8,4,1,3,2.18,0.35,19.98
sir_4607631,Prince Flori (GER),84,Class 3,8,0,2,2,0,0.0,0.0,-8.0
sir_4607631,Prince Flori (GER),84,Class 5,7,0,2,1,0,0.0,0.0,-7.0
sir_4607631,Prince Flori (GER),84,Class 6,3,0,0,0,0,0.0,0.0,-3.0
sir_685027,Double Eclipse (IRE),828,,301,23,20,17,25,0.84,0.08,-134.78
sir_685027,Double Eclipse (IRE),828,Class 4,188,26,22,18,16,1.19,0.14,40.15
sir_685027,Double Eclipse (IRE),828,Class 3,89,15,10,9,8,1.2,0.17,-1.55
sir_685027,Double Eclipse (IRE),828,Class 5,78,3,12,6,11,0.39,0.04,-34.0
sir_685027,Double Eclipse (IRE),828,Class 1,61,5,6,7,6,0.99,0.08,-8.12
sir_685027,Double Eclipse (IRE),828,Class 6,61,3,4,5,5,0.7,0.05,-28.62
sir_685027,Double Eclipse (IRE),828,Class 2,50,9,2,5,5,1.38,0.18,59.75
sir_5128872,Aizavoski (IRE),683,,265,28,23,24,16,0.97,0.11,-28.42
sir_5128872,Aizavoski (IRE),683,Class 4,177,30,19,28,17,1.02,0.17,8.66
sir_5128872,Aizavoski (IRE),683,Class 5,121,18,8,13,9,1.23,0.15,1.57
sir_5128872,Aizavoski (IRE),683,Class 3,71,11,12,14,11,0.89,0.15,-17.94
sir_5128872,Aizavoski (IRE),683,Class 2,30,7,2,3,2,1.31,0.23,-4.5
sir_5128872,Aizavoski (IRE),683,Class 1,19,1,1,1,1,0.56,0.05,-14.0
sir_4270791,Mountain High (IRE),2199,,1124,84,69,69,86,0.92,0.07,-279.92
sir_4270791,Mountain High (IRE),2199,Class 4,459,55,52,48,58,0.9,0.12,-162.57
sir_4270791,Mountain High (IRE),2199,Class 5,348,42,38,31,30,0.97,0.12,-88.68
sir_4270791,Mountain High (IRE),2199,Class 3,113,16,14,12,13,0.95,0.14,-33.26
sir_4270791,Mountain High (IRE),2199,Class 6,63,8,3,8,7,1.15,0.13,-27.45
sir_4270791,Mountain High (IRE),2199,Class 2,51,5,9,4,7,0.75,0.1,-8.2
sir_4270791,Mountain High (IRE),2199,Class 1,41,1,3,4,4,0.41,0.02,-24.0
sir_5483324,Es Que Love (IRE),533,,204,19,13,19,19,0.87,0.09,-81.67
sir_5483324,Es Que Love (IRE),533,Class 4,105,14,9,10,16,0.88,0.13,-38.57
sir_5483324,Es Que Love (IRE),533,Class 5,92,9,7,14,13,0.72,0.1,-34.8
sir_5483324,Es Que Love (IRE),533,Class 6,78,8,6,4,10,0.92,0.1,-35.12
sir_5483324,Es Que Love (IRE),533,Class 3,30,2,4,4,1,0.53,0.07,-18.5
sir_5483324,Es Que Love (IRE),533,Class 2,14,2,2,2,0,1.23,0.14,6.0
sir_5483324,Es Que Love (IRE),533,Class 1,8,1,2,1,0,1.03,0.12,-4.0
sir_5483324,Es Que Love (IRE),533,Class 7,2,0,0,1,0,0.0,0.0,-2.0
sir_5266135,Makfi (GB),4551,,2000,188,180,190,166,0.85,0.09,-599.45
sir_5266135,Makfi (GB),4551,Class 5,767,96,86,95,80,0.92,0.13,-156.44
sir_5266135,Makfi (GB),4551,Class 4,711,79,80,75,79,0.86,0.11,-171.43
sir_5266135,Makfi (GB),4551,Class 3,391,54,44,26,35,1.13,0.14,63.98
sir_5266135,Makfi (GB),4551,Class 6,341,42,32,31,35,0.9,0.12,-16.49
sir_5266135,Makfi (GB),4551,Class 2,218,21,23,17,17,0.81,0.1,-64.17
sir_5266135,Makfi (GB),4551,Class 1,111,7,19,13,12,0.49,0.06,-61.28
sir_5266135,Makfi (GB),4551,Class 7,12,3,0,1,1,2.27,0.25,6.5
sir_3133088,Flying Legend (USA),1081,,717,42,58,71,54,0.68,0.06,-255.15
sir_3133088,Flying Legend (USA),1081,Class 4,121,13,4,15,8,1.03,0.11,-3.87
sir_3133088,Flying Legend (USA),1081,Class 5,115,9,10,11,8,0.83,0.08,-17.46
sir_3133088,Flying Legend (USA),1081,Class 3,53,6,8,7,7,0.95,0.11,-27.43
sir_3133088,Flying Legend (USA),1081,Class 6,28,3,2,2,1,0.85,0.11,-21.3
sir_3133088,Flying Legend (USA),1081,Class 1,27,2,3,2,2,1.08,0.07,-6.5
sir_3133088,Flying Legend (USA),1081,Class 2,20,2,2,3,3,0.98,0.1,19.0
sir_3896522,Solskjaer (IRE),36,,32,5,7,2,1,1.12,0.16,-16.7
sir_3896522,Solskjaer (IRE),36,Class 1,4,1,1,0,0,1.15,0.25,-1.62
sir_7096999,Dschingis Secret (GER),99,,98,5,8,8,9,0.49,0.05,-56.95
sir_7096999,Dschingis Secret (GER),99,Class 1,1,0,0,1,0,0.0,0.0,-1.0
sir_3580248,Crillon (FR),905,,642,86,59,68,67,1.07,0.13,13.58
sir_3580248,Crillon (FR),905,Class 4,88,16,13,12,9,0.95,0.18,-16.79
sir_3580248,Crillon (FR),905,Class 5,68,4,7,11,7,0.38,0.06,-51.56
sir_3580248,Crillon (FR),905,Class 3,45,10,5,8,3,1.17,0.22,24.41
sir_3580248,Crillon (FR),905,Class 1,40,11,6,5,3,0.91,0.28,18.1
sir_3580248,Crillon (FR),905,Class 2,21,2,1,0,0,0.87,0.1,-16.59
sir_3580248,Crillon (FR),905,Class 6,1,1,0,0,0,1.83,1.0,0.83
sir_6057121,Elm Park (GB),113,,84,6,5,6,8,0.81,0.07,-10.28
sir_6057121,Elm Park (GB),113,Class 5,17,3,3,2,3,1.2,0.18,-7.5
sir_6057121,Elm Park (GB),113,Class 4,7,1,0,1,2,2.25,0.14,-1.5
sir_6057121,Elm Park (GB),113,Class 3,2,0,0,0,1,0.0,0.0,-2.0
sir_6057121,Elm Park (GB),113,Class 2,1,0,0,0,1,0.0,0.0,-1.0
sir_6057121,Elm Park (GB),113,Class 6,1,0,0,0,0,0.0,0.0,-1.0
sir_6057121,Elm Park (GB),113,Class 1,1,0,0,0,0,0.0,0.0,-1.0
sir_4651955,Street Sense (USA),1619,,1175,176,117,136,130,0.99,0.15,42.88
sir_4651955,Street Sense (USA),1619,Class 5,160,15,17,17,23,0.61,0.09,-83.38
sir_4651955,Street Sense (USA),1619,Class 4,117,13,13,16,6,1.03,0.11,-16.6
sir_4651955,Street Sense (USA),1619,Class 6,82,12,9,5,5,1.12,0.15,18.16
sir_4651955,Street Sense (USA),1619,Class 2,34,2,2,6,3,0.51,0.06,-24.5
sir_4651955,Street Sense (USA),1619,Class 3,32,4,0,3,3,1.19,0.12,-7.25
sir_4651955,Street Sense (USA),1619,Class 1,18,4,2,0,4,1.07,0.22,-4.47
sir_4651955,Street Sense (USA),1619,Class 7,1,0,0,0,0,0.0,0.0,-1.0
sir_4260312,Nidor (FR),289,,225,27,25,25,18,1.13,0.12,24.25
sir_4260312,Nidor (FR),289,Class 4,32,3,8,6,4,0.47,0.09,-17.43
sir_4260312,Nidor (FR),289,Class 3,9,1,2,1,2,1.03,0.11,-6.0
sir_4260312,Nidor (FR),289,Class 2,8,1,0,3,0,0.81,0.12,-6.09
sir_4260312,Nidor (FR),289,Class 1,8,1,1,0,1,1.63,0.12,26.0
sir_4260312,Nidor (FR),289,Class 5,7,2,2,0,1,1.73,0.29,17.5
sir_5460231,Foxwedge (AUS),3107,Class 5,775,65,72,83,94,0.75,0.08,-333.14
sir_5460231,Foxwedge (AUS),3107,Class 6,650,77,61,62,62,1.06,0.12,21.54
sir_5460231,Foxwedge (AUS),3107,Class 4,595,52,50,64,46,0.87,0.09,-175.86
sir_5460231,Foxwedge (AUS),3107,,586,39,55,59,53,0.67,0.07,109.94
sir_5460231,Foxwedge (AUS),3107,Class 3,274,23,26,19,22,0.79,0.08,-108.5
sir_5460231,Foxwedge (AUS),3107,Class 2,157,13,14,15,6,0.88,0.08,-73.15
sir_5460231,Foxwedge (AUS),3107,Class 1,64,3,4,8,12,0.57,0.05,-30.0
sir_5460231,Foxwedge (AUS),3107,Class 7,6,2,0,0,0,3.05,0.33,7.0
sir_6234522,Guignol (GER),78,,74,8,5,10,6,1.01,0.11,-5.9
sir_6234522,Guignol (GER),78,Class 4,3,0,1,1,0,0.0,0.0,-3.0
sir_6234522,Guignol (GER),78,Class 3,1,0,1,0,0,0.0,0.0,-1.0
sir_5601274,Magician (IRE),322,,178,17,19,12,11,0.93,0.1,-62.97
sir_5601274,Magician (IRE),322,Class 6,44,3,10,5,8,0.37,0.07,-30.5
sir_5601274,Magician (IRE),322,Class 5,35,3,7,1,2,0.63,0.09,-24.62
sir_5601274,Magician (IRE),322,Class 4,34,8,2,3,6,1.38,0.24,-5.43
sir_5601274,Magician (IRE),322,Class 3,15,1,2,1,4,0.48,0.07,-13.17
sir_5601274,Magician (IRE),322,Class 2,11,1,1,0,1,1.23,0.09,-5.5
sir_5601274,Magician (IRE),322,Class 1,5,0,0,1,0,0.0,0.0,-5.0
sir_4624088,Honolulu (IRE),294,,220,14,16,27,23,0.64,0.06,-91.5
sir_4624088,Honolulu (IRE),294,Class 4,40,7,5,5,7,1.03,0.17,-1.39
sir_4624088,Honolulu (IRE),294,Class 5,16,3,2,2,2,1.56,0.19,5.75
sir_4624088,Honolulu (IRE),294,Class 3,14,0,2,5,0,0.0,0.0,-14.0
sir_4624088,Honolulu (IRE),294,Class 2,2,0,0,0,0,0.0,0.0,-2.0
sir_4624088,Honolulu (IRE),294,Class 1,1,0,0,0,0,0.0,0.0,-1.0
sir_4624088,Honolulu (IRE),294,Class 6,1,1,0,0,0,2.75,1.0,1.75
sir_5532821,Amaron (GB),304,,236,16,19,15,21,0.73,0.07,-43.3
sir_5532821,Amaron (GB),304,Class 5,39,3,4,3,7,0.51,0.08,-28.59
sir_5532821,Amaron (GB),304,Class 4,20,1,2,2,2,0.5,0.05,-17.62
sir_5532821,Amaron (GB),304,Class 6,4,0,0,0,0,0.0,0.0,-4.0
sir_5532821,Amaron (GB),304,Class 1,4,1,0,1,1,1.55,0.25,2.5
sir_5532821,Amaron (GB),304,Class 3,1,1,0,0,0,3.75,1.0,2.75
sir_4123721,Day Flight (GB),349,,142,19,16,14,18,0.92,0.13,12.2
sir_4123721,Day Flight (GB),349,Class 4,90,15,8,15,13,1.07,0.17,-21.19
sir_4123721,Day Flight (GB),349,Class 3,69,12,9,12,10,1.08,0.17,-5.86
sir_4123721,Day Flight (GB),349,Class 2,20,1,0,4,0,0.42,0.05,-16.0
sir_4123721,Day Flight (GB),349,Class 5,16,4,2,1,1,2.48,0.25,18.0
sir_4123721,Day Flight (GB),349,Class 1,9,0,0,0,1,0.0,0.0,-9.0
sir_4123721,Day Flight (GB),349,Class 6,3,0,0,1,1,0.0,0.0,-3.0
sir_3859268,Noroit (GER),617,,257,12,15,32,25,0.51,0.05,-92.5
sir_3859268,Noroit (GER),617,Class 4,162,18,27,20,11,0.77,0.11,-48.08
sir_3859268,Noroit (GER),617,Class 5,69,12,7,6,8,1.13,0.17,7.7
sir_3859268,Noroit (GER),617,Class 3,65,9,6,7,12,0.87,0.14,1.46
sir_3859268,Noroit (GER),617,Class 2,24,4,3,2,3,1.0,0.17,-11.4
sir_3859268,Noroit (GER),617,Class 6,21,3,3,1,2,0.95,0.14,1.0
sir_3859268,Noroit (GER),617,Class 1,19,2,5,1,1,1.21,0.11,-7.75
sir_7876211,Always Dreaming (USA),30,,18,4,3,2,0,1.01,0.22,2.8
sir_7876211,Always Dreaming (USA),30,Class 4,7,1,2,0,2,0.83,0.14,-2.67
sir_7876211,Always Dreaming (USA),30,Class 5,3,1,0,2,0,1.39,0.33,0.5
sir_7876211,Always Dreaming (USA),30,Class 3,1,0,0,0,0,0.0,0.0,-1.0
sir_7876211,Always Dreaming (USA),30,Class 1,1,0,0,0,0,0.0,0.0,-1.0
sir_8111516,Al Wukair (IRE),682,,667,49,57,64,51,0.75,0.07,-155.67
sir_8111516,Al Wukair (IRE),682,Class 5,8,4,0,0,0,3.36,0.5,34.33
sir_8111516,Al Wukair (IRE),682,Class 4,5,0,0,0,1,0.0,0.0,-5.0
sir_8111516,Al Wukair (IRE),682,Class 2,1,0,0,0,0,0.0,0.0,-1.0
sir_8111516,Al Wukair (IRE),682,Class 1,1,0,0,0,0,0.0,0.0,-1.0
sir_5605250,Declaration Of War (USA),2264,,1013,121,122,96,98,0.93,0.12,-158.53
sir_5605250,Declaration Of War (USA),2264,Class 5,429,56,51,49,36,0.9,0.13,-99.88
sir_5605250,Declaration Of War (USA),2264,Class 4,317,38,39,35,40,0.88,0.12,-73.03
sir_5605250,Declaration Of War (USA),2264,Class 6,186,22,21,26,25,0.79,0.12,-63.87
sir_5605250,Declaration Of War (USA),2264,Class 3,118,17,17,17,10,0.81,0.14,-36.73
sir_5605250,Declaration Of War (USA),2264,Class 2,111,11,12,14,10,0.72,0.1,-75.29
sir_5605250,Declaration Of War (USA),2264,Class 1,88,8,8,10,7,0.84,0.09,-18.7
sir_5605250,Declaration Of War (USA),2264,Class 7,2,2,0,0,0,3.26,1.0,4.75
sir_5408942,Aiken (GB),83,Class 5,46,2,8,2,7,0.38,0.04,-33.67
sir_5408942,Aiken (GB),83,Class 4,27,3,1,1,6,1.47,0.11,0.33
sir_5408942,Aiken (GB),83,,5,0,0,1,1,0.0,0.0,-5.0
sir_5408942,Aiken (GB),83,Class 3,5,0,0,1,0,0.0,0.0,-5.0
sir_12923176,Justify (USA),627,,458,67,67,52,40,0.8,0.15,-95.57
sir_12923176,Justify (USA),627,Class 4,56,3,3,4,9,0.4,0.05,-46.46
sir_12923176,Justify (USA),627,Class 3,42,4,5,3,7,0.9,0.1,26.0
sir_12923176,Justify (USA),627,Class 1,24,7,2,6,0,1.01,0.29,-5.55
sir_12923176,Justify (USA),627,Class 5,20,4,2,3,2,1.38,0.2,-0.88
sir_12923176,Justify (USA),627,Class 2,19,2,2,4,2,0.52,0.11,-10.5
sir_12923176,Justify (USA),627,Class 6,8,0,0,1,1,0.0,0.0,-8.0
sir_6913998,Peace Envoy (FR),94,Class 6,52,9,6,3,6,1.41,0.17,3.33
sir_6913998,Peace Envoy (FR),94,Class 5,37,0,1,1,5,0.0,0.0,-37.0
sir_6913998,Peace Envoy (FR),94,Class 4,4,0,0,0,1,0.0,0.0,-4.0
sir_6913998,Peace Envoy (FR),94,,1,0,0,0,0,0.0,0.0,-1.0
sir_3628212,Grand Finale (IRE),28,Class 4,14,2,2,0,1,1.42,0.14,-6.75
sir_3628212,Grand Finale (IRE),28,Class 3,7,1,1,1,0,1.69,0.14,-3.0
sir_3628212,Grand Finale (IRE),28,Class 5,5,0,0,0,1,0.0,0.0,-5.0
sir_3628212,Grand Finale (IRE),28,Class 6,2,0,0,0,0,0.0,0.0,-2.0
sir_5576417,Phenomena (GB),65,Class 5,35,2,0,0,4,1.67,0.06,27.0
sir_5576417,Phenomena (GB),65,Class 4,18,0,0,2,0,0.0,0.0,-18.0
sir_5576417,Phenomena (GB),65,Class 6,12,0,0,1,0,0.0,0.0,-12.0
sir_5126548,Frozen Power (IRE),1923,,611,42,34,44,47,0.86,0.07,-295.39
sir_5126548,Frozen Power (IRE),1923,Class 5,481,36,51,57,44,0.74,0.07,-157.45
sir_5126548,Frozen Power (IRE),1923,Class 6,397,42,48,31,43,0.97,0.11,9.19
sir_5126548,Frozen Power (IRE),1923,Class 4,278,24,30,35,44,0.83,0.09,-89.88
sir_5126548,Frozen Power (IRE),1923,Class 3,91,10,11,14,16,0.88,0.11,132.83
sir_5126548,Frozen Power (IRE),1923,Class 2,47,4,4,4,5,0.76,0.09,-24.25
sir_5126548,Frozen Power (IRE),1923,Class 1,11,0,1,1,0,0.0,0.0,-11.0
sir_5126548,Frozen Power (IRE),1923,Class 7,7,0,1,1,1,0.0,0.0,-7.0
sir_6014778,Dylan Mouth (IRE),7,Class 5,4,0,0,0,2,0.0,0.0,-4.0
sir_6014778,Dylan Mouth (IRE),7,Class 4,3,0,0,0,2,0.0,0.0,-3.0
sir_4605440,Cockney Rebel (IRE),1860,Class 6,496,39,58,59,43,0.67,0.08,-229.68
sir_4605440,Cockney Rebel (IRE),1860,Class 5,491,43,41,58,46,0.82,0.09,-217.37
sir_4605440,Cockney Rebel (IRE),1860,,393,28,47,33,29,0.7,0.07,-204.25
sir_4605440,Cockney Rebel (IRE),1860,Class 4,255,23,25,25,28,0.82,0.09,-121.61
sir_4605440,Cockney Rebel (IRE),1860,Class 3,73,11,5,11,6,1.16,0.15,-25.09
sir_4605440,Cockney Rebel (IRE),1860,Class 1,64,3,5,3,2,0.66,0.05,-34.0
sir_4605440,Cockney Rebel (IRE),1860,Class 2,63,2,4,4,7,0.4,0.03,-48.0
sir_4605440,Cockney Rebel (IRE),1860,Class 7,25,3,2,2,3,0.99,0.12,-11.75
sir_4507160,Darsi (FR),1115,,379,19,24,34,29,0.53,0.05,-233.32
sir_4507160,Darsi (FR),1115,Class 4,340,29,40,41,40,0.7,0.09,-134.23
sir_4507160,Darsi (FR),1115,Class 5,184,15,10,17,16,0.85,0.08,-81.62
sir_4507160,Darsi (FR),1115,Class 3,115,10,19,12,15,0.62,0.09,-57.4
sir_4507160,Darsi (FR),1115,Class 6,40,4,5,6,3,0.88,0.1,-2.9
sir_4507160,Darsi (FR),1115,Class 1,33,1,6,5,4,0.33,0.03,-25.0
sir_4507160,Darsi (FR),1115,Class 2,24,1,5,2,1,0.38,0.04,-18.5
sir_5765893,Voiladenuo (FR),294,,210,10,16,22,26,0.57,0.05,-130.9
sir_5765893,Voiladenuo (FR),294,Class 4,47,12,6,8,4,1.16,0.26,5.73
sir_5765893,Voiladenuo (FR),294,Class 3,21,3,4,3,4,0.65,0.14,-12.79
sir_5765893,Voiladenuo (FR),294,Class 5,12,3,4,1,1,1.14,0.25,25.5
sir_5765893,Voiladenuo (FR),294,Class 2,4,0,1,0,1,0.0,0.0,-4.0
sir_4757515,Axxos (GER),231,,105,5,5,10,7,0.6,0.05,-51.2
sir_4757515,Axxos (GER),231,Class 4,35,8,8,3,3,0.96,0.23,-9.76
sir_4757515,Axxos (GER),231,Class 3,30,8,5,4,3,1.06,0.27,-0.52
sir_4757515,Axxos (GER),231,Class 2,24,6,4,4,2,1.68,0.25,13.18
sir_4757515,Axxos (GER),231,Class 1,21,1,4,0,1,0.36,0.05,-19.27
sir_4757515,Axxos (GER),231,Class 5,15,3,0,3,0,1.38,0.2,-3.06
sir_4757515,Axxos (GER),231,Class 6,1,0,1,0,0,0.0,0.0,-1.0
sir_4620973,Willywell (FR),108,,74,4,6,2,3,0.63,0.05,4.9
sir_4620973,Willywell (FR),108,Class 4,15,5,2,0,4,1.61,0.33,5.85
sir_4620973,Willywell (FR),108,Class 3,10,2,2,3,0,0.93,0.2,-3.5
sir_4620973,Willywell (FR),108,Class 1,4,0,1,0,1,0.0,0.0,-4.0
sir_4620973,Willywell (FR),108,Class 2,4,0,2,0,1,0.0,0.0,-4.0
sir_4620973,Willywell (FR),108,Class 5,1,0,0,0,1,0.0,0.0,-1.0
sir_4609528,Lauro (GER),390,,263,24,18,18,22,1.02,0.09,-85.9
sir_4609528,Lauro (GER),390,Class 4,60,10,10,7,11,0.96,0.17,-2.17
sir_4609528,Lauro (GER),390,Class 3,24,4,7,1,3,0.9,0.17,-3.2
sir_4609528,Lauro (GER),390,Class 5,24,0,7,4,1,0.0,0.0,-24.0
sir_4609528,Lauro (GER),390,Class 1,9,2,1,0,0,2.09,0.22,-0.05
sir_4609528,Lauro (GER),390,Class 2,7,0,0,1,3,0.0,0.0,-7.0
sir_4609528,Lauro (GER),390,Class 6,3,1,0,0,1,2.93,0.33,6.5
sir_5910856,Prince Gibraltar (FR),625,,580,47,60,63,53,0.76,0.08,-120.7
sir_5910856,Prince Gibraltar (FR),625,Class 4,14,4,3,1,1,2.06,0.29,57.0
sir_5910856,Prince Gibraltar (FR),625,Class 3,11,1,2,0,1,0.6,0.09,-7.5
sir_5910856,Prince Gibraltar (FR),625,Class 2,8,2,1,2,0,1.29,0.25,-1.62
sir_5910856,Prince Gibraltar (FR),625,Class 5,7,0,0,0,1,0.0,0.0,-7.0
sir_5910856,Prince Gibraltar (FR),625,Class 6,3,0,0,0,0,0.0,0.0,-3.0
sir_5910856,Prince Gibraltar (FR),625,Class 1,2,0,0,0,0,0.0,0.0,-2.0
sir_4840290,Spider Flight (FR),388,,285,15,23,31,31,0.56,0.05,-70.57
sir_4840290,Spider Flight (FR),388,Class 4,47,4,4,7,6,0.7,0.09,-32.17
sir_4840290,Spider Flight (FR),388,Class 5,43,7,6,5,2,1.27,0.16,-15.13
sir_4840290,Spider Flight (FR),388,Class 3,8,0,0,0,2,0.0,0.0,-8.0
sir_4840290,Spider Flight (FR),388,Class 2,4,0,1,0,2,0.0,0.0,-4.0
sir_4840290,Spider Flight (FR),388,Class 1,1,0,0,0,0,0.0,0.0,-1.0
sir_5238478,Recital (FR),177,,100,8,9,8,11,0.87,0.08,-40.75
sir_5238478,Recital (FR),177,Class 5,50,7,5,7,5,1.21,0.14,34.5
sir_5238478,Recital (FR),177,Class 4,23,1,2,2,0,0.61,0.04,-17.0
sir_5238478,Recital (FR),177,Class 1,3,0,0,0,0,0.0,0.0,-3.0
sir_5238478,Recital (FR),177,Class 3,1,0,0,0,0,0.0,0.0,-1.0
sir_2934036,Kirkwall (GB),766,Class 5,241,21,23,28,23,0.87,0.09,-101.67
sir_2934036,Kirkwall (GB),766,Class 4,227,27,29,20,25,1.06,0.12,-27.77
sir_2934036,Kirkwall (GB),766,Class 6,115,9,7,11,6,0.97,0.08,-62.09
sir_2934036,Kirkwall (GB),766,,73,6,6,11,5,0.6,0.08,-14.75
sir_2934036,Kirkwall (GB),766,Class 1,46,3,7,7,8,0.68,0.07,8.0
sir_2934036,Kirkwall (GB),766,Class 3,40,7,5,5,7,1.19,0.17,-12.33
sir_2934036,Kirkwall (GB),766,Class 2,21,2,2,1,1,0.7,0.1,-4.0
sir_2934036,Kirkwall (GB),766,Class 7,3,0,1,1,0,0.0,0.0,-3.0
sir_6059060,Success Days (IRE),13,,10,1,0,0,2,1.56,0.1,13.0
sir_6059060,Success Days (IRE),13,Class 4,2,0,0,0,0,0.0,0.0,-2.0
sir_6059060,Success Days (IRE),13,Class 5,1,0,0,0,0,0.0,0.0,-1.0
sir_546966,Protektor (GER),550,,416,38,52,42,40,0.81,0.09,-109.67
sir_546966,Protektor (GER),550,Class 4,57,14,12,9,4,1.05,0.25,0.53
sir_546966,Protektor (GER),550,Class 3,37,6,5,4,10,0.94,0.16,-3.8
sir_546966,Protektor (GER),550,Class 1,17,1,2,3,2,0.58,0.06,9.0
sir_546966,Protektor (GER),550,Class 2,9,2,0,2,2,1.31,0.22,10.0
sir_546966,Protektor (GER),550,Class 5,7,3,0,0,0,2.3,0.43,7.5
sir_546966,Protektor (GER),550,Class 6,7,1,1,1,0,0.99,0.14,-3.5
sir_6318025,Desinvolte (FR),17,,15,0,2,1,3,0.0,0.0,-15.0
sir_6318025,Desinvolte (FR),17,Class 3,1,0,0,1,0,0.0,0.0,-1.0
sir_6318025,Desinvolte (FR),17,Class 5,1,0,0,0,0,0.0,0.0,-1.0
sir_4224136,Rocamadour (GB),110,Class 4,30,2,5,2,5,0.58,0.07,-16.25
sir_4224136,Rocamadour (GB),110,Class 3,29,5,5,1,3,1.17,0.17,19.0
sir_4224136,Rocamadour (GB),110,Class 2,20,2,2,2,2,1.07,0.1,-8.25
sir_4224136,Rocamadour (GB),110,Class 5,12,2,3,1,0,1.21,0.17,26.33
sir_4224136,Rocamadour (GB),110,Class 6,8,1,0,0,1,0.84,0.12,-4.75
sir_4224136,Rocamadour (GB),110,,8,0,0,1,0,0.0,0.0,-8.0
sir_4224136,Rocamadour (GB),110,Class 1,3,0,1,0,0,0.0,0.0,-3.0
sir_4206895,Malibu Moon (USA),1509,,1410,200,178,180,167,0.88,0.14,-328.71
sir_4206895,Malibu Moon (USA),1509,Class 5,43,3,6,6,1,0.59,0.07,-29.6
sir_4206895,Malibu Moon (USA),1509,Class 4,35,2,1,8,3,0.44,0.06,-27.9
sir_4206895,Malibu Moon (USA),1509,Class 6,11,1,1,0,2,1.33,0.09,1.0
sir_4206895,Malibu Moon (USA),1509,Class 1,7,2,1,2,0,1.7,0.29,150.3
sir_4206895,Malibu Moon (USA),1509,Class 2,2,0,0,0,0,0.0,0.0,-2.0
sir_4206895,Malibu Moon (USA),1509,Class 3,1,0,0,0,0,0.0,0.0,-1.0
sir_4063976,Martillo (GER),222,,207,23,15,19,19,1.09,0.11,43.5
sir_4063976,Martillo (GER),222,Class 5,9,2,0,0,1,1.89,0.22,18.33
sir_4063976,Martillo (GER),222,Class 4,5,1,1,2,0,1.07,0.2,-1.75
sir_4063976,Martillo (GER),222,Class 2,1,0,0,0,0,0.0,0.0,-1.0
sir_3851603,Mr Dinos (IRE),409,,254,19,19,16,16,1.1,0.07,-59.0
sir_3851603,Mr Dinos (IRE),409,Class 5,68,4,12,8,17,0.48,0.06,-42.5
sir_3851603,Mr Dinos (IRE),409,Class 4,59,5,8,7,6,0.74,0.08,-37.8
sir_3851603,Mr Dinos (IRE),409,Class 3,18,2,2,4,3,0.84,0.11,-1.5
sir_3851603,Mr Dinos (IRE),409,Class 2,5,0,1,0,0,0.0,0.0,-5.0
sir_3851603,Mr Dinos (IRE),409,Class 6,4,0,1,0,0,0.0,0.0,-4.0
sir_3851603,Mr Dinos (IRE),409,Class 1,1,0,1,0,0,0.0,0.0,-1.0
sir_4181198,Cacique (IRE),1554,,423,39,36,32,47,0.84,0.09,-58.44
sir_4181198,Cacique (IRE),1554,Class 5,366,45,48,38,42,0.89,0.12,-78.51
sir_4181198,Cacique (IRE),1554,Class 4,285,39,35,29,35,0.93,0.14,-82.5
sir_4181198,Cacique (IRE),1554,Class 6,211,18,20,24,30,0.72,0.09,-72.7
sir_4181198,Cacique (IRE),1554,Class 3,131,16,16,17,15,0.75,0.12,-0.9
sir_4181198,Cacique (IRE),1554,Class 2,85,14,12,3,6,1.38,0.16,-14.66
sir_4181198,Cacique (IRE),1554,Class 1,48,4,7,10,6,0.68,0.08,-6.5
sir_4181198,Cacique (IRE),1554,Class 7,5,0,2,0,0,0.0,0.0,-5.0
sir_5467070,Fulbright (GB),545,,365,20,16,25,20,0.79,0.05,-198.34
sir_5467070,Fulbright (GB),545,Class 5,90,5,5,13,14,0.63,0.06,-58.75
sir_5467070,Fulbright (GB),545,Class 6,63,2,2,4,7,0.35,0.03,-48.5
sir_5467070,Fulbright (GB),545,Class 4,20,1,1,4,2,0.61,0.05,-12.5
sir_5467070,Fulbright (GB),545,Class 3,4,1,0,0,0,2.89,0.25,3.0
sir_5467070,Fulbright (GB),545,Class 2,3,0,0,0,0,0.0,0.0,-3.0
sir_4488778,Atlantic Waves (IRE),67,,58,1,7,3,2,0.22,0.02,-32.0
sir_4488778,Atlantic Waves (IRE),67,Class 4,5,0,0,0,1,0.0,0.0,-5.0
sir_4488778,Atlantic Waves (IRE),67,Class 5,3,2,0,1,0,2.71,0.67,4.08
sir_4488778,Atlantic Waves (IRE),67,Class 3,1,0,0,0,0,0.0,0.0,-1.0
sir_5602807,Retirement Plan (GB),90,,56,4,4,3,2,1.13,0.07,-30.0
sir_5602807,Retirement Plan (GB),90,Class 5,21,1,2,3,1,0.42,0.05,-14.0
sir_5602807,Retirement Plan (GB),90,Class 4,13,0,0,1,1,0.0,0.0,-13.0
sir_4348456,Primary (USA),339,,127,10,5,12,8,1.05,0.08,-38.5
sir_4348456,Primary (USA),339,Class 4,59,11,2,6,6,1.77,0.19,53.31
sir_4348456,Primary (USA),339,Class 3,43,7,9,4,4,0.79,0.16,-24.87
sir_4348456,Primary (USA),339,Class 5,34,2,1,6,3,0.47,0.06,-26.5
sir_4348456,Primary (USA),339,Class 6,28,4,1,2,3,1.49,0.14,4.0
sir_4348456,Primary (USA),339,Class 1,24,3,3,2,2,1.49,0.12,7.25
sir_4348456,Primary (USA),339,Class 2,23,4,4,3,5,1.3,0.17,10.6
sir_4348456,Primary (USA),339,Class 7,1,0,0,0,0,0.0,0.0,-1.0
sir_3333918,Dream Well (FR),1123,,731,63,81,74,54,0.81,0.09,-206.66
sir_3333918,Dream Well (FR),1123,Class 4,127,19,15,20,14,0.88,0.15,-57.5
sir_3333918,Dream Well (FR),1123,Class 5,69,8,9,9,5,0.74,0.12,-39.81
sir_3333918,Dream Well (FR),1123,Class 3,63,14,8,10,6,1.03,0.22,-9.19
sir_3333918,Dream Well (FR),1123,Class 1,59,8,4,6,2,1.21,0.14,6.0
sir_3333918,Dream Well (FR),1123,Class 2,43,3,9,5,4,0.5,0.07,-30.77
sir_3333918,Dream Well (FR),1123,Class 6,30,5,3,4,3,1.17,0.17,1.83
sir_3333918,Dream Well (FR),1123,Class 7,1,0,0,0,0,0.0,0.0,-1.0
sir_5858384,Supplicant (GB),195,,153,10,4,25,9,0.83,0.07,-23.0
sir_5858384,Supplicant (GB),195,Class 5,18,2,0,1,1,1.53,0.11,8.0
sir_5858384,Supplicant (GB),195,Class 4,13,1,3,2,2,0.46,0.08,-7.0
sir_5858384,Supplicant (GB),195,Class 6,7,0,1,0,3,0.0,0.0,-7.0
sir_5858384,Supplicant (GB),195,Class 3,2,0,0,0,2,0.0,0.0,-2.0
sir_5858384,Supplicant (GB),195,Class 1,1,0,0,0,0,0.0,0.0,-1.0
sir_5858384,Supplicant (GB),195,Class 2,1,0,0,0,0,0.0,0.0,-1.0
sir_5783883,Mahsoob (GB),38,Class 6,25,3,0,4,1,0.95,0.12,1.0
sir_5783883,Mahsoob (GB),38,Class 5,10,0,0,1,2,0.0,0.0,-10.0
sir_5783883,Mahsoob (GB),38,Class 4,3,0,0,0,0,0.0,0.0,-3.0
sir_4450614,Nicaron (GER),397,,250,19,22,24,25,0.7,0.08,-93.85
sir_4450614,Nicaron (GER),397,Class 4,58,3,6,8,8,0.4,0.05,-39.25
sir_4450614,Nicaron (GER),397,Class 5,52,5,8,5,3,0.55,0.1,-32.0
sir_4450614,Nicaron (GER),397,Class 3,20,4,2,5,1,1.29,0.2,16.0
sir_4450614,Nicaron (GER),397,Class 6,9,0,0,2,1,0.0,0.0,-9.0
sir_4450614,Nicaron (GER),397,Class 2,6,0,0,0,1,0.0,0.0,-6.0
sir_4450614,Nicaron (GER),397,Class 7,1,0,0,0,0,0.0,0.0,-1.0
sir_4450614,Nicaron (GER),397,Class 1,1,0,0,0,0,0.0,0.0,-1.0
sir_5638913,Gale Force Ten (GB),1039,,551,38,43,45,32,0.82,0.07,-111.45
sir_5638913,Gale Force Ten (GB),1039,Class 6,181,25,17,15,16,1.07,0.14,-48.4
sir_5638913,Gale Force Ten (GB),1039,Class 5,130,19,7,10,10,1.29,0.15,-24.69
sir_5638913,Gale Force Ten (GB),1039,Class 4,86,12,9,9,7,1.0,0.14,38.88
sir_5638913,Gale Force Ten (GB),1039,Class 3,38,2,6,4,5,0.34,0.05,-19.0
sir_5638913,Gale Force Ten (GB),1039,Class 2,37,7,7,8,2,1.06,0.19,7.25
sir_5638913,Gale Force Ten (GB),1039,Class 1,16,2,2,3,2,0.73,0.12,-10.5
sir_15355508,Omaha Beach (USA),90,,86,10,10,12,10,0.92,0.12,2.95
sir_15355508,Omaha Beach (USA),90,Class 1,2,0,0,0,0,0.0,0.0,-2.0
sir_15355508,Omaha Beach (USA),90,Class 6,1,0,0,0,0,0.0,0.0,-1.0
sir_15355508,Omaha Beach (USA),90,Class 5,1,0,0,0,1,0.0,0.0,-1.0
sir_4123938,Iktibas (GB),156,Class 5,60,3,4,6,8,0.51,0.05,-43.75
sir_4123938,Iktibas (GB),156,Class 4,54,6,5,3,5,1.05,0.11,-20.92
sir_4123938,Iktibas (GB),156,Class 6,32,0,2,2,4,0.0,0.0,-32.0
sir_4123938,Iktibas (GB),156,Class 3,6,0,0,1,0,0.0,0.0,-6.0
sir_4123938,Iktibas (GB),156,Class 1,2,0,0,0,0,0.0,0.0,-2.0
sir_4123938,Iktibas (GB),156,Class 2,1,0,1,0,0,0.0,0.0,-1.0
sir_4123938,Iktibas (GB),156,,1,0,0,0,0,0.0,0.0,-1.0
sir_3775478,And Beyond (IRE),809,Class 5,315,22,27,25,26,1.01,0.07,-102.09
sir_3775478,And Beyond (IRE),809,Class 4,293,23,20,21,27,1.14,0.08,-143.59
sir_3775478,And Beyond (IRE),809,Class 6,122,8,4,6,12,0.97,0.07,-78.5
sir_3775478,And Beyond (IRE),809,Class 3,53,10,5,6,7,1.52,0.19,46.88
sir_3775478,And Beyond (IRE),809,Class 2,15,1,2,2,2,0.86,0.07,-8.5
sir_3775478,And Beyond (IRE),809,Class 1,7,0,1,0,0,0.0,0.0,-7.0
sir_3775478,And Beyond (IRE),809,,3,0,0,0,0,0.0,0.0,-3.0
sir_3775478,And Beyond (IRE),809,Class 7,1,0,0,0,0,0.0,0.0,-1.0
sir_4105640,Kotky Bleu (FR),201,,76,9,8,7,4,1.12,0.12,-15.0
sir_4105640,Kotky Bleu (FR),201,Class 4,33,7,4,7,2,1.22,0.21,-6.54
sir_4105640,Kotky Bleu (FR),201,Class 5,30,2,3,4,1,0.6,0.07,-20.0
sir_4105640,Kotky Bleu (FR),201,Class 3,30,5,5,3,6,0.88,0.17,-3.12
sir_4105640,Kotky Bleu (FR),201,Class 2,20,3,4,2,2,1.31,0.15,29.5
sir_4105640,Kotky Bleu (FR),201,Class 1,11,1,0,0,0,1.14,0.09,-5.5
sir_4105640,Kotky Bleu (FR),201,Class 6,1,0,0,1,0,0.0,0.0,-1.0
sir_3930262,Medaglia d'Oro (USA),3918,,2697,409,343,314,291,0.87,0.15,-406.94
sir_3930262,Medaglia d'Oro (USA),3918,Class 4,408,44,50,36,46,0.85,0.11,240.86
sir_3930262,Medaglia d'Oro (USA),3918,Class 5,337,42,43,38,31,0.76,0.12,-110.42
sir_3930262,Medaglia d'Oro (USA),3918,Class 3,279,20,17,16,33,0.66,0.07,-174.18
sir_3930262,Medaglia d'Oro (USA),3918,Class 6,88,6,9,10,7,0.49,0.07,-45.25
sir_3930262,Medaglia d'Oro (USA),3918,Class 2,72,13,11,6,7,1.02,0.18,9.35
sir_3930262,Medaglia d'Oro (USA),3918,Class 1,36,10,3,4,2,1.71,0.28,10.8
sir_3930262,Medaglia d'Oro (USA),3918,Class 7,1,0,0,0,0,0.0,0.0,-1.0
sir_5022934,Pioneerof The Nile (USA),676,,626,95,70,80,74,0.94,0.15,-96.43
sir_5022934,Pioneerof The Nile (USA),676,Class 6,22,1,2,4,2,0.43,0.05,-14.5
sir_5022934,Pioneerof The Nile (USA),676,Class 5,15,2,1,0,1,1.68,0.13,40.0
sir_5022934,Pioneerof The Nile (USA),676,Class 4,6,1,0,2,0,1.44,0.17,-2.5
sir_5022934,Pioneerof The Nile (USA),676,Class 1,4,0,0,0,0,0.0,0.0,-4.0
sir_5022934,Pioneerof The Nile (USA),676,Class 3,2,1,1,0,0,1.64,0.5,0.0
sir_5022934,Pioneerof The Nile (USA),676,Class 2,1,0,0,0,0,0.0,0.0,-1.0
sir_5785311,Mizzou (IRE),44,,15,0,2,0,0,0.0,0.0,-15.0
sir_5785311,Mizzou (IRE),44,Class 5,14,2,0,2,3,1.23,0.14,6.0
sir_5785311,Mizzou (IRE),44,Class 4,13,2,1,2,3,1.15,0.15,12.33
sir_5785311,Mizzou (IRE),44,Class 3,1,0,0,1,0,0.0,0.0,-1.0
sir_5785311,Mizzou (IRE),44,Class 2,1,0,0,0,0,0.0,0.0,-1.0
sir_5699799,Mazameer (IRE),439,Class 6,202,15,9,19,15,0.81,0.07,-126.0
sir_5699799,Mazameer (IRE),439,Class 5,133,8,8,6,8,1.0,0.06,-49.2
sir_5699799,Mazameer (IRE),439,,69,6,5,9,4,0.83,0.09,-15.75
sir_5699799,Mazameer (IRE),439,Class 4,22,1,0,1,0,0.7,0.05,-19.25
sir_5699799,Mazameer (IRE),439,Class 3,6,0,0,1,0,0.0,0.0,-6.0
sir_5699799,Mazameer (IRE),439,Class 7,4,0,0,0,0,0.0,0.0,-4.0
sir_5699799,Mazameer (IRE),439,Class 2,2,0,0,0,1,0.0,0.0,-2.0
sir_5699799,Mazameer (IRE),439,Class 1,1,0,0,0,0,0.0,0.0,-1.0
sir_4217493,Librettist (USA),1745,,600,35,48,61,62,0.58,0.06,-275.84
sir_4217493,Librettist (USA),1745,Class 5,382,35,43,46,37,0.8,0.09,-141.9
sir_4217493,Librettist (USA),1745,Class 6,305,37,25,30,29,1.04,0.12,-2.34
sir_4217493,Librettist (USA),1745,Class 4,293,38,27,27,27,1.06,0.13,35.54
sir_4217493,Librettist (USA),1745,Class 3,75,9,9,10,14,1.0,0.12,-16.78
sir_4217493,Librettist (USA),1745,Class 1,49,8,2,4,9,1.48,0.16,17.08
sir_4217493,Librettist (USA),1745,Class 2,34,2,2,2,4,0.64,0.06,-20.0
sir_4217493,Librettist (USA),1745,Class 7,7,1,0,2,0,1.63,0.14,8.0
sir_3336389,Distorted Humor (USA),3251,,2132,302,243,261,260,0.89,0.14,-277.72
sir_3336389,Distorted Humor (USA),3251,Class 5,373,65,55,47,51,0.88,0.17,-72.21
sir_3336389,Distorted Humor (USA),3251,Class 4,258,39,27,34,46,0.86,0.15,-108.54
sir_3336389,Distorted Humor (USA),3251,Class 6,182,21,14,11,18,1.08,0.12,33.5
sir_3336389,Distorted Humor (USA),3251,Class 1,113,8,11,18,14,0.54,0.07,-32.3
sir_3336389,Distorted Humor (USA),3251,Class 3,95,13,21,14,11,0.74,0.14,-18.46
sir_3336389,Distorted Humor (USA),3251,Class 2,88,12,5,5,7,1.13,0.14,-14.0
sir_3336389,Distorted Humor (USA),3251,Class 7,10,1,0,1,2,0.71,0.1,-8.09
sir_5770891,Protectionist (GER),257,,166,15,20,21,14,0.73,0.09,-84.94
sir_5770891,Protectionist (GER),257,Class 5,35,5,6,3,4,0.84,0.14,-21.63
sir_5770891,Protectionist (GER),257,Class 4,23,4,2,2,4,1.22,0.17,6.93
sir_5770891,Protectionist (GER),257,Class 6,19,3,3,6,0,0.6,0.16,-9.12
sir_5770891,Protectionist (GER),257,Class 3,7,0,0,0,1,0.0,0.0,-7.0
sir_5770891,Protectionist (GER),257,Class 2,4,0,1,0,0,0.0,0.0,-4.0
sir_5770891,Protectionist (GER),257,Class 1,3,0,0,0,0,0.0,0.0,-3.0
sir_3677058,Pierre (GB),1192,,576,29,21,40,46,0.66,0.05,-305.13
sir_3677058,Pierre (GB),1192,Class 4,262,41,34,29,18,1.06,0.16,-28.98
sir_3677058,Pierre (GB),1192,Class 5,115,14,10,7,11,1.17,0.12,-1.2
sir_3677058,Pierre (GB),1192,Class 3,96,13,11,12,5,0.98,0.14,3.79
sir_3677058,Pierre (GB),1192,Class 6,57,7,8,7,5,0.97,0.12,-20.22
sir_3677058,Pierre (GB),1192,Class 2,48,10,3,4,2,1.62,0.21,28.92
sir_3677058,Pierre (GB),1192,Class 1,36,4,2,1,5,1.28,0.11,-2.25
sir_3677058,Pierre (GB),1192,Class 7,2,0,0,0,0,0.0,0.0,-2.0
sir_5528215,Most Improved (IRE),1111,,672,37,46,37,51,0.7,0.06,-206.6
sir_5528215,Most Improved (IRE),1111,Class 5,179,13,15,19,14,0.72,0.07,-70.51
sir_5528215,Most Improved (IRE),1111,Class 6,136,13,5,11,18,1.05,0.1,-34.12
sir_5528215,Most Improved (IRE),1111,Class 4,92,6,4,8,12,0.59,0.07,-68.15
sir_5528215,Most Improved (IRE),1111,Class 3,21,3,2,0,1,0.91,0.14,-14.29
sir_5528215,Most Improved (IRE),1111,Class 2,9,0,1,0,1,0.0,0.0,-9.0
sir_5528215,Most Improved (IRE),1111,Class 1,1,0,1,0,0,0.0,0.0,-1.0
sir_5528215,Most Improved (IRE),1111,Class 7,1,0,0,0,0,0.0,0.0,-1.0
sir_4871279,Masterofthehorse (IRE),515,,348,18,25,13,20,0.77,0.05,-217.22
sir_4871279,Masterofthehorse (IRE),515,Class 4,74,9,3,5,11,1.44,0.12,25.2
sir_4871279,Masterofthehorse (IRE),515,Class 5,58,4,3,2,4,0.9,0.07,-6.5
sir_4871279,Masterofthehorse (IRE),515,Class 3,27,3,6,1,3,1.03,0.11,-10.5
sir_4871279,Masterofthehorse (IRE),515,Class 2,5,0,0,1,0,0.0,0.0,-5.0
sir_4871279,Masterofthehorse (IRE),515,Class 6,2,1,0,0,0,10.28,0.5,15.0
sir_4871279,Masterofthehorse (IRE),515,Class 1,1,0,0,0,0,0.0,0.0,-1.0
sir_3295698,Rainbow High (GB),597,Class 5,216,15,19,30,20,0.9,0.07,-85.17
sir_3295698,Rainbow High (GB),597,Class 4,185,15,16,15,17,0.93,0.08,-84.94
sir_3295698,Rainbow High (GB),597,Class 6,84,2,6,3,10,0.4,0.02,-72.12
sir_3295698,Rainbow High (GB),597,Class 3,49,5,7,6,8,0.95,0.1,0.5
sir_3295698,Rainbow High (GB),597,,40,0,1,3,6,0.0,0.0,-40.0
sir_3295698,Rainbow High (GB),597,Class 1,15,1,0,1,3,1.29,0.07,11.0
sir_3295698,Rainbow High (GB),597,Class 2,7,0,0,1,0,0.0,0.0,-7.0
sir_3295698,Rainbow High (GB),597,Class 7,1,0,0,0,0,0.0,0.0,-1.0
sir_6311501,Isfahan (GER),139,,109,7,8,9,10,0.63,0.06,-52.5
sir_6311501,Isfahan (GER),139,Class 5,21,3,3,3,3,1.03,0.14,1.5
sir_6311501,Isfahan (GER),139,Class 4,6,0,0,0,0,0.0,0.0,-6.0
sir_6311501,Isfahan (GER),139,Class 6,2,0,0,0,0,0.0,0.0,-2.0
sir_6311501,Isfahan (GER),139,Class 3,1,0,0,0,1,0.0,0.0,-1.0
sir_4799585,Paco Boy (IRE),3544,Class 5,1069,100,106,118,111,0.85,0.09,-325.58
sir_4799585,Paco Boy (IRE),3544,Class 6,826,79,76,77,79,0.86,0.1,-140.47
sir_4799585,Paco Boy (IRE),3544,Class 4,707,60,81,88,74,0.79,0.08,-268.06
sir_4799585,Paco Boy (IRE),3544,,447,33,39,42,38,0.69,0.07,-246.85
sir_4799585,Paco Boy (IRE),3544,Class 3,201,19,35,17,16,0.69,0.09,-105.67
sir_4799585,Paco Boy (IRE),3544,Class 2,178,15,12,14,23,0.81,0.08,-81.92
sir_4799585,Paco Boy (IRE),3544,Class 1,102,17,13,11,10,1.19,0.17,-10.99
sir_4799585,Paco Boy (IRE),3544,Class 7,14,0,1,2,0,0.0,0.0,-14.0
sir_6757982,Zelzal (FR),802,,641,64,64,55,54,1.05,0.1,161.7
sir_6757982,Zelzal (FR),802,Class 5,55,2,6,8,11,0.25,0.04,-51.7
sir_6757982,Zelzal (FR),802,Class 6,43,3,5,6,2,0.53,0.07,-30.75
sir_6757982,Zelzal (FR),802,Class 4,32,2,3,3,0,0.83,0.06,-3.3
sir_6757982,Zelzal (FR),802,Class 2,19,1,0,1,1,0.67,0.05,-10.5
sir_6757982,Zelzal (FR),802,Class 3,12,1,1,1,1,1.47,0.08,-7.0
sir_4586785,Financial Reward (IRE),30,Class 4,12,1,0,6,3,0.41,0.08,-8.75
sir_4586785,Financial Reward (IRE),30,,6,1,1,1,0,2.85,0.17,6.0
sir_4586785,Financial Reward (IRE),30,Class 3,6,0,1,1,1,0.0,0.0,-6.0
sir_4586785,Financial Reward (IRE),30,Class 5,2,0,2,0,0,0.0,0.0,-2.0
sir_4586785,Financial Reward (IRE),30,Class 1,2,0,1,0,0,0.0,0.0,-2.0
sir_4586785,Financial Reward (IRE),30,Class 2,2,0,1,0,1,0.0,0.0,-2.0
sir_4509400,Stormy River (FR),2164,,1971,190,181,171,171,0.97,0.1,-119.18
sir_4509400,Stormy River (FR),2164,Class 4,75,6,12,7,8,0.6,0.08,-27.87
sir_4509400,Stormy River (FR),2164,Class 5,51,2,2,4,7,0.5,0.04,-39.25
sir_4509400,Stormy River (FR),2164,Class 6,40,0,3,5,2,0.0,0.0,-40.0
sir_4509400,Stormy River (FR),2164,Class 3,13,0,0,0,3,0.0,0.0,-13.0
sir_4509400,Stormy River (FR),2164,Class 2,9,1,0,3,0,1.0,0.11,-2.0
sir_4509400,Stormy River (FR),2164,Class 1,3,0,0,0,0,0.0,0.0,-3.0
sir_4509400,Stormy River (FR),2164,Class 7,2,0,0,1,0,0.0,0.0,-2.0
sir_4739469,Le Cadre Noir (IRE),390,,285,23,18,20,22,0.99,0.08,-115.67
sir_4739469,Le Cadre Noir (IRE),390,Class 5,34,3,3,3,5,0.64,0.09,-24.5
sir_4739469,Le Cadre Noir (IRE),390,Class 6,34,2,2,1,4,0.68,0.06,-23.5
sir_4739469,Le Cadre Noir (IRE),390,Class 4,21,2,4,3,3,0.75,0.1,-9.5
sir_4739469,Le Cadre Noir (IRE),390,Class 3,7,1,0,0,0,1.2,0.14,-3.0
sir_4739469,Le Cadre Noir (IRE),390,Class 2,4,0,1,0,0,0.0,0.0,-4.0
sir_4739469,Le Cadre Noir (IRE),390,Class 7,4,0,0,1,0,0.0,0.0,-4.0
sir_4739469,Le Cadre Noir (IRE),390,Class 1,1,0,0,0,0,0.0,0.0,-1.0
sir_6281849,Bucchero (USA),24,,15,2,3,4,0,0.62,0.13,-9.95
sir_6281849,Bucchero (USA),24,Class 5,4,1,1,1,0,1.37,0.25,0.5
sir_6281849,Bucchero (USA),24,Class 2,3,0,0,2,0,0.0,0.0,-3.0
sir_6281849,Bucchero (USA),24,Class 4,2,1,0,0,0,2.11,0.5,1.25
sir_3662813,Olden Times (GB),750,,225,28,18,21,15,0.89,0.12,-99.84
sir_3662813,Olden Times (GB),750,Class 5,153,16,19,21,15,0.78,0.1,-26.51
sir_3662813,Olden Times (GB),750,Class 4,140,16,18,19,9,1.01,0.11,12.5
sir_3662813,Olden Times (GB),750,Class 6,122,6,21,20,14,0.37,0.05,-88.12
sir_3662813,Olden Times (GB),750,Class 1,46,7,4,7,6,1.19,0.15,14.75
sir_3662813,Olden Times (GB),750,Class 3,34,4,1,4,6,0.8,0.12,-7.32
sir_3662813,Olden Times (GB),750,Class 2,30,3,6,3,4,0.71,0.1,-2.0
sir_4204263,Speightstown (USA),3322,,1892,306,237,235,193,0.95,0.16,-42.34
sir_4204263,Speightstown (USA),3322,Class 5,476,74,68,54,52,0.83,0.16,-123.99
sir_4204263,Speightstown (USA),3322,Class 4,329,48,27,44,33,0.99,0.15,-5.14
sir_4204263,Speightstown (USA),3322,Class 6,240,38,25,14,26,1.22,0.16,36.55
sir_4204263,Speightstown (USA),3322,Class 2,146,21,12,12,7,1.2,0.14,-27.37
sir_4204263,Speightstown (USA),3322,Class 3,137,20,21,13,11,1.04,0.15,0.17
sir_4204263,Speightstown (USA),3322,Class 1,99,12,14,12,9,1.07,0.12,-7.38
sir_4204263,Speightstown (USA),3322,Class 7,3,0,1,0,0,0.0,0.0,-3.0
sir_3207225,Central Park (IRE),1064,Class 5,285,29,28,34,22,0.97,0.1,-60.87
sir_3207225,Central Park (IRE),1064,Class 4,249,14,31,24,29,0.6,0.06,-177.47
sir_3207225,Central Park (IRE),1064,,211,22,19,17,17,0.91,0.1,-51.96
sir_3207225,Central Park (IRE),1064,Class 6,175,17,15,12,17,1.13,0.1,-8.05
sir_3207225,Central Park (IRE),1064,Class 3,74,8,7,15,9,0.91,0.11,-18.87
sir_3207225,Central Park (IRE),1064,Class 1,38,4,2,6,8,1.07,0.11,-10.33
sir_3207225,Central Park (IRE),1064,Class 2,31,7,4,5,2,1.64,0.23,19.0
sir_3207225,Central Park (IRE),1064,Class 7,1,0,0,0,0,0.0,0.0,-1.0
sir_10350718,Mendelssohn (USA),236,,193,17,18,18,19,0.75,0.09,-52.13
sir_10350718,Mendelssohn (USA),236,Class 5,17,1,0,3,2,0.62,0.06,-11.0
sir_10350718,Mendelssohn (USA),236,Class 4,16,2,2,2,2,1.42,0.12,2.55
sir_10350718,Mendelssohn (USA),236,Class 6,8,0,0,2,1,0.0,0.0,-8.0
sir_10350718,Mendelssohn (USA),236,Class 2,1,0,0,0,0,0.0,0.0,-1.0
sir_10350718,Mendelssohn (USA),236,Class 1,1,0,0,0,0,0.0,0.0,-1.0
sir_5900692,Hurricane Red (IRE),20,Class 5,13,2,2,3,1,1.57,0.15,17.5
sir_5900692,Hurricane Red (IRE),20,Class 4,5,0,0,1,2,0.0,0.0,-5.0
sir_5900692,Hurricane Red (IRE),20,Class 3,2,0,0,0,0,0.0,0.0,-2.0
sir_4782393,Gladiatorus (USA),27,,25,1,4,3,6,0.24,0.04,-22.3
sir_4782393,Gladiatorus (USA),27,Class 5,2,0,0,0,0,0.0,0.0,-2.0
sir_7799582,Connect (USA),116,,109,13,13,14,17,0.82,0.12,-39.6
sir_7799582,Connect (USA),116,Class 5,3,0,0,0,1,0.0,0.0,-3.0
sir_7799582,Connect (USA),116,Class 6,3,0,0,0,0,0.0,0.0,-3.0
sir_7799582,Connect (USA),116,Class 4,1,0,0,0,0,0.0,0.0,-1.0
sir_6009374,Hallowed Crown (AUS),812,,403,44,37,38,30,0.97,0.11,-28.73
sir_6009374,Hallowed Crown (AUS),812,Class 5,125,11,7,12,10,0.85,0.09,-50.4
sir_6009374,Hallowed Crown (AUS),812,Class 4,120,8,6,13,10,0.83,0.07,-51.05
sir_6009374,Hallowed Crown (AUS),812,Class 6,92,11,19,5,7,0.86,0.12,-2.67
sir_6009374,Hallowed Crown (AUS),812,Class 3,57,7,4,7,4,1.07,0.12,27.74
sir_6009374,Hallowed Crown (AUS),812,Class 2,12,0,1,3,0,0.0,0.0,-12.0
sir_6009374,Hallowed Crown (AUS),812,Class 1,3,1,0,1,0,2.44,0.33,78.0
sir_4943932,Intense Focus (USA),3709,,1772,123,177,166,177,0.71,0.07,-637.43
sir_4943932,Intense Focus (USA),3709,Class 5,603,56,76,64,77,0.77,0.09,-223.93
sir_4943932,Intense Focus (USA),3709,Class 6,565,53,56,74,53,0.77,0.09,-205.79
sir_4943932,Intense Focus (USA),3709,Class 4,361,34,40,50,46,0.84,0.09,-64.85
sir_4943932,Intense Focus (USA),3709,Class 2,179,20,13,14,9,1.2,0.11,-31.38
sir_4943932,Intense Focus (USA),3709,Class 3,167,16,21,19,19,0.85,0.1,-52.01
sir_4943932,Intense Focus (USA),3709,Class 1,55,7,6,4,6,1.06,0.13,-4.75
sir_4943932,Intense Focus (USA),3709,Class 7,7,0,0,1,0,0.0,0.0,-7.0
sir_5206166,Bullet Train (GB),111,,74,3,4,7,5,0.73,0.04,-61.8
sir_5206166,Bullet Train (GB),111,Class 4,18,0,0,0,0,0.0,0.0,-18.0
sir_5206166,Bullet Train (GB),111,Class 5,14,0,1,1,3,0.0,0.0,-14.0
sir_5206166,Bullet Train (GB),111,Class 3,5,0,0,0,0,0.0,0.0,-5.0
sir_590611,Perugino (USA),5015,,2028,129,161,127,166,0.65,0.06,-1043.39
sir_590611,Perugino (USA),5015,Class 4,812,68,82,80,76,0.8,0.08,-266.4
sir_590611,Perugino (USA),5015,Class 6,759,65,60,67,76,0.76,0.09,-175.66
sir_590611,Perugino (USA),5015,Class 5,674,66,56,59,72,0.91,0.1,-177.6
sir_590611,Perugino (USA),5015,Class 3,366,35,48,50,33,0.77,0.1,-92.62
sir_590611,Perugino (USA),5015,Class 2,164,15,13,20,12,0.98,0.09,-8.5
sir_590611,Perugino (USA),5015,Class 1,132,11,12,14,13,0.76,0.08,-68.36
sir_590611,Perugino (USA),5015,Class 7,80,12,8,4,6,1.33,0.15,2.5
sir_6218716,Spill The Beans (AUS),196,Class 6,71,4,10,6,9,0.48,0.06,-32.0
sir_6218716,Spill The Beans (AUS),196,,60,5,5,5,6,0.68,0.08,-29.5
sir_6218716,Spill The Beans (AUS),196,Class 5,37,1,3,3,6,0.31,0.03,-32.67
sir_6218716,Spill The Beans (AUS),196,Class 4,13,0,1,1,0,0.0,0.0,-13.0
sir_6218716,Spill The Beans (AUS),196,Class 3,13,2,0,2,1,1.51,0.15,11.22
sir_6218716,Spill The Beans (AUS),196,Class 2,2,0,1,0,1,0.0,0.0,-2.0
sir_5535369,Very Nice Name (FR),96,,89,4,6,10,7,0.49,0.04,-49.9
sir_5535369,Very Nice Name (FR),96,Class 4,5,1,0,0,0,2.01,0.2,36.0
sir_5535369,Very Nice Name (FR),96,Class 2,1,0,0,0,0,0.0,0.0,-1.0
sir_5535369,Very Nice Name (FR),96,Class 5,1,0,0,1,0,0.0,0.0,-1.0
sir_4265415,The Carbon Unit (USA),664,,316,15,22,23,27,0.6,0.05,-199.1
sir_4265415,The Carbon Unit (USA),664,Class 5,110,14,19,22,15,0.89,0.13,-21.38
sir_4265415,The Carbon Unit (USA),664,Class 4,88,8,12,15,11,0.7,0.09,-20.87
sir_4265415,The Carbon Unit (USA),664,Class 6,84,10,11,7,10,0.96,0.12,-9.59
sir_4265415,The Carbon Unit (USA),664,Class 3,25,1,1,1,3,0.46,0.04,-21.0
sir_4265415,The Carbon Unit (USA),664,Class 1,23,0,1,0,2,0.0,0.0,-23.0
sir_4265415,The Carbon Unit (USA),664,Class 2,18,2,2,3,0,1.19,0.11,10.0
sir_4094377,Azamour (IRE),4677,,1859,206,188,202,157,0.87,0.11,-438.02
sir_4094377,Azamour (IRE),4677,Class 5,756,112,87,82,77,1.05,0.15,-72.51
sir_4094377,Azamour (IRE),4677,Class 4,730,109,93,86,73,0.94,0.15,-107.21
sir_4094377,Azamour (IRE),4677,Class 6,388,44,47,36,38,0.84,0.11,-111.41
sir_4094377,Azamour (IRE),4677,Class 3,354,58,51,44,40,1.03,0.16,-16.46
sir_4094377,Azamour (IRE),4677,Class 2,296,31,30,31,32,0.84,0.1,-101.9
sir_4094377,Azamour (IRE),4677,Class 1,284,38,39,37,33,0.93,0.13,-104.23
sir_4094377,Azamour (IRE),4677,Class 7,10,1,1,3,0,0.89,0.1,-7.12
sir_4668839,Westlake (GB),94,Class 5,58,7,8,6,6,0.96,0.12,18.25
sir_4668839,Westlake (GB),94,Class 4,20,2,4,1,5,0.95,0.1,-10.5
sir_4668839,Westlake (GB),94,Class 6,10,1,1,0,2,0.73,0.1,-6.25
sir_4668839,Westlake (GB),94,Class 3,3,0,0,1,1,0.0,0.0,-3.0
sir_4668839,Westlake (GB),94,Class 2,3,0,0,1,0,0.0,0.0,-3.0
sir_4638529,Slickly Royal (FR),163,,156,7,11,3,10,0.72,0.04,-68.44
sir_4638529,Slickly Royal (FR),163,Class 4,4,0,2,1,1,0.0,0.0,-4.0
sir_4638529,Slickly Royal (FR),163,Class 5,2,0,0,0,0,0.0,0.0,-2.0
sir_4638529,Slickly Royal (FR),163,Class 3,1,0,0,0,0,0.0,0.0,-1.0
sir_4627504,Spirit One (FR),1054,,881,81,63,85,66,1.05,0.09,198.03
sir_4627504,Spirit One (FR),1054,Class 4,56,10,7,8,7,0.95,0.18,-0.63
sir_4627504,Spirit One (FR),1054,Class 3,44,7,6,6,2,0.92,0.16,-12.16
sir_4627504,Spirit One (FR),1054,Class 2,30,5,0,5,1,1.29,0.17,-3.75
sir_4627504,Spirit One (FR),1054,Class 5,25,4,2,5,1,0.76,0.16,-16.71
sir_4627504,Spirit One (FR),1054,Class 6,10,6,1,0,1,1.25,0.6,-1.2
sir_4627504,Spirit One (FR),1054,Class 1,8,0,0,0,1,0.0,0.0,-8.0
sir_3263337,Elusive Quality (USA),5086,,2235,262,237,251,210,0.81,0.12,-441.01
sir_3263337,Elusive Quality (USA),5086,Class 5,951,131,103,105,99,0.88,0.14,-232.35
sir_3263337,Elusive Quality (USA),5086,Class 4,636,82,66,64,74,0.85,0.13,-186.81
sir_3263337,Elusive Quality (USA),5086,Class 6,505,65,60,49,50,0.86,0.13,-39.38
sir_3263337,Elusive Quality (USA),5086,Class 2,276,29,20,32,17,0.91,0.11,1.68
sir_3263337,Elusive Quality (USA),5086,Class 3,234,26,22,32,25,0.79,0.11,-44.94
sir_3263337,Elusive Quality (USA),5086,Class 1,233,23,26,28,22,0.69,0.1,-132.36
sir_3263337,Elusive Quality (USA),5086,Class 7,16,2,1,2,0,1.27,0.12,-4.0
sir_8867264,Centaurian (IRE),6,,5,0,2,1,0,0.0,0.0,-5.0
sir_8867264,Centaurian (IRE),6,Class 5,1,0,0,0,0,0.0,0.0,-1.0
sir_4889178,Street Boss (USA),1361,,806,101,67,92,80,0.91,0.13,-119.02
sir_4889178,Street Boss (USA),1361,Class 4,211,17,19,24,21,0.77,0.08,-79.12
sir_4889178,Street Boss (USA),1361,Class 3,156,15,14,12,16,0.98,0.1,-52.43
sir_4889178,Street Boss (USA),1361,Class 5,88,6,11,9,10,0.6,0.07,-58.33
sir_4889178,Street Boss (USA),1361,Class 2,54,3,6,5,5,0.42,0.06,-32.98
sir_4889178,Street Boss (USA),1361,Class 6,36,7,5,3,3,1.1,0.19,1.88
sir_4889178,Street Boss (USA),1361,Class 1,10,1,3,0,3,0.63,0.1,-4.3
sir_4502596,Salutino (GER),325,,166,19,6,15,13,1.08,0.11,-55.76
sir_4502596,Salutino (GER),325,Class 4,73,7,9,13,7,0.76,0.1,-37.42
sir_4502596,Salutino (GER),325,Class 5,50,3,8,4,8,0.55,0.06,-21.8
sir_4502596,Salutino (GER),325,Class 3,14,1,1,2,0,0.49,0.07,-11.62
sir_4502596,Salutino (GER),325,Class 1,10,0,1,1,0,0.0,0.0,-10.0
sir_4502596,Salutino (GER),325,Class 2,10,1,0,2,2,0.74,0.1,-7.5
sir_4502596,Salutino (GER),325,Class 6,2,0,0,0,0,0.0,0.0,-2.0
sir_4085123,American Post (GB),2978,,2287,211,193,203,192,0.9,0.09,-365.67
sir_4085123,American Post (GB),2978,Class 4,196,20,28,20,27,0.71,0.1,-82.14
sir_4085123,American Post (GB),2978,Class 5,167,23,16,17,30,0.98,0.14,-41.13
sir_4085123,American Post (GB),2978,Class 6,105,15,11,12,13,1.16,0.14,-20.02
sir_4085123,American Post (GB),2978,Class 3,104,13,14,14,12,1.04,0.12,-11.42
sir_4085123,American Post (GB),2978,Class 2,62,4,5,4,4,0.74,0.06,-8.5
sir_4085123,American Post (GB),2978,Class 1,52,3,9,7,6,0.56,0.06,-34.5
sir_4085123,American Post (GB),2978,Class 7,5,0,1,1,0,0.0,0.0,-5.0
sir_6072605,Ito (GER),45,,29,1,2,4,5,0.42,0.03,-10.8
sir_6072605,Ito (GER),45,Class 4,9,2,1,1,1,1.67,0.22,-1.9
sir_6072605,Ito (GER),45,Class 5,4,1,0,0,1,2.17,0.25,5.0
sir_6072605,Ito (GER),45,Class 3,2,0,0,0,0,0.0,0.0,-2.0
sir_6072605,Ito (GER),45,Class 1,1,0,0,0,0,0.0,0.0,-1.0
sir_6135024,Palamoss (IRE),54,Class 5,31,0,8,1,6,0.0,0.0,-31.0
sir_6135024,Palamoss (IRE),54,,15,1,3,0,2,0.62,0.07,-11.0
sir_6135024,Palamoss (IRE),54,Class 4,5,0,0,0,2,0.0,0.0,-5.0
sir_6135024,Palamoss (IRE),54,Class 6,2,0,0,0,0,0.0,0.0,-2.0
sir_6135024,Palamoss (IRE),54,Class 2,1,0,0,0,0,0.0,0.0,-1.0
sir_5753146,Goldencents (USA),258,,232,35,26,23,21,1.12,0.15,4.73
sir_5753146,Goldencents (USA),258,Class 5,13,4,2,1,1,1.85,0.31,5.7
sir_5753146,Goldencents (USA),258,Class 4,11,1,0,0,0,1.23,0.09,2.0
sir_5753146,Goldencents (USA),258,Class 2,1,0,0,0,0,0.0,0.0,-1.0
sir_5753146,Goldencents (USA),258,Class 3,1,0,0,0,0,0.0,0.0,-1.0
sir_4595045,Lovelace (GB),182,,133,7,14,8,12,0.77,0.05,17.83
sir_4595045,Lovelace (GB),182,Class 5,21,2,1,3,2,0.85,0.1,-8.38
sir_4595045,Lovelace (GB),182,Class 6,9,1,0,0,0,2.39,0.11,0.0
sir_4595045,Lovelace (GB),182,Class 4,6,0,0,0,0,0.0,0.0,-6.0
sir_4595045,Lovelace (GB),182,Class 2,5,1,1,0,0,2.16,0.2,0.5
sir_4595045,Lovelace (GB),182,Class 1,4,0,1,0,1,0.0,0.0,-4.0
sir_4595045,Lovelace (GB),182,Class 3,3,1,1,0,0,0.87,0.33,-1.82
sir_4595045,Lovelace (GB),182,Class 7,1,0,0,0,0,0.0,0.0,-1.0
sir_6028554,Guiliani (IRE),125,,101,12,15,8,14,0.9,0.12,-14.37
sir_6028554,Guiliani (IRE),125,Class 6,7,1,0,2,2,0.66,0.14,10.0
sir_6028554,Guiliani (IRE),125,Class 5,6,0,1,0,0,0.0,0.0,-6.0
sir_6028554,Guiliani (IRE),125,Class 3,5,2,0,0,0,2.79,0.4,2.38
sir_6028554,Guiliani (IRE),125,Class 4,5,2,1,1,0,1.34,0.4,0.7
sir_6028554,Guiliani (IRE),125,Class 1,1,0,0,0,1,0.0,0.0,-1.0
sir_6071352,Scissor Kick (AUS),367,,271,19,23,27,24,0.74,0.07,-123.6
sir_6071352,Scissor Kick (AUS),367,Class 4,48,5,6,2,2,0.68,0.1,-34.92
sir_6071352,Scissor Kick (AUS),367,Class 3,23,1,7,2,3,0.22,0.04,-20.62
sir_6071352,Scissor Kick (AUS),367,Class 5,12,3,0,1,0,2.13,0.25,2.06
sir_6071352,Scissor Kick (AUS),367,Class 2,8,1,1,1,1,0.75,0.12,-6.5
sir_6071352,Scissor Kick (AUS),367,Class 1,4,0,0,1,0,0.0,0.0,-4.0
sir_6071352,Scissor Kick (AUS),367,Class 6,1,0,0,0,0,0.0,0.0,-1.0
sir_3956701,Indian Haven (GB),1785,,460,27,34,44,30,0.74,0.06,-248.08
sir_3956701,Indian Haven (GB),1785,Class 5,424,29,43,37,49,0.71,0.07,-177.0
sir_3956701,Indian Haven (GB),1785,Class 6,369,28,45,38,34,0.71,0.08,-38.7
sir_3956701,Indian Haven (GB),1785,Class 4,286,32,28,29,34,1.15,0.11,-50.76
sir_3956701,Indian Haven (GB),1785,Class 3,135,20,12,16,21,1.23,0.15,49.5
sir_3956701,Indian Haven (GB),1785,Class 2,69,3,10,4,4,0.48,0.04,-25.0
sir_3956701,Indian Haven (GB),1785,Class 1,33,4,4,4,3,1.19,0.12,15.0
sir_3956701,Indian Haven (GB),1785,Class 7,9,0,3,2,1,0.0,0.0,-9.0
sir_6125980,Ultra (IRE),253,,231,15,16,17,18,0.71,0.06,-84.65
sir_6125980,Ultra (IRE),253,Class 6,10,0,0,0,0,0.0,0.0,-10.0
sir_6125980,Ultra (IRE),253,Class 5,8,1,0,1,0,4.35,0.12,-2.5
sir_6125980,Ultra (IRE),253,Class 4,4,0,0,0,0,0.0,0.0,-4.0
sir_5472894,Parish Hall (IRE),188,,152,8,8,10,21,0.71,0.05,-62.92
sir_5472894,Parish Hall (IRE),188,Class 4,16,1,4,0,4,0.39,0.06,-12.5
sir_5472894,Parish Hall (IRE),188,Class 5,13,0,1,0,2,0.0,0.0,-13.0
sir_5472894,Parish Hall (IRE),188,Class 6,4,0,0,0,2,0.0,0.0,-4.0
sir_5472894,Parish Hall (IRE),188,Class 1,2,0,0,0,0,0.0,0.0,-2.0
sir_5472894,Parish Hall (IRE),188,Class 3,1,0,0,1,0,0.0,0.0,-1.0
sir_3702986,Kallisto (GER),340,,266,34,26,32,29,1.06,0.13,6.6
sir_3702986,Kallisto (GER),340,Class 4,26,5,3,2,1,1.37,0.19,12.5
sir_3702986,Kallisto (GER),340,Class 5,15,2,1,0,1,1.32,0.13,-8.0
sir_3702986,Kallisto (GER),340,Class 3,12,0,3,1,0,0.0,0.0,-12.0
sir_3702986,Kallisto (GER),340,Class 2,9,2,2,0,1,1.42,0.22,-1.75
sir_3702986,Kallisto (GER),340,Class 1,7,0,0,0,0,0.0,0.0,-7.0
sir_3702986,Kallisto (GER),340,Class 6,5,0,0,1,0,0.0,0.0,-5.0
sir_5431510,Dialed In (USA),421,,275,26,42,38,30,0.7,0.09,-144.05
sir_5431510,Dialed In (USA),421,Class 4,47,3,7,2,0,0.59,0.06,-1.0
sir_5431510,Dialed In (USA),421,Class 5,39,7,5,4,7,1.28,0.18,25.15
sir_5431510,Dialed In (USA),421,Class 3,26,2,6,2,1,0.62,0.08,-12.17
sir_5431510,Dialed In (USA),421,Class 2,23,2,3,3,1,0.81,0.09,-1.5
sir_5431510,Dialed In (USA),421,Class 1,11,1,1,1,4,1.51,0.09,-6.35
sir_10504095,Barraquero (IRE),13,,7,0,0,2,0,0.0,0.0,-7.0
sir_10504095,Barraquero (IRE),13,Class 5,3,0,0,0,0,0.0,0.0,-3.0
sir_10504095,Barraquero (IRE),13,Class 6,2,0,0,0,0,0.0,0.0,-2.0
sir_10504095,Barraquero (IRE),13,Class 3,1,0,0,0,1,0.0,0.0,-1.0
sir_5181610,Agent Secret (IRE),92,,75,8,3,7,10,1.05,0.11,-14.8
sir_5181610,Agent Secret (IRE),92,Class 5,11,1,2,0,1,0.59,0.09,-5.5
sir_5181610,Agent Secret (IRE),92,Class 4,4,0,0,1,0,0.0,0.0,-4.0
sir_5181610,Agent Secret (IRE),92,Class 3,2,0,0,0,0,0.0,0.0,-2.0
sir_3150539,Zamindar (USA),4523,,1480,147,149,146,128,0.77,0.1,-573.75
sir_3150539,Zamindar (USA),4523,Class 5,916,88,83,81,79,0.83,0.1,-264.6
sir_3150539,Zamindar (USA),4523,Class 4,748,65,59,68,72,0.78,0.09,-216.64
sir_3150539,Zamindar (USA),4523,Class 6,745,68,55,62,66,0.84,0.09,-162.69
sir_3150539,Zamindar (USA),4523,Class 3,235,26,32,21,17,0.96,0.11,21.24
sir_3150539,Zamindar (USA),4523,Class 2,204,16,18,17,12,0.86,0.08,-38.75
sir_3150539,Zamindar (USA),4523,Class 1,151,12,18,12,19,0.61,0.08,-74.24
sir_3150539,Zamindar (USA),4523,Class 7,44,4,5,4,1,0.72,0.09,-15.75
sir_4780916,Rio De La Plata (USA),1411,,1178,111,107,94,112,0.97,0.09,-79.64
sir_4780916,Rio De La Plata (USA),1411,Class 6,76,11,8,7,7,0.97,0.14,-29.28
sir_4780916,Rio De La Plata (USA),1411,Class 4,60,4,7,7,3,0.57,0.07,-38.5
sir_4780916,Rio De La Plata (USA),1411,Class 5,55,10,8,3,6,1.27,0.18,22.85
sir_4780916,Rio De La Plata (USA),1411,Class 3,23,1,4,3,2,0.53,0.04,-2.0
sir_4780916,Rio De La Plata (USA),1411,Class 2,14,1,3,1,3,0.7,0.07,3.0
sir_4780916,Rio De La Plata (USA),1411,Class 1,5,0,0,0,0,0.0,0.0,-5.0
sir_4079782,Diamond Green (FR),2570,,1208,81,95,106,97,0.71,0.07,-541.93
sir_4079782,Diamond Green (FR),2570,Class 6,417,28,32,43,48,0.71,0.07,-191.82
sir_4079782,Diamond Green (FR),2570,Class 5,370,37,40,32,38,0.95,0.1,-99.67
sir_4079782,Diamond Green (FR),2570,Class 4,292,24,31,24,24,0.7,0.08,-90.58
sir_4079782,Diamond Green (FR),2570,Class 3,126,11,14,10,13,0.74,0.09,-49.87
sir_4079782,Diamond Green (FR),2570,Class 2,106,8,12,9,11,0.91,0.08,-44.5
sir_4079782,Diamond Green (FR),2570,Class 1,31,0,2,2,2,0.0,0.0,-31.0
sir_4079782,Diamond Green (FR),2570,Class 7,20,2,1,1,3,1.18,0.1,5.0
sir_5475813,Lilbourne Lad (IRE),2589,Class 6,724,65,80,88,73,0.78,0.09,-184.24
sir_5475813,Lilbourne Lad (IRE),2589,,708,52,53,54,54,0.86,0.07,-237.33
sir_5475813,Lilbourne Lad (IRE),2589,Class 5,642,57,62,70,74,0.87,0.09,-255.16
sir_5475813,Lilbourne Lad (IRE),2589,Class 4,300,18,33,29,39,0.56,0.06,-172.65
sir_5475813,Lilbourne Lad (IRE),2589,Class 3,92,7,12,14,8,0.71,0.08,-46.8
sir_5475813,Lilbourne Lad (IRE),2589,Class 2,82,9,9,6,9,0.9,0.11,-21.07
sir_5475813,Lilbourne Lad (IRE),2589,Class 1,29,2,0,3,2,1.02,0.07,-0.12
sir_5475813,Lilbourne Lad (IRE),2589,Class 7,12,3,3,0,2,2.26,0.25,19.0
sir_3953992,Deportivo (GB),1303,,679,50,58,54,51,0.79,0.07,-275.95
sir_3953992,Deportivo (GB),1303,Class 5,232,15,26,32,15,0.64,0.06,-143.13
sir_3953992,Deportivo (GB),1303,Class 6,175,22,16,14,16,1.27,0.13,-22.84
sir_3953992,Deportivo (GB),1303,Class 4,134,14,14,13,10,0.91,0.1,-39.46
sir_3953992,Deportivo (GB),1303,Class 3,36,9,3,6,3,1.51,0.25,-0.55
sir_3953992,Deportivo (GB),1303,Class 2,32,5,2,5,3,1.69,0.16,15.75
sir_3953992,Deportivo (GB),1303,Class 1,14,1,1,0,4,0.58,0.07,-4.0
sir_3953992,Deportivo (GB),1303,Class 7,1,0,0,0,0,0.0,0.0,-1.0
sir_3763116,Denon (USA),336,,244,12,27,23,24,0.51,0.05,-84.95
sir_3763116,Denon (USA),336,Class 5,42,1,7,2,6,0.27,0.02,-32.0
sir_3763116,Denon (USA),336,Class 6,29,1,5,6,2,0.26,0.03,-23.0
sir_3763116,Denon (USA),336,Class 4,17,0,3,2,4,0.0,0.0,-17.0
sir_3763116,Denon (USA),336,Class 3,2,0,0,0,0,0.0,0.0,-2.0
sir_3763116,Denon (USA),336,Class 2,1,0,0,0,0,0.0,0.0,-1.0
sir_3763116,Denon (USA),336,Class 1,1,0,0,0,0,0.0,0.0,-1.0
sir_5502973,Arrigo (GER),14,,8,2,0,1,0,5.35,0.25,26.7
sir_5502973,Arrigo (GER),14,Class 5,4,0,1,1,0,0.0,0.0,-4.0
sir_5502973,Arrigo (GER),14,Class 4,2,0,0,2,0,0.0,0.0,-2.0
sir_3301837,Fruits Of Love (USA),3480,,1529,95,121,116,120,0.7,0.06,-771.06
sir_3301837,Fruits Of Love (USA),3480,Class 4,650,76,80,64,63,0.89,0.12,-176.25
sir_3301837,Fruits Of Love (USA),3480,Class 5,554,52,56,65,59,0.9,0.09,49.63
sir_3301837,Fruits Of Love (USA),3480,Class 6,343,24,33,29,28,0.7,0.07,-147.66
sir_3301837,Fruits Of Love (USA),3480,Class 3,222,37,32,21,28,1.11,0.17,48.16
sir_3301837,Fruits Of Love (USA),3480,Class 2,108,9,13,7,10,0.7,0.08,-65.37
sir_3301837,Fruits Of Love (USA),3480,Class 1,53,3,8,8,8,0.41,0.06,-39.5
sir_3301837,Fruits Of Love (USA),3480,Class 7,21,2,1,1,2,1.0,0.1,11.5
sir_5287548,Worthadd (IRE),342,,206,7,13,9,15,0.52,0.03,-132.75
sir_5287548,Worthadd (IRE),342,Class 5,60,5,6,8,6,0.71,0.08,-25.75
sir_5287548,Worthadd (IRE),342,Class 6,40,4,4,6,4,0.89,0.1,-14.0
sir_5287548,Worthadd (IRE),342,Class 4,20,0,1,3,3,0.0,0.0,-20.0
sir_5287548,Worthadd (IRE),342,Class 2,8,0,1,1,2,0.0,0.0,-8.0
sir_5287548,Worthadd (IRE),342,Class 3,6,1,0,0,1,1.54,0.17,-0.5
sir_5287548,Worthadd (IRE),342,Class 1,2,0,0,0,0,0.0,0.0,-2.0
sir_5357702,Robin Du Nord (FR),88,,50,1,4,2,3,0.25,0.02,-1.0
sir_5357702,Robin Du Nord (FR),88,Class 4,17,3,3,2,4,0.71,0.18,-1.62
sir_5357702,Robin Du Nord (FR),88,Class 5,9,0,1,1,4,0.0,0.0,-9.0
sir_5357702,Robin Du Nord (FR),88,Class 3,9,0,2,3,2,0.0,0.0,-9.0
sir_5357702,Robin Du Nord (FR),88,Class 1,2,0,0,0,1,0.0,0.0,-2.0
sir_5357702,Robin Du Nord (FR),88,Class 2,1,0,0,0,0,0.0,0.0,-1.0
sir_5198676,Blame (USA),813,,544,78,53,76,75,0.89,0.14,-122.35
sir_5198676,Blame (USA),813,Class 5,95,15,13,9,9,0.9,0.16,-4.42
sir_5198676,Blame (USA),813,Class 4,67,11,7,4,10,1.16,0.16,2.41
sir_5198676,Blame (USA),813,Class 6,38,1,2,5,3,0.24,0.03,-36.67
sir_5198676,Blame (USA),813,Class 1,26,1,4,1,7,0.33,0.04,-18.5
sir_5198676,Blame (USA),813,Class 2,24,3,4,6,1,0.73,0.12,-9.5
sir_5198676,Blame (USA),813,Class 3,19,3,2,2,3,0.91,0.16,-11.84
sir_10246187,Hey Gaman (GB),15,,10,0,0,1,1,0.0,0.0,-10.0
sir_10246187,Hey Gaman (GB),15,Class 5,4,0,1,0,1,0.0,0.0,-4.0
sir_10246187,Hey Gaman (GB),15,Class 4,1,0,0,0,0,0.0,0.0,-1.0
sir_4853737,Steele Tango (USA),118,Class 5,52,4,12,2,2,0.88,0.08,-14.12
sir_4853737,Steele Tango (USA),118,Class 6,44,1,7,5,3,0.3,0.02,-40.5
sir_4853737,Steele Tango (USA),118,Class 4,18,0,1,3,4,0.0,0.0,-18.0
sir_4853737,Steele Tango (USA),118,Class 7,3,0,0,0,0,0.0,0.0,-3.0
sir_4853737,Steele Tango (USA),118,Class 3,1,0,0,0,0,0.0,0.0,-1.0
sir_3503556,Areion (GER),2035,,1725,168,153,141,165,0.89,0.1,-161.34
sir_3503556,Areion (GER),2035,Class 5,78,10,5,11,7,0.98,0.13,-17.46
sir_3503556,Areion (GER),2035,Class 4,67,9,2,9,6,1.14,0.13,9.25
sir_3503556,Areion (GER),2035,Class 6,48,5,9,5,5,0.68,0.1,-21.0
sir_3503556,Areion (GER),2035,Class 2,48,5,7,6,5,1.0,0.1,-11.0
sir_3503556,Areion (GER),2035,Class 3,48,7,5,5,6,1.16,0.15,3.12
sir_3503556,Areion (GER),2035,Class 1,19,1,0,1,3,0.93,0.05,15.0
sir_3503556,Areion (GER),2035,Class 7,2,0,0,0,0,0.0,0.0,-2.0
sir_3585372,Bach (IRE),2320,,1288,85,78,81,88,0.82,0.07,-563.62
sir_3585372,Bach (IRE),2320,Class 4,395,29,35,30,58,0.71,0.07,-179.84
sir_3585372,Bach (IRE),2320,Class 5,310,27,25,24,30,0.76,0.09,-125.36
sir_3585372,Bach (IRE),2320,Class 3,118,20,16,16,11,1.24,0.17,-17.17
sir_3585372,Bach (IRE),2320,Class 6,106,14,7,9,7,1.31,0.13,-39.75
sir_3585372,Bach (IRE),2320,Class 2,57,7,5,4,7,1.01,0.12,-12.84
sir_3585372,Bach (IRE),2320,Class 1,46,2,4,5,4,0.39,0.04,-38.0
sir_14822794,Catalina Cruiser (USA),11,,8,1,1,1,0,1.82,0.12,0.6
sir_14822794,Catalina Cruiser (USA),11,Class 4,2,0,0,0,1,0.0,0.0,-2.0
sir_14822794,Catalina Cruiser (USA),11,Class 5,1,0,0,0,0,0.0,0.0,-1.0
sir_5150754,Dick Turpin (IRE),1342,Class 6,450,43,42,59,34,0.85,0.1,-81.59
sir_5150754,Dick Turpin (IRE),1342,Class 5,449,28,38,44,45,0.72,0.06,-138.34
sir_5150754,Dick Turpin (IRE),1342,Class 4,222,16,21,20,25,0.82,0.07,-128.92
sir_5150754,Dick Turpin (IRE),1342,,90,3,1,6,7,0.52,0.03,-66.15
sir_5150754,Dick Turpin (IRE),1342,Class 3,57,5,9,11,7,0.69,0.09,-23.25
sir_5150754,Dick Turpin (IRE),1342,Class 2,37,4,2,2,5,1.08,0.11,-11.18
sir_5150754,Dick Turpin (IRE),1342,Class 1,23,3,2,1,3,1.23,0.13,-2.5
sir_5150754,Dick Turpin (IRE),1342,Class 7,14,0,3,0,5,0.0,0.0,-14.0
sir_4505578,Red Rocks (IRE),304,,141,5,14,15,13,0.34,0.04,-118.8
sir_4505578,Red Rocks (IRE),304,Class 4,47,4,15,5,3,0.54,0.09,-32.19
sir_4505578,Red Rocks (IRE),304,Class 5,47,5,2,3,4,1.01,0.11,-8.75
sir_4505578,Red Rocks (IRE),304,Class 6,42,1,4,4,7,0.32,0.02,-29.0
sir_4505578,Red Rocks (IRE),304,Class 3,20,3,4,3,4,0.84,0.15,-11.75
sir_4505578,Red Rocks (IRE),304,Class 2,6,1,0,0,1,1.62,0.17,-2.25
sir_4505578,Red Rocks (IRE),304,Class 1,1,0,0,0,1,0.0,0.0,-1.0
sir_4974011,On Est Bien (IRE),212,,180,12,13,19,25,0.71,0.07,-127.7
sir_4974011,On Est Bien (IRE),212,Class 4,19,5,0,1,1,2.07,0.26,10.44
sir_4974011,On Est Bien (IRE),212,Class 5,6,0,1,1,1,0.0,0.0,-6.0
sir_4974011,On Est Bien (IRE),212,Class 1,5,1,0,1,1,1.95,0.2,10.0
sir_4974011,On Est Bien (IRE),212,Class 3,2,1,0,0,0,3.53,0.5,17.0
sir_7263403,Brametot (IRE),180,,175,10,15,19,20,0.58,0.06,-54.3
sir_7263403,Brametot (IRE),180,Class 5,3,0,0,0,0,0.0,0.0,-3.0
sir_7263403,Brametot (IRE),180,Class 4,2,0,0,1,0,0.0,0.0,-2.0
sir_6343750,Call To Mind (GB),2,Class 5,2,0,0,0,0,0.0,0.0,-2.0
sir_740341,Grape Tree Road (GB),1178,Class 4,415,34,40,54,45,0.81,0.08,-105.6
sir_740341,Grape Tree Road (GB),1178,Class 5,329,34,26,26,27,1.15,0.1,-95.78
sir_740341,Grape Tree Road (GB),1178,Class 6,179,10,16,15,15,0.7,0.06,-67.09
sir_740341,Grape Tree Road (GB),1178,,154,20,10,16,13,1.16,0.13,-0.28
sir_740341,Grape Tree Road (GB),1178,Class 3,76,9,7,9,9,0.98,0.12,-11.47
sir_740341,Grape Tree Road (GB),1178,Class 2,16,0,1,2,0,0.0,0.0,-16.0
sir_740341,Grape Tree Road (GB),1178,Class 1,9,0,0,0,1,0.0,0.0,-9.0
sir_15537151,War Of Will (USA),24,,20,1,0,4,0,0.58,0.05,-8.5
sir_15537151,War Of Will (USA),24,Class 5,3,0,0,0,0,0.0,0.0,-3.0
sir_15537151,War Of Will (USA),24,Class 4,1,0,0,0,0,0.0,0.0,-1.0
sir_15912477,Roman Candle (GB),38,,36,3,2,4,3,1.05,0.08,59.8
sir_15912477,Roman Candle (GB),38,Class 4,2,0,0,0,0,0.0,0.0,-2.0
sir_7705152,Gunnevera (USA),3,,2,0,0,0,1,0.0,0.0,-2.0
sir_7705152,Gunnevera (USA),3,Class 5,1,0,0,0,0,0.0,0.0,-1.0
sir_4804170,Indian Daffodil (IRE),71,,58,8,5,4,2,1.09,0.14,15.28
sir_4804170,Indian Daffodil (IRE),71,Class 1,7,0,1,1,0,0.0,0.0,-7.0
sir_4804170,Indian Daffodil (IRE),71,Class 4,4,0,0,0,0,0.0,0.0,-4.0
sir_4804170,Indian Daffodil (IRE),71,Class 5,2,0,0,0,0,0.0,0.0,-2.0
sir_6018775,Code Red (GB),4,Class 4,2,0,0,0,0,0.0,0.0,-2.0
sir_6018775,Code Red (GB),4,Class 5,1,0,0,0,0,0.0,0.0,-1.0
sir_6018775,Code Red (GB),4,Class 6,1,0,0,0,0,0.0,0.0,-1.0
sir_4603018,Bernardini (USA),2297,,1676,233,156,152,178,0.92,0.14,-290.21
sir_4603018,Bernardini (USA),2297,Class 5,234,25,22,24,20,0.72,0.11,-100.61
sir_4603018,Bernardini (USA),2297,Class 4,185,15,21,13,19,0.62,0.08,-81.95
sir_4603018,Bernardini (USA),2297,Class 6,66,6,5,4,5,0.72,0.09,-25.0
sir_4603018,Bernardini (USA),2297,Class 3,57,6,9,4,7,0.64,0.11,-22.74
sir_4603018,Bernardini (USA),2297,Class 2,45,3,8,2,3,0.53,0.07,-32.7
sir_4603018,Bernardini (USA),2297,Class 1,34,6,5,7,1,1.14,0.18,19.78
sir_6279371,Iquitos (GER),24,,17,2,4,2,5,0.73,0.12,-8.2
sir_6279371,Iquitos (GER),24,Class 2,4,0,1,0,1,0.0,0.0,-4.0
sir_6279371,Iquitos (GER),24,Class 1,3,0,0,0,0,0.0,0.0,-3.0
sir_4104331,Elvstroem (AUS),525,,474,27,36,46,37,0.6,0.06,-168.27
sir_4104331,Elvstroem (AUS),525,Class 3,19,2,2,2,4,0.69,0.11,9.3
sir_4104331,Elvstroem (AUS),525,Class 2,14,1,0,2,2,0.53,0.07,-2.4
sir_4104331,Elvstroem (AUS),525,Class 5,6,0,1,0,1,0.0,0.0,-6.0
sir_4104331,Elvstroem (AUS),525,Class 4,6,2,0,0,1,3.84,0.33,26.5
sir_4104331,Elvstroem (AUS),525,Class 1,4,1,0,2,0,1.92,0.25,-1.2
sir_4104331,Elvstroem (AUS),525,Class 6,2,0,0,0,1,0.0,0.0,-2.0
sir_17774519,Global Campaign (USA),10,,9,0,2,1,0,0.0,0.0,-9.0
sir_17774519,Global Campaign (USA),10,Class 4,1,0,1,0,0,0.0,0.0,-1.0
sir_6247780,Donjuan Triumphant (IRE),42,,29,1,2,3,2,0.45,0.03,-19.6
sir_6247780,Donjuan Triumphant (IRE),42,Class 6,6,0,0,0,0,0.0,0.0,-6.0
sir_6247780,Donjuan Triumphant (IRE),42,Class 5,6,0,1,0,0,0.0,0.0,-6.0
sir_6247780,Donjuan Triumphant (IRE),42,Class 4,1,0,1,0,0,0.0,0.0,-1.0
sir_18160114,Maximum Security (USA),16,,15,2,1,4,2,0.85,0.13,-2.4
sir_18160114,Maximum Security (USA),16,Class 5,1,1,0,0,0,4.5,1.0,3.5
sir_8865465,Elarqam (GB),36,,18,3,2,2,1,1.92,0.17,8.3
sir_8865465,Elarqam (GB),36,Class 5,6,2,2,1,0,1.31,0.33,20.5
sir_8865465,Elarqam (GB),36,Class 4,5,1,0,0,0,1.46,0.2,-2.0
sir_8865465,Elarqam (GB),36,Class 6,4,0,0,1,1,0.0,0.0,-4.0
sir_8865465,Elarqam (GB),36,Class 2,2,0,0,0,0,0.0,0.0,-2.0
sir_8865465,Elarqam (GB),36,Class 1,1,0,0,0,0,0.0,0.0,-1.0
sir_3522050,Lemon Drop Kid (USA),2756,,1679,217,189,215,205,0.94,0.13,-123.0
sir_3522050,Lemon Drop Kid (USA),2756,Class 5,347,48,39,36,40,0.97,0.14,-101.91
sir_3522050,Lemon Drop Kid (USA),2756,Class 4,258,37,28,29,31,0.98,0.14,-67.82
sir_3522050,Lemon Drop Kid (USA),2756,Class 6,176,18,26,24,26,0.77,0.1,-62.0
sir_3522050,Lemon Drop Kid (USA),2756,Class 3,105,19,17,10,9,1.08,0.18,-8.39
sir_3522050,Lemon Drop Kid (USA),2756,Class 1,99,13,17,11,11,1.1,0.13,65.0
sir_3522050,Lemon Drop Kid (USA),2756,Class 2,91,12,14,7,9,1.07,0.13,-7.28
sir_3522050,Lemon Drop Kid (USA),2756,Class 7,1,1,0,0,0,2.38,1.0,1.38
sir_5601358,Victory Song (IRE),15,,14,0,0,0,1,0.0,0.0,-14.0
sir_5601358,Victory Song (IRE),15,Class 5,1,0,0,0,0,0.0,0.0,-1.0
sir_5135942,Arcano (IRE),4838,,1541,131,123,117,150,0.87,0.09,-461.33
sir_5135942,Arcano (IRE),4838,Class 5,1017,123,117,115,120,0.92,0.12,-201.34
sir_5135942,Arcano (IRE),4838,Class 6,811,101,105,77,98,0.88,0.12,-67.34
sir_5135942,Arcano (IRE),4838,Class 4,701,77,71,71,84,0.91,0.11,-156.76
sir_5135942,Arcano (IRE),4838,Class 3,335,31,33,29,42,0.85,0.09,-60.16
sir_5135942,Arcano (IRE),4838,Class 2,321,36,26,22,31,1.05,0.11,-55.58
sir_5135942,Arcano (IRE),4838,Class 1,96,8,7,14,11,0.95,0.08,15.1
sir_5135942,Arcano (IRE),4838,Class 7,16,4,2,2,0,2.0,0.25,3.8
sir_5214524,Get Stormy (USA),161,,159,24,24,13,19,1.11,0.15,3.6
sir_5214524,Get Stormy (USA),161,Class 5,2,1,1,0,0,0.85,0.5,-0.67
sir_8525545,Recoletos (FR),419,,404,30,32,35,34,0.81,0.07,-171.6
sir_8525545,Recoletos (FR),419,Class 4,5,0,0,1,1,0.0,0.0,-5.0
sir_8525545,Recoletos (FR),419,Class 5,4,2,0,0,0,2.02,0.5,1.25
sir_8525545,Recoletos (FR),419,Class 1,3,0,0,1,0,0.0,0.0,-3.0
sir_8525545,Recoletos (FR),419,Class 2,3,2,0,0,0,4.94,0.67,24.0
sir_3499902,Orpen (USA),7645,,3668,312,322,279,344,0.82,0.09,-1006.7
sir_3499902,Orpen (USA),7645,Class 5,1234,134,103,103,104,1.11,0.11,-128.78
sir_3499902,Orpen (USA),7645,Class 6,986,90,103,92,83,0.9,0.09,-144.75
sir_3499902,Orpen (USA),7645,Class 4,874,96,84,77,80,0.97,0.11,-102.65
sir_3499902,Orpen (USA),7645,Class 3,339,38,39,37,39,0.98,0.11,-50.24
sir_3499902,Orpen (USA),7645,Class 2,274,27,18,25,31,0.99,0.1,-76.77
sir_3499902,Orpen (USA),7645,Class 1,165,12,22,14,17,0.66,0.07,-81.58
sir_3499902,Orpen (USA),7645,Class 7,105,8,9,9,8,0.73,0.08,-46.5
sir_4161850,Barely A Moment (AUS),161,,127,7,9,7,9,0.81,0.06,-71.35
sir_4161850,Barely A Moment (AUS),161,Class 4,14,1,5,1,1,0.49,0.07,-12.27
sir_4161850,Barely A Moment (AUS),161,Class 5,10,1,0,0,1,1.67,0.1,1.0
sir_4161850,Barely A Moment (AUS),161,Class 3,5,0,0,0,0,0.0,0.0,-5.0
sir_4161850,Barely A Moment (AUS),161,Class 1,3,0,1,1,0,0.0,0.0,-3.0
sir_4161850,Barely A Moment (AUS),161,Class 2,2,0,0,0,0,0.0,0.0,-2.0
sir_763784,Daylami (IRE),5183,,1508,138,112,128,136,0.76,0.09,-615.32
sir_763784,Daylami (IRE),5183,Class 4,1222,161,142,125,108,0.93,0.13,-287.78
sir_763784,Daylami (IRE),5183,Class 5,961,101,117,96,106,0.82,0.11,-317.67
sir_763784,Daylami (IRE),5183,Class 3,505,62,61,62,59,0.97,0.12,5.35
sir_763784,Daylami (IRE),5183,Class 6,417,45,43,42,30,0.89,0.11,-176.13
sir_763784,Daylami (IRE),5183,Class 2,305,28,36,34,23,0.8,0.09,-129.99
sir_763784,Daylami (IRE),5183,Class 1,252,22,18,30,29,0.87,0.09,-33.22
sir_763784,Daylami (IRE),5183,Class 7,13,2,0,2,0,2.3,0.15,-1.5
sir_3208429,Sagamix (FR),739,,331,41,39,34,33,0.95,0.12,-44.36
sir_3208429,Sagamix (FR),739,Class 5,154,12,14,17,14,0.73,0.08,-69.17
sir_3208429,Sagamix (FR),739,Class 4,149,19,16,14,21,1.13,0.13,16.99
sir_3208429,Sagamix (FR),739,Class 6,42,4,2,3,3,1.27,0.1,-23.0
sir_3208429,Sagamix (FR),739,Class 3,38,4,7,3,3,0.7,0.11,-23.92
sir_3208429,Sagamix (FR),739,Class 2,13,2,1,2,1,1.01,0.15,-4.0
sir_3208429,Sagamix (FR),739,Class 1,12,0,1,0,0,0.0,0.0,-12.0
sir_4796617,Aqlaam (GB),2420,Class 5,646,76,71,69,55,0.96,0.12,-153.38
sir_4796617,Aqlaam (GB),2420,Class 6,627,72,75,77,71,0.87,0.11,-18.05
sir_4796617,Aqlaam (GB),2420,Class 4,462,56,50,50,61,0.92,0.12,-71.07
sir_4796617,Aqlaam (GB),2420,,331,31,25,19,25,0.89,0.09,-74.66
sir_4796617,Aqlaam (GB),2420,Class 3,155,24,14,15,19,1.16,0.15,23.77
sir_4796617,Aqlaam (GB),2420,Class 2,129,16,12,12,14,1.07,0.12,23.93
sir_4796617,Aqlaam (GB),2420,Class 1,55,4,6,3,6,0.87,0.07,-18.75
sir_4796617,Aqlaam (GB),2420,Class 7,15,2,2,2,1,0.91,0.13,-5.0
sir_4165063,Tapit (USA),2404,,2206,363,318,284,265,0.85,0.16,-560.51
sir_4165063,Tapit (USA),2404,Class 5,71,11,10,10,7,0.95,0.15,-25.95
sir_4165063,Tapit (USA),2404,Class 4,38,6,4,3,9,1.26,0.16,5.73
sir_4165063,Tapit (USA),2404,Class 6,32,3,1,4,4,1.01,0.09,-12.25
sir_4165063,Tapit (USA),2404,Class 3,26,2,5,4,1,0.46,0.08,-22.08
sir_4165063,Tapit (USA),2404,Class 1,16,5,0,3,1,0.97,0.31,-5.12
sir_4165063,Tapit (USA),2404,Class 2,15,5,2,1,2,1.3,0.33,7.9
sir_10222436,Beckford (GB),12,,9,1,3,0,3,1.04,0.11,12.0
sir_10222436,Beckford (GB),12,Class 5,1,0,0,0,0,0.0,0.0,-1.0
sir_10222436,Beckford (GB),12,Class 4,1,0,0,0,0,0.0,0.0,-1.0
sir_10222436,Beckford (GB),12,Class 2,1,0,0,0,0,0.0,0.0,-1.0
sir_6060271,Chemical Charge (IRE),24,,23,1,2,0,3,0.66,0.04,-18.6
sir_6060271,Chemical Charge (IRE),24,Class 5,1,0,0,0,0,0.0,0.0,-1.0
sir_6398616,Divine Prophet (AUS),387,,176,16,15,24,18,0.84,0.09,-67.67
sir_6398616,Divine Prophet (AUS),387,Class 4,92,3,9,7,11,0.37,0.03,-80.15
sir_6398616,Divine Prophet (AUS),387,Class 5,80,10,1,13,12,1.28,0.12,85.1
sir_6398616,Divine Prophet (AUS),387,Class 6,29,2,6,1,1,0.57,0.07,-22.8
sir_6398616,Divine Prophet (AUS),387,Class 3,7,0,1,0,0,0.0,0.0,-7.0
sir_6398616,Divine Prophet (AUS),387,Class 2,3,1,0,0,1,2.19,0.33,-0.12
sir_4002782,Vespone (IRE),599,,582,49,58,50,47,0.85,0.08,-228.85
sir_4002782,Vespone (IRE),599,Class 5,10,1,1,1,2,0.64,0.1,-7.38
sir_4002782,Vespone (IRE),599,Class 4,4,0,0,0,0,0.0,0.0,-4.0
sir_4002782,Vespone (IRE),599,Class 6,1,0,0,0,0,0.0,0.0,-1.0
sir_4002782,Vespone (IRE),599,Class 3,1,0,0,0,0,0.0,0.0,-1.0
sir_4002782,Vespone (IRE),599,Class 2,1,0,0,0,0,0.0,0.0,-1.0
sir_6304445,Mor Spirit (USA),56,,39,2,4,5,5,0.52,0.05,-20.06
sir_6304445,Mor Spirit (USA),56,Class 6,6,0,1,2,0,0.0,0.0,-6.0
sir_6304445,Mor Spirit (USA),56,Class 4,4,2,0,0,0,10.54,0.5,36.3
sir_6304445,Mor Spirit (USA),56,Class 3,3,2,0,0,1,2.07,0.67,3.45
sir_6304445,Mor Spirit (USA),56,Class 5,2,0,0,0,0,0.0,0.0,-2.0
sir_6304445,Mor Spirit (USA),56,Class 2,1,1,0,0,0,3.7,1.0,2.7
sir_6304445,Mor Spirit (USA),56,Class 1,1,1,0,0,0,1.75,1.0,0.75
sir_19769379,Honor A P (USA),15,,14,2,5,0,1,0.67,0.14,-9.5
sir_19769379,Honor A P (USA),15,Class 5,1,0,1,0,0,0.0,0.0,-1.0
sir_7121275,Taj Mahal (IRE),66,,51,2,3,1,5,0.59,0.04,23.4
sir_7121275,Taj Mahal (IRE),66,Class 6,9,0,1,1,2,0.0,0.0,-9.0
sir_7121275,Taj Mahal (IRE),66,Class 5,5,0,0,0,0,0.0,0.0,-5.0
sir_7121275,Taj Mahal (IRE),66,Class 3,1,0,0,0,0,0.0,0.0,-1.0
sir_3851638,Mamool (IRE),679,,455,40,41,43,39,0.83,0.09,-135.32
sir_3851638,Mamool (IRE),679,Class 4,96,22,14,13,11,1.08,0.23,-12.64
sir_3851638,Mamool (IRE),679,Class 3,47,10,4,9,4,1.16,0.21,14.64
sir_3851638,Mamool (IRE),679,Class 5,32,1,8,3,2,0.2,0.03,-28.0
sir_3851638,Mamool (IRE),679,Class 1,20,1,2,3,3,0.62,0.05,-14.5
sir_3851638,Mamool (IRE),679,Class 2,20,2,3,6,2,0.83,0.1,-9.5
sir_3851638,Mamool (IRE),679,Class 6,9,2,0,1,0,1.35,0.22,-3.06
sir_4009166,Let The Lion Roar (GB),365,,145,8,8,6,14,0.74,0.06,-103.0
sir_4009166,Let The Lion Roar (GB),365,Class 4,81,11,5,6,9,1.04,0.14,-9.74
sir_4009166,Let The Lion Roar (GB),365,Class 5,67,5,5,6,4,0.85,0.07,-16.67
sir_4009166,Let The Lion Roar (GB),365,Class 3,40,8,6,6,1,1.57,0.2,2.75
sir_4009166,Let The Lion Roar (GB),365,Class 1,15,2,0,1,1,4.28,0.13,19.5
sir_4009166,Let The Lion Roar (GB),365,Class 2,12,1,1,1,1,0.83,0.08,-7.0
sir_4009166,Let The Lion Roar (GB),365,Class 6,5,1,0,0,0,3.32,0.2,29.0
sir_5605446,Summer Front (USA),218,,190,16,27,14,29,0.71,0.08,-6.19
sir_5605446,Summer Front (USA),218,Class 4,8,4,0,0,2,3.04,0.5,23.38
sir_5605446,Summer Front (USA),218,Class 5,8,0,0,2,2,0.0,0.0,-8.0
sir_5605446,Summer Front (USA),218,Class 3,6,0,0,0,3,0.0,0.0,-6.0
sir_5605446,Summer Front (USA),218,Class 2,3,0,0,0,0,0.0,0.0,-3.0
sir_5605446,Summer Front (USA),218,Class 1,3,0,0,2,0,0.0,0.0,-3.0
sir_4183823,Heart's Cry (JPN),1389,,1365,95,115,99,97,0.74,0.07,-636.2
sir_4183823,Heart's Cry (JPN),1389,Class 1,11,2,2,2,0,1.43,0.18,-2.0
sir_4183823,Heart's Cry (JPN),1389,Class 4,7,1,2,0,0,0.75,0.14,-4.75
sir_4183823,Heart's Cry (JPN),1389,Class 5,4,2,2,0,0,2.31,0.5,9.5
sir_4183823,Heart's Cry (JPN),1389,Class 3,1,0,0,0,0,0.0,0.0,-1.0
sir_4183823,Heart's Cry (JPN),1389,Class 2,1,0,0,0,0,0.0,0.0,-1.0
sir_3920336,Choisir (AUS),7218,,2599,262,209,241,220,0.95,0.1,-427.19
sir_3920336,Choisir (AUS),7218,Class 5,1465,167,185,148,162,0.88,0.11,-340.19
sir_3920336,Choisir (AUS),7218,Class 6,1076,115,109,95,104,0.92,0.11,-92.73
sir_3920336,Choisir (AUS),7218,Class 4,1057,110,111,101,122,0.89,0.1,-180.36
sir_3920336,Choisir (AUS),7218,Class 3,450,46,38,50,39,0.9,0.1,-58.8
sir_3920336,Choisir (AUS),7218,Class 2,327,25,27,36,21,0.75,0.08,-92.68
sir_3920336,Choisir (AUS),7218,Class 1,209,24,29,20,17,1.04,0.11,-51.76
sir_3920336,Choisir (AUS),7218,Class 7,35,6,3,2,2,1.33,0.17,-2.0
sir_4908645,Finjaan (GB),426,Class 5,133,9,19,11,17,0.8,0.07,-63.89
sir_4908645,Finjaan (GB),426,Class 6,126,8,7,12,6,0.79,0.06,-81.05
sir_4908645,Finjaan (GB),426,,73,8,0,7,4,1.31,0.11,-3.0
sir_4908645,Finjaan (GB),426,Class 4,72,2,7,9,11,0.29,0.03,-33.5
sir_4908645,Finjaan (GB),426,Class 3,15,0,1,4,3,0.0,0.0,-15.0
sir_4908645,Finjaan (GB),426,Class 2,4,0,1,0,1,0.0,0.0,-4.0
sir_4908645,Finjaan (GB),426,Class 7,2,0,0,0,0,0.0,0.0,-2.0
sir_4908645,Finjaan (GB),426,Class 1,1,0,0,0,0,0.0,0.0,-1.0
sir_6204527,Air Force Blue (USA),394,,251,16,22,17,40,0.6,0.06,-110.3
sir_6204527,Air Force Blue (USA),394,Class 6,60,9,6,8,8,1.1,0.15,-2.75
sir_6204527,Air Force Blue (USA),394,Class 5,46,2,4,7,5,0.37,0.04,-33.8
sir_6204527,Air Force Blue (USA),394,Class 4,19,1,1,0,1,0.72,0.05,-13.0
sir_6204527,Air Force Blue (USA),394,Class 3,9,0,0,0,1,0.0,0.0,-9.0
sir_6204527,Air Force Blue (USA),394,Class 2,5,0,0,0,1,0.0,0.0,-5.0
sir_6204527,Air Force Blue (USA),394,Class 1,4,0,0,0,1,0.0,0.0,-4.0
sir_4938073,Sri Putra (GB),348,,323,26,27,28,26,0.9,0.08,4.8
sir_4938073,Sri Putra (GB),348,Class 4,15,2,4,1,1,0.8,0.13,-8.25
sir_4938073,Sri Putra (GB),348,Class 3,6,0,0,1,1,0.0,0.0,-6.0
sir_4938073,Sri Putra (GB),348,Class 5,3,0,0,1,0,0.0,0.0,-3.0
sir_4938073,Sri Putra (GB),348,Class 2,1,0,0,0,0,0.0,0.0,-1.0
sir_4075512,Tiberius Caesar (FR),144,,124,14,14,5,11,1.08,0.11,49.2
sir_4075512,Tiberius Caesar (FR),144,Class 6,16,1,0,1,0,1.1,0.06,-5.0
sir_4075512,Tiberius Caesar (FR),144,Class 5,2,0,0,0,0,0.0,0.0,-2.0
sir_4075512,Tiberius Caesar (FR),144,Class 4,1,0,0,0,0,0.0,0.0,-1.0
sir_4075512,Tiberius Caesar (FR),144,Class 1,1,0,0,0,0,0.0,0.0,-1.0
sir_6077834,Luck Of The Kitten (USA),20,,17,5,2,2,1,2.26,0.29,9.9
sir_6077834,Luck Of The Kitten (USA),20,Class 4,2,0,0,1,0,0.0,0.0,-2.0
sir_6077834,Luck Of The Kitten (USA),20,Class 5,1,0,0,0,0,0.0,0.0,-1.0
sir_3723811,Panis (USA),1805,,1695,126,137,141,134,0.83,0.07,-273.4
sir_3723811,Panis (USA),1805,Class 4,50,4,4,7,6,0.6,0.08,-27.9
sir_3723811,Panis (USA),1805,Class 5,34,3,2,7,4,0.82,0.09,4.0
sir_3723811,Panis (USA),1805,Class 1,11,3,2,0,0,2.72,0.27,37.33
sir_3723811,Panis (USA),1805,Class 6,10,0,1,0,1,0.0,0.0,-10.0
sir_3723811,Panis (USA),1805,Class 2,3,0,0,1,1,0.0,0.0,-3.0
sir_3723811,Panis (USA),1805,Class 3,2,0,0,0,0,0.0,0.0,-2.0
sir_3503136,Laveron (GB),1144,,577,48,53,55,54,0.75,0.08,-248.0
sir_3503136,Laveron (GB),1144,Class 4,210,24,21,24,25,0.77,0.11,-85.83
sir_3503136,Laveron (GB),1144,Class 5,127,17,11,8,10,1.21,0.13,36.82
sir_3503136,Laveron (GB),1144,Class 3,101,13,7,13,10,1.1,0.13,-13.27
sir_3503136,Laveron (GB),1144,Class 6,54,3,5,7,8,0.51,0.06,-15.5
sir_3503136,Laveron (GB),1144,Class 2,43,2,3,3,4,0.5,0.05,-32.5
sir_3503136,Laveron (GB),1144,Class 1,32,1,2,3,2,0.32,0.03,-27.0
sir_5671519,Tamarkuz (USA),112,,64,10,8,9,9,1.23,0.16,45.33
sir_5671519,Tamarkuz (USA),112,Class 6,21,6,6,4,2,1.59,0.29,-0.45
sir_5671519,Tamarkuz (USA),112,Class 5,18,1,2,3,3,0.5,0.06,-12.5
sir_5671519,Tamarkuz (USA),112,Class 4,6,1,0,2,0,1.65,0.17,2.5
sir_5671519,Tamarkuz (USA),112,Class 3,2,0,0,0,0,0.0,0.0,-2.0
sir_5671519,Tamarkuz (USA),112,Class 2,1,0,0,0,0,0.0,0.0,-1.0
sir_6093003,Carpe Diem (USA),236,,166,11,18,16,22,0.5,0.07,-96.0
sir_6093003,Carpe Diem (USA),236,Class 3,27,4,4,4,0,1.28,0.15,45.55
sir_6093003,Carpe Diem (USA),236,Class 4,16,2,0,3,3,0.86,0.12,5.0
sir_6093003,Carpe Diem (USA),236,Class 2,14,0,2,1,1,0.0,0.0,-14.0
sir_6093003,Carpe Diem (USA),236,Class 5,9,2,4,1,0,1.28,0.22,4.0
sir_6093003,Carpe Diem (USA),236,Class 1,4,1,0,0,1,1.57,0.25,-0.4
sir_8068914,Accelerate (USA),54,,34,3,1,3,6,0.89,0.09,-20.45
sir_8068914,Accelerate (USA),54,Class 6,17,2,2,0,2,1.13,0.12,-3.62
sir_8068914,Accelerate (USA),54,Class 5,3,0,0,0,0,0.0,0.0,-3.0
sir_3548930,Sakhee (USA),4298,Class 5,1177,126,143,130,133,0.85,0.11,-279.3
sir_3548930,Sakhee (USA),4298,Class 4,929,122,96,121,99,1.01,0.13,-132.75
sir_3548930,Sakhee (USA),4298,,852,86,90,83,85,0.89,0.1,-202.71
sir_3548930,Sakhee (USA),4298,Class 6,661,77,81,76,67,0.89,0.12,-179.36
sir_3548930,Sakhee (USA),4298,Class 3,344,33,41,46,39,0.76,0.1,-109.28
sir_3548930,Sakhee (USA),4298,Class 2,194,23,20,15,11,1.01,0.12,25.6
sir_3548930,Sakhee (USA),4298,Class 1,126,11,11,14,10,0.76,0.09,-56.56
sir_3548930,Sakhee (USA),4298,Class 7,15,2,2,1,2,1.3,0.13,-4.75
sir_5163571,Vale Of York (IRE),1904,,723,45,37,43,63,0.79,0.06,-306.62
sir_5163571,Vale Of York (IRE),1904,Class 6,422,50,32,53,42,0.97,0.12,88.0
sir_5163571,Vale Of York (IRE),1904,Class 5,414,36,45,36,46,0.82,0.09,-85.62
sir_5163571,Vale Of York (IRE),1904,Class 4,193,10,23,21,18,0.49,0.05,-142.72
sir_5163571,Vale Of York (IRE),1904,Class 3,83,4,8,9,9,0.47,0.05,-52.5
sir_5163571,Vale Of York (IRE),1904,Class 2,41,2,6,3,0,0.56,0.05,-34.43
sir_5163571,Vale Of York (IRE),1904,Class 1,18,2,1,0,4,0.93,0.11,-1.0
sir_5163571,Vale Of York (IRE),1904,Class 7,10,0,0,0,1,0.0,0.0,-10.0
sir_15854629,Complexity (USA),25,,23,2,1,0,6,0.77,0.09,-13.15
sir_15854629,Complexity (USA),25,Class 1,2,1,0,0,1,5.65,0.5,8.0
sir_591024,King's Theatre (IRE),14586,,5973,689,593,575,528,0.89,0.12,-1563.99
sir_591024,King's Theatre (IRE),14586,Class 4,2966,526,413,347,291,0.99,0.18,-377.5
sir_591024,King's Theatre (IRE),14586,Class 3,1768,288,257,215,196,0.98,0.16,-94.87
sir_591024,King's Theatre (IRE),14586,Class 5,1278,170,145,122,119,0.96,0.13,-283.83
sir_591024,King's Theatre (IRE),14586,Class 1,1006,135,124,109,90,0.97,0.13,-124.64
sir_591024,King's Theatre (IRE),14586,Class 2,830,99,94,101,89,0.89,0.12,-113.88
sir_591024,King's Theatre (IRE),14586,Class 6,708,95,73,77,98,0.89,0.13,-80.38
sir_591024,King's Theatre (IRE),14586,Class 7,57,5,11,4,10,0.76,0.09,3.0
sir_12641769,Wusool (USA),7,Class 6,4,0,0,0,0,0.0,0.0,-4.0
sir_12641769,Wusool (USA),7,Class 5,3,0,0,0,0,0.0,0.0,-3.0
sir_4954985,Silver Frost (IRE),1332,,1138,72,84,96,103,0.73,0.06,-483.17
sir_4954985,Silver Frost (IRE),1332,Class 5,66,5,7,9,4,0.84,0.08,-14.0
sir_4954985,Silver Frost (IRE),1332,Class 4,48,3,7,7,8,0.46,0.06,-32.33
sir_4954985,Silver Frost (IRE),1332,Class 6,37,5,6,3,2,0.92,0.14,-5.0
sir_4954985,Silver Frost (IRE),1332,Class 3,29,3,2,6,5,0.93,0.1,-6.75
sir_4954985,Silver Frost (IRE),1332,Class 1,8,0,0,0,0,0.0,0.0,-8.0
sir_4954985,Silver Frost (IRE),1332,Class 2,6,0,1,0,2,0.0,0.0,-6.0
sir_7323316,Classic Empire (USA),132,,121,9,10,11,23,0.56,0.07,-74.3
sir_7323316,Classic Empire (USA),132,Class 4,5,0,0,0,1,0.0,0.0,-5.0
sir_7323316,Classic Empire (USA),132,Class 5,5,0,0,1,1,0.0,0.0,-5.0
sir_7323316,Classic Empire (USA),132,Class 2,1,0,0,0,0,0.0,0.0,-1.0
sir_11274949,Bolt D'Oro (USA),153,,149,18,18,16,14,0.84,0.12,-34.51
sir_11274949,Bolt D'Oro (USA),153,Class 4,2,0,2,0,0,0.0,0.0,-2.0
sir_11274949,Bolt D'Oro (USA),153,Class 1,2,0,0,0,0,0.0,0.0,-2.0
sir_5306966,Approve (IRE),2775,,828,51,56,54,64,0.77,0.06,-434.43
sir_5306966,Approve (IRE),2775,Class 6,741,71,76,85,62,0.8,0.1,-114.86
sir_5306966,Approve (IRE),2775,Class 5,625,53,57,70,70,0.78,0.08,-126.94
sir_5306966,Approve (IRE),2775,Class 4,294,28,29,36,33,0.88,0.1,-135.11
sir_5306966,Approve (IRE),2775,Class 2,112,14,15,12,7,1.28,0.12,32.5
sir_5306966,Approve (IRE),2775,Class 3,102,10,9,9,17,0.88,0.1,2.13
sir_5306966,Approve (IRE),2775,Class 1,44,3,1,7,4,0.72,0.07,-31.25
sir_5306966,Approve (IRE),2775,Class 7,29,2,3,2,3,0.64,0.07,-16.0
sir_5901679,Eagle Top (GB),64,Class 5,28,1,1,2,1,1.34,0.04,-21.0
sir_5901679,Eagle Top (GB),64,Class 4,13,0,0,1,0,0.0,0.0,-13.0
sir_5901679,Eagle Top (GB),64,Class 6,13,0,0,0,0,0.0,0.0,-13.0
sir_5901679,Eagle Top (GB),64,,7,0,0,0,0,0.0,0.0,-7.0
sir_5901679,Eagle Top (GB),64,Class 3,2,0,0,0,0,0.0,0.0,-2.0
sir_5901679,Eagle Top (GB),64,Class 2,1,0,0,0,0,0.0,0.0,-1.0
sir_3697442,Medicean (GB),11313,Class 5,2999,317,310,302,331,0.85,0.11,-906.12
sir_3697442,Medicean (GB),11313,,2793,274,281,262,266,0.85,0.1,-742.2
sir_3697442,Medicean (GB),11313,Class 4,2112,226,218,224,234,0.86,0.11,-568.31
sir_3697442,Medicean (GB),11313,Class 6,1750,179,195,184,157,0.82,0.1,-511.55
sir_3697442,Medicean (GB),11313,Class 3,658,77,61,77,94,0.92,0.12,-48.52
sir_3697442,Medicean (GB),11313,Class 2,580,51,48,41,44,0.86,0.09,-127.96
sir_3697442,Medicean (GB),11313,Class 1,374,38,56,33,37,0.8,0.1,-136.56
sir_3697442,Medicean (GB),11313,Class 7,47,8,1,2,3,1.49,0.17,14.5
sir_4797779,Americain (USA),183,,114,6,6,9,9,0.77,0.05,2.3
sir_4797779,Americain (USA),183,Class 5,27,2,2,1,1,0.69,0.07,-16.5
sir_4797779,Americain (USA),183,Class 4,22,2,6,0,3,0.53,0.09,-16.34
sir_4797779,Americain (USA),183,Class 6,17,0,2,3,0,0.0,0.0,-17.0
sir_4797779,Americain (USA),183,Class 3,3,0,0,0,1,0.0,0.0,-3.0
sir_3848530,Della Francesca (USA),1405,,978,85,63,78,68,0.98,0.09,-1.25
sir_3848530,Della Francesca (USA),1405,Class 4,154,22,15,28,12,0.9,0.14,-16.31
sir_3848530,Della Francesca (USA),1405,Class 3,96,7,8,12,16,0.48,0.07,-69.64
sir_3848530,Della Francesca (USA),1405,Class 5,83,14,19,6,5,1.11,0.17,-20.85
sir_3848530,Della Francesca (USA),1405,Class 2,40,3,10,0,4,0.49,0.07,-14.25
sir_3848530,Della Francesca (USA),1405,Class 1,28,1,5,1,2,0.37,0.04,-25.12
sir_3848530,Della Francesca (USA),1405,Class 6,25,3,2,2,2,0.72,0.12,18.5
sir_3848530,Della Francesca (USA),1405,Class 7,1,1,0,0,0,10.0,1.0,9.0
sir_5758557,Palace Malice (USA),156,,151,17,16,11,12,0.94,0.11,13.0
sir_5758557,Palace Malice (USA),156,Class 5,5,0,2,1,1,0.0,0.0,-5.0
sir_6279315,Qurbaan (USA),6,,3,0,1,0,0,0.0,0.0,-3.0
sir_6279315,Qurbaan (USA),6,Class 3,2,0,1,0,0,0.0,0.0,-2.0
sir_6279315,Qurbaan (USA),6,Class 2,1,0,0,0,0,0.0,0.0,-1.0
sir_10170335,Fighting Irish (IRE),8,,7,0,0,1,0,0.0,0.0,-7.0
sir_10170335,Fighting Irish (IRE),8,Class 5,1,0,0,0,0,0.0,0.0,-1.0
sir_5380179,Uncle Mo (USA),1086,,973,146,113,105,113,0.9,0.15,-142.41
sir_5380179,Uncle Mo (USA),1086,Class 4,37,6,4,5,1,1.34,0.16,-11.62
sir_5380179,Uncle Mo (USA),1086,Class 5,25,2,3,0,7,0.51,0.08,-17.75
sir_5380179,Uncle Mo (USA),1086,Class 3,25,0,2,3,0,0.0,0.0,-25.0
sir_5380179,Uncle Mo (USA),1086,Class 1,12,1,2,2,1,0.44,0.08,-7.67
sir_5380179,Uncle Mo (USA),1086,Class 6,9,3,0,1,0,2.37,0.33,7.0
sir_5380179,Uncle Mo (USA),1086,Class 2,5,1,0,0,1,1.74,0.2,0.0
sir_5622428,Gimmethegreenlight (AUS),428,,355,39,29,33,30,0.99,0.11,-75.17
sir_5622428,Gimmethegreenlight (AUS),428,Class 5,33,1,0,2,6,0.49,0.03,5.0
sir_5622428,Gimmethegreenlight (AUS),428,Class 3,20,0,1,1,0,0.0,0.0,-20.0
sir_5622428,Gimmethegreenlight (AUS),428,Class 4,15,0,0,3,1,0.0,0.0,-15.0
sir_5622428,Gimmethegreenlight (AUS),428,Class 2,5,0,0,0,0,0.0,0.0,-5.0
sir_11646712,Yorkton (CAN),3,Class 5,3,0,0,0,0,0.0,0.0,-3.0
sir_5352592,Danadana (IRE),2,Class 5,2,0,0,0,0,0.0,0.0,-2.0
sir_3257660,Ungaro (GER),603,,257,28,14,22,20,1.28,0.11,106.4
sir_3257660,Ungaro (GER),603,Class 4,149,12,17,17,14,0.66,0.08,-57.33
sir_3257660,Ungaro (GER),603,Class 5,87,9,15,11,16,0.82,0.1,-2.79
sir_3257660,Ungaro (GER),603,Class 3,56,6,9,7,5,0.83,0.11,-25.38
sir_3257660,Ungaro (GER),603,Class 2,21,1,2,1,4,0.47,0.05,-18.12
sir_3257660,Ungaro (GER),603,Class 6,20,0,0,1,3,0.0,0.0,-20.0
sir_3257660,Ungaro (GER),603,Class 1,13,1,0,1,2,1.66,0.08,13.0
sir_4078998,Whipper (USA),4584,,3011,257,235,280,263,0.88,0.09,-625.0
sir_4078998,Whipper (USA),4584,Class 5,450,57,38,55,51,1.01,0.13,2.25
sir_4078998,Whipper (USA),4584,Class 6,361,47,42,41,49,0.93,0.13,-146.2
sir_4078998,Whipper (USA),4584,Class 4,354,48,42,39,48,1.04,0.14,-0.02
sir_4078998,Whipper (USA),4584,Class 2,149,14,9,13,15,1.0,0.09,-35.5
sir_4078998,Whipper (USA),4584,Class 3,147,19,16,13,12,1.1,0.13,-6.97
sir_4078998,Whipper (USA),4584,Class 1,106,4,19,8,18,0.36,0.04,-74.0
sir_4078998,Whipper (USA),4584,Class 7,6,0,0,0,1,0.0,0.0,-6.0
sir_8010352,Not This Time (USA),282,,275,47,35,31,30,1.0,0.17,16.63
sir_8010352,Not This Time (USA),282,Class 5,4,0,0,0,2,0.0,0.0,-4.0
sir_8010352,Not This Time (USA),282,Class 1,2,1,0,0,0,4.95,0.5,11.0
sir_8010352,Not This Time (USA),282,Class 2,1,1,0,0,0,2.5,1.0,1.5
sir_6327363,Flying Artie (AUS),149,,98,10,8,7,10,1.02,0.1,-38.96
sir_6327363,Flying Artie (AUS),149,Class 4,27,2,1,1,1,0.7,0.07,-9.95
sir_6327363,Flying Artie (AUS),149,Class 5,10,1,0,1,1,1.01,0.1,-3.04
sir_6327363,Flying Artie (AUS),149,Class 1,7,1,1,2,3,0.69,0.14,-1.0
sir_6327363,Flying Artie (AUS),149,Class 3,7,2,0,2,0,1.48,0.29,-0.95
sir_4044460,Forestier (FR),445,,325,22,18,25,33,0.85,0.07,-181.1
sir_4044460,Forestier (FR),445,Class 4,46,8,3,6,7,1.33,0.17,-1.59
sir_4044460,Forestier (FR),445,Class 3,21,5,5,2,2,1.07,0.24,1.68
sir_4044460,Forestier (FR),445,Class 5,20,2,3,4,1,0.54,0.1,-12.25
sir_4044460,Forestier (FR),445,Class 2,16,1,1,4,2,0.53,0.06,-10.5
sir_4044460,Forestier (FR),445,Class 1,15,2,1,2,1,1.15,0.13,-5.0
sir_4044460,Forestier (FR),445,Class 6,2,0,0,1,0,0.0,0.0,-2.0
sir_6205920,Duramente (JPN),303,,302,28,24,24,18,0.82,0.09,-16.7
sir_6205920,Duramente (JPN),303,Class 1,1,0,0,0,0,0.0,0.0,-1.0
sir_5145945,Xtension (IRE),188,,90,9,6,8,7,1.28,0.1,-26.4
sir_5145945,Xtension (IRE),188,Class 4,35,3,5,1,4,0.78,0.09,11.0
sir_5145945,Xtension (IRE),188,Class 5,34,7,4,3,1,1.72,0.21,53.75
sir_5145945,Xtension (IRE),188,Class 2,12,5,0,2,0,3.69,0.42,41.5
sir_5145945,Xtension (IRE),188,Class 6,12,1,1,3,0,0.49,0.08,-9.62
sir_5145945,Xtension (IRE),188,Class 3,5,1,0,1,1,1.37,0.2,1.5
sir_4863383,Mawatheeq (USA),724,Class 5,278,19,33,35,27,0.63,0.07,-146.02
sir_4863383,Mawatheeq (USA),724,Class 6,149,12,13,10,11,0.92,0.08,-37.67
sir_4863383,Mawatheeq (USA),724,Class 4,144,14,17,12,17,0.87,0.1,-28.76
sir_4863383,Mawatheeq (USA),724,,70,2,3,3,2,0.34,0.03,-57.0
sir_4863383,Mawatheeq (USA),724,Class 3,46,5,3,8,6,0.91,0.11,-8.0
sir_4863383,Mawatheeq (USA),724,Class 2,29,1,3,2,4,0.38,0.03,-23.5
sir_4863383,Mawatheeq (USA),724,Class 1,5,0,0,0,0,0.0,0.0,-5.0
sir_4863383,Mawatheeq (USA),724,Class 7,3,0,0,0,0,0.0,0.0,-3.0
sir_6164935,Divisidero (USA),13,,11,2,0,2,1,2.86,0.18,7.95
sir_6164935,Divisidero (USA),13,Class 5,2,0,0,0,2,0.0,0.0,-2.0
sir_6045081,De Treville (GB),210,,209,16,24,19,23,0.81,0.08,-4.1
sir_6045081,De Treville (GB),210,Class 1,1,0,0,0,0,0.0,0.0,-1.0
sir_4551799,Arabian Gleam (GB),524,Class 6,239,22,25,24,21,0.81,0.09,42.01
sir_4551799,Arabian Gleam (GB),524,Class 5,196,11,20,22,16,0.69,0.06,-40.34
sir_4551799,Arabian Gleam (GB),524,Class 4,53,5,9,4,8,1.03,0.09,8.25
sir_4551799,Arabian Gleam (GB),524,Class 3,18,2,5,3,1,0.85,0.11,-10.0
sir_4551799,Arabian Gleam (GB),524,Class 2,15,0,2,2,2,0.0,0.0,-15.0
sir_4551799,Arabian Gleam (GB),524,Class 7,2,0,0,1,1,0.0,0.0,-2.0
sir_4551799,Arabian Gleam (GB),524,Class 1,1,0,0,0,0,0.0,0.0,-1.0
sir_4928553,Lord Shanakill (USA),1673,,576,40,46,44,47,0.75,0.07,-197.85
sir_4928553,Lord Shanakill (USA),1673,Class 5,345,41,41,47,28,0.95,0.12,-32.89
sir_4928553,Lord Shanakill (USA),1673,Class 6,303,32,34,34,30,0.86,0.11,-25.42
sir_4928553,Lord Shanakill (USA),1673,Class 4,275,31,25,37,30,0.88,0.11,-60.72
sir_4928553,Lord Shanakill (USA),1673,Class 3,100,7,15,13,10,0.52,0.07,-69.67
sir_4928553,Lord Shanakill (USA),1673,Class 2,48,5,5,6,2,0.94,0.1,21.1
sir_4928553,Lord Shanakill (USA),1673,Class 1,21,3,1,2,2,1.59,0.14,7.8
sir_4928553,Lord Shanakill (USA),1673,Class 7,5,2,0,0,0,3.37,0.4,17.0
sir_764127,Intikhab (USA),6360,,1921,186,167,169,154,0.87,0.1,-182.17
sir_764127,Intikhab (USA),6360,Class 5,1455,167,154,175,127,0.93,0.11,-305.16
sir_764127,Intikhab (USA),6360,Class 4,1088,124,133,124,106,0.9,0.11,-225.0
sir_764127,Intikhab (USA),6360,Class 6,950,119,115,102,95,0.9,0.13,-164.86
sir_764127,Intikhab (USA),6360,Class 3,403,45,39,39,42,0.89,0.11,-38.4
sir_764127,Intikhab (USA),6360,Class 2,314,36,29,32,26,1.05,0.11,34.96
sir_764127,Intikhab (USA),6360,Class 1,193,21,23,17,22,0.89,0.11,-4.99
sir_764127,Intikhab (USA),6360,Class 7,36,2,2,4,3,0.45,0.06,-26.5
sir_11646761,Mr Boycie Quest (GB),5,Class 5,3,0,0,0,0,0.0,0.0,-3.0
sir_11646761,Mr Boycie Quest (GB),5,Class 6,1,0,0,0,0,0.0,0.0,-1.0
sir_11646761,Mr Boycie Quest (GB),5,Class 4,1,0,0,0,0,0.0,0.0,-1.0
sir_3548440,Subtle Power (IRE),758,,245,12,13,13,14,0.68,0.05,-130.75
sir_3548440,Subtle Power (IRE),758,Class 4,198,22,27,18,23,1.03,0.11,-9.07
sir_3548440,Subtle Power (IRE),758,Class 5,117,12,12,10,11,0.82,0.1,-35.54
sir_3548440,Subtle Power (IRE),758,Class 3,91,15,14,9,12,1.01,0.16,3.71
sir_3548440,Subtle Power (IRE),758,Class 1,37,2,3,3,4,0.67,0.05,-24.25
sir_3548440,Subtle Power (IRE),758,Class 2,36,9,3,1,3,1.63,0.25,19.8
sir_3548440,Subtle Power (IRE),758,Class 6,34,4,3,3,6,1.72,0.12,87.0
sir_6046719,Strath Burn (GB),119,,80,2,6,7,7,0.35,0.03,-67.0
sir_6046719,Strath Burn (GB),119,Class 2,12,1,0,0,0,0.91,0.08,-4.0
sir_6046719,Strath Burn (GB),119,Class 5,9,2,2,1,1,2.39,0.22,50.0
sir_6046719,Strath Burn (GB),119,Class 3,8,1,1,0,1,0.97,0.12,-1.5
sir_6046719,Strath Burn (GB),119,Class 1,4,0,0,1,1,0.0,0.0,-4.0
sir_6046719,Strath Burn (GB),119,Class 4,4,1,1,0,0,2.71,0.25,2.5
sir_6046719,Strath Burn (GB),119,Class 6,2,1,0,0,0,3.36,0.5,2.33
sir_5821935,Better Than Ready (AUS),283,,101,9,10,5,8,1.02,0.09,-5.55
sir_5821935,Better Than Ready (AUS),283,Class 5,56,4,8,3,3,0.63,0.07,-20.6
sir_5821935,Better Than Ready (AUS),283,Class 4,52,1,3,1,5,0.33,0.02,-41.9
sir_5821935,Better Than Ready (AUS),283,Class 3,50,5,5,6,5,1.0,0.1,-27.4
sir_5821935,Better Than Ready (AUS),283,Class 2,17,1,0,3,3,0.46,0.06,-12.95
sir_5821935,Better Than Ready (AUS),283,Class 6,6,0,0,0,2,0.0,0.0,-6.0
sir_5821935,Better Than Ready (AUS),283,Class 1,1,0,0,0,0,0.0,0.0,-1.0
sir_3723636,Anzillero (GER),546,,374,42,44,43,32,0.96,0.11,-6.61
sir_3723636,Anzillero (GER),546,Class 4,49,10,9,5,2,1.39,0.2,0.46
sir_3723636,Anzillero (GER),546,Class 3,46,9,7,8,6,0.99,0.2,-2.14
sir_3723636,Anzillero (GER),546,Class 1,29,1,2,5,4,0.36,0.03,-14.0
sir_3723636,Anzillero (GER),546,Class 5,21,2,0,2,4,0.68,0.1,-11.25
sir_3723636,Anzillero (GER),546,Class 2,20,0,4,0,3,0.0,0.0,-20.0
sir_3723636,Anzillero (GER),546,Class 6,7,2,1,1,1,1.23,0.29,-1.2
sir_5767636,Violence (USA),475,,410,46,46,46,54,0.76,0.11,-148.44
sir_5767636,Violence (USA),475,Class 5,27,4,1,4,3,0.92,0.15,-11.27
sir_5767636,Violence (USA),475,Class 4,24,2,1,2,3,0.59,0.08,-10.5
sir_5767636,Violence (USA),475,Class 6,7,1,0,1,0,1.61,0.14,-3.25
sir_5767636,Violence (USA),475,Class 3,5,0,0,0,1,0.0,0.0,-5.0
sir_5767636,Violence (USA),475,Class 1,2,0,0,0,1,0.0,0.0,-2.0
sir_10018386,West Coast (USA),33,,30,0,2,4,1,0.0,0.0,-30.0
sir_10018386,West Coast (USA),33,Class 5,3,0,0,0,0,0.0,0.0,-3.0
sir_5007611,Midshipman (USA),370,,360,48,33,43,34,0.96,0.13,-24.8
sir_5007611,Midshipman (USA),370,Class 1,5,1,1,0,0,0.86,0.2,-1.8
sir_5007611,Midshipman (USA),370,Class 6,4,0,0,0,1,0.0,0.0,-4.0
sir_5007611,Midshipman (USA),370,Class 5,1,0,0,0,0,0.0,0.0,-1.0
sir_6339158,Collected (USA),78,,69,11,9,9,7,1.04,0.16,22.15
sir_6339158,Collected (USA),78,Class 4,6,0,1,0,1,0.0,0.0,-6.0
sir_6339158,Collected (USA),78,Class 5,2,1,0,0,1,5.63,0.5,6.0
sir_6339158,Collected (USA),78,Class 3,1,1,0,0,0,5.0,1.0,4.0
sir_4109077,Flatter (USA),720,,670,99,104,100,58,0.84,0.15,-115.47
sir_4109077,Flatter (USA),720,Class 2,14,1,0,0,3,0.68,0.07,-8.6
sir_4109077,Flatter (USA),720,Class 3,14,2,2,4,3,0.89,0.14,-7.3
sir_4109077,Flatter (USA),720,Class 5,13,2,1,0,5,0.8,0.15,-7.75
sir_4109077,Flatter (USA),720,Class 6,4,1,2,1,0,1.1,0.25,-0.25
sir_4109077,Flatter (USA),720,Class 4,3,1,0,0,0,4.25,0.33,3.4
sir_4109077,Flatter (USA),720,Class 1,2,2,0,0,0,3.12,1.0,4.28
sir_6071373,Shooting To Win (AUS),546,Class 4,205,26,25,21,16,1.0,0.13,-24.11
sir_6071373,Shooting To Win (AUS),546,,173,12,14,20,15,0.82,0.07,-71.2
sir_6071373,Shooting To Win (AUS),546,Class 3,122,10,8,8,8,1.02,0.08,30.63
sir_6071373,Shooting To Win (AUS),546,Class 5,31,3,3,3,0,0.82,0.1,-16.2
sir_6071373,Shooting To Win (AUS),546,Class 2,8,0,0,1,0,0.0,0.0,-8.0
sir_6071373,Shooting To Win (AUS),546,Class 6,7,0,0,0,1,0.0,0.0,-7.0
sir_3028928,Royal Anthem (USA),1607,,589,46,43,44,38,0.78,0.08,-110.37
sir_3028928,Royal Anthem (USA),1607,Class 4,436,57,47,47,40,1.02,0.13,-76.07
sir_3028928,Royal Anthem (USA),1607,Class 5,297,36,30,28,37,1.02,0.12,66.71
sir_3028928,Royal Anthem (USA),1607,Class 3,131,16,20,15,15,0.88,0.12,16.48
sir_3028928,Royal Anthem (USA),1607,Class 6,88,7,14,11,8,0.57,0.08,-54.13
sir_3028928,Royal Anthem (USA),1607,Class 2,46,3,5,3,4,0.62,0.07,-26.8
sir_3028928,Royal Anthem (USA),1607,Class 1,20,0,0,1,0,0.0,0.0,-20.0
sir_4083499,Muhaymin (USA),638,,528,51,41,50,47,0.97,0.1,-15.79
sir_4083499,Muhaymin (USA),638,Class 4,44,6,8,6,4,0.66,0.14,-18.46
sir_4083499,Muhaymin (USA),638,Class 3,26,0,1,5,4,0.0,0.0,-26.0
sir_4083499,Muhaymin (USA),638,Class 5,20,4,4,3,1,1.53,0.2,6.5
sir_4083499,Muhaymin (USA),638,Class 6,8,3,0,2,1,1.67,0.38,8.3
sir_4083499,Muhaymin (USA),638,Class 1,7,0,0,2,0,0.0,0.0,-7.0
sir_4083499,Muhaymin (USA),638,Class 2,5,1,0,0,2,3.3,0.2,3.0
sir_11134207,Tonkin (IRE),19,,18,0,0,0,0,0.0,0.0,-18.0
sir_11134207,Tonkin (IRE),19,Class 6,1,0,0,0,0,0.0,0.0,-1.0
sir_505316,Apple Tree (FR),768,Class 4,235,21,20,25,22,0.83,0.09,-48.35
sir_505316,Apple Tree (FR),768,Class 5,182,5,12,13,19,0.31,0.03,-151.5
sir_505316,Apple Tree (FR),768,,130,12,6,12,10,0.82,0.09,-62.0
sir_505316,Apple Tree (FR),768,Class 3,68,10,8,8,3,1.2,0.15,-6.75
sir_505316,Apple Tree (FR),768,Class 1,59,5,5,7,5,0.95,0.08,-17.5
sir_505316,Apple Tree (FR),768,Class 6,58,2,7,2,6,0.44,0.03,-50.5
sir_505316,Apple Tree (FR),768,Class 2,36,6,2,3,3,1.36,0.17,13.25
sir_7799575,Arrogate (USA),173,,170,33,17,19,19,1.08,0.19,16.72
sir_7799575,Arrogate (USA),173,Class 1,2,0,1,0,0,0.0,0.0,-2.0
sir_7799575,Arrogate (USA),173,Class 2,1,1,0,0,0,3.75,1.0,2.75
sir_11245640,Catholic Boy (USA),19,,14,0,1,2,1,0.0,0.0,-14.0
sir_11245640,Catholic Boy (USA),19,Class 5,3,0,1,1,0,0.0,0.0,-3.0
sir_11245640,Catholic Boy (USA),19,Class 4,2,0,0,0,0,0.0,0.0,-2.0
sir_5012609,Gone Astray (USA),98,,95,9,13,12,11,0.73,0.09,-44.6
sir_5012609,Gone Astray (USA),98,Class 1,3,1,1,1,0,1.29,0.33,-1.5
sir_9629494,Cloud Computing (USA),35,,27,3,4,0,4,0.8,0.11,-11.95
sir_9629494,Cloud Computing (USA),35,Class 4,3,0,0,0,0,0.0,0.0,-3.0
sir_9629494,Cloud Computing (USA),35,Class 3,2,0,0,0,1,0.0,0.0,-2.0
sir_9629494,Cloud Computing (USA),35,Class 5,2,0,0,0,0,0.0,0.0,-2.0
sir_9629494,Cloud Computing (USA),35,Class 6,1,0,0,0,0,0.0,0.0,-1.0
sir_4731167,Dream Eater (IRE),133,Class 5,55,2,6,4,6,0.48,0.04,-39.5
sir_4731167,Dream Eater (IRE),133,Class 4,36,2,1,1,3,1.01,0.06,-27.8
sir_4731167,Dream Eater (IRE),133,Class 6,32,2,4,7,1,0.57,0.06,-22.0
sir_4731167,Dream Eater (IRE),133,,5,0,0,0,2,0.0,0.0,-5.0
sir_4731167,Dream Eater (IRE),133,Class 3,4,0,0,0,1,0.0,0.0,-4.0
sir_4731167,Dream Eater (IRE),133,Class 2,1,0,0,0,0,0.0,0.0,-1.0
sir_3970715,Whitmore's Conn (USA),1102,,639,45,49,64,42,0.86,0.07,-250.6
sir_3970715,Whitmore's Conn (USA),1102,Class 4,186,27,15,24,19,1.36,0.15,153.11
sir_3970715,Whitmore's Conn (USA),1102,Class 5,149,15,15,23,14,0.94,0.1,-36.62
sir_3970715,Whitmore's Conn (USA),1102,Class 3,62,8,8,7,10,0.78,0.13,-0.95
sir_3970715,Whitmore's Conn (USA),1102,Class 6,30,3,4,3,4,1.0,0.1,-1.5
sir_3970715,Whitmore's Conn (USA),1102,Class 1,19,0,3,1,4,0.0,0.0,-19.0
sir_3970715,Whitmore's Conn (USA),1102,Class 2,17,1,1,1,4,0.66,0.06,-13.75
sir_6029058,Jungle Cat (IRE),77,Class 5,25,1,2,3,4,0.38,0.04,-13.0
sir_6029058,Jungle Cat (IRE),77,Class 6,22,1,1,2,4,0.33,0.05,-19.12
sir_6029058,Jungle Cat (IRE),77,Class 4,11,4,1,1,1,1.51,0.36,3.83
sir_6029058,Jungle Cat (IRE),77,,7,0,0,0,0,0.0,0.0,-7.0
sir_6029058,Jungle Cat (IRE),77,Class 2,7,0,2,2,0,0.0,0.0,-7.0
sir_6029058,Jungle Cat (IRE),77,Class 1,4,0,0,0,0,0.0,0.0,-4.0
sir_6029058,Jungle Cat (IRE),77,Class 3,1,0,0,0,0,0.0,0.0,-1.0
sir_4234062,Early March (GB),898,,661,53,59,52,45,0.92,0.08,-62.61
sir_4234062,Early March (GB),898,Class 3,62,10,10,8,5,0.95,0.16,-14.12
sir_4234062,Early March (GB),898,Class 5,51,4,4,4,3,0.79,0.08,-29.7
sir_4234062,Early March (GB),898,Class 4,50,7,5,6,7,1.23,0.14,-11.62
sir_4234062,Early March (GB),898,Class 2,39,4,6,5,4,0.79,0.1,-1.75
sir_4234062,Early March (GB),898,Class 1,19,3,2,3,0,2.41,0.16,14.0
sir_4234062,Early March (GB),898,Class 6,16,2,0,0,1,0.98,0.12,-11.15
sir_3544135,Indian River (FR),1404,,403,25,37,28,46,0.64,0.06,-145.63
sir_3544135,Indian River (FR),1404,Class 4,392,53,58,48,56,0.89,0.14,-78.48
sir_3544135,Indian River (FR),1404,Class 5,195,26,14,21,33,0.92,0.13,-52.12
sir_3544135,Indian River (FR),1404,Class 3,189,28,27,22,27,0.96,0.15,-24.32
sir_3544135,Indian River (FR),1404,Class 1,82,16,7,12,8,1.55,0.2,40.81
sir_3544135,Indian River (FR),1404,Class 2,75,7,5,6,10,0.8,0.09,-18.87
sir_3544135,Indian River (FR),1404,Class 6,68,7,7,7,14,0.71,0.1,-16.26
sir_6300854,Jimmy Two Times (FR),26,,25,2,6,0,1,0.74,0.08,-14.05
sir_6300854,Jimmy Two Times (FR),26,Class 4,1,0,0,0,0,0.0,0.0,-1.0
sir_4031286,Touch Of Land (FR),681,,268,16,25,25,22,0.61,0.06,-160.83
sir_4031286,Touch Of Land (FR),681,Class 4,189,20,24,25,29,1.04,0.11,-16.62
sir_4031286,Touch Of Land (FR),681,Class 5,144,8,14,17,16,0.6,0.06,-98.99
sir_4031286,Touch Of Land (FR),681,Class 3,46,4,6,5,8,0.61,0.09,-24.08
sir_4031286,Touch Of Land (FR),681,Class 6,23,3,2,2,4,1.08,0.13,11.73
sir_4031286,Touch Of Land (FR),681,Class 1,7,0,0,0,1,0.0,0.0,-7.0
sir_4031286,Touch Of Land (FR),681,Class 2,3,0,0,0,2,0.0,0.0,-3.0
sir_4031286,Touch Of Land (FR),681,Class 7,1,0,0,0,0,0.0,0.0,-1.0
sir_8608082,Shakeel (FR),4,Class 5,3,0,2,0,1,0.0,0.0,-3.0
sir_8608082,Shakeel (FR),4,Class 4,1,0,1,0,0,0.0,0.0,-1.0
sir_699923,Pasternak (GB),1048,,303,14,16,13,17,0.58,0.05,-174.84
sir_699923,Pasternak (GB),1048,Class 4,285,32,18,26,30,1.04,0.11,-23.68
sir_699923,Pasternak (GB),1048,Class 5,175,14,22,14,17,0.73,0.08,-95.0
sir_699923,Pasternak (GB),1048,Class 3,102,10,10,14,10,0.74,0.1,-23.93
sir_699923,Pasternak (GB),1048,Class 6,88,7,12,15,5,0.66,0.08,-27.33
sir_699923,Pasternak (GB),1048,Class 2,55,6,6,7,6,0.93,0.11,-26.92
sir_699923,Pasternak (GB),1048,Class 1,37,2,0,2,1,0.8,0.05,1.0
sir_699923,Pasternak (GB),1048,Class 7,3,1,1,0,0,1.45,0.33,1.5
sir_3565226,Redoute's Choice (AUS),3085,,2200,226,237,185,198,0.86,0.1,-606.47
sir_3565226,Redoute's Choice (AUS),3085,Class 4,251,31,25,22,24,0.95,0.12,9.33
sir_3565226,Redoute's Choice (AUS),3085,Class 3,210,24,26,19,27,0.9,0.11,-26.91
sir_3565226,Redoute's Choice (AUS),3085,Class 5,155,22,22,13,10,0.94,0.14,7.51
sir_3565226,Redoute's Choice (AUS),3085,Class 6,104,12,17,6,6,0.75,0.12,-34.95
sir_3565226,Redoute's Choice (AUS),3085,Class 2,88,14,8,5,9,1.27,0.16,36.28
sir_3565226,Redoute's Choice (AUS),3085,Class 1,75,11,8,12,12,0.88,0.15,-37.51
sir_3565226,Redoute's Choice (AUS),3085,Class 7,2,1,0,0,0,2.38,0.5,1.75
sir_5052313,Alianthus (GER),189,,175,11,5,17,17,0.9,0.06,-50.5
sir_5052313,Alianthus (GER),189,Class 4,9,0,2,1,1,0.0,0.0,-9.0
sir_5052313,Alianthus (GER),189,Class 5,5,0,0,0,0,0.0,0.0,-5.0
sir_3417666,Tiger Hill (IRE),4435,,1429,117,159,148,129,0.66,0.08,-644.92
sir_3417666,Tiger Hill (IRE),4435,Class 5,937,106,82,84,91,0.97,0.11,-122.92
sir_3417666,Tiger Hill (IRE),4435,Class 4,793,66,85,80,81,0.68,0.08,-361.05
sir_3417666,Tiger Hill (IRE),4435,Class 6,722,72,64,68,73,0.82,0.1,-301.07
sir_3417666,Tiger Hill (IRE),4435,Class 3,227,19,34,19,30,0.67,0.08,-71.24
sir_3417666,Tiger Hill (IRE),4435,Class 2,185,17,15,16,24,0.86,0.09,-50.35
sir_3417666,Tiger Hill (IRE),4435,Class 1,128,13,8,11,18,1.03,0.1,-24.5
sir_3417666,Tiger Hill (IRE),4435,Class 7,14,2,0,1,2,0.85,0.14,-11.0
sir_3154718,Supreme Sound (GB),439,Class 4,198,13,16,17,28,0.74,0.07,-138.84
sir_3154718,Supreme Sound (GB),439,Class 5,140,11,13,13,11,0.86,0.08,-41.17
sir_3154718,Supreme Sound (GB),439,Class 6,65,3,6,2,6,0.61,0.05,-36.0
sir_3154718,Supreme Sound (GB),439,Class 3,30,5,3,2,5,1.32,0.17,4.5
sir_3154718,Supreme Sound (GB),439,Class 2,5,0,0,1,0,0.0,0.0,-5.0
sir_3154718,Supreme Sound (GB),439,Class 1,1,0,0,0,0,0.0,0.0,-1.0
sir_4756437,Henrythenavigator (USA),3097,,1185,116,119,115,103,0.82,0.1,-435.9
sir_4756437,Henrythenavigator (USA),3097,Class 5,585,60,65,59,54,0.86,0.1,-53.18
sir_4756437,Henrythenavigator (USA),3097,Class 6,489,47,37,57,42,0.87,0.1,-126.41
sir_4756437,Henrythenavigator (USA),3097,Class 4,382,44,48,47,50,0.84,0.12,-118.92
sir_4756437,Henrythenavigator (USA),3097,Class 3,272,18,24,25,28,0.64,0.07,-92.95
sir_4756437,Henrythenavigator (USA),3097,Class 2,127,7,12,14,9,0.59,0.06,-70.0
sir_4756437,Henrythenavigator (USA),3097,Class 1,47,0,5,8,5,0.0,0.0,-47.0
sir_4756437,Henrythenavigator (USA),3097,Class 7,10,0,0,2,1,0.0,0.0,-10.0
sir_4440002,Magadino (FR),18,,15,0,1,0,0,0.0,0.0,-15.0
sir_4440002,Magadino (FR),18,Class 6,1,0,0,0,0,0.0,0.0,-1.0
sir_4440002,Magadino (FR),18,Class 4,1,0,0,0,0,0.0,0.0,-1.0
sir_4440002,Magadino (FR),18,Class 5,1,0,0,0,0,0.0,0.0,-1.0
sir_4880757,Monitor Closely (IRE),138,,93,7,8,7,6,0.79,0.08,-21.02
sir_4880757,Monitor Closely (IRE),138,Class 5,27,3,0,8,3,0.78,0.11,-12.62
sir_4880757,Monitor Closely (IRE),138,Class 4,12,1,1,1,0,1.16,0.08,-1.0
sir_4880757,Monitor Closely (IRE),138,Class 1,4,0,1,0,1,0.0,0.0,-4.0
sir_4880757,Monitor Closely (IRE),138,Class 3,2,0,0,2,0,0.0,0.0,-2.0
sir_677803,Definite Article (GB),8431,,3568,346,318,302,291,0.89,0.1,-1052.43
sir_677803,Definite Article (GB),8431,Class 4,1837,212,195,205,208,0.87,0.12,-561.6
sir_677803,Definite Article (GB),8431,Class 5,1184,135,112,109,105,0.97,0.11,-214.59
sir_677803,Definite Article (GB),8431,Class 3,724,77,97,70,91,0.77,0.11,-273.06
sir_677803,Definite Article (GB),8431,Class 6,644,64,58,72,77,0.86,0.1,-245.47
sir_677803,Definite Article (GB),8431,Class 2,238,26,23,29,23,0.93,0.11,-6.57
sir_677803,Definite Article (GB),8431,Class 1,178,21,15,14,14,1.17,0.12,32.25
sir_677803,Definite Article (GB),8431,Class 7,58,3,4,4,2,0.62,0.05,-36.5
sir_447930,Michel Georges (GB),256,,159,14,11,14,12,1.15,0.09,46.4
sir_447930,Michel Georges (GB),256,Class 4,32,4,8,6,5,0.65,0.12,-13.5
sir_447930,Michel Georges (GB),256,Class 5,28,3,2,3,1,0.79,0.11,-6.5
sir_447930,Michel Georges (GB),256,Class 3,19,3,3,2,1,1.12,0.16,10.91
sir_447930,Michel Georges (GB),256,Class 6,9,0,2,2,1,0.0,0.0,-9.0
sir_447930,Michel Georges (GB),256,Class 2,6,3,1,0,0,2.02,0.5,4.12
sir_447930,Michel Georges (GB),256,Class 1,3,0,0,0,0,0.0,0.0,-3.0
sir_4658528,Spring At Last (USA),262,,143,20,15,15,15,1.04,0.14,20.55
sir_4658528,Spring At Last (USA),262,Class 5,40,5,4,4,8,0.93,0.12,-20.24
sir_4658528,Spring At Last (USA),262,Class 6,34,2,4,6,5,0.45,0.06,-21.2
sir_4658528,Spring At Last (USA),262,Class 4,24,0,5,1,2,0.0,0.0,-24.0
sir_4658528,Spring At Last (USA),262,Class 3,19,1,1,3,2,0.55,0.05,-11.4
sir_4658528,Spring At Last (USA),262,Class 1,1,0,0,1,0,0.0,0.0,-1.0
sir_4658528,Spring At Last (USA),262,Class 2,1,1,0,0,0,7.0,1.0,6.0
sir_5771969,Mshawish (USA),144,,58,6,4,6,6,0.83,0.1,-25.4
sir_5771969,Mshawish (USA),144,Class 4,39,3,9,8,2,0.7,0.08,-14.0
sir_5771969,Mshawish (USA),144,Class 5,20,2,1,2,1,0.69,0.1,-17.0
sir_5771969,Mshawish (USA),144,Class 3,12,0,0,0,1,0.0,0.0,-12.0
sir_5771969,Mshawish (USA),144,Class 6,10,2,2,3,0,0.96,0.2,-1.75
sir_5771969,Mshawish (USA),144,Class 2,5,1,0,1,1,1.19,0.2,-2.12
sir_3512425,Slickly (FR),2915,,2645,175,214,234,190,0.74,0.07,-687.09
sir_3512425,Slickly (FR),2915,Class 5,72,3,8,5,7,0.42,0.04,-41.17
sir_3512425,Slickly (FR),2915,Class 4,63,5,2,5,4,0.9,0.08,-24.5
sir_3512425,Slickly (FR),2915,Class 1,62,3,8,7,6,0.44,0.05,-47.5
sir_3512425,Slickly (FR),2915,Class 2,28,6,3,3,4,1.33,0.21,10.83
sir_3512425,Slickly (FR),2915,Class 3,25,0,1,2,6,0.0,0.0,-25.0
sir_3512425,Slickly (FR),2915,Class 6,20,4,2,0,3,2.71,0.2,27.0
sir_627592,Tikkanen (USA),2014,Class 4,681,83,70,85,68,0.94,0.12,-197.6
sir_627592,Tikkanen (USA),2014,,517,25,23,31,27,0.68,0.05,-242.23
sir_627592,Tikkanen (USA),2014,Class 5,396,40,47,40,30,0.81,0.1,-131.28
sir_627592,Tikkanen (USA),2014,Class 3,184,18,22,33,23,0.69,0.1,-73.65
sir_627592,Tikkanen (USA),2014,Class 6,112,10,6,12,7,1.15,0.09,-61.26
sir_627592,Tikkanen (USA),2014,Class 2,66,4,9,7,5,0.52,0.06,-24.5
sir_627592,Tikkanen (USA),2014,Class 1,58,4,4,4,5,0.8,0.07,45.5
sir_4220216,Windsor Knot (IRE),1349,,829,66,74,79,73,0.88,0.08,-148.18
sir_4220216,Windsor Knot (IRE),1349,Class 5,175,23,20,23,23,1.17,0.13,75.16
sir_4220216,Windsor Knot (IRE),1349,Class 6,125,10,10,16,16,0.72,0.08,-68.97
sir_4220216,Windsor Knot (IRE),1349,Class 4,87,5,5,10,11,0.66,0.06,-47.75
sir_4220216,Windsor Knot (IRE),1349,Class 2,71,7,5,11,4,0.9,0.1,-14.92
sir_4220216,Windsor Knot (IRE),1349,Class 3,41,6,5,4,6,1.53,0.15,23.0
sir_4220216,Windsor Knot (IRE),1349,Class 1,19,1,1,4,2,0.66,0.05,7.0
sir_4220216,Windsor Knot (IRE),1349,Class 7,2,1,0,0,1,5.96,0.5,5.5
sir_3310986,Gold Away (IRE),2572,,1987,181,214,184,187,0.92,0.09,-206.17
sir_3310986,Gold Away (IRE),2572,Class 4,169,19,19,16,19,0.71,0.11,-96.62
sir_3310986,Gold Away (IRE),2572,Class 5,168,20,24,24,18,0.91,0.12,-48.32
sir_3310986,Gold Away (IRE),2572,Class 6,97,15,14,13,7,1.05,0.15,12.36
sir_3310986,Gold Away (IRE),2572,Class 3,53,7,7,7,3,0.93,0.13,4.45
sir_3310986,Gold Away (IRE),2572,Class 2,48,5,2,2,3,1.16,0.1,-13.0
sir_3310986,Gold Away (IRE),2572,Class 1,45,5,9,5,6,0.84,0.11,0.37
sir_3310986,Gold Away (IRE),2572,Class 7,5,0,1,1,1,0.0,0.0,-5.0
sir_4608254,Fine Grain (JPN),85,,33,0,1,2,2,0.0,0.0,-33.0
sir_4608254,Fine Grain (JPN),85,Class 2,24,1,3,6,4,0.39,0.04,-18.5
sir_4608254,Fine Grain (JPN),85,Class 3,13,4,2,2,3,1.64,0.31,8.75
sir_4608254,Fine Grain (JPN),85,Class 1,10,1,1,1,3,1.42,0.1,0.0
sir_4608254,Fine Grain (JPN),85,Class 4,5,3,1,0,0,2.28,0.6,5.45
sir_727853,Atraf (GB),3701,Class 5,995,85,83,83,90,0.88,0.09,-169.62
sir_727853,Atraf (GB),3701,Class 6,899,90,85,66,77,0.96,0.1,-161.74
sir_727853,Atraf (GB),3701,Class 4,789,63,69,74,77,0.87,0.08,-266.33
sir_727853,Atraf (GB),3701,,542,20,39,38,46,0.49,0.04,-402.5
sir_727853,Atraf (GB),3701,Class 3,228,28,16,16,33,1.25,0.12,-4.28
sir_727853,Atraf (GB),3701,Class 2,99,10,9,7,5,1.18,0.1,13.0
sir_727853,Atraf (GB),3701,Class 7,97,7,3,13,5,0.78,0.07,-23.0
sir_727853,Atraf (GB),3701,Class 1,52,1,4,2,6,0.22,0.02,-46.0
sir_617176,Germany (USA),1483,,995,89,76,91,81,0.75,0.09,-544.93
sir_617176,Germany (USA),1483,Class 4,204,17,18,14,18,0.79,0.08,-93.14
sir_617176,Germany (USA),1483,Class 5,110,6,9,13,12,0.56,0.05,-65.75
sir_617176,Germany (USA),1483,Class 3,80,9,8,9,9,0.92,0.11,-19.25
sir_617176,Germany (USA),1483,Class 1,43,11,3,3,1,1.34,0.26,11.39
sir_617176,Germany (USA),1483,Class 6,30,1,3,3,2,0.44,0.03,-21.5
sir_617176,Germany (USA),1483,Class 2,21,0,1,3,2,0.0,0.0,-21.0
sir_3140382,Waky Nao (GB),494,,359,40,24,20,14,1.03,0.11,-39.57
sir_3140382,Waky Nao (GB),494,Class 4,51,10,6,9,4,1.35,0.2,2.29
sir_3140382,Waky Nao (GB),494,Class 5,29,3,5,2,3,0.94,0.1,0.5
sir_3140382,Waky Nao (GB),494,Class 3,19,1,2,2,3,0.37,0.05,-10.0
sir_3140382,Waky Nao (GB),494,Class 6,16,3,0,3,1,1.38,0.19,6.55
sir_3140382,Waky Nao (GB),494,Class 1,14,1,1,1,0,0.55,0.07,-11.5
sir_3140382,Waky Nao (GB),494,Class 2,6,2,1,0,1,3.2,0.33,8.0
sir_5443767,The Factor (USA),885,,502,51,51,59,45,0.82,0.1,-137.77
sir_5443767,The Factor (USA),885,Class 6,100,15,7,9,15,1.15,0.15,2.7
sir_5443767,The Factor (USA),885,Class 4,97,10,2,4,8,1.29,0.1,93.85
sir_5443767,The Factor (USA),885,Class 3,96,6,7,1,12,0.79,0.06,126.64
sir_5443767,The Factor (USA),885,Class 5,64,7,7,7,7,0.84,0.11,-30.75
sir_5443767,The Factor (USA),885,Class 2,22,3,2,1,1,1.76,0.14,18.1
sir_5443767,The Factor (USA),885,Class 1,4,0,0,1,2,0.0,0.0,-4.0
sir_6158250,Mr Owen (USA),76,,74,2,5,6,5,0.31,0.03,-49.5
sir_6158250,Mr Owen (USA),76,Class 5,1,0,0,0,0,0.0,0.0,-1.0
sir_6158250,Mr Owen (USA),76,Class 4,1,0,0,0,0,0.0,0.0,-1.0
sir_397411,Witness Box (USA),3251,,1601,99,133,127,146,0.7,0.06,-750.59
sir_397411,Witness Box (USA),3251,Class 4,676,96,87,89,78,0.99,0.14,49.27
sir_397411,Witness Box (USA),3251,Class 3,355,46,52,47,34,0.87,0.13,-78.41
sir_397411,Witness Box (USA),3251,Class 5,260,19,31,21,35,0.58,0.07,-107.89
sir_397411,Witness Box (USA),3251,Class 6,129,17,22,13,18,0.81,0.13,-54.95
sir_397411,Witness Box (USA),3251,Class 1,116,8,9,8,9,0.94,0.07,-31.47
sir_397411,Witness Box (USA),3251,Class 2,114,10,12,16,9,0.79,0.09,-27.67
