trainer_id,total_rides,horse_age,runners,1st,2nd,3rd,4th,a/e,win_%,1_pl
trn_118584,0,6,1208,246,174,128,114,0.99,0.2,-117.89
trn_118584,0,7,998,197,138,110,97,1.03,0.2,-23.11
trn_118584,0,5,994,175,151,101,89,0.91,0.18,-185.82
trn_118584,0,8,753,121,114,78,91,0.92,0.16,-139.74
trn_118584,0,9,530,74,77,71,60,0.9,0.14,-81.55
trn_118584,0,10,374,48,47,40,44,0.93,0.13,31.54
trn_118584,0,4,345,48,59,34,31,0.79,0.14,-133.16
trn_118584,0,11,198,24,21,30,20,0.92,0.12,-14.97
trn_118584,0,12,105,19,3,13,7,1.53,0.18,115.42
trn_118584,0,13,43,4,9,5,7,0.67,0.09,-28.0
trn_118584,0,3,31,4,6,3,4,0.77,0.13,-14.5
trn_118584,0,14,9,2,2,0,2,1.38,0.22,15.25
trn_118584,0,15,3,2,0,0,0,4.16,0.67,6.5
trn_169875,0,5,1299,119,163,124,124,0.79,0.09,-379.93
trn_169875,0,4,1081,78,88,82,116,0.77,0.07,-453.85
trn_169875,0,6,1011,115,94,104,100,0.92,0.11,-322.21
trn_169875,0,7,847,99,79,100,90,0.92,0.12,-193.59
trn_169875,0,3,618,46,53,60,69,0.82,0.07,-320.63
trn_169875,0,8,515,42,68,52,50,0.72,0.08,-191.43
trn_169875,0,9,269,37,24,24,30,1.21,0.14,3.42
trn_169875,0,2,232,13,11,24,16,0.9,0.06,-124.25
trn_169875,0,10,113,15,10,11,7,1.11,0.13,23.62
trn_169875,0,11,40,5,3,2,2,0.95,0.12,-15.3
trn_169875,0,12,16,0,0,1,2,0.0,0.0,-16.0
trn_169875,0,13,1,0,0,0,0,0.0,0.0,-1.0
trn_230715,0,6,285,18,23,21,27,0.83,0.06,-99.5
trn_230715,0,5,235,13,12,24,15,0.83,0.06,-158.28
trn_230715,0,7,226,26,21,27,16,1.14,0.12,13.15
trn_230715,0,8,145,14,13,17,16,0.95,0.1,-48.79
trn_230715,0,9,109,6,11,8,15,0.55,0.06,-20.0
trn_230715,0,4,89,1,5,6,6,0.29,0.01,-82.0
trn_230715,0,10,80,3,13,6,8,0.38,0.04,-66.5
trn_230715,0,11,56,3,7,3,3,0.58,0.05,-16.5
trn_230715,0,12,21,0,0,1,7,0.0,0.0,-21.0
trn_230715,0,13,1,0,0,0,0,0.0,0.0,-1.0
trn_57159,0,6,266,28,23,31,25,1.04,0.11,-3.03
trn_57159,0,7,229,21,23,23,34,0.79,0.09,-102.43
trn_57159,0,5,178,10,12,17,16,0.68,0.06,-92.48
trn_57159,0,8,162,14,14,16,21,0.76,0.09,-65.17
trn_57159,0,9,117,10,14,17,9,0.68,0.09,-52.0
trn_57159,0,10,102,11,7,19,16,0.84,0.11,-33.0
trn_57159,0,11,65,10,5,8,8,1.44,0.15,11.88
trn_57159,0,4,29,2,4,2,2,0.99,0.07,-16.5
trn_57159,0,12,27,3,6,2,2,0.9,0.11,1.1
trn_57159,0,13,3,1,0,0,1,2.18,0.33,6.0
trn_57159,0,3,1,0,0,1,0,0.0,0.0,-1.0
trn_40239,0,7,363,50,58,47,43,0.84,0.14,-45.16
trn_40239,0,6,322,46,42,33,46,0.89,0.14,-64.37
trn_40239,0,8,284,32,34,35,31,0.7,0.11,-112.37
trn_40239,0,5,216,31,24,26,26,1.05,0.14,117.38
trn_40239,0,9,195,29,30,17,24,1.01,0.15,-49.14
trn_40239,0,10,146,17,20,14,8,0.95,0.12,6.25
trn_40239,0,11,79,8,13,10,4,0.83,0.1,-6.88
trn_40239,0,12,38,3,2,4,6,0.95,0.08,-2.75
trn_40239,0,4,36,3,5,6,4,0.69,0.08,-12.3
trn_40239,0,13,10,2,1,0,1,2.57,0.2,18.0
trn_40239,0,3,3,0,0,0,1,0.0,0.0,-3.0
trn_40239,0,14,3,0,0,0,0,0.0,0.0,-3.0
trn_40239,0,15,1,0,0,0,0,0.0,0.0,-1.0
trn_36783,0,5,830,36,63,79,85,0.7,0.04,-255.0
trn_36783,0,6,780,63,63,87,86,1.01,0.08,-169.27
trn_36783,0,7,656,57,62,81,74,0.93,0.09,-182.39
trn_36783,0,4,489,13,23,36,24,0.67,0.03,-245.67
trn_36783,0,8,477,49,59,46,58,0.91,0.1,-60.38
trn_36783,0,9,284,21,21,40,28,0.7,0.07,-85.15
trn_36783,0,10,218,19,20,29,23,0.93,0.09,-59.06
trn_36783,0,11,95,8,8,11,8,0.85,0.08,-22.62
trn_36783,0,3,65,0,0,3,2,0.0,0.0,-65.0
trn_36783,0,12,39,1,1,1,8,0.43,0.03,-26.0
trn_36783,0,13,24,0,0,3,2,0.0,0.0,-24.0
trn_36783,0,14,4,0,0,1,0,0.0,0.0,-4.0
trn_36783,0,2,2,0,0,0,0,0.0,0.0,-2.0
trn_333207,0,6,57,7,6,4,6,0.95,0.12,-20.17
trn_333207,0,5,37,3,6,4,2,0.78,0.08,-19.0
trn_333207,0,4,26,1,1,2,2,0.81,0.04,-7.0
trn_333207,0,9,20,3,5,0,3,1.38,0.15,-3.25
trn_333207,0,10,12,2,2,0,2,1.02,0.17,-7.95
trn_333207,0,8,11,1,1,1,1,0.83,0.09,-6.0
trn_333207,0,7,9,0,1,1,0,0.0,0.0,-9.0
trn_333207,0,3,5,0,0,0,0,0.0,0.0,-5.0
trn_333207,0,11,1,0,0,0,1,0.0,0.0,-1.0
trn_13275,0,5,5492,1369,803,630,475,0.93,0.25,-463.48
trn_13275,0,6,4806,1113,729,498,435,0.94,0.23,-513.96
trn_13275,0,7,3116,642,432,339,300,0.91,0.21,-496.45
trn_13275,0,4,2669,630,394,285,249,0.94,0.24,-315.75
trn_13275,0,8,1902,353,241,207,166,0.9,0.19,-400.79
trn_13275,0,9,1044,183,122,111,100,0.89,0.18,-340.41
trn_13275,0,3,845,124,89,97,91,0.87,0.15,-206.98
trn_13275,0,10,601,90,79,69,60,0.84,0.15,-168.77
trn_13275,0,2,323,20,22,26,27,0.62,0.06,-154.63
trn_13275,0,11,223,31,29,24,17,0.9,0.14,-89.32
trn_13275,0,12,100,15,17,4,8,0.93,0.15,-39.84
trn_13275,0,13,32,5,5,7,1,1.01,0.16,6.0
trn_13275,0,14,10,1,0,1,0,1.22,0.1,-3.0
trn_13275,0,15,3,0,0,0,1,0.0,0.0,-3.0
trn_13275,0,,1,0,1,0,0,0.0,0.0,-1.0
trn_11241,0,5,2142,306,291,229,216,0.83,0.14,-524.62
trn_11241,0,6,2133,341,281,253,197,0.93,0.16,-347.55
trn_11241,0,7,1516,219,177,162,132,0.9,0.14,-257.49
trn_11241,0,4,994,104,110,88,91,0.82,0.1,-206.79
trn_11241,0,8,864,95,113,105,92,0.72,0.11,-304.5
trn_11241,0,3,451,25,41,40,29,0.56,0.06,-287.96
trn_11241,0,9,451,51,48,61,38,0.91,0.11,-87.28
trn_11241,0,10,233,29,19,25,22,1.08,0.12,-56.53
trn_11241,0,2,170,12,7,11,14,0.93,0.07,-39.8
trn_11241,0,11,99,11,11,8,13,1.07,0.11,-14.58
trn_11241,0,12,29,4,4,1,3,1.11,0.14,-2.75
trn_11241,0,13,11,0,0,4,1,0.0,0.0,-11.0
trn_146430,0,5,1983,365,326,259,204,0.86,0.18,-551.9
trn_146430,0,6,1865,400,304,241,207,0.9,0.21,-347.23
trn_146430,0,7,1363,280,197,170,125,0.99,0.21,-103.34
trn_146430,0,4,1039,142,155,129,118,0.75,0.14,-467.01
trn_146430,0,8,881,141,127,121,98,0.82,0.16,-167.74
trn_146430,0,9,501,79,62,71,60,0.91,0.16,-98.99
trn_146430,0,10,253,36,46,40,29,0.88,0.14,-37.29
trn_146430,0,3,190,34,27,26,24,0.87,0.18,5.08
trn_146430,0,11,85,8,9,8,15,0.68,0.09,-39.58
trn_146430,0,12,35,5,2,6,3,1.17,0.14,6.13
trn_146430,0,13,15,3,2,1,2,1.78,0.2,0.5
trn_146430,0,14,4,1,1,0,0,2.51,0.25,2.0
trn_2754,0,5,3552,572,505,383,349,0.95,0.16,-573.27
trn_2754,0,6,3462,570,507,397,347,0.91,0.16,-527.07
trn_2754,0,7,2702,407,352,334,274,0.91,0.15,-368.93
trn_2754,0,4,1992,269,269,243,202,0.86,0.14,-347.36
trn_2754,0,8,1939,255,292,200,195,0.85,0.13,-391.48
trn_2754,0,9,1347,151,158,157,142,0.82,0.11,-278.21
trn_2754,0,10,790,77,77,64,82,0.79,0.1,-265.21
trn_2754,0,11,388,28,34,42,37,0.67,0.07,-144.75
trn_2754,0,3,310,42,26,45,33,0.89,0.14,-57.32
trn_2754,0,12,163,13,19,19,19,0.72,0.08,-73.5
trn_2754,0,13,58,5,7,2,3,0.82,0.09,-41.49
trn_2754,0,14,11,1,0,1,2,1.3,0.09,4.0
trn_2754,0,2,7,0,0,0,0,0.0,0.0,-7.0
trn_2754,0,15,1,0,0,0,0,0.0,0.0,-1.0
trn_362196,0,4,107,20,13,8,12,1.06,0.19,14.8
trn_362196,0,3,88,12,13,10,9,0.82,0.14,-14.34
trn_362196,0,5,54,13,4,7,5,1.18,0.24,3.82
trn_362196,0,6,45,6,7,4,3,0.83,0.13,-19.8
trn_362196,0,7,30,4,6,2,5,0.92,0.13,13.4
trn_362196,0,10,14,0,1,0,0,0.0,0.0,-14.0
trn_362196,0,9,14,1,3,2,2,0.67,0.07,-3.9
trn_362196,0,8,13,5,3,2,1,1.48,0.38,3.2
trn_362196,0,11,5,1,0,1,0,1.52,0.2,14.1
trn_87714,0,6,2258,436,311,267,218,0.97,0.19,-111.73
trn_87714,0,7,2025,356,263,259,215,0.89,0.18,-455.17
trn_87714,0,5,1692,260,225,206,171,0.87,0.15,-284.32
trn_87714,0,8,1544,249,200,181,162,0.95,0.16,-134.33
trn_87714,0,9,1122,160,143,108,121,0.94,0.14,-60.98
trn_87714,0,4,773,125,90,95,65,0.91,0.16,-126.06
trn_87714,0,10,736,84,86,95,73,0.81,0.11,-210.33
trn_87714,0,11,376,28,42,44,33,0.61,0.07,-179.48
trn_87714,0,12,200,15,22,25,10,0.68,0.07,-69.36
trn_87714,0,3,101,12,15,11,10,0.62,0.12,-58.71
trn_87714,0,13,74,7,8,7,6,0.9,0.09,-12.12
trn_87714,0,14,4,0,1,1,1,0.0,0.0,-4.0
trn_118044,0,6,1239,194,167,160,134,0.94,0.16,-68.24
trn_118044,0,5,1162,162,145,146,134,0.93,0.14,-253.0
trn_118044,0,7,887,135,115,108,90,0.91,0.15,-128.21
trn_118044,0,4,608,72,61,82,58,0.97,0.12,-19.1
trn_118044,0,8,558,84,69,65,45,0.99,0.15,-19.44
trn_118044,0,9,382,38,43,47,39,0.72,0.1,-72.84
trn_118044,0,10,218,22,31,24,26,0.77,0.1,-52.5
trn_118044,0,3,184,10,20,14,21,0.55,0.05,-135.04
trn_118044,0,2,95,6,15,9,7,0.63,0.06,-69.0
trn_118044,0,11,88,4,13,9,7,0.43,0.05,-54.0
trn_118044,0,12,30,3,5,2,3,0.84,0.1,-1.0
trn_118044,0,13,1,0,0,0,0,0.0,0.0,-1.0
trn_125352,0,5,3079,526,477,433,336,0.9,0.17,-465.71
trn_125352,0,4,2918,445,467,388,345,0.85,0.15,-573.7
trn_125352,0,6,2411,375,363,335,266,0.84,0.16,-476.46
trn_125352,0,3,1664,271,278,226,200,0.88,0.16,-458.12
trn_125352,0,7,1509,231,222,185,171,0.9,0.15,-154.87
trn_125352,0,8,900,100,117,107,104,0.75,0.11,-279.79
trn_125352,0,2,623,48,55,77,62,0.88,0.08,-168.23
trn_125352,0,9,585,61,75,64,52,0.76,0.1,-223.81
trn_125352,0,10,317,30,32,40,40,0.75,0.09,-89.91
trn_125352,0,11,145,14,17,17,18,0.85,0.1,-12.75
trn_125352,0,12,32,2,3,3,3,0.69,0.06,-14.5
trn_125352,0,13,9,0,0,0,2,0.0,0.0,-9.0
trn_125352,0,14,1,0,0,1,0,0.0,0.0,-1.0
trn_125352,0,15,1,0,0,1,0,0.0,0.0,-1.0
trn_45180,0,4,2411,208,245,268,241,0.78,0.09,-649.54
trn_45180,0,5,2401,223,255,242,249,0.79,0.09,-831.81
trn_45180,0,6,2148,230,246,214,252,0.85,0.11,-580.85
trn_45180,0,7,1611,157,191,185,200,0.75,0.1,-611.33
trn_45180,0,8,1220,143,148,141,137,0.88,0.12,-197.9
trn_45180,0,3,1027,70,92,82,106,0.76,0.07,-440.85
trn_45180,0,9,730,71,77,94,99,0.83,0.1,-273.09
trn_45180,0,10,471,52,54,52,52,0.93,0.11,-6.38
trn_45180,0,2,334,12,21,14,26,0.69,0.04,-140.37
trn_45180,0,11,248,20,25,25,36,0.71,0.08,-67.23
trn_45180,0,12,94,9,11,8,14,0.87,0.1,-4.25
trn_45180,0,13,27,2,3,5,3,0.59,0.07,-10.0
trn_45180,0,14,4,0,0,0,1,0.0,0.0,-4.0
trn_288135,0,8,13,0,2,2,2,0.0,0.0,-13.0
trn_288135,0,5,13,2,0,4,1,0.8,0.15,-6.37
trn_288135,0,9,13,2,2,2,0,1.89,0.15,10.0
trn_288135,0,4,13,2,3,2,1,0.75,0.15,-4.25
trn_288135,0,6,10,0,1,1,1,0.0,0.0,-10.0
trn_288135,0,7,8,0,1,2,0,0.0,0.0,-8.0
trn_288135,0,11,3,0,0,0,0,0.0,0.0,-3.0
trn_288135,0,10,1,0,0,0,0,0.0,0.0,-1.0
trn_288135,0,12,1,0,0,0,0,0.0,0.0,-1.0
trn_82629,0,7,485,57,47,57,42,0.99,0.12,6.44
trn_82629,0,8,401,51,55,32,55,1.01,0.13,-20.12
trn_82629,0,6,389,26,32,36,43,0.7,0.07,-116.88
trn_82629,0,9,296,27,32,46,17,0.84,0.09,-67.42
trn_82629,0,5,282,15,20,21,24,0.74,0.05,-127.5
trn_82629,0,10,201,16,25,14,15,0.74,0.08,-109.84
trn_82629,0,11,97,7,14,7,11,0.72,0.07,-46.5
trn_82629,0,4,89,3,3,4,10,0.69,0.03,-51.88
trn_82629,0,12,43,5,2,5,5,1.29,0.12,34.0
trn_82629,0,3,42,1,1,1,5,0.98,0.02,25.0
trn_82629,0,13,21,3,4,2,0,1.26,0.14,109.25
trn_82629,0,14,6,1,1,1,0,1.11,0.17,1.5
trn_263628,0,7,66,8,7,4,8,1.35,0.12,60.75
trn_263628,0,6,53,3,5,4,9,0.6,0.06,-39.0
trn_263628,0,8,45,4,4,4,3,1.33,0.09,15.75
trn_263628,0,5,40,0,1,2,3,0.0,0.0,-40.0
trn_263628,0,9,39,1,4,3,3,0.46,0.03,-30.5
trn_263628,0,10,34,3,3,3,2,1.13,0.09,-19.25
trn_263628,0,4,25,1,0,1,3,1.3,0.04,-13.0
trn_263628,0,11,14,0,0,2,2,0.0,0.0,-14.0
trn_263628,0,12,14,0,1,1,1,0.0,0.0,-14.0
trn_263628,0,13,3,0,0,0,0,0.0,0.0,-3.0
trn_110826,0,9,256,25,26,39,39,0.9,0.1,-13.42
trn_110826,0,7,252,22,23,32,30,0.93,0.09,-68.33
trn_110826,0,8,251,15,30,27,30,0.66,0.06,-99.95
trn_110826,0,6,234,14,15,20,18,0.84,0.06,-119.25
trn_110826,0,10,166,17,23,20,33,1.0,0.1,-32.62
trn_110826,0,5,156,5,3,9,13,0.89,0.03,-26.0
trn_110826,0,11,90,8,7,7,13,1.15,0.09,-36.5
trn_110826,0,4,60,1,5,8,5,0.34,0.02,-55.0
trn_110826,0,12,40,1,8,7,6,0.23,0.03,-33.5
trn_110826,0,3,12,0,0,0,1,0.0,0.0,-12.0
trn_110826,0,13,12,1,1,0,1,0.91,0.08,-6.0
trn_110826,0,14,7,0,1,1,1,0.0,0.0,-7.0
trn_110826,0,15,3,0,1,0,0,0.0,0.0,-3.0
trn_62910,0,6,2074,255,273,276,256,0.85,0.12,-555.27
trn_62910,0,5,1751,166,210,239,193,0.74,0.09,-654.38
trn_62910,0,7,1655,198,212,209,186,0.82,0.12,-447.22
trn_62910,0,8,1240,154,169,145,166,0.91,0.12,-190.14
trn_62910,0,9,892,100,92,121,95,0.89,0.11,-128.4
trn_62910,0,4,848,64,86,106,124,0.73,0.08,-268.0
trn_62910,0,10,596,50,71,72,84,0.72,0.08,-185.07
trn_62910,0,11,311,27,41,37,43,0.81,0.09,-104.04
trn_62910,0,3,213,24,28,30,23,0.97,0.11,-59.7
trn_62910,0,12,96,8,6,20,10,0.95,0.08,-21.0
trn_62910,0,2,50,2,4,7,8,0.69,0.04,-34.0
trn_62910,0,13,25,1,3,4,2,0.37,0.04,-20.5
trn_62910,0,14,1,0,0,0,0,0.0,0.0,-1.0
trn_76545,0,4,437,9,17,26,29,0.42,0.02,-290.3
trn_76545,0,5,409,14,18,27,39,0.66,0.03,-226.75
trn_76545,0,6,397,12,22,28,29,0.46,0.03,-313.5
trn_76545,0,7,332,11,29,25,33,0.45,0.03,-251.0
trn_76545,0,3,251,11,5,13,17,0.99,0.04,-123.25
trn_76545,0,8,194,15,25,26,16,0.82,0.08,-40.37
trn_76545,0,9,138,8,16,17,12,0.69,0.06,-82.84
trn_76545,0,2,102,0,6,5,5,0.0,0.0,-102.0
trn_76545,0,10,92,7,6,10,13,0.89,0.08,-30.5
trn_76545,0,11,36,4,3,2,4,1.44,0.11,2.0
trn_76545,0,12,19,0,0,3,2,0.0,0.0,-19.0
trn_76545,0,13,8,2,0,3,1,2.92,0.25,26.0
trn_76545,0,14,2,0,0,0,0,0.0,0.0,-2.0
trn_76545,0,15,1,0,0,0,0,0.0,0.0,-1.0
trn_87228,0,6,555,27,42,48,51,0.58,0.05,-338.47
trn_87228,0,5,479,28,23,32,33,0.93,0.06,-140.5
trn_87228,0,7,471,21,39,37,33,0.56,0.04,-265.42
trn_87228,0,4,334,9,13,16,18,0.55,0.03,-280.92
trn_87228,0,8,285,17,13,29,33,0.78,0.06,-97.25
trn_87228,0,9,238,12,16,27,24,0.59,0.05,-128.75
trn_87228,0,3,134,4,8,13,14,0.48,0.03,-26.75
trn_87228,0,10,113,4,11,8,12,0.44,0.04,-60.0
trn_87228,0,11,39,3,1,5,1,1.01,0.08,-7.5
trn_87228,0,12,19,1,3,0,3,0.64,0.05,-11.0
trn_87228,0,13,10,2,1,1,5,1.87,0.2,1.0
trn_87228,0,2,9,0,0,1,1,0.0,0.0,-9.0
trn_2799,0,5,3992,951,646,461,364,0.94,0.24,-619.39
trn_2799,0,6,3631,817,503,411,300,0.95,0.23,-243.2
trn_2799,0,7,2393,509,371,264,204,0.94,0.21,-211.57
trn_2799,0,4,2224,592,354,261,213,0.99,0.27,108.62
trn_2799,0,8,1529,264,190,167,136,0.92,0.17,-220.64
trn_2799,0,9,836,122,102,98,87,0.85,0.15,-119.92
trn_2799,0,10,495,62,54,46,58,0.83,0.13,-150.46
trn_2799,0,3,247,82,46,28,24,1.2,0.33,44.65
trn_2799,0,11,232,14,22,27,28,0.5,0.06,-54.9
trn_2799,0,12,70,12,9,7,5,1.39,0.17,9.13
trn_2799,0,13,17,1,1,2,1,0.59,0.06,-11.0
trn_2799,0,-6,4,0,0,0,1,0.0,0.0,-4.0
trn_2799,0,-5,3,1,0,0,1,1.08,0.33,-1.43
trn_2799,0,2,1,0,0,1,0,0.0,0.0,-1.0
trn_86823,0,5,1908,176,187,157,136,0.81,0.09,-685.23
trn_86823,0,6,1535,164,164,132,124,0.84,0.11,-417.64
trn_86823,0,4,1053,82,76,81,76,0.79,0.08,-310.24
trn_86823,0,7,974,100,101,96,85,0.83,0.1,-314.21
trn_86823,0,8,600,51,82,53,57,0.69,0.09,-205.53
trn_86823,0,9,330,31,33,26,39,0.84,0.09,-82.7
trn_86823,0,3,146,0,7,6,8,0.0,0.0,-146.0
trn_86823,0,10,116,10,16,10,6,0.76,0.09,-58.17
trn_86823,0,2,48,2,2,1,2,0.94,0.04,-29.0
trn_86823,0,11,47,2,6,3,4,0.43,0.04,-34.2
trn_86823,0,12,12,1,0,1,1,1.08,0.08,-4.0
trn_86823,0,1,2,0,0,0,0,0.0,0.0,-2.0
trn_360648,0,4,190,38,24,27,16,0.99,0.2,-3.39
trn_360648,0,6,183,43,29,19,31,1.17,0.23,28.92
trn_360648,0,5,176,41,22,22,22,1.12,0.23,-8.49
trn_360648,0,3,138,27,21,14,20,0.91,0.2,-19.86
trn_360648,0,7,81,11,11,11,11,0.81,0.14,-34.29
trn_360648,0,2,54,6,6,6,6,1.23,0.11,21.5
trn_360648,0,8,46,9,6,6,5,1.19,0.2,-12.1
trn_360648,0,10,16,1,3,2,3,0.4,0.06,-11.0
trn_360648,0,9,8,0,0,1,2,0.0,0.0,-8.0
trn_360648,0,11,6,1,2,1,0,1.38,0.17,-1.5
trn_160524,0,5,1627,174,196,152,151,0.81,0.11,-403.17
trn_160524,0,4,1395,138,130,104,113,0.89,0.1,-486.33
trn_160524,0,6,1044,144,103,94,77,0.95,0.14,-209.58
trn_160524,0,3,792,63,61,64,50,0.84,0.08,-321.49
trn_160524,0,7,683,75,80,70,62,0.79,0.11,-252.95
trn_160524,0,8,341,30,37,45,26,0.68,0.09,-128.16
trn_160524,0,2,302,21,31,20,24,0.81,0.07,-80.93
trn_160524,0,9,159,21,13,13,16,1.06,0.13,-1.05
trn_160524,0,10,55,9,7,7,4,1.13,0.16,-10.25
trn_160524,0,11,40,6,4,2,4,1.44,0.15,2.67
trn_160524,0,12,16,0,3,1,0,0.0,0.0,-16.0
trn_160524,0,13,15,1,1,0,1,1.32,0.07,2.0
trn_160524,0,14,3,0,0,0,0,0.0,0.0,-3.0
trn_146493,0,5,511,58,43,47,46,1.02,0.11,-195.47
trn_146493,0,6,473,54,55,45,43,0.81,0.11,-131.34
trn_146493,0,7,319,20,28,29,30,0.52,0.06,-224.03
trn_146493,0,4,246,16,23,11,23,0.76,0.07,-39.72
trn_146493,0,8,211,14,18,19,11,0.62,0.07,-109.52
trn_146493,0,9,107,13,12,9,9,1.22,0.12,28.75
trn_146493,0,10,67,8,8,7,3,1.17,0.12,27.5
trn_146493,0,11,16,2,1,4,1,1.12,0.12,-4.25
trn_146493,0,3,6,0,0,0,0,0.0,0.0,-6.0
trn_39654,0,5,649,34,49,43,43,0.61,0.05,-355.91
trn_39654,0,6,530,36,43,44,39,0.73,0.07,-236.8
trn_39654,0,4,404,22,24,18,31,0.66,0.05,-244.92
trn_39654,0,7,374,25,40,34,31,0.62,0.07,-154.32
trn_39654,0,3,225,8,8,16,14,0.52,0.04,-144.5
trn_39654,0,8,170,12,12,12,16,0.76,0.07,-64.5
trn_39654,0,2,116,1,6,8,11,0.15,0.01,-99.0
trn_39654,0,9,79,2,5,9,8,0.27,0.03,-53.0
trn_39654,0,10,55,3,4,1,6,0.72,0.05,-39.0
trn_39654,0,11,25,0,1,3,1,0.0,0.0,-25.0
trn_163305,0,5,4358,791,686,501,453,0.89,0.18,-918.31
trn_163305,0,6,3633,647,532,469,350,0.88,0.18,-735.82
trn_163305,0,4,3019,459,420,367,301,0.81,0.15,-904.12
trn_163305,0,7,2335,302,328,259,239,0.79,0.13,-817.95
trn_163305,0,8,1372,163,157,138,118,0.83,0.12,-298.57
trn_163305,0,9,850,98,78,79,78,0.91,0.12,-152.9
trn_163305,0,3,648,96,73,62,59,0.88,0.15,-143.82
trn_163305,0,10,475,39,54,52,43,0.72,0.08,-209.92
trn_163305,0,11,246,18,23,20,28,0.66,0.07,-89.78
trn_163305,0,2,139,7,10,17,13,0.54,0.05,-96.37
trn_163305,0,12,78,4,9,3,9,0.67,0.05,-12.0
trn_163305,0,13,20,0,1,2,1,0.0,0.0,-20.0
trn_163305,0,14,5,2,0,0,0,8.86,0.4,23.0
trn_187326,0,5,813,133,137,104,89,0.91,0.16,-259.05
trn_187326,0,6,684,118,101,85,87,0.94,0.17,-59.47
trn_187326,0,7,534,67,73,75,59,0.74,0.13,-217.83
trn_187326,0,4,417,59,60,53,55,0.84,0.14,-94.23
trn_187326,0,8,323,36,50,40,40,0.76,0.11,-103.54
trn_187326,0,9,146,23,17,8,17,1.17,0.16,38.4
trn_187326,0,3,71,4,9,9,10,0.41,0.06,-56.51
trn_187326,0,10,47,2,7,5,6,0.36,0.04,-27.62
trn_187326,0,11,47,9,8,7,6,1.14,0.19,14.94
trn_187326,0,12,11,2,0,3,3,1.14,0.18,-4.5
trn_187326,0,13,8,0,0,1,1,0.0,0.0,-8.0
trn_187326,0,14,1,1,0,0,0,17.0,1.0,16.0
trn_91413,0,5,2233,336,275,235,233,0.87,0.15,-625.82
trn_91413,0,6,2129,335,240,233,241,0.91,0.16,-235.83
trn_91413,0,4,1651,249,193,164,167,0.87,0.15,-485.35
trn_91413,0,7,1571,240,177,156,159,0.94,0.15,-278.9
trn_91413,0,8,1021,134,111,93,114,0.91,0.13,-197.45
trn_91413,0,9,644,69,86,54,65,0.88,0.11,-106.23
trn_91413,0,10,416,46,49,42,41,0.97,0.11,-30.9
trn_91413,0,3,339,49,35,45,37,0.69,0.14,-164.09
trn_91413,0,11,230,22,19,28,22,0.89,0.1,-83.93
trn_91413,0,12,54,5,3,7,3,1.14,0.09,13.5
trn_91413,0,13,26,1,3,4,2,0.54,0.04,-13.0
trn_91413,0,2,2,0,0,0,2,0.0,0.0,-2.0
trn_117027,0,5,1248,172,181,135,129,0.97,0.14,-153.55
trn_117027,0,6,1192,172,157,174,117,0.89,0.14,-267.12
trn_117027,0,7,910,162,135,123,82,0.98,0.18,-30.47
trn_117027,0,4,641,64,75,68,69,0.84,0.1,-178.84
trn_117027,0,8,626,85,85,83,67,0.86,0.14,-119.77
trn_117027,0,9,340,37,39,44,33,0.8,0.11,-70.71
trn_117027,0,10,208,17,32,24,18,0.65,0.08,-99.42
trn_117027,0,11,106,12,13,14,15,0.88,0.11,-35.67
trn_117027,0,12,42,4,7,4,6,0.74,0.1,2.58
trn_117027,0,3,25,2,0,1,4,0.74,0.08,-1.0
trn_117027,0,13,18,7,1,1,1,1.31,0.39,0.2
trn_117027,0,14,6,1,2,0,1,0.68,0.17,-1.5
trn_307287,0,5,168,18,18,15,9,0.88,0.11,-2.09
trn_307287,0,4,155,11,12,12,12,0.73,0.07,-18.04
trn_307287,0,7,121,20,14,9,9,1.13,0.17,31.6
trn_307287,0,6,119,13,9,11,7,0.83,0.11,-25.92
trn_307287,0,8,102,13,9,12,9,1.07,0.13,8.08
trn_307287,0,3,89,5,0,8,7,0.72,0.06,-64.34
trn_307287,0,2,48,1,6,3,2,0.3,0.02,-43.67
trn_307287,0,9,36,1,3,4,5,0.33,0.03,-27.0
trn_307287,0,10,12,3,1,1,0,2.0,0.25,20.1
trn_307287,0,11,11,0,0,1,1,0.0,0.0,-11.0
trn_307287,0,12,8,1,0,0,0,2.0,0.12,-1.0
trn_362835,0,5,157,28,22,27,13,0.98,0.18,-29.71
trn_362835,0,6,139,33,27,12,12,1.08,0.24,-10.83
trn_362835,0,7,79,5,13,9,9,0.39,0.06,-47.75
trn_362835,0,4,66,11,5,6,12,1.3,0.17,4.4
trn_362835,0,9,33,0,2,2,5,0.0,0.0,-33.0
trn_362835,0,8,29,5,0,5,6,1.1,0.17,8.5
trn_362835,0,10,23,0,2,2,4,0.0,0.0,-23.0
trn_362835,0,11,18,2,0,3,5,1.14,0.11,-10.75
trn_362835,0,12,5,2,0,0,1,4.39,0.4,9.5
trn_362835,0,3,2,0,2,0,0,0.0,0.0,-2.0
trn_51903,0,5,4023,1034,732,503,367,0.96,0.26,-317.62
trn_51903,0,6,3885,932,691,491,361,0.93,0.24,-528.17
trn_51903,0,7,2760,627,476,325,255,0.93,0.23,-304.32
trn_51903,0,4,2063,501,342,282,221,0.91,0.24,-196.34
trn_51903,0,8,1761,309,283,203,171,0.86,0.18,-422.52
trn_51903,0,9,1062,184,152,113,96,0.9,0.17,-183.41
trn_51903,0,10,588,103,76,64,65,0.9,0.18,-85.26
trn_51903,0,11,282,45,46,43,20,0.76,0.16,-40.49
trn_51903,0,3,243,70,45,32,28,0.84,0.29,-42.98
trn_51903,0,12,94,27,11,12,8,0.99,0.29,0.59
trn_51903,0,13,26,6,4,4,2,1.26,0.23,18.25
trn_51903,0,2,14,1,1,2,1,1.1,0.07,-7.5
trn_51903,0,14,4,1,0,1,0,1.03,0.25,-1.0
trn_290349,0,6,255,31,21,27,28,0.86,0.12,-104.48
trn_290349,0,5,227,23,29,28,19,0.89,0.1,-23.98
trn_290349,0,7,189,25,18,17,25,0.92,0.13,-47.35
trn_290349,0,8,164,31,22,20,18,1.07,0.19,-11.77
trn_290349,0,9,158,18,16,16,15,1.14,0.11,30.71
trn_290349,0,10,126,13,12,11,26,0.95,0.1,-44.55
trn_290349,0,4,99,8,7,9,11,0.99,0.08,-32.95
trn_290349,0,11,52,6,6,8,11,1.24,0.12,5.75
trn_290349,0,12,15,3,0,1,1,1.58,0.2,29.0
trn_290349,0,3,9,1,1,1,0,1.69,0.11,-3.5
trn_88209,0,5,779,119,124,97,90,1.06,0.15,-15.85
trn_88209,0,6,612,91,78,82,73,0.94,0.15,-3.35
trn_88209,0,4,512,65,60,70,57,0.97,0.13,-83.21
trn_88209,0,7,487,76,69,63,58,0.92,0.16,-60.92
trn_88209,0,8,312,54,54,41,28,1.11,0.17,47.72
trn_88209,0,3,268,35,35,37,36,0.92,0.13,49.1
trn_88209,0,9,208,25,22,25,24,0.92,0.12,-14.38
trn_88209,0,10,77,6,11,11,12,0.57,0.08,-46.97
trn_88209,0,11,69,14,7,8,4,1.41,0.2,18.84
trn_88209,0,2,55,4,7,7,6,0.55,0.07,-43.25
trn_88209,0,12,32,4,7,4,3,1.1,0.12,11.75
trn_88209,0,13,10,0,0,3,2,0.0,0.0,-10.0
trn_88209,0,14,2,0,1,1,0,0.0,0.0,-2.0
trn_167940,0,5,1350,194,172,158,144,0.9,0.14,-309.25
trn_167940,0,6,1260,202,159,150,145,0.94,0.16,-184.15
trn_167940,0,7,845,123,106,112,74,0.93,0.15,-27.6
trn_167940,0,4,785,85,99,79,86,0.79,0.11,-269.26
trn_167940,0,8,577,84,62,62,43,0.96,0.15,-93.76
trn_167940,0,9,336,39,46,35,36,0.9,0.12,-80.49
trn_167940,0,10,188,15,22,22,17,0.66,0.08,-92.84
trn_167940,0,3,90,9,13,10,9,0.69,0.1,-48.71
trn_167940,0,11,71,6,7,9,11,0.8,0.08,-8.9
trn_167940,0,13,18,2,0,2,3,1.37,0.11,29.0
trn_167940,0,12,18,1,3,3,2,0.49,0.06,-10.0
trn_167940,0,14,7,2,1,1,0,3.25,0.29,11.0
trn_167940,0,15,2,0,0,0,0,0.0,0.0,-2.0
trn_376398,0,6,33,2,5,4,4,0.41,0.06,-12.0
trn_376398,0,7,31,4,5,3,5,0.77,0.13,-7.92
trn_376398,0,5,24,1,1,7,2,0.43,0.04,-18.5
trn_376398,0,8,21,8,2,3,4,1.76,0.38,28.85
trn_376398,0,4,12,1,0,3,1,1.09,0.08,-6.5
trn_376398,0,10,10,0,0,4,1,0.0,0.0,-10.0
trn_376398,0,9,9,1,2,0,2,0.66,0.11,-6.25
trn_376398,0,11,8,2,1,1,1,1.25,0.25,-0.75
trn_376398,0,12,2,2,0,0,0,7.06,1.0,15.0
trn_376398,0,3,1,0,0,0,0,0.0,0.0,-1.0
trn_25416,0,9,112,4,7,23,16,0.32,0.04,-95.5
trn_25416,0,6,111,9,8,10,14,1.13,0.08,-15.75
trn_25416,0,5,107,0,2,2,11,0.0,0.0,-107.0
trn_25416,0,8,105,8,11,18,13,0.76,0.08,-52.5
trn_25416,0,7,104,12,6,11,15,1.16,0.12,-24.25
trn_25416,0,10,82,8,6,13,15,0.94,0.1,-28.24
trn_25416,0,11,56,3,9,3,6,0.56,0.05,-27.5
trn_25416,0,12,53,2,8,6,7,0.47,0.04,-42.09
trn_25416,0,13,18,2,2,1,0,1.62,0.11,2.5
trn_25416,0,4,15,0,0,0,0,0.0,0.0,-15.0
trn_25416,0,3,4,0,0,0,0,0.0,0.0,-4.0
trn_355014,0,7,9,0,1,2,1,0.0,0.0,-9.0
trn_355014,0,8,9,0,1,3,0,0.0,0.0,-9.0
trn_355014,0,9,6,0,1,0,0,0.0,0.0,-6.0
trn_355014,0,6,5,1,0,0,0,2.65,0.2,16.0
trn_355014,0,10,2,0,0,0,0,0.0,0.0,-2.0
trn_355014,0,12,1,0,0,0,0,0.0,0.0,-1.0
trn_355014,0,5,1,0,0,0,0,0.0,0.0,-1.0
trn_355014,0,11,1,0,0,0,0,0.0,0.0,-1.0
trn_238338,0,5,98,1,3,11,6,0.21,0.01,-85.0
trn_238338,0,7,96,5,11,13,11,0.44,0.05,-65.75
trn_238338,0,6,91,10,8,12,10,1.12,0.11,-22.64
trn_238338,0,8,65,9,11,10,5,0.98,0.14,-3.5
trn_238338,0,4,48,1,1,5,2,0.81,0.02,-25.0
trn_238338,0,9,34,1,4,1,5,0.35,0.03,-24.0
trn_238338,0,10,19,1,3,2,3,0.47,0.05,-10.0
trn_238338,0,11,13,0,0,1,0,0.0,0.0,-13.0
trn_238338,0,3,7,0,0,0,0,0.0,0.0,-7.0
trn_238338,0,12,2,0,0,0,0,0.0,0.0,-2.0
trn_96192,0,5,939,58,91,102,84,0.74,0.06,-419.75
trn_96192,0,6,781,71,64,86,88,0.85,0.09,-302.52
trn_96192,0,7,698,70,77,71,75,0.92,0.1,-136.59
trn_96192,0,4,576,20,38,59,49,0.47,0.03,-362.94
trn_96192,0,8,506,55,52,45,41,1.0,0.11,64.19
trn_96192,0,9,302,29,27,41,27,0.9,0.1,-82.78
trn_96192,0,3,207,5,12,26,17,0.32,0.02,-165.5
trn_96192,0,10,149,7,14,14,19,0.52,0.05,-115.5
trn_96192,0,2,87,1,4,7,7,0.31,0.01,-72.0
trn_96192,0,11,82,1,10,8,9,0.17,0.01,-76.5
trn_96192,0,12,32,3,5,2,4,0.78,0.09,-10.33
trn_96192,0,13,25,1,3,3,2,0.42,0.04,-4.0
trn_87237,0,6,856,89,93,71,78,0.87,0.1,-231.71
trn_87237,0,5,740,61,77,74,80,0.77,0.08,-340.36
trn_87237,0,7,736,103,96,90,89,0.93,0.14,-34.23
trn_87237,0,8,537,62,57,66,49,0.85,0.12,-73.06
trn_87237,0,4,426,25,44,36,37,0.6,0.06,-180.47
trn_87237,0,9,295,21,35,35,32,0.56,0.07,-167.29
trn_87237,0,10,161,12,23,23,17,0.64,0.07,-8.5
trn_87237,0,3,110,2,9,11,12,0.22,0.02,-98.5
trn_87237,0,11,78,4,7,5,13,0.45,0.05,-44.5
trn_87237,0,2,38,3,1,3,3,0.85,0.08,-1.7
trn_87237,0,12,19,0,4,1,3,0.0,0.0,-19.0
trn_87237,0,13,3,0,0,0,1,0.0,0.0,-3.0
trn_148131,0,5,155,6,9,13,10,0.59,0.04,-97.17
trn_148131,0,6,106,9,7,11,5,0.97,0.08,-17.25
trn_148131,0,4,100,3,4,8,5,0.54,0.03,-50.5
trn_148131,0,7,86,6,8,10,1,0.79,0.07,-57.88
trn_148131,0,3,66,0,0,2,3,0.0,0.0,-66.0
trn_148131,0,8,57,4,7,8,9,0.6,0.07,-37.43
trn_148131,0,9,56,3,5,7,4,0.83,0.05,-1.5
trn_148131,0,10,27,0,2,2,1,0.0,0.0,-27.0
trn_148131,0,11,26,2,2,3,3,1.0,0.08,-2.0
trn_148131,0,2,24,0,0,1,3,0.0,0.0,-24.0
trn_148131,0,12,5,1,1,0,0,2.11,0.2,21.0
trn_148131,0,13,3,0,0,0,1,0.0,0.0,-3.0
trn_289305,0,3,3201,452,421,380,329,0.84,0.14,-677.73
trn_289305,0,4,2024,318,275,224,214,0.92,0.16,-204.14
trn_289305,0,2,1909,237,256,233,221,0.8,0.12,-387.06
trn_289305,0,5,1185,171,165,131,108,0.91,0.14,-315.21
trn_289305,0,6,761,95,99,97,66,0.79,0.12,-196.4
trn_289305,0,7,344,41,37,29,37,0.82,0.12,-72.18
trn_289305,0,8,230,27,19,32,28,0.87,0.12,-64.75
trn_289305,0,9,84,10,9,5,2,1.22,0.12,-1.49
trn_289305,0,10,22,1,2,2,2,0.45,0.05,-16.5
trn_289305,0,11,4,0,0,1,1,0.0,0.0,-4.0
trn_355275,0,5,234,29,31,34,27,0.89,0.12,-10.71
trn_355275,0,6,229,35,29,31,20,0.87,0.15,-70.9
trn_355275,0,7,219,38,46,33,21,0.91,0.17,-24.37
trn_355275,0,8,182,28,26,22,29,0.94,0.15,-35.08
trn_355275,0,9,120,8,18,18,17,0.5,0.07,-76.13
trn_355275,0,4,94,8,9,4,13,0.84,0.09,-44.36
trn_355275,0,10,49,10,9,5,8,1.25,0.2,25.2
trn_355275,0,11,21,2,1,1,3,0.92,0.1,-13.0
trn_355275,0,3,10,2,2,2,0,1.53,0.2,14.5
trn_355275,0,12,6,0,2,0,0,0.0,0.0,-6.0
trn_355275,0,13,2,0,0,0,0,0.0,0.0,-2.0
trn_51444,0,6,316,36,36,30,27,0.97,0.11,-65.51
trn_51444,0,7,225,26,29,21,24,0.91,0.12,2.62
trn_51444,0,5,201,15,17,19,11,0.82,0.07,-109.5
trn_51444,0,8,155,16,15,13,24,0.83,0.1,-52.17
trn_51444,0,9,106,13,9,6,14,1.16,0.12,48.25
trn_51444,0,4,73,3,5,5,4,0.55,0.04,-51.0
trn_51444,0,10,54,5,3,8,5,0.91,0.09,6.0
trn_51444,0,11,24,0,1,2,3,0.0,0.0,-24.0
trn_51444,0,3,16,2,1,0,2,1.23,0.12,-4.0
trn_51444,0,12,14,0,4,1,0,0.0,0.0,-14.0
trn_51444,0,2,4,0,1,0,0,0.0,0.0,-4.0
trn_256320,0,5,880,115,120,99,92,0.81,0.13,-217.56
trn_256320,0,6,828,121,106,87,91,0.84,0.15,-229.21
trn_256320,0,7,506,98,68,53,58,1.06,0.19,150.28
trn_256320,0,4,386,53,50,40,37,0.94,0.14,20.14
trn_256320,0,8,323,52,35,41,27,1.0,0.16,-75.15
trn_256320,0,9,178,20,24,20,19,0.76,0.11,-14.2
trn_256320,0,10,80,12,12,11,6,1.09,0.15,7.42
trn_256320,0,3,42,4,5,5,7,0.63,0.1,-18.0
trn_256320,0,11,21,1,1,4,3,0.4,0.05,-16.0
trn_256320,0,12,2,0,0,0,0,0.0,0.0,-2.0
trn_372456,0,6,153,18,18,15,23,0.72,0.12,2.81
trn_372456,0,5,113,17,14,9,10,0.96,0.15,-36.37
trn_372456,0,7,84,15,8,9,10,1.1,0.18,-14.7
trn_372456,0,4,59,7,8,5,7,0.78,0.12,-6.59
trn_372456,0,8,49,6,5,7,4,0.98,0.12,-11.37
trn_372456,0,9,18,1,2,2,2,0.44,0.06,-8.5
trn_372456,0,3,4,0,1,2,0,0.0,0.0,-4.0
trn_372456,0,10,2,0,0,0,0,0.0,0.0,-2.0
trn_132759,0,4,1416,110,106,85,97,0.9,0.08,-237.56
trn_132759,0,5,1271,98,122,81,91,0.77,0.08,-593.51
trn_132759,0,3,1101,48,62,60,63,0.67,0.04,-654.67
trn_132759,0,6,966,99,88,73,70,0.94,0.1,-332.57
trn_132759,0,7,676,41,53,60,45,0.65,0.06,-392.79
trn_132759,0,8,381,27,30,31,34,0.78,0.07,-119.56
trn_132759,0,2,317,11,13,13,24,0.66,0.03,-210.75
trn_132759,0,9,239,21,18,24,19,0.98,0.09,-71.13
trn_132759,0,10,111,5,6,6,12,0.66,0.05,-65.0
trn_132759,0,11,42,4,0,1,2,1.28,0.1,-13.5
trn_132759,0,12,19,0,2,5,0,0.0,0.0,-19.0
trn_132759,0,13,2,0,0,0,0,0.0,0.0,-2.0
trn_141066,0,6,2687,456,403,372,300,0.88,0.17,-405.7
trn_141066,0,5,2610,455,391,356,316,0.89,0.17,-547.34
trn_141066,0,7,2001,317,269,279,229,0.9,0.16,-407.78
trn_141066,0,4,1424,186,233,200,147,0.76,0.13,-481.02
trn_141066,0,8,1178,145,176,153,133,0.76,0.12,-265.18
trn_141066,0,9,599,84,83,54,57,0.97,0.14,-95.45
trn_141066,0,3,373,61,58,39,43,0.92,0.16,-69.24
trn_141066,0,10,288,24,35,28,46,0.69,0.08,-117.19
trn_141066,0,11,131,15,17,18,17,0.89,0.11,28.96
trn_141066,0,2,59,2,8,6,8,0.42,0.03,44.75
trn_141066,0,12,43,6,3,6,3,1.08,0.14,-6.33
trn_141066,0,13,9,0,0,2,0,0.0,0.0,-9.0
trn_141066,0,14,3,2,0,0,0,4.19,0.67,8.25
trn_339516,0,6,104,6,7,21,12,0.59,0.06,-79.97
trn_339516,0,7,80,7,5,5,6,0.9,0.09,-25.5
trn_339516,0,8,66,8,8,6,5,1.12,0.12,15.5
trn_339516,0,4,65,6,5,5,7,1.23,0.09,-20.46
trn_339516,0,5,53,2,2,4,6,0.37,0.04,-26.5
trn_339516,0,9,46,2,3,6,2,0.51,0.04,-37.5
trn_339516,0,3,29,0,4,3,1,0.0,0.0,-29.0
trn_339516,0,2,14,0,1,0,0,0.0,0.0,-14.0
trn_339516,0,10,10,1,0,2,3,1.03,0.1,3.0
trn_339516,0,11,4,0,0,0,0,0.0,0.0,-4.0
trn_339516,0,12,4,0,0,1,1,0.0,0.0,-4.0
trn_257247,0,5,213,18,18,28,31,0.84,0.08,-78.84
trn_257247,0,6,167,17,30,16,14,0.78,0.1,-79.44
trn_257247,0,7,113,18,17,20,10,1.01,0.16,-32.94
trn_257247,0,4,107,9,11,13,16,0.89,0.08,-1.12
trn_257247,0,8,59,5,5,10,9,0.65,0.08,-20.33
trn_257247,0,9,39,4,8,5,2,0.71,0.1,-13.88
trn_257247,0,3,35,4,2,7,3,0.99,0.11,-13.75
trn_257247,0,10,17,1,4,1,1,0.48,0.06,-13.0
trn_257247,0,2,8,0,0,0,0,0.0,0.0,-8.0
trn_257247,0,11,2,0,0,0,0,0.0,0.0,-2.0
trn_121059,0,5,2042,237,221,232,231,0.86,0.12,-518.49
trn_121059,0,6,2008,288,264,255,208,0.87,0.14,-408.31
trn_121059,0,7,1648,247,215,221,182,0.93,0.15,-192.41
trn_121059,0,8,1267,149,163,157,160,0.8,0.12,-341.96
trn_121059,0,4,1091,111,123,118,114,0.86,0.1,-171.84
trn_121059,0,9,850,89,98,99,107,0.79,0.1,-210.91
trn_121059,0,10,422,44,50,50,45,0.81,0.1,-88.13
trn_121059,0,3,259,39,33,32,33,0.87,0.15,68.0
trn_121059,0,11,174,15,18,17,19,0.79,0.09,-45.32
trn_121059,0,12,70,9,11,4,4,0.96,0.13,-30.37
trn_121059,0,13,15,4,0,2,1,1.54,0.27,2.75
trn_121059,0,2,9,0,1,1,0,0.0,0.0,-9.0
trn_121059,0,14,1,0,0,0,0,0.0,0.0,-1.0
trn_371358,0,5,29,0,2,3,2,0.0,0.0,-29.0
trn_371358,0,6,24,3,2,6,2,1.07,0.12,12.25
trn_371358,0,4,21,2,1,3,0,1.76,0.1,-11.0
trn_371358,0,10,20,3,0,5,4,1.37,0.15,25.0
trn_371358,0,9,18,1,1,2,2,0.65,0.06,-10.0
trn_371358,0,8,16,1,2,5,3,0.45,0.06,-6.0
trn_371358,0,2,7,0,1,2,1,0.0,0.0,-7.0
trn_371358,0,7,5,1,0,2,0,1.17,0.2,-0.5
trn_371358,0,3,3,0,1,0,1,0.0,0.0,-3.0
trn_95202,0,5,936,58,61,64,67,0.64,0.06,-427.3
trn_95202,0,6,843,65,65,62,57,0.76,0.08,-427.7
trn_95202,0,4,535,21,24,32,34,0.52,0.04,-305.17
trn_95202,0,7,532,53,50,41,33,0.85,0.1,-192.34
trn_95202,0,8,297,33,32,22,28,0.93,0.11,-56.45
trn_95202,0,9,160,15,23,13,22,0.7,0.09,-73.06
trn_95202,0,3,142,4,3,5,7,0.5,0.03,-74.5
trn_95202,0,2,83,1,2,0,4,0.36,0.01,-54.0
trn_95202,0,10,68,3,3,4,3,0.53,0.04,-36.5
trn_95202,0,11,31,1,2,1,4,0.41,0.03,-16.0
trn_95202,0,12,27,1,3,3,1,0.38,0.04,-23.0
trn_95202,0,13,8,0,0,1,0,0.0,0.0,-8.0
trn_378207,0,5,11,1,2,3,0,0.46,0.09,-9.6
trn_378207,0,7,11,1,2,0,2,0.68,0.09,-6.5
trn_378207,0,8,9,1,0,2,3,0.62,0.11,-4.0
trn_378207,0,6,7,0,1,0,2,0.0,0.0,-7.0
trn_378207,0,10,6,0,2,1,0,0.0,0.0,-6.0
trn_378207,0,9,5,0,0,0,3,0.0,0.0,-5.0
trn_378207,0,11,2,1,0,1,0,3.21,0.5,3.0
trn_281817,0,5,188,9,17,17,20,0.69,0.05,-125.17
trn_281817,0,6,166,16,21,18,13,0.84,0.1,-71.75
trn_281817,0,7,147,15,16,20,14,0.81,0.1,-42.75
trn_281817,0,8,109,10,11,14,18,0.75,0.09,-9.75
trn_281817,0,4,65,0,4,3,4,0.0,0.0,-65.0
trn_281817,0,9,54,1,4,6,4,0.17,0.02,-49.0
trn_281817,0,10,31,2,4,1,6,0.73,0.06,-14.5
trn_281817,0,11,25,3,2,6,3,0.88,0.12,-8.25
trn_281817,0,12,9,2,0,0,3,2.36,0.22,17.0
trn_281817,0,3,7,0,1,0,0,0.0,0.0,-7.0
trn_281817,0,13,5,0,0,0,1,0.0,0.0,-5.0
trn_170127,0,7,96,4,12,7,6,0.65,0.04,-32.62
trn_170127,0,9,66,6,7,9,10,0.8,0.09,-31.37
trn_170127,0,8,63,2,5,7,6,0.36,0.03,-53.62
trn_170127,0,10,58,3,5,5,6,0.69,0.05,-37.0
trn_170127,0,6,56,1,4,2,5,0.37,0.02,-41.0
trn_170127,0,11,33,3,2,5,6,0.96,0.09,-8.5
trn_170127,0,5,26,2,3,0,4,1.19,0.08,-8.25
trn_170127,0,12,16,2,1,2,3,1.76,0.12,31.0
trn_170127,0,13,12,1,0,0,2,1.56,0.08,-7.0
trn_170127,0,14,5,0,0,0,1,0.0,0.0,-5.0
trn_170127,0,4,5,0,1,0,0,0.0,0.0,-5.0
trn_128637,0,3,522,32,26,32,46,0.79,0.06,-195.75
trn_128637,0,4,413,27,25,27,35,0.74,0.07,-129.04
trn_128637,0,7,291,26,31,32,39,0.82,0.09,-90.0
trn_128637,0,5,278,17,24,20,36,0.66,0.06,-135.25
trn_128637,0,6,247,18,18,20,16,0.72,0.07,-113.0
trn_128637,0,2,225,9,15,19,15,0.59,0.04,-132.42
trn_128637,0,8,188,15,16,24,14,0.75,0.08,-80.26
trn_128637,0,9,90,5,8,5,5,0.77,0.06,-34.5
trn_128637,0,10,81,7,5,10,10,0.97,0.09,-25.75
trn_128637,0,11,9,0,1,1,1,0.0,0.0,-9.0
trn_128637,0,12,4,1,0,0,1,5.08,0.25,11.0
trn_346887,0,3,479,36,44,56,45,0.74,0.08,-195.76
trn_346887,0,4,344,29,42,31,31,0.64,0.08,-184.2
trn_346887,0,5,280,34,38,35,33,0.79,0.12,-85.38
trn_346887,0,2,239,18,7,26,19,1.06,0.08,-35.35
trn_346887,0,6,225,18,19,34,28,0.6,0.08,-71.56
trn_346887,0,7,120,16,14,15,11,0.94,0.13,-0.05
trn_346887,0,8,70,9,10,6,6,1.11,0.13,15.0
trn_346887,0,9,43,5,3,2,8,1.25,0.12,10.5
trn_346887,0,10,10,2,2,0,1,1.98,0.2,6.5
trn_346887,0,11,8,1,2,3,0,0.99,0.12,-1.0
trn_346887,0,12,3,0,0,1,0,0.0,0.0,-3.0
trn_136413,0,7,93,5,14,10,7,0.51,0.05,-52.62
trn_136413,0,6,93,5,10,3,9,0.68,0.05,-44.17
trn_136413,0,8,92,4,4,10,10,0.53,0.04,-56.0
trn_136413,0,9,74,11,8,5,5,1.26,0.15,9.5
trn_136413,0,5,72,5,4,7,10,0.87,0.07,-44.67
trn_136413,0,10,61,6,4,8,8,0.95,0.1,-3.42
trn_136413,0,11,39,6,4,1,5,1.9,0.15,22.95
trn_136413,0,12,18,1,1,2,4,0.68,0.06,-6.0
trn_136413,0,4,16,0,0,0,1,0.0,0.0,-16.0
trn_136413,0,13,12,0,0,1,1,0.0,0.0,-12.0
trn_136413,0,3,1,1,0,0,0,4.0,1.0,3.0
trn_143532,0,4,1168,98,84,102,101,0.84,0.08,-328.3
trn_143532,0,5,1157,132,120,107,112,0.98,0.11,8.73
trn_143532,0,3,1137,79,118,132,133,0.71,0.07,-516.62
trn_143532,0,6,1009,97,106,109,92,0.83,0.1,-304.56
trn_143532,0,2,824,36,32,58,92,0.74,0.04,-425.15
trn_143532,0,7,815,82,75,82,74,0.98,0.1,-63.2
trn_143532,0,8,568,38,47,54,62,0.71,0.07,-180.55
trn_143532,0,9,249,26,24,27,22,1.04,0.1,-27.12
trn_143532,0,10,127,13,10,8,12,1.09,0.1,11.0
trn_143532,0,11,51,6,6,3,8,1.21,0.12,1.75
trn_143532,0,12,25,2,3,1,3,0.93,0.08,5.0
trn_143532,0,13,9,0,0,3,2,0.0,0.0,-9.0
trn_358677,0,8,61,8,9,4,8,0.94,0.13,-11.72
trn_358677,0,7,57,6,13,5,9,0.73,0.11,5.0
trn_358677,0,6,41,2,3,5,4,0.47,0.05,-27.5
trn_358677,0,5,37,3,2,2,2,1.0,0.08,-5.0
trn_358677,0,9,27,3,0,0,4,1.27,0.11,-2.0
trn_358677,0,14,5,1,0,1,1,5.21,0.2,10.0
trn_358677,0,4,5,0,0,1,0,0.0,0.0,-5.0
trn_358677,0,11,4,0,0,0,1,0.0,0.0,-4.0
trn_358677,0,3,3,1,0,1,1,2.68,0.33,14.0
trn_358677,0,10,3,0,0,0,2,0.0,0.0,-3.0
trn_358677,0,12,1,0,0,0,0,0.0,0.0,-1.0
trn_312453,0,4,315,26,22,35,30,0.83,0.08,-110.43
trn_312453,0,5,270,29,19,22,27,1.12,0.11,115.92
trn_312453,0,6,249,18,19,26,21,0.81,0.07,-105.17
trn_312453,0,3,244,9,12,17,20,0.68,0.04,-89.75
trn_312453,0,7,130,4,8,11,7,0.37,0.03,-84.5
trn_312453,0,8,61,4,5,5,4,0.88,0.07,-25.5
trn_312453,0,9,61,2,2,6,6,0.56,0.03,-31.0
trn_312453,0,2,39,1,0,3,3,0.88,0.03,-5.0
trn_312453,0,10,15,0,2,3,1,0.0,0.0,-15.0
trn_312453,0,11,14,2,1,2,1,1.9,0.14,-4.17
trn_312453,0,12,4,0,0,0,0,0.0,0.0,-4.0
trn_332928,0,3,295,35,40,33,36,0.82,0.12,-76.74
trn_332928,0,4,240,36,22,32,29,0.99,0.15,-24.25
trn_332928,0,5,116,18,25,12,8,0.86,0.16,-46.02
trn_332928,0,2,99,5,10,6,7,0.53,0.05,-71.89
trn_332928,0,6,55,7,4,3,7,1.32,0.13,14.5
trn_332928,0,7,31,3,5,3,1,0.74,0.1,-12.5
trn_332928,0,8,16,0,2,5,1,0.0,0.0,-16.0
trn_87426,0,4,3351,294,354,299,293,0.79,0.09,-1231.47
trn_87426,0,5,3092,313,282,324,302,0.89,0.1,-753.88
trn_87426,0,6,2429,215,266,271,258,0.78,0.09,-737.42
trn_87426,0,3,2327,176,201,188,249,0.8,0.08,-640.72
trn_87426,0,7,1753,154,182,190,178,0.79,0.09,-602.27
trn_87426,0,8,1339,132,138,148,141,0.9,0.1,-227.09
trn_87426,0,9,878,78,93,88,96,0.87,0.09,-228.95
trn_87426,0,2,648,19,44,44,51,0.51,0.03,-430.2
trn_87426,0,10,569,48,76,70,73,0.77,0.08,-166.88
trn_87426,0,11,296,24,38,33,27,0.83,0.08,-44.0
trn_87426,0,12,114,15,15,16,13,1.18,0.13,19.5
trn_87426,0,13,26,1,7,1,3,0.3,0.04,-23.5
trn_87426,0,14,7,0,1,0,1,0.0,0.0,-7.0
trn_87426,0,15,3,0,0,1,0,0.0,0.0,-3.0
trn_112185,0,5,2665,327,297,252,238,0.93,0.12,-565.29
trn_112185,0,4,2542,252,245,255,254,0.82,0.1,-786.78
trn_112185,0,6,2398,330,271,242,248,0.97,0.14,-90.69
trn_112185,0,7,1745,234,221,203,180,0.93,0.13,-154.78
trn_112185,0,3,1557,148,173,158,188,0.78,0.1,-610.89
trn_112185,0,8,1132,131,137,116,99,0.84,0.12,-315.43
trn_112185,0,9,759,85,63,95,70,0.87,0.11,-173.88
trn_112185,0,10,435,58,52,50,41,1.0,0.13,-80.96
trn_112185,0,2,250,8,16,23,32,0.42,0.03,-170.17
trn_112185,0,11,200,24,20,28,28,0.87,0.12,-45.09
trn_112185,0,12,75,7,11,9,4,0.66,0.09,-50.85
trn_112185,0,13,3,0,0,0,0,0.0,0.0,-3.0
trn_112185,0,14,3,0,0,0,2,0.0,0.0,-3.0
trn_193644,0,4,1235,141,132,127,119,0.89,0.11,-308.7
trn_193644,0,3,1049,83,97,119,108,0.77,0.08,-346.18
trn_193644,0,5,960,106,120,122,113,0.83,0.11,-247.97
trn_193644,0,6,795,107,110,76,93,1.02,0.13,69.85
trn_193644,0,7,483,54,51,60,57,0.84,0.11,-152.11
trn_193644,0,2,440,28,36,37,54,0.8,0.06,-128.53
trn_193644,0,8,262,32,26,28,37,0.98,0.12,6.39
trn_193644,0,9,204,18,18,26,25,0.77,0.09,-92.8
trn_193644,0,10,103,11,12,16,13,0.94,0.11,-33.17
trn_193644,0,11,52,7,4,4,5,0.99,0.13,3.88
trn_193644,0,12,27,0,3,3,3,0.0,0.0,-27.0
trn_193644,0,13,4,0,1,0,0,0.0,0.0,-4.0
trn_117,0,3,2495,131,181,223,241,0.68,0.05,-1077.59
trn_117,0,4,1664,120,117,131,166,0.82,0.07,-520.95
trn_117,0,2,1601,80,102,104,162,0.79,0.05,-525.31
trn_117,0,5,1100,99,91,98,114,0.9,0.09,-140.95
trn_117,0,6,607,51,62,73,61,0.88,0.08,-184.18
trn_117,0,7,426,40,43,43,35,0.92,0.09,-110.42
trn_117,0,8,323,21,37,27,30,0.65,0.07,-110.5
trn_117,0,9,190,20,20,21,21,0.94,0.11,-14.12
trn_117,0,10,61,4,4,5,9,0.71,0.07,-23.38
trn_117,0,11,12,1,2,1,3,0.52,0.08,-1.0
trn_54981,0,8,165,22,16,18,23,1.03,0.13,-48.8
trn_54981,0,7,146,27,23,15,16,1.32,0.18,-2.23
trn_54981,0,9,145,16,11,18,12,0.91,0.11,-34.97
trn_54981,0,6,135,15,11,12,19,0.91,0.11,-49.09
trn_54981,0,5,128,11,10,20,19,0.89,0.09,-33.8
trn_54981,0,10,102,14,11,18,10,1.13,0.14,6.21
trn_54981,0,11,83,6,9,10,10,0.77,0.07,-30.7
trn_54981,0,12,72,7,12,6,8,0.95,0.1,55.5
trn_54981,0,4,61,1,7,8,2,0.21,0.02,-57.0
trn_54981,0,13,39,6,5,3,7,1.6,0.15,-0.5
trn_54981,0,3,17,1,1,1,2,0.68,0.06,-12.5
trn_54981,0,14,6,0,2,0,0,0.0,0.0,-6.0
trn_54981,0,15,1,0,0,0,0,0.0,0.0,-1.0
trn_54981,0,2,1,0,0,0,0,0.0,0.0,-1.0
trn_54981,0,16,1,0,0,1,0,0.0,0.0,-1.0
trn_330147,0,4,117,7,10,10,14,0.56,0.06,-54.52
trn_330147,0,3,113,8,5,16,11,0.72,0.07,21.46
trn_330147,0,5,86,10,12,10,12,0.84,0.12,-17.52
trn_330147,0,6,64,12,7,3,7,1.19,0.19,4.8
trn_330147,0,2,49,3,5,2,5,0.8,0.06,-0.42
trn_330147,0,7,35,8,3,7,2,1.56,0.23,11.75
trn_330147,0,8,35,4,0,1,5,1.6,0.11,15.5
trn_330147,0,9,14,1,1,3,0,1.02,0.07,1.0
trn_138861,0,4,1253,102,126,131,142,0.74,0.08,-326.35
trn_138861,0,3,1167,66,79,93,116,0.7,0.06,-590.15
trn_138861,0,5,1119,109,130,139,107,0.83,0.1,-248.54
trn_138861,0,6,735,67,93,68,57,0.8,0.09,-176.81
trn_138861,0,7,457,49,44,49,49,0.93,0.11,-81.86
trn_138861,0,2,444,12,16,32,31,0.51,0.03,-332.0
trn_138861,0,8,176,10,11,24,32,0.51,0.06,-116.88
trn_138861,0,9,122,11,10,10,13,0.9,0.09,-38.55
trn_138861,0,10,51,4,4,7,9,0.79,0.08,1.0
trn_138861,0,12,12,2,2,1,1,2.07,0.17,14.0
trn_138861,0,11,5,0,0,0,0,0.0,0.0,-5.0
trn_116136,0,3,1325,71,93,121,145,0.7,0.05,-770.39
trn_116136,0,4,1181,100,106,103,117,0.89,0.08,-291.41
trn_116136,0,5,768,65,69,82,87,0.81,0.08,-144.66
trn_116136,0,2,623,37,61,49,67,0.73,0.06,-263.99
trn_116136,0,6,545,41,58,61,57,0.72,0.08,-216.21
trn_116136,0,7,384,40,24,25,37,1.12,0.1,-6.75
trn_116136,0,8,268,14,19,42,33,0.52,0.05,-166.24
trn_116136,0,9,130,12,15,6,18,0.97,0.09,-64.42
trn_116136,0,10,39,3,1,5,7,0.64,0.08,-30.87
trn_116136,0,11,23,1,3,2,4,0.42,0.04,-14.0
trn_116136,0,12,15,1,1,2,0,0.6,0.07,-12.62
trn_205551,0,3,3429,470,445,441,378,0.9,0.14,-486.99
trn_205551,0,4,2796,375,343,312,292,0.91,0.13,-387.34
trn_205551,0,5,2047,223,252,241,225,0.79,0.11,-388.97
trn_205551,0,2,1638,178,205,191,193,0.78,0.11,-550.12
trn_205551,0,6,1190,157,120,156,126,1.0,0.13,-0.92
trn_205551,0,7,925,93,92,108,114,0.8,0.1,-247.62
trn_205551,0,8,550,54,53,61,60,0.85,0.1,-124.42
trn_205551,0,9,362,33,35,42,47,0.75,0.09,-114.49
trn_205551,0,10,143,8,11,13,21,0.54,0.06,-97.5
trn_205551,0,11,21,3,1,6,3,1.51,0.14,0.33
trn_51552,0,3,1542,72,105,138,163,0.65,0.05,-498.63
trn_51552,0,4,1510,98,140,115,133,0.73,0.06,-413.19
trn_51552,0,5,1086,97,104,103,97,0.93,0.09,-220.45
trn_51552,0,6,855,53,74,97,77,0.64,0.06,-382.95
trn_51552,0,2,723,38,63,68,84,0.75,0.05,-173.08
trn_51552,0,7,584,42,54,56,52,0.79,0.07,-166.24
trn_51552,0,8,395,21,25,36,39,0.65,0.05,-174.64
trn_51552,0,9,289,20,20,20,35,0.91,0.07,-55.38
trn_51552,0,10,162,9,14,22,18,0.57,0.06,-83.0
trn_51552,0,11,40,0,2,4,2,0.0,0.0,-40.0
trn_51552,0,12,17,1,0,2,2,1.05,0.06,-2.0
trn_285003,0,7,330,56,51,37,34,1.03,0.17,-29.94
trn_285003,0,6,315,38,43,39,28,0.85,0.12,-142.16
trn_285003,0,5,292,26,17,26,38,0.9,0.09,-125.27
trn_285003,0,8,239,31,47,35,27,0.82,0.13,-60.62
trn_285003,0,4,155,11,8,10,12,0.93,0.07,-46.77
trn_285003,0,9,155,19,18,25,24,0.94,0.12,-45.54
trn_285003,0,3,68,5,6,6,7,0.89,0.07,-40.25
trn_285003,0,10,62,6,6,7,7,0.8,0.1,-25.67
trn_285003,0,11,24,0,3,6,3,0.0,0.0,-24.0
trn_285003,0,2,13,0,0,1,1,0.0,0.0,-13.0
trn_285003,0,12,6,1,0,0,0,2.16,0.17,0.5
trn_285003,0,13,3,0,0,0,0,0.0,0.0,-3.0
trn_201303,0,3,641,63,63,75,77,0.89,0.1,-55.63
trn_201303,0,4,470,47,41,52,43,0.8,0.1,-30.53
trn_201303,0,2,360,21,21,33,36,0.83,0.06,-159.21
trn_201303,0,5,336,45,36,36,34,0.94,0.13,-62.97
trn_201303,0,6,247,36,23,33,26,1.06,0.15,-56.64
trn_201303,0,8,213,26,15,23,24,1.05,0.12,3.79
trn_201303,0,7,195,25,25,17,21,1.01,0.13,-35.36
trn_201303,0,9,144,19,15,14,16,1.08,0.13,16.43
trn_201303,0,10,125,15,6,12,11,1.06,0.12,-4.0
trn_201303,0,11,48,9,5,6,2,1.91,0.19,53.5
trn_201303,0,12,23,3,2,2,3,1.15,0.13,-10.02
trn_201303,0,13,8,1,1,0,1,1.72,0.12,4.0
trn_201303,0,14,2,0,1,0,1,0.0,0.0,-2.0
trn_39879,0,4,2421,280,268,263,256,0.86,0.12,-770.61
trn_39879,0,5,2148,263,277,260,210,0.85,0.12,-494.53
trn_39879,0,3,1986,183,215,206,212,0.79,0.09,-648.33
trn_39879,0,6,1799,238,208,239,175,0.92,0.13,-371.55
trn_39879,0,7,1580,206,215,171,168,0.9,0.13,-157.36
trn_39879,0,8,1053,122,123,113,112,0.85,0.12,-282.59
trn_39879,0,2,955,69,80,103,99,0.84,0.07,-247.79
trn_39879,0,9,582,63,50,55,65,0.88,0.11,-146.14
trn_39879,0,10,333,29,34,38,35,0.69,0.09,-118.57
trn_39879,0,11,106,15,12,24,9,0.89,0.14,27.63
trn_39879,0,12,20,0,2,5,1,0.0,0.0,-20.0
trn_277803,0,3,711,66,66,57,72,0.93,0.09,-170.11
trn_277803,0,4,684,79,70,55,60,0.88,0.12,-265.13
trn_277803,0,5,462,42,53,49,46,0.69,0.09,-131.54
trn_277803,0,6,349,38,32,43,43,0.85,0.11,-107.11
trn_277803,0,2,305,20,14,21,29,1.04,0.07,18.86
trn_277803,0,7,166,15,21,12,17,0.82,0.09,-16.17
trn_277803,0,8,62,5,5,5,4,0.9,0.08,-32.25
trn_277803,0,9,33,3,3,5,6,0.83,0.09,-10.5
trn_277803,0,10,11,0,0,0,1,0.0,0.0,-11.0
trn_74286,0,5,296,27,25,31,30,0.93,0.09,-105.04
trn_74286,0,6,296,31,27,26,23,1.13,0.1,-25.43
trn_74286,0,4,276,26,29,27,29,0.86,0.09,-137.15
trn_74286,0,7,227,19,23,30,22,0.79,0.08,-110.92
trn_74286,0,8,199,25,18,25,19,1.14,0.13,-1.72
trn_74286,0,9,175,18,18,19,10,0.97,0.1,-35.97
trn_74286,0,3,163,13,16,15,17,0.82,0.08,-63.62
trn_74286,0,10,88,7,9,8,9,0.79,0.08,-25.42
trn_74286,0,2,50,1,2,2,9,0.43,0.02,-37.0
trn_74286,0,11,33,2,2,1,5,0.69,0.06,-14.5
trn_74286,0,12,15,0,2,2,2,0.0,0.0,-15.0
trn_74286,0,13,9,0,0,2,2,0.0,0.0,-9.0
trn_74286,0,14,4,0,0,2,1,0.0,0.0,-4.0
trn_37152,0,4,970,89,84,90,114,0.85,0.09,-404.4
trn_37152,0,5,951,81,71,69,89,0.78,0.09,-415.87
trn_37152,0,6,896,75,90,84,99,0.8,0.08,-317.49
trn_37152,0,7,762,60,84,77,76,0.73,0.08,-281.79
trn_37152,0,3,629,27,57,55,61,0.56,0.04,-346.87
trn_37152,0,8,571,57,49,57,65,0.9,0.1,-58.87
trn_37152,0,9,395,29,28,35,48,0.82,0.07,-152.74
trn_37152,0,2,183,6,7,10,15,0.52,0.03,-139.0
trn_37152,0,10,131,7,16,15,15,0.52,0.05,-64.95
trn_37152,0,11,88,1,7,7,9,0.15,0.01,-83.5
trn_37152,0,12,22,3,1,4,4,0.93,0.14,-8.75
trn_37152,0,13,11,2,1,0,2,1.77,0.18,-4.25
trn_37152,0,14,4,0,0,0,1,0.0,0.0,-4.0
trn_234891,0,4,913,54,73,69,92,0.71,0.06,-307.77
trn_234891,0,5,863,76,83,98,108,0.87,0.09,-72.63
trn_234891,0,3,848,58,79,92,75,0.81,0.07,-97.67
trn_234891,0,6,656,49,70,51,80,0.76,0.07,-262.35
trn_234891,0,7,528,40,51,55,56,0.79,0.08,-100.24
trn_234891,0,2,297,15,22,35,47,0.65,0.05,-152.31
trn_234891,0,8,279,20,21,25,41,0.77,0.07,-32.5
trn_234891,0,9,166,13,20,9,21,0.96,0.08,-21.75
trn_234891,0,10,69,7,5,1,7,1.31,0.1,16.0
trn_234891,0,11,23,2,2,1,1,1.05,0.09,-7.0
trn_234891,0,12,14,1,1,0,2,0.79,0.07,12.0
trn_234891,0,13,2,0,0,0,0,0.0,0.0,-2.0
trn_288,0,4,1187,101,113,94,106,0.88,0.09,-277.5
trn_288,0,3,1104,66,85,100,77,0.75,0.06,-506.07
trn_288,0,5,946,113,92,81,79,1.11,0.12,-27.39
trn_288,0,6,649,77,61,58,59,1.05,0.12,-5.77
trn_288,0,7,481,47,45,45,55,0.95,0.1,-78.74
trn_288,0,8,302,20,32,37,22,0.71,0.07,-137.25
trn_288,0,2,265,18,13,14,15,1.29,0.07,-30.42
trn_288,0,9,241,11,13,19,25,0.57,0.05,-108.0
trn_288,0,10,150,7,21,21,18,0.56,0.05,-81.5
trn_288,0,11,40,2,2,4,9,0.65,0.05,-23.0
trn_288,0,12,19,0,1,2,1,0.0,0.0,-19.0
trn_257130,0,4,454,44,33,40,47,0.94,0.1,-106.51
trn_257130,0,5,333,28,34,36,46,0.72,0.08,-132.04
trn_257130,0,3,301,15,13,26,31,0.65,0.05,-164.24
trn_257130,0,6,282,19,25,38,31,0.58,0.07,-128.59
trn_257130,0,7,218,24,16,17,22,1.08,0.11,-45.87
trn_257130,0,8,144,16,24,20,14,0.92,0.11,6.58
trn_257130,0,2,80,4,2,1,4,1.39,0.05,-30.25
trn_257130,0,9,78,13,4,8,8,1.63,0.17,65.33
trn_257130,0,10,42,1,1,5,4,0.41,0.02,-34.0
trn_257130,0,11,24,2,3,2,1,1.33,0.08,14.0
trn_257130,0,12,5,0,1,1,0,0.0,0.0,-5.0
trn_3357,0,3,2861,258,299,304,305,0.79,0.09,-921.47
trn_3357,0,2,2358,264,273,284,290,0.91,0.11,-271.39
trn_3357,0,4,1557,159,147,154,165,0.88,0.1,-229.28
trn_3357,0,5,885,109,91,99,67,1.04,0.12,-67.77
trn_3357,0,6,524,51,45,56,45,0.88,0.1,22.31
trn_3357,0,7,325,24,28,29,34,0.76,0.07,-32.87
trn_3357,0,8,182,12,19,21,23,0.68,0.07,-66.25
trn_3357,0,9,127,10,10,7,11,0.72,0.08,-27.88
trn_3357,0,10,35,3,1,1,5,1.04,0.09,-1.5
trn_340317,0,4,173,20,19,15,15,0.93,0.12,-23.8
trn_340317,0,3,169,13,19,17,12,0.83,0.08,-94.84
trn_340317,0,5,136,13,20,19,20,0.69,0.1,-57.3
trn_340317,0,6,86,6,16,12,16,0.5,0.07,-52.5
trn_340317,0,2,62,1,1,4,5,0.29,0.02,-43.0
trn_340317,0,7,43,6,3,6,3,1.16,0.14,12.33
trn_340317,0,8,23,2,3,3,3,0.72,0.09,-15.0
trn_340317,0,9,5,0,0,2,1,0.0,0.0,-5.0
trn_374697,0,4,20,0,1,1,4,0.0,0.0,-20.0
trn_374697,0,6,19,2,1,0,1,0.88,0.11,2.33
trn_374697,0,5,16,2,0,1,4,1.02,0.12,59.0
trn_374697,0,7,15,3,1,1,1,2.57,0.2,87.0
trn_374697,0,8,12,0,1,2,2,0.0,0.0,-12.0
trn_374697,0,11,4,0,0,1,1,0.0,0.0,-4.0
trn_374697,0,9,2,0,0,0,0,0.0,0.0,-2.0
trn_113400,0,4,655,67,65,63,42,0.9,0.1,-173.55
trn_113400,0,3,513,36,52,39,41,0.82,0.07,-174.36
trn_113400,0,5,346,26,34,35,37,0.69,0.08,-177.88
trn_113400,0,6,282,17,29,30,19,0.56,0.06,-132.17
trn_113400,0,7,206,22,25,17,28,0.83,0.11,-63.25
trn_113400,0,2,153,10,6,5,14,1.28,0.07,-45.7
trn_113400,0,8,104,7,9,13,14,0.53,0.07,-69.88
trn_113400,0,9,53,6,5,0,2,1.23,0.11,5.25
trn_113400,0,10,14,0,0,1,1,0.0,0.0,-14.0
trn_113400,0,11,3,1,0,1,0,2.53,0.33,1.5
trn_113400,0,12,2,0,0,0,0,0.0,0.0,-2.0
trn_125595,0,3,2941,344,352,357,301,0.86,0.12,-609.96
trn_125595,0,2,2521,264,240,275,272,0.89,0.1,-551.01
trn_125595,0,4,1289,136,124,137,153,0.81,0.11,-388.0
trn_125595,0,5,695,74,82,77,87,0.78,0.11,-193.24
trn_125595,0,6,382,43,59,47,29,0.81,0.11,-49.18
trn_125595,0,7,238,27,36,33,28,0.79,0.11,-32.51
trn_125595,0,8,120,16,9,12,12,0.92,0.13,-37.37
trn_125595,0,9,71,7,8,6,15,0.66,0.1,-28.92
trn_125595,0,10,16,2,0,4,1,1.38,0.12,40.0
trn_125595,0,11,9,0,0,1,1,0.0,0.0,-9.0
trn_125595,0,12,3,0,0,0,0,0.0,0.0,-3.0
trn_363375,0,2,37,0,0,1,3,0.0,0.0,-37.0
trn_363375,0,3,32,0,2,1,2,0.0,0.0,-32.0
trn_363375,0,6,9,0,1,0,3,0.0,0.0,-9.0
trn_363375,0,5,8,0,0,0,0,0.0,0.0,-8.0
trn_363375,0,4,8,0,1,0,1,0.0,0.0,-8.0
trn_363375,0,8,3,0,0,0,0,0.0,0.0,-3.0
trn_363375,0,7,2,0,0,0,0,0.0,0.0,-2.0
trn_139041,0,5,495,34,37,45,52,0.74,0.07,-209.02
trn_139041,0,4,387,34,31,37,28,0.91,0.09,-112.25
trn_139041,0,6,365,35,37,41,32,0.91,0.1,-150.49
trn_139041,0,7,269,24,25,24,27,0.78,0.09,-76.44
trn_139041,0,3,202,12,14,18,15,0.81,0.06,-82.37
trn_139041,0,8,177,11,22,22,22,0.54,0.06,-93.92
trn_139041,0,9,130,12,13,11,14,1.0,0.09,16.5
trn_139041,0,10,78,8,6,8,3,1.21,0.1,9.75
trn_139041,0,2,33,0,0,0,2,0.0,0.0,-33.0
trn_139041,0,11,29,1,4,1,3,0.46,0.03,-23.0
trn_139041,0,12,7,1,0,2,0,1.97,0.14,19.0
trn_139041,0,13,2,1,0,0,0,4.37,0.5,6.5
trn_232713,0,6,162,16,11,23,17,0.77,0.1,-54.48
trn_232713,0,5,151,18,19,17,12,1.07,0.12,-1.02
trn_232713,0,7,141,20,22,20,13,0.96,0.14,2.39
trn_232713,0,4,103,5,5,6,8,0.95,0.05,32.75
trn_232713,0,8,92,11,9,11,6,1.01,0.12,-7.5
trn_232713,0,9,43,3,2,2,3,0.83,0.07,-25.0
trn_232713,0,10,32,4,3,1,4,1.09,0.12,-9.5
trn_232713,0,3,22,2,2,0,1,1.42,0.09,-7.0
trn_232713,0,11,18,2,1,2,0,1.27,0.11,-1.0
trn_232713,0,12,10,0,2,1,3,0.0,0.0,-10.0
trn_232713,0,2,3,0,0,0,0,0.0,0.0,-3.0
trn_370053,0,5,51,7,13,6,3,0.87,0.14,-7.77
trn_370053,0,4,15,0,4,1,2,0.0,0.0,-15.0
trn_370053,0,3,13,3,1,0,4,2.38,0.23,11.0
trn_370053,0,8,11,0,1,0,3,0.0,0.0,-11.0
trn_370053,0,2,11,2,0,0,2,1.77,0.18,0.0
trn_370053,0,6,8,0,0,0,1,0.0,0.0,-8.0
trn_370053,0,9,3,1,0,2,0,2.23,0.33,0.75
trn_54405,0,6,309,32,42,24,27,0.98,0.1,13.75
trn_54405,0,5,292,18,28,25,20,0.85,0.06,9.96
trn_54405,0,7,274,28,29,33,39,0.82,0.1,-36.63
trn_54405,0,8,199,22,21,31,25,0.93,0.11,-4.34
trn_54405,0,9,187,15,26,25,21,0.7,0.08,-84.5
trn_54405,0,4,132,9,5,9,12,1.29,0.07,-36.15
trn_54405,0,10,116,13,20,15,14,1.01,0.11,-18.92
trn_54405,0,11,50,6,3,3,6,1.35,0.12,-3.25
trn_54405,0,12,21,0,4,3,1,0.0,0.0,-21.0
trn_54405,0,3,16,1,2,1,0,1.06,0.06,-1.0
trn_54405,0,2,2,0,0,0,0,0.0,0.0,-2.0
trn_54405,0,13,1,0,0,0,0,0.0,0.0,-1.0
trn_2781,0,4,1241,115,124,111,117,0.89,0.09,-250.73
trn_2781,0,5,1217,122,130,119,117,0.92,0.1,-306.74
trn_2781,0,6,980,115,100,103,120,0.99,0.12,-113.67
trn_2781,0,7,612,59,64,82,73,0.81,0.1,-136.92
trn_2781,0,3,608,40,50,49,66,0.81,0.07,-245.03
trn_2781,0,8,281,23,28,38,32,0.72,0.08,-96.0
trn_2781,0,9,227,25,29,19,31,0.98,0.11,-37.34
trn_2781,0,10,159,14,28,17,19,0.74,0.09,20.0
trn_2781,0,2,103,2,6,9,7,0.42,0.02,-88.25
trn_2781,0,11,73,5,8,14,9,0.57,0.07,-35.2
trn_2781,0,12,31,1,1,3,4,0.41,0.03,-20.0
trn_2781,0,13,3,0,0,0,0,0.0,0.0,-3.0
trn_136422,0,3,531,71,71,69,65,1.02,0.13,-47.79
trn_136422,0,4,483,70,49,52,47,1.02,0.14,-54.47
trn_136422,0,5,318,31,34,36,31,0.77,0.1,-40.34
trn_136422,0,2,266,25,33,33,25,0.83,0.09,-107.72
trn_136422,0,6,221,19,22,23,28,0.7,0.09,-97.05
trn_136422,0,7,136,14,21,17,14,0.71,0.1,-41.81
trn_136422,0,8,31,6,1,3,2,1.6,0.19,25.5
trn_136422,0,10,20,5,3,4,0,1.12,0.25,2.61
trn_136422,0,11,11,4,2,1,1,1.02,0.36,6.94
trn_136422,0,9,8,2,1,1,0,2.22,0.25,3.5
trn_322119,0,3,284,11,15,29,31,0.4,0.04,-205.0
trn_322119,0,2,269,18,29,39,33,0.71,0.07,-105.48
trn_322119,0,4,194,13,19,23,12,0.62,0.07,-46.63
trn_322119,0,5,93,5,12,8,10,0.45,0.05,-70.67
trn_322119,0,6,64,8,4,8,7,0.98,0.12,-16.75
trn_322119,0,7,43,4,3,3,8,0.98,0.09,-3.0
trn_322119,0,10,7,2,0,0,1,2.95,0.29,15.5
trn_322119,0,11,4,0,0,0,0,0.0,0.0,-4.0
trn_322119,0,8,4,0,0,0,0,0.0,0.0,-4.0
trn_40860,0,3,4653,701,655,593,556,0.91,0.15,-540.59
trn_40860,0,4,2047,338,297,254,230,0.93,0.17,-148.68
trn_40860,0,2,1276,153,141,151,160,0.86,0.12,-350.37
trn_40860,0,5,740,112,116,104,94,0.89,0.15,-49.47
trn_40860,0,6,320,48,51,40,33,0.88,0.15,-89.03
trn_40860,0,7,132,25,13,20,18,1.07,0.19,-10.43
trn_40860,0,8,74,11,11,8,9,0.85,0.15,-10.18
trn_40860,0,9,22,4,3,3,3,0.91,0.18,-8.12
trn_40860,0,10,7,0,1,0,1,0.0,0.0,-7.0
trn_193941,0,3,598,60,56,61,55,0.97,0.1,-21.2
trn_193941,0,4,445,54,55,37,42,0.95,0.12,-94.7
trn_193941,0,2,221,21,9,20,14,1.47,0.1,276.21
trn_193941,0,5,213,21,19,20,18,0.85,0.1,14.58
trn_193941,0,6,158,11,20,17,18,0.63,0.07,-25.25
trn_193941,0,7,74,8,10,11,9,0.88,0.11,-21.84
trn_193941,0,8,53,4,6,8,5,0.66,0.08,-31.63
trn_193941,0,9,13,2,3,3,0,0.86,0.15,-7.2
trn_193941,0,10,11,3,0,0,3,2.59,0.27,8.08
trn_193941,0,12,2,0,0,0,1,0.0,0.0,-2.0
trn_193941,0,11,1,0,0,0,0,0.0,0.0,-1.0
trn_193941,0,13,1,0,0,0,0,0.0,0.0,-1.0
trn_139968,0,5,913,95,104,116,113,0.89,0.1,-254.46
trn_139968,0,6,863,104,113,102,82,0.85,0.12,-263.88
trn_139968,0,7,681,87,86,83,83,0.86,0.13,-238.61
trn_139968,0,4,650,61,62,63,57,0.92,0.09,-216.29
trn_139968,0,8,398,28,40,53,45,0.61,0.07,-151.77
trn_139968,0,9,295,36,29,35,22,1.0,0.12,-17.58
trn_139968,0,3,245,23,25,27,19,0.81,0.09,99.47
trn_139968,0,10,186,19,15,15,21,1.01,0.1,-23.0
trn_139968,0,11,75,8,8,14,3,1.03,0.11,7.88
trn_139968,0,2,64,4,3,5,7,0.95,0.06,-12.92
trn_139968,0,12,32,0,6,5,5,0.0,0.0,-32.0
trn_139968,0,13,5,1,0,1,0,2.79,0.2,3.0
trn_139968,0,14,1,0,0,0,0,0.0,0.0,-1.0
trn_344736,0,3,318,41,37,45,33,0.82,0.13,-28.85
trn_344736,0,2,170,15,24,18,17,0.75,0.09,-63.62
trn_344736,0,4,134,17,21,18,15,0.77,0.13,-39.96
trn_344736,0,5,72,16,9,11,6,1.16,0.22,6.73
trn_344736,0,6,32,3,7,5,6,0.65,0.09,-20.5
trn_344736,0,7,25,2,5,3,2,0.6,0.08,-14.0
trn_344736,0,8,6,0,0,1,1,0.0,0.0,-6.0
trn_315,0,4,2397,168,217,264,218,0.69,0.07,-723.71
trn_315,0,5,2099,188,214,196,224,0.78,0.09,-697.99
trn_315,0,3,1896,129,168,154,175,0.76,0.07,-765.29
trn_315,0,6,1511,123,154,168,188,0.69,0.08,-564.45
trn_315,0,7,1135,88,99,128,135,0.71,0.08,-486.96
trn_315,0,2,853,31,49,58,69,0.6,0.04,-549.03
trn_315,0,8,662,36,73,85,71,0.49,0.05,-425.33
trn_315,0,9,403,29,29,37,47,0.78,0.07,-125.87
trn_315,0,10,239,25,17,17,39,0.93,0.1,85.35
trn_315,0,11,113,6,18,13,8,0.44,0.05,-48.93
trn_315,0,12,14,1,2,2,3,0.73,0.07,-6.5
trn_315,0,13,13,1,2,1,1,1.07,0.08,-2.0
trn_315,0,14,1,0,0,0,0,0.0,0.0,-1.0
trn_202725,0,3,5296,653,607,581,548,0.91,0.12,-1073.36
trn_202725,0,2,4840,615,588,574,538,0.88,0.13,-646.0
trn_202725,0,4,2993,351,334,306,284,0.92,0.12,-270.25
trn_202725,0,5,1774,199,189,190,141,0.89,0.11,-255.98
trn_202725,0,6,985,94,99,94,93,0.76,0.1,-226.54
trn_202725,0,7,591,80,55,55,53,1.06,0.14,2.19
trn_202725,0,8,276,30,33,21,26,0.86,0.11,-94.88
trn_202725,0,9,130,10,11,12,11,0.64,0.08,-72.78
trn_202725,0,10,37,0,1,1,3,0.0,0.0,-37.0
trn_202725,0,11,6,0,1,1,0,0.0,0.0,-6.0
trn_72090,0,3,8855,1010,1010,1010,1003,0.86,0.11,-1882.47
trn_72090,0,2,7169,909,896,887,869,0.87,0.13,-1435.12
trn_72090,0,4,5319,624,583,557,545,0.89,0.12,-877.16
trn_72090,0,5,3276,384,348,360,360,0.89,0.12,-515.08
trn_72090,0,6,2174,238,228,226,228,0.86,0.11,-563.38
trn_72090,0,7,1367,147,132,154,130,0.89,0.11,-337.82
trn_72090,0,8,876,80,95,95,97,0.75,0.09,-287.47
trn_72090,0,9,386,41,52,54,41,0.8,0.11,-90.75
trn_72090,0,10,109,8,15,12,12,0.7,0.07,-44.25
trn_72090,0,11,25,1,6,0,5,0.36,0.04,-10.0
trn_72090,0,12,5,0,0,0,1,0.0,0.0,-5.0
trn_290484,0,3,1695,275,203,207,188,0.97,0.16,-257.49
trn_290484,0,2,1476,260,219,194,171,0.91,0.18,-274.23
trn_290484,0,4,792,98,99,101,101,0.79,0.12,-236.86
trn_290484,0,5,378,49,50,35,36,0.87,0.13,-59.8
trn_290484,0,6,321,46,33,29,39,0.99,0.14,-5.36
trn_290484,0,7,141,13,15,15,16,0.75,0.09,-68.14
trn_290484,0,8,111,11,9,18,17,0.66,0.1,-74.71
trn_290484,0,9,65,11,8,10,7,1.07,0.17,26.32
trn_290484,0,10,34,2,4,2,3,0.4,0.06,-30.4
trn_290484,0,11,4,0,0,0,1,0.0,0.0,-4.0
trn_7785,0,3,2910,267,253,271,269,0.84,0.09,-805.13
trn_7785,0,2,2495,140,174,166,207,0.75,0.06,-1100.34
trn_7785,0,4,2135,250,221,194,201,0.83,0.12,-611.23
trn_7785,0,5,1301,121,137,148,135,0.69,0.09,-534.23
trn_7785,0,6,820,75,84,91,89,0.73,0.09,-310.63
trn_7785,0,7,629,50,56,51,70,0.73,0.08,-236.99
trn_7785,0,8,379,40,49,33,47,0.81,0.11,-101.56
trn_7785,0,9,194,8,17,33,23,0.38,0.04,-124.25
trn_7785,0,10,84,7,8,3,9,0.88,0.08,-12.83
trn_7785,0,11,51,2,1,3,4,0.54,0.04,-37.5
trn_7785,0,-3,13,2,4,1,1,0.56,0.15,-8.82
trn_7785,0,12,12,0,2,1,0,0.0,0.0,-12.0
trn_7785,0,13,8,0,0,0,1,0.0,0.0,-8.0
trn_7785,0,-4,7,1,1,0,0,1.9,0.14,4.0
trn_178524,0,3,818,79,84,85,64,0.89,0.1,-82.79
trn_178524,0,2,670,51,51,74,74,0.89,0.08,-299.06
trn_178524,0,4,563,44,69,66,54,0.64,0.08,-202.78
trn_178524,0,5,298,22,38,34,32,0.61,0.07,-144.05
trn_178524,0,6,264,27,31,28,19,0.77,0.1,-75.55
trn_178524,0,7,229,15,23,19,26,0.6,0.07,-81.25
trn_178524,0,8,104,11,14,8,11,1.02,0.11,-17.75
trn_178524,0,9,75,9,15,8,11,0.66,0.12,-30.68
trn_178524,0,10,35,2,3,6,2,0.39,0.06,-28.0
trn_178524,0,11,8,0,0,0,2,0.0,0.0,-8.0
trn_307305,0,4,85,2,7,6,8,0.29,0.02,-59.5
trn_307305,0,5,64,10,7,4,7,1.56,0.16,19.48
trn_307305,0,6,63,5,3,11,8,0.64,0.08,-8.5
trn_307305,0,3,43,2,1,4,3,0.91,0.05,-3.0
trn_307305,0,8,41,1,9,6,1,0.24,0.02,-34.5
trn_307305,0,7,39,3,5,1,5,0.71,0.08,-23.17
trn_307305,0,2,32,1,0,3,2,0.59,0.03,-26.0
trn_307305,0,9,24,2,3,0,3,1.0,0.08,-5.5
trn_307305,0,10,15,3,1,3,0,2.15,0.2,5.83
trn_307305,0,11,2,0,0,0,0,0.0,0.0,-2.0
trn_291465,0,3,685,60,61,74,82,0.8,0.09,-111.36
trn_291465,0,4,669,80,76,70,64,0.96,0.12,-53.69
trn_291465,0,5,570,54,60,63,57,0.78,0.09,-226.92
trn_291465,0,6,391,43,50,44,32,0.95,0.11,-82.91
trn_291465,0,2,337,23,31,32,27,0.79,0.07,-112.52
trn_291465,0,7,282,23,27,27,29,0.75,0.08,-72.56
trn_291465,0,8,116,12,11,15,9,0.95,0.1,-36.25
trn_291465,0,9,116,11,10,8,11,1.04,0.09,-25.55
trn_291465,0,10,43,2,5,1,5,0.69,0.05,10.0
trn_291465,0,11,4,0,0,1,0,0.0,0.0,-4.0
trn_201609,0,6,188,27,23,23,11,1.03,0.14,-29.85
trn_201609,0,4,152,23,20,17,19,1.04,0.15,24.25
trn_201609,0,5,139,15,18,15,14,0.82,0.11,-17.32
trn_201609,0,7,124,19,14,17,20,0.96,0.15,-15.29
trn_201609,0,8,68,12,13,7,9,1.03,0.18,-25.65
trn_201609,0,3,61,3,7,7,7,0.49,0.05,-46.42
trn_201609,0,9,54,9,4,11,4,1.1,0.17,-2.3
trn_201609,0,10,28,1,4,3,5,0.3,0.04,-24.5
trn_201609,0,11,12,0,1,0,1,0.0,0.0,-12.0
trn_201609,0,2,6,0,0,0,0,0.0,0.0,-6.0
trn_201609,0,12,4,1,1,1,1,1.72,0.25,2.0
trn_45171,0,3,5170,560,579,562,584,0.87,0.11,-1220.29
trn_45171,0,2,4177,574,585,540,473,0.91,0.14,-380.72
trn_45171,0,4,2677,288,321,301,248,0.85,0.11,-520.15
trn_45171,0,5,1416,158,155,181,128,0.85,0.11,-238.8
trn_45171,0,6,821,84,90,101,86,0.81,0.1,-207.27
trn_45171,0,7,546,64,58,66,64,0.81,0.12,-127.08
trn_45171,0,8,276,35,37,28,29,0.83,0.13,-94.12
trn_45171,0,9,158,20,30,18,23,0.83,0.13,-35.28
trn_45171,0,10,55,2,5,2,4,0.38,0.04,-46.25
trn_45171,0,11,15,2,1,2,2,1.69,0.13,4.0
trn_45171,0,12,9,0,0,0,2,0.0,0.0,-9.0
trn_45171,0,14,9,0,2,2,0,0.0,0.0,-9.0
trn_45171,0,13,7,0,0,2,2,0.0,0.0,-7.0
trn_45171,0,15,4,0,0,1,0,0.0,0.0,-4.0
trn_259884,0,5,476,52,43,48,63,0.98,0.11,-171.91
trn_259884,0,6,475,62,67,61,60,0.88,0.13,-43.6
trn_259884,0,4,441,27,38,43,41,0.66,0.06,-63.3
trn_259884,0,3,368,26,32,30,33,0.89,0.07,-133.34
trn_259884,0,7,367,51,47,50,43,0.91,0.14,-30.98
trn_259884,0,8,221,22,37,24,23,0.78,0.1,-50.74
trn_259884,0,9,131,22,11,23,11,1.24,0.17,48.25
trn_259884,0,2,129,6,5,8,10,0.93,0.05,-38.75
trn_259884,0,10,61,7,6,15,4,1.0,0.11,-12.5
trn_259884,0,11,24,1,6,3,3,0.33,0.04,-7.0
trn_259884,0,12,2,0,1,0,0,0.0,0.0,-2.0
trn_361179,0,3,1157,134,150,141,152,0.78,0.12,-415.37
trn_361179,0,2,661,83,80,81,89,0.85,0.13,-35.15
trn_361179,0,4,467,69,49,61,57,1.03,0.15,-23.39
trn_361179,0,5,182,22,22,19,33,0.82,0.12,-48.56
trn_361179,0,7,36,2,4,3,3,0.43,0.06,-29.5
trn_361179,0,6,31,1,2,7,4,0.33,0.03,-25.0
trn_361179,0,8,3,0,0,2,0,0.0,0.0,-3.0
trn_343530,0,3,573,48,45,84,67,0.78,0.08,-123.03
trn_343530,0,2,512,71,49,58,57,1.1,0.14,-49.23
trn_343530,0,4,307,34,38,42,42,0.82,0.11,-79.54
trn_343530,0,5,219,30,31,25,33,0.88,0.14,-62.73
trn_343530,0,6,81,6,7,11,8,0.64,0.07,-8.0
trn_343530,0,7,27,1,3,2,4,0.39,0.04,-18.5
trn_343530,0,10,5,0,1,2,1,0.0,0.0,-5.0
trn_343530,0,8,4,0,0,1,1,0.0,0.0,-4.0
trn_343530,0,9,1,0,0,0,0,0.0,0.0,-1.0
trn_235593,0,3,845,66,67,73,81,0.88,0.08,-140.71
trn_235593,0,4,795,79,73,75,67,0.86,0.1,-263.16
trn_235593,0,5,617,69,53,51,52,0.94,0.11,-223.8
trn_235593,0,6,469,48,51,31,36,0.83,0.1,-81.1
trn_235593,0,7,361,33,31,23,35,0.85,0.09,-125.83
trn_235593,0,2,331,19,27,32,31,0.77,0.06,-205.78
trn_235593,0,8,181,20,18,25,12,0.86,0.11,-47.24
trn_235593,0,9,117,15,8,5,7,0.92,0.13,-6.42
trn_235593,0,10,60,9,9,7,9,0.71,0.15,-25.32
trn_235593,0,12,7,1,0,0,1,2.02,0.14,4.0
trn_235593,0,13,5,1,0,0,0,3.08,0.2,4.0
trn_235593,0,11,5,0,1,0,0,0.0,0.0,-5.0
trn_235593,0,14,1,0,0,0,0,0.0,0.0,-1.0
trn_184059,0,6,1624,237,229,190,169,0.91,0.15,-325.44
trn_184059,0,5,1427,203,140,158,128,1.01,0.14,-109.93
trn_184059,0,7,1401,217,206,140,168,0.93,0.15,-260.38
trn_184059,0,8,870,110,111,119,99,0.83,0.13,-137.95
trn_184059,0,4,829,77,67,54,89,0.9,0.09,-313.91
trn_184059,0,9,514,64,70,59,59,0.91,0.12,-85.82
trn_184059,0,3,272,18,16,20,26,0.69,0.07,-172.89
trn_184059,0,10,214,27,25,35,23,0.82,0.13,-53.7
trn_184059,0,11,101,6,4,9,16,0.59,0.06,-37.0
trn_184059,0,2,39,1,0,0,0,0.73,0.03,-32.5
trn_184059,0,12,30,5,0,7,4,1.96,0.17,20.33
trn_184059,0,13,6,1,2,0,0,1.45,0.17,-2.5
trn_285282,0,3,838,75,82,72,87,0.85,0.09,-152.71
trn_285282,0,4,644,81,79,72,67,0.97,0.13,-26.9
trn_285282,0,2,624,51,66,69,63,0.79,0.08,-199.06
trn_285282,0,5,345,43,35,28,35,1.1,0.12,-33.92
trn_285282,0,6,204,16,19,23,18,0.76,0.08,-52.67
trn_285282,0,7,108,11,18,11,12,0.79,0.1,9.25
trn_285282,0,8,66,4,9,7,5,0.58,0.06,-22.17
trn_285282,0,9,64,8,9,13,6,0.92,0.12,-13.54
trn_285282,0,10,43,4,7,5,5,0.87,0.09,-4.5
trn_285282,0,11,22,2,1,4,2,0.89,0.09,-1.75
trn_285282,0,12,11,1,0,2,1,0.82,0.09,-4.0
trn_369216,0,3,136,26,18,16,23,0.88,0.19,-24.01
trn_369216,0,4,64,6,9,9,6,0.6,0.09,-39.88
trn_369216,0,2,54,3,6,3,7,0.53,0.06,-43.75
trn_369216,0,5,7,2,2,1,0,1.47,0.29,-0.05
trn_369216,0,9,3,0,1,1,0,0.0,0.0,-3.0
trn_264699,0,3,690,78,70,63,87,0.91,0.11,-270.1
trn_264699,0,4,306,48,35,34,26,1.12,0.16,11.22
trn_264699,0,2,260,29,18,28,24,1.17,0.11,32.73
trn_264699,0,5,127,20,17,11,20,1.22,0.16,28.52
trn_264699,0,6,55,5,6,1,3,0.76,0.09,-20.25
trn_264699,0,7,24,3,1,0,0,1.49,0.12,2.75
trn_264699,0,8,4,0,0,0,0,0.0,0.0,-4.0
trn_132597,0,5,574,26,42,56,54,0.6,0.05,-353.68
trn_132597,0,4,499,20,23,47,39,0.62,0.04,-192.0
trn_132597,0,6,416,31,34,30,41,0.88,0.07,-137.18
trn_132597,0,7,358,21,31,39,32,0.69,0.06,-123.26
trn_132597,0,8,321,22,42,26,45,0.74,0.07,-74.42
trn_132597,0,9,247,7,20,30,27,0.36,0.03,-120.0
trn_132597,0,3,228,8,12,11,12,0.84,0.04,-89.88
trn_132597,0,10,144,15,21,15,13,1.11,0.1,3.83
trn_132597,0,11,44,0,6,7,3,0.0,0.0,-44.0
trn_132597,0,2,43,0,1,6,2,0.0,0.0,-43.0
trn_132597,0,13,16,0,1,2,1,0.0,0.0,-16.0
trn_132597,0,12,11,0,0,2,0,0.0,0.0,-11.0
trn_190674,0,4,162,4,9,8,16,0.48,0.02,-115.75
trn_190674,0,5,161,11,11,10,16,0.99,0.07,-14.25
trn_190674,0,7,153,11,17,22,19,0.85,0.07,-3.67
trn_190674,0,6,141,7,8,16,11,0.62,0.05,-100.62
trn_190674,0,3,112,2,8,13,10,0.29,0.02,-93.0
trn_190674,0,8,85,7,8,8,9,0.87,0.08,-9.55
trn_190674,0,9,76,5,2,5,8,0.87,0.07,-44.5
trn_190674,0,10,44,2,8,4,5,0.42,0.05,-30.0
trn_190674,0,12,29,3,4,6,1,1.31,0.1,3.0
trn_190674,0,11,26,1,5,6,0,0.4,0.04,-21.5
trn_190674,0,2,13,0,0,1,0,0.0,0.0,-13.0
trn_190674,0,13,10,0,0,0,1,0.0,0.0,-10.0
trn_190674,0,15,6,0,0,0,2,0.0,0.0,-6.0
trn_190674,0,14,5,1,0,0,0,5.92,0.2,62.0
trn_348363,0,4,68,8,11,3,7,1.03,0.12,-4.54
trn_348363,0,3,48,1,3,4,2,0.41,0.02,-43.5
trn_348363,0,5,40,2,4,8,4,0.36,0.05,-11.0
trn_348363,0,6,20,3,2,3,0,1.05,0.15,-0.87
trn_348363,0,2,11,0,1,0,0,0.0,0.0,-11.0
trn_348363,0,7,10,3,1,0,2,1.35,0.3,4.13
trn_348363,0,11,3,0,0,1,0,0.0,0.0,-3.0
trn_348363,0,10,2,0,0,1,0,0.0,0.0,-2.0
trn_256599,0,5,735,62,82,95,85,0.72,0.08,-276.7
trn_256599,0,6,731,92,80,80,83,0.97,0.13,-72.17
trn_256599,0,4,631,63,69,68,57,0.86,0.1,-117.18
trn_256599,0,7,516,78,70,75,53,0.99,0.15,-68.85
trn_256599,0,3,360,33,20,35,42,0.96,0.09,-71.59
trn_256599,0,8,329,42,38,52,35,0.87,0.13,-105.96
trn_256599,0,9,232,31,24,32,31,1.05,0.13,11.95
trn_256599,0,2,133,6,11,15,10,0.62,0.05,-65.8
trn_256599,0,10,97,13,12,9,22,1.06,0.13,-21.87
trn_256599,0,11,64,6,7,7,8,0.98,0.09,2.0
trn_256599,0,12,22,2,2,2,1,1.08,0.09,5.5
trn_256599,0,13,2,0,0,0,1,0.0,0.0,-2.0
trn_348426,0,6,210,14,21,18,25,0.75,0.07,-19.59
trn_348426,0,5,194,18,20,20,27,0.97,0.09,-9.87
trn_348426,0,4,121,11,11,9,7,1.15,0.09,-22.42
trn_348426,0,7,119,10,16,8,14,0.74,0.08,-51.88
trn_348426,0,3,94,1,5,2,4,0.24,0.01,-85.5
trn_348426,0,8,80,9,7,9,14,1.31,0.11,91.0
trn_348426,0,9,45,2,0,6,5,0.63,0.04,-2.0
trn_348426,0,10,28,2,1,3,5,0.81,0.07,-7.0
trn_348426,0,11,17,1,0,3,4,0.78,0.06,-8.0
trn_348426,0,2,11,0,0,0,3,0.0,0.0,-11.0
trn_40950,0,3,2818,256,258,275,298,0.86,0.09,-857.94
trn_40950,0,2,2045,178,201,198,204,0.88,0.09,-582.74
trn_40950,0,4,1549,154,173,158,139,0.88,0.1,-319.51
trn_40950,0,5,1061,109,103,131,113,0.91,0.1,-227.35
trn_40950,0,6,754,75,89,85,79,0.85,0.1,-178.0
trn_40950,0,7,483,53,58,48,60,0.86,0.11,-143.59
trn_40950,0,8,347,41,41,31,32,1.08,0.12,33.67
trn_40950,0,9,215,14,26,25,24,0.64,0.07,-100.05
trn_40950,0,10,97,9,8,14,13,0.84,0.09,-30.75
trn_40950,0,11,29,2,4,2,9,0.7,0.07,5.0
trn_40950,0,-16,3,0,0,0,0,0.0,0.0,-3.0
trn_40950,0,13,1,0,0,0,0,0.0,0.0,-1.0
trn_147654,0,4,1137,87,90,103,128,0.85,0.08,-314.56
trn_147654,0,3,963,54,66,79,85,0.77,0.06,-335.5
trn_147654,0,5,773,66,64,74,101,0.86,0.09,-189.46
trn_147654,0,6,525,41,48,58,52,0.82,0.08,-147.55
trn_147654,0,7,498,37,46,65,54,0.75,0.07,-228.61
trn_147654,0,2,357,4,18,15,41,0.3,0.01,-270.0
trn_147654,0,8,321,20,24,36,34,0.7,0.06,-126.51
trn_147654,0,9,199,12,17,17,33,0.7,0.06,-99.25
trn_147654,0,10,91,3,8,4,11,0.54,0.03,-60.5
trn_147654,0,11,55,3,2,3,5,0.92,0.05,-19.5
trn_147654,0,12,17,1,1,0,0,0.98,0.06,9.0
trn_147654,0,13,3,0,0,0,0,0.0,0.0,-3.0
trn_226845,0,5,329,20,25,28,32,0.75,0.06,-100.13
trn_226845,0,4,323,24,19,29,33,0.93,0.07,-114.05
trn_226845,0,6,288,23,23,24,30,0.74,0.08,-42.47
trn_226845,0,3,231,9,21,27,22,0.6,0.04,-160.17
trn_226845,0,7,185,8,11,12,22,0.52,0.04,-141.75
trn_226845,0,9,146,12,17,15,15,0.88,0.08,-45.51
trn_226845,0,8,99,10,7,11,14,1.09,0.1,8.58
trn_226845,0,10,59,4,3,6,11,0.65,0.07,-27.75
trn_226845,0,2,38,0,2,3,2,0.0,0.0,-38.0
trn_226845,0,11,22,1,1,1,5,0.53,0.05,-7.0
trn_226845,0,14,11,1,5,0,3,0.69,0.09,0.0
trn_226845,0,12,9,3,2,0,0,2.79,0.33,36.0
trn_226845,0,13,7,0,1,0,0,0.0,0.0,-7.0
trn_226845,0,15,4,1,0,1,0,2.45,0.25,4.0
trn_226845,0,16,1,0,0,0,0,0.0,0.0,-1.0
trn_254385,0,4,267,31,22,25,29,1.11,0.12,10.49
trn_254385,0,7,215,15,24,25,28,0.67,0.07,-97.99
trn_254385,0,5,201,18,22,26,22,0.87,0.09,-22.88
trn_254385,0,6,183,19,18,24,17,1.09,0.1,-4.79
trn_254385,0,8,138,6,26,22,22,0.38,0.04,-104.25
trn_254385,0,3,119,10,11,12,12,0.94,0.08,-10.62
trn_254385,0,9,90,5,15,14,7,0.55,0.06,53.5
trn_254385,0,10,30,1,1,2,2,0.46,0.03,-21.5
trn_254385,0,11,20,0,1,2,4,0.0,0.0,-20.0
trn_254385,0,2,11,0,0,0,0,0.0,0.0,-11.0
trn_254385,0,12,6,0,1,0,0,0.0,0.0,-6.0
trn_372564,0,5,153,14,24,20,18,0.58,0.09,-80.29
trn_372564,0,4,148,21,17,12,18,0.97,0.14,20.32
trn_372564,0,6,121,14,17,16,12,0.84,0.12,-16.43
trn_372564,0,7,92,10,7,14,9,0.85,0.11,34.33
trn_372564,0,3,83,10,12,7,7,0.77,0.12,17.58
trn_372564,0,2,32,1,2,4,4,0.46,0.03,-25.5
trn_372564,0,8,20,4,1,5,1,1.85,0.2,9.88
trn_372564,0,9,17,3,1,5,1,1.51,0.18,-0.75
trn_372564,0,11,6,0,0,0,1,0.0,0.0,-6.0
trn_372564,0,10,6,0,0,1,0,0.0,0.0,-6.0
trn_244530,0,5,650,136,114,77,63,0.94,0.21,-121.1
trn_244530,0,6,568,125,94,76,53,0.96,0.22,-71.31
trn_244530,0,7,431,104,57,40,44,1.07,0.24,14.64
trn_244530,0,8,286,45,44,36,22,0.82,0.16,-98.86
trn_244530,0,4,259,48,36,45,37,0.85,0.19,-21.53
trn_244530,0,9,165,24,22,19,15,0.88,0.15,-33.78
trn_244530,0,10,65,9,6,6,7,1.04,0.14,-2.62
trn_244530,0,11,35,7,4,3,5,1.61,0.2,19.63
trn_244530,0,3,29,4,7,4,2,0.47,0.14,-11.73
trn_244530,0,12,23,1,1,4,3,0.45,0.04,-10.0
trn_244530,0,13,10,1,1,1,1,0.88,0.1,-6.25
trn_244530,0,2,2,0,0,0,0,0.0,0.0,-2.0
trn_80190,0,5,1031,140,103,88,71,0.89,0.14,-354.53
trn_80190,0,6,848,122,84,64,62,0.86,0.14,-267.35
trn_80190,0,7,696,103,68,73,55,0.9,0.15,-162.94
trn_80190,0,4,676,58,71,60,63,0.58,0.09,-367.46
trn_80190,0,8,342,48,35,26,31,0.95,0.14,-86.6
trn_80190,0,9,235,21,18,18,18,0.72,0.09,-101.8
trn_80190,0,10,99,6,9,7,9,0.5,0.06,-67.0
trn_80190,0,3,36,4,2,2,0,1.36,0.11,-6.75
trn_80190,0,11,32,4,4,3,3,1.22,0.12,-4.5
trn_80190,0,12,4,0,0,0,0,0.0,0.0,-4.0
trn_224838,0,5,168,24,18,22,21,0.82,0.14,-45.49
trn_224838,0,4,144,32,22,20,13,1.12,0.22,-18.95
trn_224838,0,6,129,11,23,8,19,0.54,0.09,-63.92
trn_224838,0,7,90,11,11,10,15,0.86,0.12,-24.48
trn_224838,0,3,53,12,13,6,4,1.24,0.23,35.17
trn_224838,0,8,50,7,5,7,6,1.04,0.14,21.88
trn_224838,0,10,35,5,2,5,4,1.2,0.14,-0.47
trn_224838,0,9,32,0,5,4,3,0.0,0.0,-32.0
trn_224838,0,11,10,1,2,2,1,0.94,0.1,-0.5
trn_224838,0,12,5,0,1,0,0,0.0,0.0,-5.0
trn_224838,0,13,2,0,0,0,0,0.0,0.0,-2.0
trn_36486,0,4,557,6,16,32,38,0.28,0.01,-498.0
trn_36486,0,5,484,9,22,32,36,0.36,0.02,-414.0
trn_36486,0,6,416,17,22,30,35,0.73,0.04,-222.2
trn_36486,0,7,363,23,27,33,44,0.87,0.06,36.5
trn_36486,0,8,296,21,19,31,34,0.78,0.07,-135.12
trn_36486,0,3,295,5,7,12,16,0.51,0.02,-114.0
trn_36486,0,9,201,9,11,26,27,0.54,0.04,-112.0
trn_36486,0,2,176,3,3,9,12,0.4,0.02,-130.0
trn_36486,0,10,150,8,10,12,18,0.75,0.05,-36.5
trn_36486,0,11,92,5,5,7,16,0.8,0.05,-37.5
trn_36486,0,12,35,1,2,1,4,0.53,0.03,-23.0
trn_330048,0,3,470,67,70,66,55,0.84,0.14,-97.83
trn_330048,0,2,267,35,31,28,35,1.0,0.13,-56.88
trn_330048,0,4,148,27,25,14,11,0.86,0.18,-31.29
trn_330048,0,5,50,5,6,6,8,0.69,0.1,-5.5
trn_330048,0,6,17,1,2,4,1,0.66,0.06,-10.0
trn_330048,0,7,4,0,1,0,0,0.0,0.0,-4.0
trn_330048,0,8,3,0,0,0,0,0.0,0.0,-3.0
trn_108513,0,3,1727,180,201,198,185,0.81,0.1,-450.38
trn_108513,0,4,1287,125,148,119,135,0.82,0.1,-251.26
trn_108513,0,2,980,79,102,114,104,0.74,0.08,-420.24
trn_108513,0,5,850,100,88,107,85,0.92,0.12,-135.02
trn_108513,0,6,460,47,42,37,57,0.94,0.1,-90.34
trn_108513,0,7,253,25,26,27,21,0.86,0.1,-80.45
trn_108513,0,8,168,19,21,22,16,1.01,0.11,0.15
trn_108513,0,9,86,3,9,9,9,0.34,0.03,-27.38
trn_108513,0,10,43,5,3,4,6,1.21,0.12,17.5
trn_108513,0,11,15,1,1,2,1,0.79,0.07,6.0
trn_108513,0,12,6,0,1,0,1,0.0,0.0,-6.0
trn_278469,0,4,653,60,66,64,73,0.91,0.09,-169.64
trn_278469,0,5,529,50,62,66,77,0.79,0.09,-153.47
trn_278469,0,3,390,23,34,37,33,0.74,0.06,-155.13
trn_278469,0,6,375,22,40,49,40,0.55,0.06,-224.67
trn_278469,0,7,278,22,35,33,33,0.79,0.08,-77.38
trn_278469,0,8,176,15,11,22,27,0.92,0.09,-56.67
trn_278469,0,9,124,8,15,16,17,0.62,0.06,-47.0
trn_278469,0,2,111,3,4,4,9,0.56,0.03,-91.5
trn_278469,0,10,59,4,8,6,8,0.71,0.07,-22.75
trn_278469,0,11,4,0,0,0,1,0.0,0.0,-4.0
trn_342657,0,3,431,89,62,52,44,1.04,0.21,-40.69
trn_342657,0,2,222,23,40,30,25,0.62,0.1,-104.62
trn_342657,0,4,164,17,31,17,22,0.58,0.1,-85.47
trn_342657,0,5,54,13,14,6,7,1.31,0.24,25.0
trn_342657,0,7,16,2,2,0,5,1.37,0.12,8.5
trn_342657,0,6,15,2,2,2,2,0.84,0.13,2.2
trn_342657,0,9,7,3,0,1,1,1.76,0.43,5.85
trn_342657,0,10,2,0,0,0,1,0.0,0.0,-2.0
trn_342657,0,8,1,0,0,0,0,0.0,0.0,-1.0
trn_343899,0,2,229,13,18,19,15,0.65,0.06,-169.02
trn_343899,0,3,213,22,22,23,27,0.84,0.1,-66.79
trn_343899,0,4,149,17,8,12,16,1.06,0.11,2.66
trn_343899,0,5,89,12,11,15,8,0.84,0.13,-31.58
trn_343899,0,6,70,9,6,11,6,0.86,0.13,-26.83
trn_343899,0,7,31,3,2,1,3,0.84,0.1,-8.88
trn_343899,0,8,23,3,2,3,5,0.83,0.13,-10.59
trn_343899,0,9,3,1,0,0,0,5.03,0.33,23.0
trn_355860,0,5,171,20,16,13,17,1.18,0.12,-12.86
trn_355860,0,6,107,4,8,10,8,0.41,0.04,-76.5
trn_355860,0,8,76,5,9,10,7,0.57,0.07,-50.32
trn_355860,0,4,67,2,1,8,4,0.54,0.03,-47.0
trn_355860,0,7,54,5,8,4,3,0.99,0.09,-3.0
trn_355860,0,9,46,4,3,8,5,0.83,0.09,7.83
trn_355860,0,3,18,1,0,1,2,1.24,0.06,-6.0
trn_355860,0,10,16,1,1,1,2,0.57,0.06,-10.5
trn_355860,0,2,6,0,0,0,0,0.0,0.0,-6.0
trn_355860,0,11,1,0,0,0,0,0.0,0.0,-1.0
trn_129015,0,3,1162,107,106,129,107,0.87,0.09,-324.11
trn_129015,0,4,801,82,98,94,79,0.9,0.1,-115.83
trn_129015,0,2,634,37,56,61,61,0.76,0.06,-260.17
trn_129015,0,5,561,64,77,53,59,0.88,0.11,-152.68
trn_129015,0,6,402,36,35,46,26,0.75,0.09,-115.13
trn_129015,0,7,225,20,28,28,22,0.76,0.09,-91.68
trn_129015,0,8,99,7,7,11,10,0.72,0.07,-46.5
trn_129015,0,9,60,2,5,9,6,0.37,0.03,-50.0
trn_129015,0,10,12,1,0,2,1,0.95,0.08,-5.5
trn_129015,0,12,5,0,1,0,1,0.0,0.0,-5.0
trn_129015,0,11,3,0,0,0,0,0.0,0.0,-3.0
trn_129015,0,13,3,0,1,0,0,0.0,0.0,-3.0
trn_278739,0,5,270,40,34,30,23,0.74,0.15,-132.02
trn_278739,0,4,205,24,26,20,25,0.73,0.12,-74.08
trn_278739,0,6,191,49,30,20,15,0.96,0.26,14.23
trn_278739,0,7,122,19,18,7,9,0.84,0.16,-1.11
trn_278739,0,3,97,10,11,7,6,0.79,0.1,-39.53
trn_278739,0,2,71,2,3,11,6,0.32,0.03,-50.0
trn_278739,0,8,47,6,5,7,6,0.69,0.13,7.0
trn_278739,0,9,32,5,4,1,1,0.83,0.16,-17.17
trn_278739,0,10,7,1,0,1,1,1.29,0.14,8.0
trn_278739,0,11,2,0,0,1,0,0.0,0.0,-2.0
trn_74304,0,6,682,51,59,73,84,0.78,0.07,-278.84
trn_74304,0,5,671,40,54,82,72,0.74,0.06,-289.23
trn_74304,0,7,553,32,42,46,62,0.66,0.06,-308.05
trn_74304,0,8,439,33,44,42,49,0.83,0.08,-119.19
trn_74304,0,9,324,23,24,36,38,0.84,0.07,-106.54
trn_74304,0,10,187,15,16,15,14,1.07,0.08,-40.17
trn_74304,0,4,184,7,12,8,13,0.65,0.04,-122.0
trn_74304,0,11,77,3,9,4,5,0.56,0.04,-31.25
trn_74304,0,12,20,1,1,1,0,0.61,0.05,1.0
trn_74304,0,13,16,0,2,0,0,0.0,0.0,-16.0
trn_74304,0,3,14,0,0,1,1,0.0,0.0,-14.0
trn_125874,0,6,1432,287,223,209,182,0.99,0.2,-27.8
trn_125874,0,5,1178,185,198,158,135,0.89,0.16,-187.29
trn_125874,0,7,1085,175,180,152,124,0.82,0.16,-235.71
trn_125874,0,8,742,121,104,96,82,0.91,0.16,-14.14
trn_125874,0,4,522,68,64,68,60,0.84,0.13,-78.94
trn_125874,0,9,468,54,57,54,50,0.8,0.12,-110.18
trn_125874,0,10,196,26,28,22,21,0.94,0.13,-11.39
trn_125874,0,3,102,10,22,16,12,0.54,0.1,-66.67
trn_125874,0,11,85,7,8,6,12,0.63,0.08,-31.37
trn_125874,0,12,47,4,8,4,7,0.75,0.09,-12.17
trn_125874,0,13,27,6,5,2,5,1.57,0.22,10.0
trn_125874,0,14,11,4,0,0,2,2.16,0.36,8.83
trn_365184,0,6,70,14,13,10,8,1.18,0.2,23.01
trn_365184,0,5,49,10,8,9,5,1.35,0.2,-2.34
trn_365184,0,8,45,5,4,7,6,0.9,0.11,-20.12
trn_365184,0,7,31,7,4,3,3,1.33,0.23,11.53
trn_365184,0,9,18,3,3,0,2,1.53,0.17,9.83
trn_365184,0,10,15,0,1,1,2,0.0,0.0,-15.0
trn_365184,0,4,8,0,1,1,1,0.0,0.0,-8.0
trn_365184,0,11,3,0,0,0,0,0.0,0.0,-3.0
trn_264870,0,4,96,4,7,9,7,0.81,0.04,-68.5
trn_264870,0,6,57,3,0,1,3,0.99,0.05,-44.67
trn_264870,0,5,46,5,2,3,3,1.28,0.11,-21.5
trn_264870,0,7,42,7,6,4,3,1.26,0.17,9.0
trn_264870,0,8,42,12,4,3,4,1.57,0.29,13.25
trn_264870,0,9,26,2,3,2,4,0.6,0.08,-10.5
trn_264870,0,10,25,3,1,2,0,1.27,0.12,-7.5
trn_264870,0,11,6,0,0,1,0,0.0,0.0,-6.0
trn_264870,0,3,1,0,0,0,0,0.0,0.0,-1.0
trn_39735,0,5,1321,151,147,131,128,0.8,0.11,-502.66
trn_39735,0,6,1259,179,161,144,117,0.88,0.14,-314.38
trn_39735,0,7,828,139,122,86,72,0.92,0.17,-130.07
trn_39735,0,4,732,91,80,66,75,0.92,0.12,-50.1
trn_39735,0,8,526,78,55,58,61,0.91,0.15,-94.21
trn_39735,0,9,290,33,49,25,20,0.72,0.11,-108.81
trn_39735,0,10,143,23,15,17,16,1.07,0.16,-18.88
trn_39735,0,3,85,10,13,5,6,0.92,0.12,-31.2
trn_39735,0,11,60,14,5,9,2,1.25,0.23,5.44
trn_39735,0,12,34,2,7,4,2,0.42,0.06,-23.8
trn_39735,0,2,18,0,4,3,4,0.0,0.0,-18.0
trn_39735,0,13,17,2,0,2,1,1.56,0.12,2.0
trn_338715,0,6,101,22,16,15,10,1.16,0.22,3.52
trn_338715,0,5,83,14,6,16,3,1.06,0.17,-0.39
trn_338715,0,7,76,12,13,7,10,0.74,0.16,-6.86
trn_338715,0,8,48,9,2,8,7,1.33,0.19,1.33
trn_338715,0,4,40,2,4,1,1,0.59,0.05,-29.5
trn_338715,0,9,24,3,4,1,1,0.86,0.12,7.5
trn_338715,0,10,18,2,1,3,0,0.85,0.11,-6.27
trn_338715,0,3,7,0,0,0,0,0.0,0.0,-7.0
trn_338715,0,11,4,0,0,0,0,0.0,0.0,-4.0
trn_338715,0,2,3,0,0,0,0,0.0,0.0,-3.0
trn_339804,0,7,65,6,13,7,7,0.76,0.09,-23.25
trn_339804,0,8,61,10,8,10,6,1.36,0.16,15.95
trn_339804,0,6,51,5,3,6,2,1.2,0.1,-22.72
trn_339804,0,9,32,5,5,3,2,1.16,0.16,0.83
trn_339804,0,5,25,1,3,2,7,0.44,0.04,-23.27
trn_339804,0,12,11,0,0,3,1,0.0,0.0,-11.0
trn_339804,0,4,7,0,0,0,0,0.0,0.0,-7.0
trn_339804,0,10,4,0,0,0,1,0.0,0.0,-4.0
trn_339804,0,11,4,0,0,0,1,0.0,0.0,-4.0
trn_339804,0,13,3,0,0,0,2,0.0,0.0,-3.0
trn_221364,0,7,65,9,4,6,2,1.42,0.14,30.5
trn_221364,0,6,65,3,7,6,9,0.49,0.05,-45.25
trn_221364,0,9,61,7,8,6,8,0.95,0.11,-14.6
trn_221364,0,8,54,6,7,4,1,1.11,0.11,-24.0
trn_221364,0,5,49,2,3,3,3,0.76,0.04,-39.75
trn_221364,0,10,43,7,2,4,5,1.75,0.16,10.26
trn_221364,0,11,25,1,4,4,1,0.33,0.04,-21.25
trn_221364,0,12,18,2,2,0,4,1.14,0.11,-3.5
trn_221364,0,13,5,0,0,0,0,0.0,0.0,-5.0
trn_221364,0,4,3,0,0,2,0,0.0,0.0,-3.0
trn_221364,0,3,1,0,0,0,0,0.0,0.0,-1.0
trn_221364,0,15,1,0,0,0,0,0.0,0.0,-1.0
trn_51606,0,6,803,63,64,78,82,0.82,0.08,-317.33
trn_51606,0,7,710,64,77,79,84,0.75,0.09,-256.8
trn_51606,0,8,624,66,61,80,61,0.9,0.11,-128.7
trn_51606,0,5,553,48,44,61,53,0.91,0.09,-23.16
trn_51606,0,9,388,32,38,40,49,0.75,0.08,-127.34
trn_51606,0,4,322,15,18,22,28,0.6,0.05,-220.88
trn_51606,0,10,249,12,34,31,26,0.43,0.05,-151.0
trn_51606,0,11,109,10,13,11,13,0.74,0.09,-48.25
trn_51606,0,3,105,1,3,3,9,0.2,0.01,-98.5
trn_51606,0,12,31,3,5,4,4,0.88,0.1,-12.75
trn_51606,0,2,15,0,0,0,1,0.0,0.0,-15.0
trn_51606,0,13,12,1,0,1,0,1.24,0.08,1.0
trn_51606,0,14,1,0,0,0,0,0.0,0.0,-1.0
trn_241182,0,6,110,11,15,8,7,0.85,0.1,-48.51
trn_241182,0,8,108,19,12,17,6,1.31,0.18,53.51
trn_241182,0,7,105,6,16,11,7,0.48,0.06,-70.88
trn_241182,0,5,98,4,5,4,5,0.76,0.04,-43.25
trn_241182,0,9,90,9,11,8,12,0.89,0.1,-25.88
trn_241182,0,10,48,6,8,4,4,1.21,0.12,-6.75
trn_241182,0,4,37,1,0,0,4,0.68,0.03,-27.0
trn_241182,0,11,22,0,0,1,2,0.0,0.0,-22.0
trn_241182,0,12,18,0,0,4,2,0.0,0.0,-18.0
trn_241182,0,3,17,0,0,1,0,0.0,0.0,-17.0
trn_241182,0,2,4,0,0,0,0,0.0,0.0,-4.0
trn_241182,0,13,3,0,1,1,0,0.0,0.0,-3.0
trn_159660,0,6,1575,231,231,188,152,0.83,0.15,-440.33
trn_159660,0,5,1411,163,159,170,154,0.83,0.12,-470.65
trn_159660,0,7,1201,148,169,141,143,0.79,0.12,-308.65
trn_159660,0,8,857,107,105,97,89,0.82,0.12,-231.19
trn_159660,0,4,802,82,81,71,90,0.8,0.1,-254.73
trn_159660,0,9,573,67,73,75,57,0.77,0.12,-137.77
trn_159660,0,10,258,35,35,27,35,0.93,0.14,-76.14
trn_159660,0,3,205,28,20,24,22,0.93,0.14,-58.23
trn_159660,0,11,67,9,7,7,7,0.92,0.13,-23.15
trn_159660,0,12,23,1,0,3,2,0.3,0.04,-20.75
trn_159660,0,2,9,0,1,1,0,0.0,0.0,-9.0
trn_159660,0,13,7,0,0,2,1,0.0,0.0,-7.0
trn_159660,0,15,2,0,0,1,0,0.0,0.0,-2.0
trn_159660,0,14,2,0,0,0,1,0.0,0.0,-2.0
trn_142542,0,6,36,12,5,5,2,1.47,0.33,19.94
trn_142542,0,4,28,1,3,2,6,0.36,0.04,-26.17
trn_142542,0,7,26,5,3,5,1,0.93,0.19,-6.51
trn_142542,0,5,25,0,5,3,2,0.0,0.0,-25.0
trn_142542,0,9,18,3,5,3,4,0.8,0.17,-6.62
trn_142542,0,8,17,3,3,2,2,0.89,0.18,29.25
trn_142542,0,11,7,0,1,1,2,0.0,0.0,-7.0
trn_142542,0,10,7,0,1,0,2,0.0,0.0,-7.0
trn_142542,0,3,7,0,2,3,1,0.0,0.0,-7.0
trn_142542,0,12,5,1,1,1,0,1.56,0.2,-1.5
trn_142542,0,13,1,0,0,0,0,0.0,0.0,-1.0
trn_28512,0,6,197,16,11,17,14,0.98,0.08,-56.29
trn_28512,0,5,196,8,12,11,18,0.58,0.04,-150.25
trn_28512,0,7,148,13,11,19,13,0.84,0.09,-66.37
trn_28512,0,4,118,3,3,6,4,0.54,0.03,15.0
trn_28512,0,8,81,6,8,5,9,0.71,0.07,-52.93
trn_28512,0,9,49,5,4,5,5,1.03,0.1,-27.0
trn_28512,0,10,41,3,3,6,5,0.88,0.07,-13.0
trn_28512,0,11,38,2,1,4,5,0.84,0.05,16.4
trn_28512,0,12,23,1,2,1,2,0.57,0.04,-17.8
trn_28512,0,3,22,0,0,3,0,0.0,0.0,-22.0
trn_28512,0,13,10,0,0,3,3,0.0,0.0,-10.0
trn_28512,0,2,3,0,0,0,0,0.0,0.0,-3.0
trn_140778,0,6,653,80,102,78,63,0.86,0.12,-151.17
trn_140778,0,5,635,68,72,65,56,0.93,0.11,-109.36
trn_140778,0,7,571,71,60,70,59,0.85,0.12,-100.64
trn_140778,0,8,401,47,52,56,46,0.87,0.12,-58.82
trn_140778,0,4,365,28,31,40,46,0.79,0.08,-164.42
trn_140778,0,9,280,30,29,39,25,0.89,0.11,-72.99
trn_140778,0,10,166,21,16,15,14,1.16,0.13,-4.72
trn_140778,0,11,102,7,16,8,10,0.71,0.07,-57.3
trn_140778,0,3,76,9,6,11,7,1.06,0.12,-17.5
trn_140778,0,12,43,8,6,6,4,1.43,0.19,4.53
trn_140778,0,13,29,3,3,2,3,0.89,0.1,-1.75
trn_140778,0,2,17,0,1,1,0,0.0,0.0,-17.0
trn_140778,0,14,10,1,0,1,0,1.91,0.1,3.0
trn_35019,0,5,1556,128,134,139,126,0.7,0.08,-783.49
trn_35019,0,6,1241,139,115,127,109,0.84,0.11,-278.82
trn_35019,0,7,646,84,61,56,55,0.97,0.13,-11.38
trn_35019,0,4,568,40,37,52,42,0.67,0.07,-335.15
trn_35019,0,8,478,53,53,63,42,0.86,0.11,-105.11
trn_35019,0,9,319,23,26,32,38,0.67,0.07,-95.38
trn_35019,0,10,159,9,17,14,14,0.56,0.06,-82.62
trn_35019,0,11,64,5,3,9,4,0.94,0.08,-14.0
trn_35019,0,3,28,3,2,2,3,0.86,0.11,-17.5
trn_35019,0,12,21,0,0,3,1,0.0,0.0,-21.0
trn_35019,0,15,1,0,0,0,0,0.0,0.0,-1.0
trn_35019,0,2,1,0,0,0,0,0.0,0.0,-1.0
trn_35019,0,,1,0,0,0,0,0.0,0.0,-1.0
trn_282942,0,5,204,28,34,26,16,0.78,0.14,-17.54
trn_282942,0,6,155,32,20,22,21,1.12,0.21,-16.66
trn_282942,0,7,133,19,26,18,17,0.88,0.14,-38.22
trn_282942,0,4,95,9,12,15,13,0.69,0.09,-48.47
trn_282942,0,8,89,20,8,11,6,1.39,0.22,40.81
trn_282942,0,9,36,7,8,5,2,1.07,0.19,-6.55
trn_282942,0,10,33,4,5,6,7,0.84,0.12,-10.09
trn_282942,0,11,11,1,1,3,0,1.25,0.09,15.0
trn_282942,0,3,4,0,0,1,0,0.0,0.0,-4.0
trn_282942,0,12,3,0,1,0,0,0.0,0.0,-3.0
trn_231435,0,5,468,41,52,52,57,0.79,0.09,-167.86
trn_231435,0,6,337,32,46,46,43,0.7,0.09,-135.12
trn_231435,0,4,278,26,36,18,32,0.97,0.09,3.0
trn_231435,0,7,221,29,26,27,18,0.93,0.13,-4.33
trn_231435,0,8,152,22,26,16,17,0.97,0.14,-23.92
trn_231435,0,9,81,9,10,13,11,0.94,0.11,27.86
trn_231435,0,10,64,3,5,10,12,0.41,0.05,-55.25
trn_231435,0,3,42,2,3,4,3,0.45,0.05,-13.38
trn_231435,0,11,37,2,2,3,10,0.61,0.05,-28.0
trn_231435,0,12,15,0,2,1,1,0.0,0.0,-15.0
trn_231435,0,13,6,1,0,0,0,2.42,0.17,1.5
trn_231435,0,2,1,0,0,0,0,0.0,0.0,-1.0
trn_354006,0,5,34,1,7,1,7,0.23,0.03,-23.0
trn_354006,0,8,32,4,5,5,7,1.03,0.12,0.83
trn_354006,0,7,31,2,3,8,2,0.51,0.06,22.2
trn_354006,0,6,24,5,3,1,2,1.07,0.21,-1.17
trn_354006,0,4,13,0,0,2,1,0.0,0.0,-13.0
trn_354006,0,9,12,1,0,0,2,0.76,0.08,-6.5
trn_354006,0,11,3,1,2,0,0,0.93,0.33,-0.62
trn_354006,0,3,3,1,1,1,0,1.17,0.33,-1.27
trn_354006,0,10,2,0,0,0,1,0.0,0.0,-2.0
trn_125883,0,6,684,74,79,93,72,0.93,0.11,-95.81
trn_125883,0,5,648,48,48,69,68,0.76,0.07,-207.74
trn_125883,0,7,519,51,71,69,64,0.71,0.1,-171.92
trn_125883,0,4,488,30,47,52,35,0.75,0.06,-197.92
trn_125883,0,8,303,33,34,35,28,0.84,0.11,-31.67
trn_125883,0,3,247,21,22,20,20,0.9,0.09,-120.75
trn_125883,0,9,186,18,26,30,10,0.76,0.1,44.16
trn_125883,0,10,129,17,13,13,12,1.09,0.13,34.29
trn_125883,0,2,49,1,2,1,5,0.49,0.02,-43.0
trn_125883,0,11,44,3,4,2,0,0.94,0.07,4.0
trn_125883,0,12,16,2,1,1,2,2.11,0.12,5.0
trn_125883,0,13,5,1,0,1,1,2.41,0.2,0.5
trn_288261,0,6,61,8,2,6,4,1.72,0.13,76.5
trn_288261,0,5,51,2,2,7,4,0.72,0.04,-17.67
trn_288261,0,4,38,0,5,2,6,0.0,0.0,-38.0
trn_288261,0,7,38,3,5,4,4,0.77,0.08,-10.25
trn_288261,0,8,17,0,3,3,0,0.0,0.0,-17.0
trn_288261,0,9,14,1,0,1,1,1.28,0.07,-11.9
trn_288261,0,10,10,0,1,2,2,0.0,0.0,-10.0
trn_288261,0,3,8,0,0,0,1,0.0,0.0,-8.0
trn_288261,0,13,3,0,0,0,0,0.0,0.0,-3.0
trn_288261,0,12,1,0,0,0,0,0.0,0.0,-1.0
trn_288261,0,2,1,0,0,0,0,0.0,0.0,-1.0
trn_251181,0,6,98,10,10,8,4,0.88,0.1,-36.76
trn_251181,0,5,78,6,9,15,6,0.77,0.08,19.45
trn_251181,0,7,71,5,3,6,9,0.95,0.07,-30.75
trn_251181,0,8,36,3,5,3,2,0.96,0.08,-20.25
trn_251181,0,4,13,0,1,0,1,0.0,0.0,-13.0
trn_251181,0,9,10,0,3,2,0,0.0,0.0,-10.0
trn_251181,0,10,9,1,0,2,1,1.29,0.11,6.0
trn_251181,0,11,3,0,0,1,0,0.0,0.0,-3.0
trn_251181,0,12,2,0,0,1,0,0.0,0.0,-2.0
trn_131589,0,4,188,5,6,9,13,0.38,0.03,-121.42
trn_131589,0,5,135,9,3,11,9,0.92,0.07,-76.55
trn_131589,0,3,121,1,10,9,8,0.11,0.01,-112.0
trn_131589,0,6,82,5,9,5,8,0.81,0.06,30.33
trn_131589,0,7,64,1,2,3,5,0.28,0.02,17.0
trn_131589,0,2,21,0,0,0,0,0.0,0.0,-21.0
trn_131589,0,8,14,0,1,3,1,0.0,0.0,-14.0
trn_131589,0,9,10,1,1,0,0,1.36,0.1,13.0
trn_131589,0,11,5,1,0,0,1,4.03,0.2,8.0
trn_131589,0,10,4,0,3,0,1,0.0,0.0,-4.0
trn_131589,0,12,1,0,0,0,0,0.0,0.0,-1.0
trn_180468,0,7,177,12,23,14,18,0.78,0.07,-14.75
trn_180468,0,6,141,12,11,11,13,1.05,0.09,-60.37
trn_180468,0,5,124,5,10,10,10,0.57,0.04,-83.25
trn_180468,0,8,98,6,17,10,8,0.49,0.06,-54.75
trn_180468,0,9,86,3,12,9,11,0.39,0.03,-59.0
trn_180468,0,10,61,8,5,5,11,1.03,0.13,-26.47
trn_180468,0,4,54,1,2,1,2,0.53,0.02,-48.0
trn_180468,0,11,26,2,1,4,4,0.76,0.08,10.0
trn_180468,0,3,19,0,2,0,2,0.0,0.0,-19.0
trn_180468,0,12,13,2,0,1,1,1.95,0.15,5.5
trn_180468,0,13,4,0,0,2,1,0.0,0.0,-4.0
trn_180468,0,2,3,0,0,0,0,0.0,0.0,-3.0
trn_355509,0,4,65,4,5,5,7,0.98,0.06,-47.88
trn_355509,0,5,59,5,6,4,4,0.89,0.08,-43.07
trn_355509,0,6,50,7,3,5,7,1.39,0.14,22.88
trn_355509,0,7,43,2,4,8,4,0.48,0.05,26.88
trn_355509,0,8,30,0,5,3,3,0.0,0.0,-30.0
trn_355509,0,10,23,2,2,0,3,1.26,0.09,11.0
trn_355509,0,9,23,0,5,5,4,0.0,0.0,-23.0
trn_355509,0,11,10,0,1,0,0,0.0,0.0,-10.0
trn_355509,0,13,4,0,0,0,0,0.0,0.0,-4.0
trn_355509,0,3,3,0,0,0,2,0.0,0.0,-3.0
trn_355509,0,12,3,0,1,0,0,0.0,0.0,-3.0
trn_4266,0,4,722,70,72,86,95,0.87,0.1,-202.56
trn_4266,0,5,697,67,82,75,79,0.83,0.1,-146.79
trn_4266,0,3,455,47,51,52,54,1.0,0.1,183.39
trn_4266,0,6,430,46,62,46,46,0.85,0.11,-71.21
trn_4266,0,7,336,50,38,32,35,1.16,0.15,38.95
trn_4266,0,8,236,30,28,33,35,0.96,0.13,59.96
trn_4266,0,2,198,9,14,18,27,0.63,0.05,-105.25
trn_4266,0,9,163,19,17,19,14,1.03,0.12,9.83
trn_4266,0,10,81,6,10,5,8,0.81,0.07,-8.5
trn_4266,0,11,33,3,5,2,3,0.75,0.09,-7.0
trn_4266,0,12,11,0,0,1,2,0.0,0.0,-11.0
trn_84960,0,3,683,68,52,72,59,1.05,0.1,28.06
trn_84960,0,4,649,52,48,73,64,0.79,0.08,-150.66
trn_84960,0,5,462,38,49,44,53,0.7,0.08,-104.44
trn_84960,0,6,276,33,30,38,38,1.0,0.12,-6.26
trn_84960,0,2,205,7,16,11,13,0.56,0.03,-163.38
trn_84960,0,7,144,13,16,15,16,0.77,0.09,-10.0
trn_84960,0,8,74,8,6,13,12,1.07,0.11,0.2
trn_84960,0,9,18,1,1,1,3,0.75,0.06,-10.0
trn_84960,0,10,7,0,0,1,0,0.0,0.0,-7.0
trn_179694,0,6,232,25,19,23,17,1.08,0.11,-43.56
trn_179694,0,5,198,8,10,14,17,0.68,0.04,-130.34
trn_179694,0,7,165,12,15,8,18,0.94,0.07,-21.25
trn_179694,0,8,76,8,8,8,7,0.98,0.11,-19.92
trn_179694,0,4,61,1,5,1,4,0.3,0.02,-58.0
trn_179694,0,9,49,3,1,4,4,0.7,0.06,-20.5
trn_179694,0,10,45,2,5,1,2,0.51,0.04,-11.0
trn_179694,0,11,14,1,3,0,0,1.0,0.07,1.0
trn_179694,0,3,9,0,1,0,1,0.0,0.0,-9.0
trn_179694,0,13,9,0,1,1,0,0.0,0.0,-9.0
trn_179694,0,14,6,0,0,1,0,0.0,0.0,-6.0
trn_179694,0,12,6,0,0,0,1,0.0,0.0,-6.0
trn_179694,0,2,2,0,0,0,0,0.0,0.0,-2.0
trn_265500,0,6,59,6,1,3,1,2.1,0.1,172.91
trn_265500,0,5,52,3,1,3,7,1.59,0.06,19.0
trn_265500,0,7,45,2,6,5,2,0.43,0.04,-28.0
trn_265500,0,8,43,1,6,6,2,0.32,0.02,-34.5
trn_265500,0,4,41,0,4,0,1,0.0,0.0,-41.0
trn_265500,0,9,27,2,1,1,2,1.11,0.07,-7.5
trn_265500,0,11,22,0,1,0,2,0.0,0.0,-22.0
trn_265500,0,3,13,0,0,0,0,0.0,0.0,-13.0
trn_265500,0,10,10,1,0,2,1,1.85,0.1,-4.5
trn_265500,0,12,4,0,0,1,0,0.0,0.0,-4.0
trn_372555,0,6,53,4,8,9,2,0.56,0.08,-28.88
trn_372555,0,5,51,12,5,4,7,1.51,0.24,3.14
trn_372555,0,4,43,3,6,8,2,0.49,0.07,-34.42
trn_372555,0,9,41,8,4,8,7,1.33,0.2,12.25
trn_372555,0,8,38,4,6,9,7,0.62,0.11,-9.5
trn_372555,0,7,37,5,4,3,4,0.92,0.14,-13.75
trn_372555,0,10,13,1,4,1,2,0.7,0.08,-8.0
trn_372555,0,11,8,1,0,2,1,0.99,0.12,-4.75
trn_372555,0,12,4,1,0,0,0,6.66,0.25,11.0
trn_249147,0,6,349,41,43,38,43,0.81,0.12,-111.55
trn_249147,0,7,297,41,40,33,37,0.84,0.14,0.65
trn_249147,0,8,233,35,29,30,20,1.0,0.15,-4.28
trn_249147,0,5,233,24,18,25,31,1.01,0.1,-80.82
trn_249147,0,9,189,13,31,24,25,0.52,0.07,-77.75
trn_249147,0,10,78,16,13,11,11,1.42,0.21,53.25
trn_249147,0,4,78,6,2,5,10,1.38,0.08,-28.75
trn_249147,0,11,44,9,3,9,8,1.36,0.2,13.21
trn_249147,0,12,12,0,0,2,2,0.0,0.0,-12.0
trn_249147,0,3,7,0,0,0,0,0.0,0.0,-7.0
trn_123363,0,3,100,2,0,2,2,0.91,0.02,-72.0
trn_123363,0,5,72,0,1,1,1,0.0,0.0,-72.0
trn_123363,0,4,72,0,1,0,2,0.0,0.0,-72.0
trn_123363,0,2,53,0,1,2,4,0.0,0.0,-53.0
trn_123363,0,6,44,1,1,1,2,1.35,0.02,-10.0
trn_123363,0,7,30,0,0,0,0,0.0,0.0,-30.0
trn_123363,0,8,15,2,0,1,1,1.85,0.13,38.62
trn_123363,0,9,10,0,1,2,1,0.0,0.0,-10.0
trn_123363,0,11,5,0,0,0,0,0.0,0.0,-5.0
trn_123363,0,10,4,0,0,0,1,0.0,0.0,-4.0
trn_310608,0,6,64,10,9,5,6,1.16,0.16,45.65
trn_310608,0,7,64,12,8,10,11,0.93,0.19,3.48
trn_310608,0,5,44,4,8,5,6,0.73,0.09,-16.0
trn_310608,0,8,39,2,2,5,5,0.4,0.05,-23.5
trn_310608,0,4,31,1,0,2,1,0.59,0.03,-27.25
trn_310608,0,9,25,5,1,4,5,1.29,0.2,-0.87
trn_310608,0,10,21,2,5,1,3,0.9,0.1,-4.0
trn_310608,0,11,9,2,1,1,2,1.96,0.22,4.0
trn_310608,0,3,5,1,0,0,1,2.99,0.2,-0.5
trn_310608,0,13,1,0,0,0,0,0.0,0.0,-1.0
trn_92313,0,5,864,61,66,70,80,0.86,0.07,-243.75
trn_92313,0,6,793,76,67,77,78,0.94,0.1,-153.57
trn_92313,0,4,793,36,61,73,76,0.68,0.05,-464.55
trn_92313,0,7,541,44,55,57,59,0.77,0.08,-277.52
trn_92313,0,8,344,44,28,37,26,1.08,0.13,-44.37
trn_92313,0,3,239,19,19,31,24,1.11,0.08,-60.76
trn_92313,0,9,228,16,13,20,34,0.72,0.07,-123.88
trn_92313,0,10,108,10,12,13,11,0.78,0.09,-48.0
trn_92313,0,11,67,5,5,6,9,0.73,0.07,-33.75
trn_92313,0,2,28,0,0,0,2,0.0,0.0,-28.0
trn_92313,0,12,21,2,4,2,1,1.1,0.1,-9.12
trn_92313,0,13,6,1,0,0,0,1.21,0.17,-1.67
trn_263574,0,7,76,7,10,5,4,0.91,0.09,-33.55
trn_263574,0,9,56,4,4,5,6,0.9,0.07,-31.0
trn_263574,0,8,45,3,1,8,2,0.79,0.07,-26.17
trn_263574,0,6,41,3,4,6,2,0.78,0.07,-26.29
trn_263574,0,3,40,2,2,2,3,1.06,0.05,-32.5
trn_263574,0,4,36,4,3,2,3,1.16,0.11,-19.0
trn_263574,0,5,26,1,0,2,0,0.7,0.04,-19.5
trn_263574,0,10,14,0,1,0,3,0.0,0.0,-14.0
trn_263574,0,2,6,0,0,0,0,0.0,0.0,-6.0
trn_263574,0,12,1,0,0,0,1,0.0,0.0,-1.0
trn_373257,0,10,6,0,0,1,2,0.0,0.0,-6.0
trn_373257,0,7,3,0,0,0,0,0.0,0.0,-3.0
trn_373257,0,8,2,0,0,0,1,0.0,0.0,-2.0
trn_373257,0,4,2,0,0,0,1,0.0,0.0,-2.0
trn_98010,0,6,315,16,36,21,35,0.66,0.05,-120.0
trn_98010,0,5,270,10,24,25,33,0.52,0.04,-177.75
trn_98010,0,7,265,17,31,34,27,0.76,0.06,-36.92
trn_98010,0,8,225,17,24,30,28,0.84,0.08,11.87
trn_98010,0,4,211,11,19,27,8,0.8,0.05,-94.16
trn_98010,0,3,174,1,11,16,9,0.19,0.01,-123.0
trn_98010,0,9,143,6,16,10,14,0.6,0.04,-105.25
trn_98010,0,10,74,7,4,1,6,1.29,0.09,-13.5
trn_98010,0,2,60,2,2,2,4,1.18,0.03,-14.5
trn_98010,0,11,46,7,2,3,4,1.98,0.15,-2.67
trn_98010,0,12,23,0,0,2,3,0.0,0.0,-23.0
trn_98010,0,13,1,0,0,0,0,0.0,0.0,-1.0
trn_153963,0,5,36,0,1,0,2,0.0,0.0,-36.0
trn_153963,0,6,35,0,0,1,1,0.0,0.0,-35.0
trn_153963,0,7,25,0,1,1,0,0.0,0.0,-25.0
trn_153963,0,9,17,1,1,3,3,0.57,0.06,-15.56
trn_153963,0,8,16,3,2,2,2,1.9,0.19,25.0
trn_153963,0,10,14,1,0,2,4,0.64,0.07,-11.9
trn_153963,0,4,12,0,0,0,1,0.0,0.0,-12.0
trn_153963,0,11,7,0,0,0,1,0.0,0.0,-7.0
trn_153963,0,3,3,0,0,0,0,0.0,0.0,-3.0
trn_153963,0,12,2,0,0,1,1,0.0,0.0,-2.0
trn_255708,0,5,420,29,43,56,62,0.6,0.07,-159.97
trn_255708,0,6,355,52,45,42,39,1.02,0.15,-15.57
trn_255708,0,4,316,24,24,27,31,0.73,0.08,74.13
trn_255708,0,7,263,24,37,45,29,0.63,0.09,-130.46
trn_255708,0,3,182,16,14,21,32,0.77,0.09,-50.08
trn_255708,0,8,168,14,20,17,17,0.74,0.08,-62.0
trn_255708,0,2,80,4,14,6,6,0.55,0.05,-12.5
trn_255708,0,10,71,8,7,14,9,0.99,0.11,-29.5
trn_255708,0,9,60,6,7,8,4,0.9,0.1,-28.43
trn_255708,0,11,32,5,3,5,2,1.45,0.16,2.83
trn_255708,0,12,31,4,5,4,5,1.23,0.13,-5.0
trn_255708,0,13,4,0,0,0,1,0.0,0.0,-4.0
trn_377847,0,3,24,3,4,4,6,0.79,0.12,13.25
trn_377847,0,4,19,3,4,4,2,0.92,0.16,0.5
trn_377847,0,5,12,0,1,1,2,0.0,0.0,-12.0
trn_377847,0,6,5,0,0,0,1,0.0,0.0,-5.0
trn_377847,0,9,2,0,0,0,0,0.0,0.0,-2.0
trn_377847,0,2,1,1,0,0,0,4.33,1.0,3.33
trn_377847,0,7,1,0,0,0,0,0.0,0.0,-1.0
trn_46089,0,2,3448,237,314,366,358,0.79,0.07,-1226.03
trn_46089,0,3,2590,180,235,261,273,0.75,0.07,-1049.27
trn_46089,0,4,1055,76,99,98,120,0.74,0.07,-531.32
trn_46089,0,5,463,37,43,50,44,0.77,0.08,-178.23
trn_46089,0,6,294,30,28,23,42,1.05,0.1,-12.0
trn_46089,0,7,187,21,23,14,23,0.94,0.11,-45.8
trn_46089,0,8,113,10,10,7,18,0.78,0.09,-22.38
trn_46089,0,9,68,3,10,6,5,0.35,0.04,-55.62
trn_46089,0,10,13,0,0,2,3,0.0,0.0,-13.0
trn_46089,0,11,10,0,1,1,0,0.0,0.0,-10.0
trn_46089,0,12,4,0,1,0,0,0.0,0.0,-4.0
trn_46089,0,13,1,0,0,0,0,0.0,0.0,-1.0
trn_34614,0,3,5459,512,554,611,600,0.82,0.09,-1614.35
trn_34614,0,2,5183,467,540,527,615,0.84,0.09,-1219.68
trn_34614,0,4,3962,419,390,418,425,0.88,0.11,-844.95
trn_34614,0,5,2405,243,260,303,251,0.79,0.1,-505.23
trn_34614,0,6,1533,169,169,176,161,0.85,0.11,-209.39
trn_34614,0,7,966,90,118,110,93,0.75,0.09,-274.86
trn_34614,0,8,664,64,76,80,89,0.8,0.1,-145.11
trn_34614,0,9,374,32,37,45,40,0.71,0.09,-183.27
trn_34614,0,10,163,16,13,26,18,0.77,0.1,-84.7
trn_34614,0,11,111,11,12,7,19,0.76,0.1,-51.42
trn_34614,0,12,13,2,0,2,1,1.78,0.15,-4.0
trn_34614,0,13,4,0,0,0,0,0.0,0.0,-4.0
trn_302193,0,3,47,2,5,0,5,0.85,0.04,-18.5
trn_302193,0,2,28,0,2,2,1,0.0,0.0,-28.0
trn_302193,0,4,28,2,1,1,3,1.18,0.07,-15.0
trn_302193,0,6,18,0,1,1,0,0.0,0.0,-18.0
trn_302193,0,5,11,0,0,0,1,0.0,0.0,-11.0
trn_302193,0,12,6,2,0,0,0,4.54,0.33,33.0
trn_302193,0,9,5,0,1,0,1,0.0,0.0,-5.0
trn_302193,0,8,5,0,1,0,0,0.0,0.0,-5.0
trn_302193,0,11,2,0,0,1,0,0.0,0.0,-2.0
trn_302193,0,7,1,0,1,0,0,0.0,0.0,-1.0
trn_93267,0,4,3066,343,324,329,336,0.81,0.11,-711.83
trn_93267,0,3,2353,257,250,213,245,0.93,0.11,-272.46
trn_93267,0,5,2145,244,251,241,252,0.85,0.11,-470.79
trn_93267,0,6,1444,159,164,170,146,0.86,0.11,-365.03
trn_93267,0,7,884,77,101,116,101,0.71,0.09,-344.67
trn_93267,0,2,599,54,46,46,73,1.0,0.09,-92.02
trn_93267,0,8,429,37,38,47,54,0.73,0.09,-183.05
trn_93267,0,9,245,26,30,31,29,0.88,0.11,-26.04
trn_93267,0,10,122,11,7,16,9,0.98,0.09,-57.29
trn_93267,0,11,85,7,11,10,12,0.89,0.08,1.5
trn_93267,0,12,20,2,1,3,1,1.33,0.1,-1.5
trn_93267,0,13,5,0,2,0,0,0.0,0.0,-5.0
trn_93267,0,14,5,0,0,1,0,0.0,0.0,-5.0
trn_82530,0,5,623,20,33,49,35,0.56,0.03,-298.17
trn_82530,0,4,604,25,24,38,49,0.82,0.04,-319.42
trn_82530,0,3,535,19,34,37,47,0.75,0.04,-250.5
trn_82530,0,6,529,17,34,30,51,0.53,0.03,-302.3
trn_82530,0,7,405,23,29,38,32,0.84,0.06,-209.53
trn_82530,0,2,281,4,15,18,19,0.35,0.01,-227.5
trn_82530,0,8,243,14,23,30,28,0.74,0.06,-152.75
trn_82530,0,9,176,8,16,18,14,0.6,0.05,-84.17
trn_82530,0,10,168,10,20,11,12,0.72,0.06,-42.25
trn_82530,0,11,83,5,9,15,10,0.58,0.06,-49.5
trn_82530,0,12,48,4,3,3,4,1.22,0.08,86.0
trn_82530,0,13,41,1,4,7,5,0.34,0.02,-32.0
trn_82530,0,14,6,0,0,0,0,0.0,0.0,-6.0
trn_82530,0,15,4,0,0,0,1,0.0,0.0,-4.0
trn_363114,0,2,208,31,28,24,23,0.98,0.15,-13.47
trn_363114,0,3,95,13,7,9,14,0.95,0.14,-38.84
trn_363114,0,4,15,0,0,2,2,0.0,0.0,-15.0
trn_363114,0,5,3,2,1,0,0,2.96,0.67,5.83
trn_374220,0,3,40,0,5,7,6,0.0,0.0,-40.0
trn_374220,0,2,28,1,2,4,0,0.93,0.04,-16.0
trn_374220,0,4,14,1,2,1,1,0.52,0.07,-11.12
trn_374220,0,6,3,0,0,0,0,0.0,0.0,-3.0
trn_374220,0,5,2,0,0,0,0,0.0,0.0,-2.0
trn_52767,0,3,3726,478,466,448,405,0.88,0.13,-570.92
trn_52767,0,2,2264,311,288,292,233,0.96,0.14,-213.35
trn_52767,0,4,1415,150,149,159,156,0.78,0.11,-356.28
trn_52767,0,5,523,53,59,66,69,0.74,0.1,-164.34
trn_52767,0,6,276,26,20,37,24,0.77,0.09,27.42
trn_52767,0,7,152,17,15,17,18,1.09,0.11,12.5
trn_52767,0,8,118,16,12,11,8,1.24,0.14,53.38
trn_52767,0,9,68,6,5,7,4,0.88,0.09,1.0
trn_52767,0,10,28,2,3,2,5,0.66,0.07,-12.75
trn_52767,0,11,18,1,0,2,1,0.47,0.06,-16.47
trn_52767,0,12,7,1,0,0,2,1.52,0.14,4.0
trn_369855,0,3,144,14,19,16,15,0.65,0.1,-74.14
trn_369855,0,2,89,9,9,10,10,0.87,0.1,-44.64
trn_369855,0,4,73,8,3,5,7,0.98,0.11,11.0
trn_369855,0,5,52,5,8,6,6,0.73,0.1,-7.17
trn_369855,0,6,29,5,0,3,3,1.25,0.17,12.58
trn_369855,0,9,15,0,3,1,0,0.0,0.0,-15.0
trn_369855,0,7,14,0,2,1,0,0.0,0.0,-14.0
trn_180405,0,4,1399,103,112,137,118,0.73,0.07,-460.78
trn_180405,0,5,1314,141,133,137,125,0.93,0.11,-204.04
trn_180405,0,6,1150,97,121,93,139,0.78,0.08,-334.79
trn_180405,0,7,836,91,62,92,90,0.97,0.11,-158.64
trn_180405,0,3,779,44,58,69,57,0.72,0.06,-369.82
trn_180405,0,8,681,70,62,58,90,0.92,0.1,-54.92
trn_180405,0,9,419,39,45,55,40,0.85,0.09,-78.87
trn_180405,0,10,163,16,12,21,18,1.02,0.1,-46.92
trn_180405,0,11,115,8,11,16,15,0.78,0.07,-47.5
trn_180405,0,2,106,3,6,6,8,0.42,0.03,-81.0
trn_180405,0,12,31,2,2,3,8,0.78,0.06,12.0
trn_375822,0,9,4,0,1,1,0,0.0,0.0,-4.0
trn_375822,0,4,4,0,0,0,0,0.0,0.0,-4.0
trn_375822,0,5,3,1,0,0,1,2.1,0.33,8.0
trn_375822,0,8,2,0,0,0,0,0.0,0.0,-2.0
trn_375822,0,3,1,0,0,0,0,0.0,0.0,-1.0
trn_375822,0,7,1,0,0,0,0,0.0,0.0,-1.0
trn_345654,0,4,107,4,5,12,9,0.62,0.04,-69.5
trn_345654,0,5,53,5,3,7,8,1.27,0.09,59.38
trn_345654,0,3,46,1,2,1,2,0.73,0.02,-12.0
trn_345654,0,7,25,0,1,4,3,0.0,0.0,-25.0
trn_345654,0,6,11,1,0,0,0,3.26,0.09,10.0
trn_345654,0,8,5,0,0,0,0,0.0,0.0,-5.0
trn_345654,0,13,4,1,0,2,0,4.73,0.25,22.0
trn_345654,0,2,4,0,0,1,1,0.0,0.0,-4.0
trn_345654,0,14,3,0,0,0,0,0.0,0.0,-3.0
trn_345654,0,10,2,0,0,0,0,0.0,0.0,-2.0
trn_345654,0,12,1,0,0,0,0,0.0,0.0,-1.0
trn_271890,0,4,198,12,10,16,19,0.86,0.06,-77.25
trn_271890,0,3,130,3,11,13,7,0.45,0.02,-88.0
trn_271890,0,5,121,4,11,8,14,0.35,0.03,-102.1
trn_271890,0,6,102,4,12,13,7,0.53,0.04,-61.25
trn_271890,0,7,94,7,5,12,11,0.86,0.07,-7.0
trn_271890,0,8,79,4,4,6,9,0.6,0.05,-58.55
trn_271890,0,9,75,4,4,5,4,0.9,0.05,-32.75
trn_271890,0,10,57,3,6,8,4,0.99,0.05,-3.0
trn_271890,0,2,31,0,0,0,5,0.0,0.0,-31.0
trn_271890,0,11,31,1,2,5,0,0.51,0.03,-27.0
trn_271890,0,12,19,0,0,0,3,0.0,0.0,-19.0
trn_45711,0,3,3154,325,317,344,353,0.84,0.1,-741.75
trn_45711,0,4,2372,251,257,267,205,0.88,0.11,-290.73
trn_45711,0,2,1902,189,200,246,211,0.82,0.1,-308.29
trn_45711,0,5,1588,146,190,170,151,0.73,0.09,-579.86
trn_45711,0,6,1076,112,113,99,100,0.9,0.1,-136.17
trn_45711,0,7,684,52,60,66,68,0.67,0.08,-262.16
trn_45711,0,8,453,44,41,45,50,0.91,0.1,-115.68
trn_45711,0,9,191,8,16,14,25,0.39,0.04,-127.62
trn_45711,0,10,65,3,7,10,8,0.52,0.05,-48.25
trn_45711,0,11,35,1,6,4,1,0.32,0.03,-30.0
trn_45711,0,12,33,4,4,2,7,1.35,0.12,17.5
trn_45711,0,13,15,0,1,2,2,0.0,0.0,-15.0
trn_199350,0,5,372,47,39,53,34,0.98,0.13,-15.81
trn_199350,0,4,338,25,37,41,39,0.72,0.07,-123.3
trn_199350,0,6,333,41,38,44,35,1.01,0.12,-39.34
trn_199350,0,7,267,21,34,21,25,0.7,0.08,-137.09
trn_199350,0,3,245,15,22,29,22,0.67,0.06,-139.52
trn_199350,0,8,140,14,16,16,14,0.9,0.1,14.75
trn_199350,0,9,111,10,15,16,10,0.82,0.09,-46.67
trn_199350,0,10,47,5,1,6,3,1.27,0.11,24.88
trn_199350,0,2,42,3,1,2,3,1.27,0.07,-26.5
trn_199350,0,12,16,2,1,3,0,1.42,0.12,3.5
trn_199350,0,11,13,0,3,2,2,0.0,0.0,-13.0
trn_52533,0,4,2133,156,157,166,161,0.82,0.07,-724.25
trn_52533,0,3,1769,101,116,139,150,0.74,0.06,-868.91
trn_52533,0,5,1693,150,162,159,165,0.86,0.09,-403.81
trn_52533,0,6,1243,99,112,111,111,0.81,0.08,-423.05
trn_52533,0,2,852,18,28,45,63,0.5,0.02,-684.37
trn_52533,0,7,719,47,61,67,60,0.7,0.07,-320.59
trn_52533,0,8,372,30,23,33,35,0.94,0.08,-118.87
trn_52533,0,9,191,16,14,14,19,0.97,0.08,-39.75
trn_52533,0,10,82,7,5,5,8,0.91,0.09,-46.13
trn_52533,0,11,21,3,2,1,3,1.31,0.14,0.0
trn_52533,0,12,12,2,1,2,0,1.59,0.17,9.0
trn_52533,0,13,1,0,0,0,0,0.0,0.0,-1.0
trn_294885,0,3,617,79,86,81,64,0.83,0.13,-99.81
trn_294885,0,2,366,37,49,57,54,0.75,0.1,-181.3
trn_294885,0,4,278,31,41,36,33,0.69,0.11,-139.96
trn_294885,0,5,121,14,12,16,19,0.83,0.12,-15.42
trn_294885,0,6,46,6,6,8,8,0.84,0.13,-2.79
trn_294885,0,7,32,5,2,2,5,1.61,0.16,19.5
trn_294885,0,8,20,2,0,5,1,1.11,0.1,-9.0
trn_294885,0,9,7,0,1,2,0,0.0,0.0,-7.0
trn_294885,0,10,5,0,0,0,1,0.0,0.0,-5.0
trn_294885,0,12,1,0,0,0,0,0.0,0.0,-1.0
trn_4653,0,3,1287,98,119,120,134,0.78,0.08,-503.43
trn_4653,0,4,821,67,66,84,74,0.83,0.08,-242.91
trn_4653,0,2,667,47,61,70,77,0.79,0.07,-297.63
trn_4653,0,5,427,39,34,40,57,0.85,0.09,-112.25
trn_4653,0,6,251,23,26,22,28,0.8,0.09,-55.34
trn_4653,0,7,133,9,10,12,16,0.73,0.07,-21.0
trn_4653,0,8,26,4,4,4,2,0.95,0.15,-5.97
trn_4653,0,9,10,2,2,3,0,1.08,0.2,2.0
trn_4653,0,10,7,0,0,0,2,0.0,0.0,-7.0
trn_4653,0,13,5,0,0,0,0,0.0,0.0,-5.0
trn_4653,0,11,1,0,1,0,0,0.0,0.0,-1.0
trn_61605,0,5,286,30,25,23,23,0.97,0.1,-73.93
trn_61605,0,6,271,17,23,28,24,0.62,0.06,-143.5
trn_61605,0,7,245,19,16,23,29,0.78,0.08,37.12
trn_61605,0,4,209,12,21,16,22,0.63,0.06,-91.07
trn_61605,0,8,187,16,13,18,18,0.97,0.09,-73.13
trn_61605,0,9,103,9,5,6,6,1.18,0.09,36.33
trn_61605,0,3,88,8,4,8,11,1.37,0.09,0.58
trn_61605,0,10,82,3,3,4,7,0.49,0.04,-59.5
trn_61605,0,11,25,0,2,4,1,0.0,0.0,-25.0
trn_61605,0,2,14,0,0,1,0,0.0,0.0,-14.0
trn_61605,0,12,10,1,1,2,2,1.54,0.1,1.0
trn_61605,0,13,3,0,1,0,0,0.0,0.0,-3.0
trn_240849,0,4,201,12,12,20,23,0.74,0.06,-107.29
trn_240849,0,3,148,9,10,12,15,0.75,0.06,-81.71
trn_240849,0,6,120,6,11,12,20,0.52,0.05,-53.97
trn_240849,0,5,109,11,6,7,5,1.17,0.1,-13.84
trn_240849,0,8,75,6,7,10,16,0.7,0.08,-33.5
trn_240849,0,7,73,15,11,9,8,1.65,0.21,36.0
trn_240849,0,9,49,3,3,2,9,0.78,0.06,-24.5
trn_240849,0,2,46,1,5,2,3,0.57,0.02,-41.0
trn_240849,0,10,26,2,3,2,3,1.17,0.08,30.5
trn_354924,0,4,129,9,15,14,12,0.59,0.07,-75.42
trn_354924,0,3,73,6,4,1,9,0.92,0.08,-15.25
trn_354924,0,5,40,2,5,5,5,0.46,0.05,-16.0
trn_354924,0,2,23,1,0,1,0,1.02,0.04,-17.5
trn_354924,0,6,21,2,4,3,1,0.78,0.1,9.5
trn_354924,0,8,1,0,0,0,1,0.0,0.0,-1.0
trn_63009,0,5,833,29,42,51,66,0.59,0.03,-362.75
trn_63009,0,4,789,41,38,61,50,0.91,0.05,-166.8
trn_63009,0,6,671,29,56,56,37,0.64,0.04,-110.42
trn_63009,0,3,561,20,30,33,42,0.72,0.04,-328.3
trn_63009,0,7,504,30,26,46,40,0.92,0.06,-68.35
trn_63009,0,8,435,20,30,46,50,0.6,0.05,-124.67
trn_63009,0,9,262,14,15,16,28,0.84,0.05,-15.5
trn_63009,0,10,199,11,8,14,19,1.0,0.06,12.5
trn_63009,0,2,151,4,4,7,9,0.77,0.03,-5.0
trn_63009,0,11,78,4,2,7,8,0.82,0.05,-28.5
trn_63009,0,12,22,0,0,0,2,0.0,0.0,-22.0
trn_63009,0,14,2,0,0,0,0,0.0,0.0,-2.0
trn_63009,0,13,2,0,0,0,0,0.0,0.0,-2.0
trn_354717,0,3,217,23,26,23,21,0.77,0.11,-88.92
trn_354717,0,4,145,21,17,16,13,0.92,0.14,39.68
trn_354717,0,2,101,11,9,12,10,0.97,0.11,-35.12
trn_354717,0,5,49,5,6,5,8,0.76,0.1,-16.5
trn_354717,0,6,7,0,0,2,1,0.0,0.0,-7.0
trn_354717,0,9,1,1,0,0,0,17.0,1.0,16.0
trn_351099,0,2,307,19,25,36,47,0.75,0.06,-132.75
trn_351099,0,3,288,36,30,37,33,1.01,0.12,72.1
trn_351099,0,4,78,4,8,6,10,0.42,0.05,-51.5
trn_351099,0,6,36,4,5,2,2,1.14,0.11,-1.0
trn_351099,0,5,32,3,7,4,4,0.58,0.09,-9.75
trn_351099,0,7,26,5,0,0,2,2.33,0.19,26.5
trn_351099,0,8,16,1,2,3,2,0.68,0.06,-7.5
trn_172044,0,3,442,37,56,34,39,0.85,0.08,-124.19
trn_172044,0,4,407,39,40,36,35,0.84,0.1,-119.99
trn_172044,0,5,302,45,39,28,34,1.03,0.15,-50.06
trn_172044,0,6,216,26,30,15,30,0.96,0.12,-36.99
trn_172044,0,7,144,12,19,13,12,0.84,0.08,-59.65
trn_172044,0,2,131,6,8,10,11,0.72,0.05,-102.33
trn_172044,0,8,79,12,5,6,15,1.24,0.15,18.69
trn_172044,0,9,43,8,7,3,3,1.1,0.19,-14.95
trn_172044,0,10,14,1,2,1,1,0.57,0.07,-12.0
trn_172044,0,11,12,2,4,1,0,1.07,0.17,-4.25
trn_172044,0,12,2,1,1,0,0,4.7,0.5,4.5
trn_264834,0,5,43,0,0,1,6,0.0,0.0,-43.0
trn_264834,0,4,30,0,1,2,1,0.0,0.0,-30.0
trn_264834,0,6,29,2,3,2,1,0.87,0.07,-24.28
trn_264834,0,8,28,0,4,0,1,0.0,0.0,-28.0
trn_264834,0,7,16,1,2,3,1,0.42,0.06,-14.71
trn_264834,0,9,9,0,0,1,2,0.0,0.0,-9.0
trn_264834,0,11,8,0,0,0,1,0.0,0.0,-8.0
trn_264834,0,10,7,0,0,0,1,0.0,0.0,-7.0
trn_264834,0,3,5,0,0,0,0,0.0,0.0,-5.0
trn_264834,0,12,4,1,0,0,0,12.56,0.25,63.0
trn_264834,0,2,1,0,0,0,0,0.0,0.0,-1.0
trn_126117,0,4,888,88,99,72,73,0.75,0.1,-366.61
trn_126117,0,5,653,86,79,59,59,0.91,0.13,-65.34
trn_126117,0,3,567,63,37,67,37,0.93,0.11,-102.4
trn_126117,0,6,323,37,26,27,24,0.93,0.11,2.6
trn_126117,0,7,241,25,24,22,30,0.87,0.1,-31.25
trn_126117,0,8,139,14,20,10,12,0.94,0.1,-2.87
trn_126117,0,2,129,8,11,5,10,0.74,0.06,-73.03
trn_126117,0,9,65,7,7,6,6,0.96,0.11,-7.25
trn_126117,0,10,30,2,3,4,4,0.69,0.07,-19.0
trn_126117,0,11,9,1,2,1,0,0.87,0.11,-3.0
trn_126117,0,12,1,0,0,0,0,0.0,0.0,-1.0
trn_126459,0,6,256,30,33,31,29,0.84,0.12,-50.88
trn_126459,0,7,244,24,27,22,25,0.84,0.1,-64.17
trn_126459,0,5,220,21,22,20,23,0.9,0.1,-15.5
trn_126459,0,4,184,21,14,8,13,1.14,0.11,-11.39
trn_126459,0,8,156,19,16,18,15,0.97,0.12,-46.27
trn_126459,0,9,124,13,18,16,17,0.83,0.1,-58.05
trn_126459,0,3,80,7,5,7,5,1.05,0.09,3.74
trn_126459,0,10,73,9,7,9,8,1.09,0.12,-4.25
trn_126459,0,11,35,2,4,3,7,0.46,0.06,-19.0
trn_126459,0,12,14,1,2,2,2,0.69,0.07,-6.5
trn_126459,0,13,4,0,0,1,0,0.0,0.0,-4.0
trn_126459,0,2,3,0,0,0,0,0.0,0.0,-3.0
trn_48636,0,7,142,8,9,12,21,0.76,0.06,-47.25
trn_48636,0,6,121,13,10,14,13,1.12,0.11,-19.68
trn_48636,0,8,118,7,7,10,6,0.96,0.06,-5.67
trn_48636,0,4,116,2,7,10,10,0.27,0.02,-89.5
trn_48636,0,5,115,5,9,11,14,0.59,0.04,-52.5
trn_48636,0,3,97,5,12,8,9,0.51,0.05,-73.7
trn_48636,0,9,82,4,7,8,11,0.75,0.05,-40.0
trn_48636,0,10,42,4,4,4,6,1.24,0.1,8.5
trn_48636,0,11,33,3,2,4,5,1.16,0.09,5.5
trn_48636,0,2,9,0,0,0,0,0.0,0.0,-9.0
trn_48636,0,12,9,0,1,1,0,0.0,0.0,-9.0
trn_70155,0,4,2520,243,250,278,250,0.86,0.1,-605.58
trn_70155,0,5,2339,277,253,245,263,0.96,0.12,-434.0
trn_70155,0,6,1842,191,193,219,202,0.87,0.1,-446.87
trn_70155,0,3,1489,109,111,122,155,0.81,0.07,-586.21
trn_70155,0,7,1444,141,140,133,156,0.86,0.1,-212.35
trn_70155,0,8,1074,105,113,115,102,0.88,0.1,-178.23
trn_70155,0,9,815,61,59,96,107,0.74,0.07,-277.88
trn_70155,0,2,515,21,36,43,55,0.61,0.04,-242.67
trn_70155,0,10,424,26,37,42,47,0.63,0.06,-142.67
trn_70155,0,11,236,18,17,21,22,0.93,0.08,-40.17
trn_70155,0,12,105,9,9,12,12,1.12,0.09,-21.0
trn_70155,0,13,38,4,5,1,5,1.32,0.11,30.0
trn_70155,0,14,2,0,0,0,0,0.0,0.0,-2.0
trn_252576,0,7,64,5,7,3,6,1.13,0.08,-13.25
trn_252576,0,6,55,1,3,2,9,0.33,0.02,-52.75
trn_252576,0,5,55,1,1,7,4,0.42,0.02,-4.0
trn_252576,0,9,50,1,4,2,4,0.32,0.02,-47.0
trn_252576,0,4,44,3,3,5,2,0.55,0.07,-17.0
trn_252576,0,8,36,4,2,3,1,1.51,0.11,4.0
trn_252576,0,10,27,0,1,3,3,0.0,0.0,-27.0
trn_252576,0,3,15,2,2,1,2,1.89,0.13,-4.25
trn_252576,0,11,13,2,0,0,1,3.76,0.15,38.0
trn_252576,0,12,6,0,0,0,0,0.0,0.0,-6.0
trn_252576,0,13,2,0,0,0,0,0.0,0.0,-2.0
trn_252576,0,2,1,0,0,0,0,0.0,0.0,-1.0
trn_62676,0,3,2169,197,222,256,233,0.8,0.09,-596.15
trn_62676,0,4,1937,195,198,214,197,0.84,0.1,-530.66
trn_62676,0,5,1138,134,124,122,124,0.89,0.12,-143.54
trn_62676,0,2,974,75,101,110,106,0.74,0.08,-265.81
trn_62676,0,6,773,74,75,86,108,0.78,0.1,-164.71
trn_62676,0,7,484,42,50,55,64,0.75,0.09,-161.71
trn_62676,0,8,276,28,30,32,37,0.77,0.1,-95.89
trn_62676,0,9,75,5,5,10,10,0.64,0.07,-40.62
trn_62676,0,10,20,0,3,2,3,0.0,0.0,-20.0
trn_62676,0,12,7,0,0,0,2,0.0,0.0,-7.0
trn_62676,0,13,1,0,0,0,1,0.0,0.0,-1.0
trn_354429,0,3,193,31,23,20,28,1.11,0.16,30.7
trn_354429,0,4,118,11,10,12,16,0.75,0.09,-42.17
trn_354429,0,2,93,7,8,8,10,0.94,0.08,-22.25
trn_354429,0,5,83,8,10,15,8,0.69,0.1,5.0
trn_354429,0,7,26,1,3,5,6,0.28,0.04,-20.5
trn_354429,0,6,25,3,4,5,1,0.94,0.12,-3.88
trn_354429,0,8,15,0,5,2,2,0.0,0.0,-15.0
trn_354429,0,11,7,1,0,0,0,1.82,0.14,-0.5
trn_354429,0,9,6,2,0,0,1,1.66,0.33,-0.42
trn_172827,0,3,750,69,60,77,77,0.96,0.09,-83.93
trn_172827,0,4,667,67,67,75,61,0.83,0.1,-27.68
trn_172827,0,5,475,57,66,61,54,0.88,0.12,-28.92
trn_172827,0,2,430,41,49,47,44,1.02,0.1,-100.06
trn_172827,0,6,289,22,28,24,33,0.66,0.08,-126.54
trn_172827,0,7,205,22,14,19,18,1.1,0.11,55.83
trn_172827,0,8,106,10,12,9,6,0.91,0.09,-32.15
trn_172827,0,9,68,6,2,6,6,1.14,0.09,-8.75
trn_172827,0,10,33,1,1,1,2,0.51,0.03,-7.0
trn_172827,0,11,26,1,3,5,3,0.63,0.04,-18.0
trn_172827,0,13,10,3,2,0,1,3.51,0.3,26.5
trn_172827,0,12,10,0,1,0,2,0.0,0.0,-10.0
trn_56736,0,4,770,78,86,71,81,0.92,0.1,-55.16
trn_56736,0,5,716,56,85,88,77,0.67,0.08,-351.93
trn_56736,0,3,629,44,58,38,59,0.86,0.07,-220.37
trn_56736,0,6,461,51,45,51,41,1.04,0.11,-2.5
trn_56736,0,7,294,18,33,29,30,0.58,0.06,-158.69
trn_56736,0,2,205,9,15,17,18,0.74,0.04,-125.62
trn_56736,0,8,197,19,20,17,29,0.9,0.1,-46.62
trn_56736,0,9,138,20,18,10,17,1.11,0.14,-2.49
trn_56736,0,10,91,13,5,11,7,1.33,0.14,-17.5
trn_56736,0,11,68,6,6,7,11,0.63,0.09,-44.37
trn_56736,0,12,23,4,3,3,2,0.99,0.17,-8.02
trn_56736,0,13,5,0,0,0,1,0.0,0.0,-5.0
trn_702,0,4,491,37,36,45,38,0.87,0.08,-111.63
trn_702,0,3,456,28,36,37,55,0.8,0.06,-179.84
trn_702,0,5,414,22,38,48,39,0.59,0.05,-159.94
trn_702,0,6,290,31,15,28,26,1.05,0.11,-81.46
trn_702,0,2,250,11,10,17,26,0.9,0.04,-166.24
trn_702,0,7,209,16,18,19,22,0.84,0.08,-40.42
trn_702,0,8,186,22,15,12,24,1.36,0.12,13.25
trn_702,0,9,107,7,14,7,11,0.71,0.07,-22.45
trn_702,0,10,50,6,3,4,6,1.31,0.12,-14.12
trn_702,0,11,23,0,0,5,0,0.0,0.0,-23.0
trn_702,0,12,2,0,0,0,0,0.0,0.0,-2.0
trn_353934,0,2,123,15,16,15,17,0.84,0.12,-58.46
trn_353934,0,3,115,16,19,11,16,0.95,0.14,-34.12
trn_353934,0,4,61,8,4,9,5,1.04,0.13,22.75
trn_353934,0,5,31,0,4,3,3,0.0,0.0,-31.0
trn_353934,0,6,3,0,0,0,0,0.0,0.0,-3.0
trn_337851,0,3,108,12,11,13,10,1.06,0.11,-46.54
trn_337851,0,4,96,12,10,8,11,0.93,0.12,-30.12
trn_337851,0,5,59,6,9,5,8,0.79,0.1,-14.67
trn_337851,0,2,47,4,4,7,4,0.85,0.09,-28.29
trn_337851,0,6,32,5,1,2,2,1.19,0.16,-2.17
trn_337851,0,7,11,1,2,0,1,1.32,0.09,8.0
trn_337851,0,9,6,0,2,1,0,0.0,0.0,-6.0
trn_337851,0,10,5,0,1,0,0,0.0,0.0,-5.0
trn_337851,0,8,4,0,0,1,0,0.0,0.0,-4.0
trn_280692,0,3,1567,234,237,181,199,0.89,0.15,-344.41
trn_280692,0,2,1186,144,128,171,143,0.87,0.12,-287.84
trn_280692,0,4,691,84,110,79,93,0.77,0.12,-124.28
trn_280692,0,5,253,27,46,29,34,0.72,0.11,-89.55
trn_280692,0,6,84,6,6,12,7,0.63,0.07,-29.75
trn_280692,0,7,33,5,4,7,6,0.91,0.15,1.38
trn_280692,0,8,1,0,1,0,0,0.0,0.0,-1.0
trn_283149,0,3,723,93,88,87,95,0.84,0.13,-155.33
trn_283149,0,2,615,84,75,73,77,0.91,0.14,-230.47
trn_283149,0,4,263,29,34,36,34,0.69,0.11,-104.4
trn_283149,0,5,98,12,10,15,8,0.81,0.12,-5.05
trn_283149,0,6,41,9,5,4,3,1.73,0.22,28.32
trn_283149,0,7,26,4,3,3,2,1.54,0.15,7.75
trn_283149,0,8,7,1,1,0,1,1.54,0.14,2.5
trn_145008,0,3,849,99,92,97,90,0.89,0.12,-239.58
trn_145008,0,4,557,70,53,58,47,0.98,0.13,-106.18
trn_145008,0,2,439,35,44,42,47,0.83,0.08,4.41
trn_145008,0,5,306,27,30,28,24,0.82,0.09,-121.88
trn_145008,0,6,172,11,18,9,14,0.68,0.06,-17.12
trn_145008,0,7,80,4,10,5,4,0.5,0.05,-34.0
trn_145008,0,8,25,1,1,2,1,0.59,0.04,-16.5
trn_145008,0,9,4,0,0,1,1,0.0,0.0,-4.0
trn_182259,0,6,613,119,87,81,65,0.99,0.19,24.22
trn_182259,0,7,494,81,55,55,50,1.0,0.16,-8.26
trn_182259,0,5,481,83,76,69,59,0.84,0.17,-132.2
trn_182259,0,8,323,50,38,33,29,0.99,0.15,-92.61
trn_182259,0,4,210,29,31,38,24,0.69,0.14,-66.52
trn_182259,0,9,142,16,15,20,15,1.0,0.11,-4.62
trn_182259,0,10,74,6,6,3,6,0.7,0.08,-32.0
trn_182259,0,3,31,1,4,4,4,0.31,0.03,-20.0
trn_182259,0,11,24,2,1,5,3,0.57,0.08,-12.5
trn_182259,0,2,13,0,1,2,3,0.0,0.0,-13.0
trn_182259,0,12,8,0,0,1,1,0.0,0.0,-8.0
trn_301977,0,5,952,180,164,127,121,0.85,0.19,-277.85
trn_301977,0,6,939,209,148,139,99,0.96,0.22,-123.84
trn_301977,0,7,592,109,79,72,78,0.94,0.18,-72.59
trn_301977,0,4,457,68,82,63,69,0.71,0.15,-190.28
trn_301977,0,8,380,63,48,54,43,0.92,0.17,-55.56
trn_301977,0,9,258,35,38,36,33,0.8,0.14,-62.77
trn_301977,0,10,98,17,9,14,12,1.14,0.17,21.66
trn_301977,0,3,69,9,11,5,9,0.84,0.13,-38.54
trn_301977,0,11,32,4,4,5,6,0.75,0.12,-11.9
trn_301977,0,2,9,0,0,2,0,0.0,0.0,-9.0
trn_301977,0,12,7,0,1,3,0,0.0,0.0,-7.0
trn_301977,0,13,5,1,1,0,0,1.54,0.2,0.0
trn_198099,0,5,957,131,129,118,92,0.78,0.14,-267.8
trn_198099,0,6,818,144,119,104,81,0.95,0.18,-155.78
trn_198099,0,4,535,87,82,79,49,0.82,0.16,-56.15
trn_198099,0,7,520,73,75,67,43,0.89,0.14,-60.19
trn_198099,0,8,322,27,43,44,36,0.57,0.08,-143.58
trn_198099,0,9,144,20,21,15,13,0.91,0.14,-25.35
trn_198099,0,3,67,8,8,9,11,0.7,0.12,-24.37
trn_198099,0,10,58,3,7,3,6,0.39,0.05,-47.62
trn_198099,0,2,56,8,10,7,6,1.21,0.14,13.62
trn_198099,0,11,17,3,2,1,0,1.28,0.18,8.33
trn_198099,0,12,7,2,0,2,0,1.37,0.29,7.33
trn_198099,0,13,6,0,0,0,1,0.0,0.0,-6.0
trn_342864,0,5,137,14,18,18,17,0.8,0.1,-12.67
trn_342864,0,6,124,13,16,19,16,0.76,0.1,-51.29
trn_342864,0,7,77,15,12,6,6,1.32,0.19,29.93
trn_342864,0,8,57,7,9,11,6,0.71,0.12,-37.06
trn_342864,0,9,41,4,4,5,5,0.98,0.1,-11.25
trn_342864,0,4,40,3,3,3,11,0.65,0.07,-28.87
trn_342864,0,10,20,3,3,1,1,1.16,0.15,1.0
trn_342864,0,11,11,2,1,1,2,1.81,0.18,-3.25
trn_342864,0,13,9,2,0,0,2,2.15,0.22,44.5
trn_342864,0,12,8,0,2,2,1,0.0,0.0,-8.0
trn_342864,0,3,2,0,0,1,0,0.0,0.0,-2.0
trn_84249,0,5,376,27,34,29,22,0.89,0.07,-140.82
trn_84249,0,4,369,13,15,29,23,0.62,0.04,-234.0
trn_84249,0,6,300,25,20,30,32,0.99,0.08,10.63
trn_84249,0,7,284,27,28,32,25,1.01,0.1,-6.5
trn_84249,0,3,258,11,11,12,19,0.85,0.04,-136.75
trn_84249,0,8,237,19,21,17,23,0.96,0.08,-24.75
trn_84249,0,9,153,9,9,20,17,0.7,0.06,-71.0
trn_84249,0,2,113,3,2,9,6,0.63,0.03,-90.5
trn_84249,0,10,89,8,6,9,6,1.35,0.09,18.75
trn_84249,0,11,41,2,1,1,4,0.98,0.05,-17.5
trn_84249,0,13,7,0,0,0,0,0.0,0.0,-7.0
trn_84249,0,12,4,0,0,1,0,0.0,0.0,-4.0
trn_225468,0,3,490,37,38,40,54,0.75,0.08,-158.09
trn_225468,0,2,333,23,29,26,31,0.81,0.07,-49.7
trn_225468,0,4,305,29,32,28,30,0.86,0.1,-101.93
trn_225468,0,5,158,17,18,20,20,0.83,0.11,-66.49
trn_225468,0,6,83,9,11,8,9,0.89,0.11,17.75
trn_225468,0,7,57,4,6,1,9,0.58,0.07,-29.31
trn_225468,0,8,27,1,6,1,6,0.38,0.04,-20.0
trn_225468,0,9,16,2,0,2,3,1.02,0.12,-7.5
trn_354483,0,3,187,21,23,21,14,0.82,0.11,-99.56
trn_354483,0,4,161,26,20,20,15,1.06,0.16,-7.13
trn_354483,0,5,116,12,8,15,16,0.76,0.1,-10.59
trn_354483,0,6,72,9,7,9,7,0.94,0.12,3.83
trn_354483,0,2,66,6,5,6,7,1.07,0.09,-11.12
trn_354483,0,7,60,3,8,10,4,0.39,0.05,-44.0
trn_354483,0,8,28,3,1,2,6,0.98,0.11,-0.5
trn_354483,0,10,13,0,2,0,2,0.0,0.0,-13.0
trn_354483,0,9,8,0,0,0,2,0.0,0.0,-8.0
trn_354483,0,11,1,0,0,0,1,0.0,0.0,-1.0
trn_81027,0,3,3404,431,468,448,454,0.85,0.13,-619.13
trn_81027,0,2,1819,236,239,265,228,0.9,0.13,-83.76
trn_81027,0,4,1087,132,139,118,137,0.82,0.12,-210.9
trn_81027,0,5,446,53,70,62,45,0.83,0.12,-138.1
trn_81027,0,6,232,28,20,37,28,0.93,0.12,30.3
trn_81027,0,7,91,14,11,8,7,1.11,0.15,-9.74
trn_81027,0,8,34,1,5,5,4,0.22,0.03,-32.83
trn_81027,0,9,17,1,0,6,2,0.44,0.06,-12.67
trn_81027,0,10,1,0,0,0,0,0.0,0.0,-1.0
trn_249669,0,5,521,98,81,69,58,1.03,0.19,236.1
trn_249669,0,4,401,47,52,44,39,0.74,0.12,-140.23
trn_249669,0,6,371,83,43,38,31,1.11,0.22,1.27
trn_249669,0,7,234,41,41,19,34,0.94,0.18,-24.72
trn_249669,0,8,123,16,21,15,14,0.8,0.13,-13.27
trn_249669,0,9,83,15,9,11,11,1.05,0.18,21.02
trn_249669,0,3,36,6,2,7,2,0.93,0.17,-10.63
trn_249669,0,10,26,3,5,2,2,0.65,0.12,-13.67
trn_249669,0,11,1,0,0,0,1,0.0,0.0,-1.0
trn_363870,0,6,7,0,1,0,0,0.0,0.0,-7.0
trn_363870,0,5,4,0,0,0,0,0.0,0.0,-4.0
trn_363870,0,4,4,0,0,0,0,0.0,0.0,-4.0
trn_363870,0,8,2,0,0,0,2,0.0,0.0,-2.0
trn_363870,0,9,2,0,0,0,0,0.0,0.0,-2.0
trn_363870,0,7,2,0,0,0,0,0.0,0.0,-2.0
trn_363870,0,3,1,0,0,0,0,0.0,0.0,-1.0
trn_363870,0,10,1,0,0,0,0,0.0,0.0,-1.0
trn_308259,0,5,120,23,11,13,13,1.29,0.19,56.55
trn_308259,0,6,110,15,26,8,12,0.82,0.14,-21.7
trn_308259,0,7,103,11,10,18,9,0.82,0.11,-51.65
trn_308259,0,8,50,5,6,9,6,0.66,0.1,-7.0
trn_308259,0,4,41,8,9,4,4,1.38,0.2,5.35
trn_308259,0,9,39,11,2,4,1,2.34,0.28,74.0
trn_308259,0,10,23,1,2,1,1,0.52,0.04,-12.0
trn_308259,0,11,10,1,1,0,1,1.44,0.1,9.0
trn_308259,0,12,6,0,1,0,0,0.0,0.0,-6.0
trn_308259,0,3,5,1,1,0,1,1.33,0.2,-1.88
trn_308259,0,13,1,0,0,0,1,0.0,0.0,-1.0
trn_140535,0,6,543,58,60,52,53,0.9,0.11,-177.02
trn_140535,0,7,513,67,65,58,56,0.9,0.13,-132.86
trn_140535,0,5,463,32,25,59,57,0.79,0.07,-245.16
trn_140535,0,8,420,54,59,61,50,0.93,0.13,-54.52
trn_140535,0,9,372,49,43,42,34,1.1,0.13,96.46
trn_140535,0,10,274,39,33,27,42,1.2,0.14,90.42
trn_140535,0,11,146,16,11,20,15,1.11,0.11,8.33
trn_140535,0,4,129,7,9,13,16,0.74,0.05,-76.17
trn_140535,0,12,95,3,17,13,10,0.36,0.03,-75.25
trn_140535,0,13,44,4,2,11,6,0.97,0.09,-12.0
trn_140535,0,3,8,0,0,3,3,0.0,0.0,-8.0
trn_140535,0,14,7,1,1,3,0,1.25,0.14,-5.0
trn_140535,0,15,2,0,0,1,0,0.0,0.0,-2.0
trn_355338,0,5,318,45,29,31,30,0.98,0.14,-75.31
trn_355338,0,6,281,52,32,29,30,1.01,0.19,-31.78
trn_355338,0,7,200,38,39,29,18,1.03,0.19,32.86
trn_355338,0,4,184,17,12,20,18,0.83,0.09,-38.05
trn_355338,0,8,104,18,13,13,18,0.97,0.17,-2.79
trn_355338,0,3,76,4,2,12,16,0.55,0.05,-62.06
trn_355338,0,9,38,3,1,8,5,0.72,0.08,-8.5
trn_355338,0,2,22,0,0,1,0,0.0,0.0,-22.0
trn_355338,0,10,11,1,4,0,1,0.75,0.09,4.0
trn_355338,0,13,3,0,0,2,1,0.0,0.0,-3.0
trn_355338,0,11,1,0,1,0,0,0.0,0.0,-1.0
trn_161406,0,2,2808,352,350,364,344,0.86,0.13,-457.49
trn_161406,0,3,2237,286,264,230,220,0.89,0.13,-378.06
trn_161406,0,4,924,118,107,99,91,0.89,0.13,-184.39
trn_161406,0,5,440,69,54,46,38,1.04,0.16,-38.29
trn_161406,0,6,227,23,23,26,25,0.79,0.1,-41.47
trn_161406,0,7,142,23,22,19,8,1.02,0.16,12.35
trn_161406,0,8,91,12,16,8,9,0.79,0.13,-35.34
trn_161406,0,9,45,7,12,10,3,0.8,0.16,-10.75
trn_161406,0,10,32,7,6,1,0,1.49,0.22,12.42
trn_161406,0,11,3,2,0,0,0,2.26,0.67,2.75
trn_227025,0,4,376,31,27,34,37,0.91,0.08,-77.17
trn_227025,0,5,365,24,35,30,29,0.68,0.07,-202.63
trn_227025,0,3,315,23,25,19,15,1.08,0.07,48.23
trn_227025,0,6,311,24,38,34,23,0.6,0.08,-159.33
trn_227025,0,7,177,19,26,18,18,0.98,0.11,-34.0
trn_227025,0,8,144,16,15,16,14,1.01,0.11,-9.72
trn_227025,0,9,107,8,13,13,17,0.75,0.07,-46.75
trn_227025,0,2,95,1,6,6,6,0.19,0.01,-61.0
trn_227025,0,10,73,2,5,8,6,0.29,0.03,-49.38
trn_227025,0,11,44,2,6,4,6,0.51,0.05,0.0
trn_227025,0,12,21,0,0,3,2,0.0,0.0,-21.0
trn_338886,0,4,121,9,9,6,10,0.85,0.07,-7.0
trn_338886,0,5,78,6,8,7,4,0.77,0.08,-49.34
trn_338886,0,3,71,6,3,8,5,0.84,0.08,-5.5
trn_338886,0,6,31,3,2,5,3,1.08,0.1,-4.5
trn_338886,0,2,25,0,0,0,3,0.0,0.0,-25.0
trn_338886,0,7,19,4,0,4,1,2.29,0.21,30.25
trn_338886,0,8,1,0,0,0,0,0.0,0.0,-1.0
trn_338886,0,12,1,0,0,0,0,0.0,0.0,-1.0
trn_355347,0,4,151,20,16,20,22,0.83,0.13,-78.22
trn_355347,0,3,124,13,11,12,14,0.94,0.1,-26.02
trn_355347,0,2,90,8,2,13,15,1.02,0.09,-18.5
trn_355347,0,5,60,10,9,10,12,0.86,0.17,-16.47
trn_355347,0,6,37,5,7,7,5,0.82,0.14,-7.12
trn_355347,0,7,24,6,5,3,1,1.25,0.25,12.25
trn_355347,0,8,19,1,1,3,5,0.4,0.05,-12.0
trn_355347,0,9,3,1,0,0,1,5.95,0.33,8.0
trn_355347,0,10,1,0,0,0,0,0.0,0.0,-1.0
trn_138159,0,4,116,5,11,6,9,0.52,0.04,-81.75
trn_138159,0,3,94,3,6,5,7,0.52,0.03,-85.18
trn_138159,0,5,91,11,9,8,10,1.06,0.12,36.23
trn_138159,0,6,63,7,4,6,8,0.85,0.11,-27.93
trn_138159,0,7,32,2,2,3,4,0.59,0.06,-9.0
trn_138159,0,8,16,2,1,3,1,1.46,0.12,21.0
trn_138159,0,2,15,0,0,0,1,0.0,0.0,-15.0
trn_138159,0,9,11,1,2,1,1,0.53,0.09,-6.0
trn_138159,0,11,3,0,0,0,0,0.0,0.0,-3.0
trn_138159,0,10,3,0,1,1,0,0.0,0.0,-3.0
trn_360765,0,5,114,22,25,14,11,0.86,0.19,-36.96
trn_360765,0,6,108,24,22,13,11,0.9,0.22,-41.94
trn_360765,0,4,87,21,6,12,15,1.12,0.24,11.59
trn_360765,0,7,84,21,14,8,7,1.05,0.25,33.63
trn_360765,0,8,34,5,4,0,6,0.88,0.15,-14.77
trn_360765,0,3,23,6,4,2,5,1.06,0.26,-3.84
trn_360765,0,9,14,3,2,0,1,1.24,0.21,2.25
trn_360765,0,10,5,0,0,0,1,0.0,0.0,-5.0
trn_360765,0,12,2,0,1,0,0,0.0,0.0,-2.0
trn_171756,0,5,600,36,46,41,47,0.67,0.06,-319.3
trn_171756,0,6,529,44,46,36,39,0.87,0.08,-73.09
trn_171756,0,4,509,35,38,41,41,0.75,0.07,-197.81
trn_171756,0,3,398,22,30,25,27,0.8,0.06,-226.61
trn_171756,0,7,351,30,33,36,28,0.81,0.09,-40.36
trn_171756,0,8,211,13,14,13,21,0.67,0.06,-102.0
trn_171756,0,2,131,6,1,8,4,0.85,0.05,-77.92
trn_171756,0,9,107,8,6,4,7,0.88,0.07,-52.92
trn_171756,0,10,29,1,1,2,5,0.45,0.03,-24.0
trn_171756,0,11,6,0,1,0,0,0.0,0.0,-6.0
trn_171756,0,12,3,0,0,1,0,0.0,0.0,-3.0
trn_362502,0,4,25,2,3,2,1,0.79,0.08,-18.17
trn_362502,0,3,22,1,2,2,1,1.13,0.05,-15.5
trn_362502,0,5,17,2,1,2,0,2.14,0.12,9.0
trn_362502,0,9,4,0,0,0,0,0.0,0.0,-4.0
trn_362502,0,10,2,0,0,0,0,0.0,0.0,-2.0
trn_362502,0,6,2,0,0,0,0,0.0,0.0,-2.0
trn_362502,0,7,1,0,0,0,0,0.0,0.0,-1.0
trn_329184,0,4,71,3,7,7,3,0.5,0.04,-59.92
trn_329184,0,6,59,5,4,5,5,0.84,0.08,-22.62
trn_329184,0,5,57,2,4,2,10,0.57,0.04,-23.0
trn_329184,0,7,26,1,4,2,3,0.42,0.04,-20.0
trn_329184,0,8,22,7,5,2,2,1.86,0.32,6.75
trn_329184,0,3,17,1,0,4,2,1.43,0.06,-5.0
trn_329184,0,10,10,1,1,1,2,0.66,0.1,-6.5
trn_329184,0,9,9,0,2,2,3,0.0,0.0,-9.0
trn_329184,0,11,3,2,0,0,1,3.54,0.67,4.75
trn_329184,0,2,2,0,0,0,0,0.0,0.0,-2.0
trn_298674,0,5,376,32,34,28,39,0.81,0.09,-73.66
trn_298674,0,6,376,33,45,33,29,0.65,0.09,-192.31
trn_298674,0,7,295,38,36,30,30,0.91,0.13,-86.82
trn_298674,0,8,201,21,19,21,11,0.89,0.1,-59.25
trn_298674,0,4,193,11,11,14,18,0.81,0.06,-68.8
trn_298674,0,9,114,13,9,7,9,1.26,0.11,55.0
trn_298674,0,10,77,7,5,13,6,0.74,0.09,-31.17
trn_298674,0,3,41,1,1,2,3,0.37,0.02,-38.38
trn_298674,0,11,31,3,2,2,2,1.1,0.1,4.0
trn_298674,0,12,15,2,2,1,2,1.3,0.13,-6.5
trn_298674,0,2,4,0,0,0,1,0.0,0.0,-4.0
trn_11763,0,6,643,95,73,84,70,0.98,0.15,-128.49
trn_11763,0,5,557,46,46,62,75,0.86,0.08,-94.73
trn_11763,0,7,534,90,73,79,52,1.03,0.17,12.57
trn_11763,0,8,365,63,48,43,40,1.09,0.17,0.79
trn_11763,0,9,238,31,43,28,21,0.9,0.13,-28.04
trn_11763,0,4,193,18,10,15,20,1.14,0.09,-41.87
trn_11763,0,10,189,21,29,27,24,0.8,0.11,-76.06
trn_11763,0,11,120,18,12,14,15,1.31,0.15,46.41
trn_11763,0,12,37,6,2,6,4,1.51,0.16,15.5
trn_11763,0,3,30,2,1,4,5,0.9,0.07,-19.17
trn_11763,0,13,22,1,3,4,5,0.47,0.05,-12.0
trn_11763,0,2,1,0,0,0,0,0.0,0.0,-1.0
trn_247500,0,5,476,29,28,46,48,0.87,0.06,-188.63
trn_247500,0,6,462,34,36,45,37,0.83,0.07,-115.79
trn_247500,0,4,446,26,21,42,42,0.89,0.06,-190.05
trn_247500,0,7,357,32,40,44,38,0.83,0.09,-86.3
trn_247500,0,8,280,24,22,33,31,0.85,0.09,-53.67
trn_247500,0,9,148,14,18,16,16,0.87,0.09,-31.37
trn_247500,0,3,141,9,4,8,16,1.16,0.06,-30.5
trn_247500,0,10,133,10,17,15,12,0.85,0.08,-28.5
trn_247500,0,11,79,8,9,8,10,0.85,0.1,-49.64
trn_247500,0,12,17,1,1,4,0,0.64,0.06,-13.0
trn_247500,0,13,8,1,0,2,0,1.48,0.12,1.0
trn_247500,0,2,5,0,0,0,0,0.0,0.0,-5.0
trn_243315,0,6,34,1,1,3,5,0.55,0.03,-24.5
trn_243315,0,5,32,0,0,0,1,0.0,0.0,-32.0
trn_243315,0,7,26,1,1,2,2,0.88,0.04,-14.0
trn_243315,0,4,23,0,0,1,0,0.0,0.0,-23.0
trn_243315,0,8,17,0,2,3,0,0.0,0.0,-17.0
trn_243315,0,9,16,0,0,0,2,0.0,0.0,-16.0
trn_243315,0,11,9,0,0,2,2,0.0,0.0,-9.0
trn_243315,0,10,8,0,0,0,0,0.0,0.0,-8.0
trn_243315,0,12,4,1,1,0,0,3.08,0.25,5.5
trn_243315,0,3,3,0,0,1,1,0.0,0.0,-3.0
trn_243315,0,13,3,0,0,0,0,0.0,0.0,-3.0
trn_11565,0,3,3549,360,401,362,355,0.79,0.1,-998.09
trn_11565,0,5,3241,360,345,344,310,0.83,0.11,-833.72
trn_11565,0,4,2738,265,302,263,270,0.76,0.1,-813.26
trn_11565,0,6,2360,290,276,252,224,0.86,0.12,-509.33
trn_11565,0,2,2010,227,220,206,229,0.87,0.11,-450.57
trn_11565,0,7,1301,163,159,133,113,0.86,0.13,-320.42
trn_11565,0,8,736,64,89,77,73,0.67,0.09,-340.43
trn_11565,0,9,309,30,31,30,27,0.74,0.1,-142.58
trn_11565,0,10,94,6,6,5,10,0.56,0.06,-76.24
trn_11565,0,11,23,3,4,1,2,0.6,0.13,-17.88
trn_11565,0,12,5,0,0,0,0,0.0,0.0,-5.0
trn_117756,0,5,554,37,32,38,27,0.91,0.07,-220.42
trn_117756,0,6,451,24,33,33,39,0.7,0.05,-277.56
trn_117756,0,7,319,24,24,24,24,0.93,0.08,-88.63
trn_117756,0,4,276,2,10,7,19,0.17,0.01,-264.0
trn_117756,0,8,164,10,14,12,16,0.81,0.06,-78.42
trn_117756,0,9,52,4,2,3,3,1.08,0.08,-29.75
trn_117756,0,3,28,1,2,2,1,0.82,0.04,-22.5
trn_117756,0,10,27,0,2,5,2,0.0,0.0,-27.0
trn_117756,0,11,15,1,0,0,1,2.2,0.07,11.0
trn_117756,0,12,13,0,0,4,1,0.0,0.0,-13.0
trn_117756,0,13,6,0,0,0,1,0.0,0.0,-6.0
trn_117756,0,2,4,0,0,0,0,0.0,0.0,-4.0
trn_117756,0,14,2,0,0,0,0,0.0,0.0,-2.0
trn_69498,0,5,236,14,11,17,16,0.83,0.06,-106.44
trn_69498,0,4,170,13,10,14,14,1.0,0.08,-52.0
trn_69498,0,3,131,7,7,8,11,0.97,0.05,-67.5
trn_69498,0,6,125,12,6,8,12,1.03,0.1,-14.24
trn_69498,0,7,102,8,10,6,6,0.84,0.08,-2.12
trn_69498,0,8,89,13,13,9,3,1.09,0.15,2.84
trn_69498,0,10,72,3,5,8,8,0.49,0.04,-58.5
trn_69498,0,9,60,10,7,4,5,1.55,0.17,27.08
trn_69498,0,2,32,0,3,0,1,0.0,0.0,-32.0
trn_69498,0,11,24,3,1,2,2,1.28,0.12,-4.75
trn_69498,0,12,11,0,0,0,2,0.0,0.0,-11.0
trn_238266,0,7,140,12,6,15,20,0.88,0.09,-48.75
trn_238266,0,6,139,10,9,11,8,1.02,0.07,-35.42
trn_238266,0,8,110,13,12,15,13,0.98,0.12,0.62
trn_238266,0,5,110,5,7,5,9,0.79,0.05,-47.0
trn_238266,0,9,63,3,3,7,7,0.57,0.05,-43.25
trn_238266,0,4,44,0,2,2,4,0.0,0.0,-44.0
trn_238266,0,10,24,1,2,1,2,0.49,0.04,-15.5
trn_238266,0,11,17,1,1,0,1,1.33,0.06,9.0
trn_238266,0,3,4,0,0,0,0,0.0,0.0,-4.0
trn_238266,0,12,2,0,0,0,0,0.0,0.0,-2.0
trn_130941,0,5,576,31,47,62,39,0.6,0.05,-331.21
trn_130941,0,6,493,28,29,36,40,0.71,0.06,-187.25
trn_130941,0,4,491,23,31,42,42,0.63,0.05,-259.34
trn_130941,0,7,392,30,23,21,35,0.89,0.08,-102.37
trn_130941,0,3,307,11,13,11,24,0.66,0.04,-126.25
trn_130941,0,8,217,9,13,17,18,0.66,0.04,-36.0
trn_130941,0,2,168,4,1,7,13,0.54,0.02,-132.0
trn_130941,0,9,98,2,8,9,12,0.27,0.02,-79.5
trn_130941,0,10,20,0,1,2,1,0.0,0.0,-20.0
trn_130941,0,14,3,0,0,1,0,0.0,0.0,-3.0
trn_130941,0,12,2,0,0,0,0,0.0,0.0,-2.0
trn_130941,0,11,2,0,0,1,0,0.0,0.0,-2.0
trn_345096,0,4,97,3,10,5,6,0.37,0.03,-74.25
trn_345096,0,5,85,6,10,8,13,0.57,0.07,-47.25
trn_345096,0,3,70,2,4,10,7,0.35,0.03,-54.5
trn_345096,0,8,40,4,5,7,4,1.01,0.1,61.75
trn_345096,0,7,29,1,2,7,2,0.43,0.03,-20.0
trn_345096,0,6,29,3,2,3,4,0.78,0.1,-15.17
trn_345096,0,9,25,4,6,1,4,1.44,0.16,13.83
trn_345096,0,10,21,0,4,1,1,0.0,0.0,-21.0
trn_345096,0,2,13,1,1,0,1,2.03,0.08,0.0
trn_171504,0,4,268,25,22,20,37,0.83,0.09,-31.3
trn_171504,0,5,227,21,27,14,18,0.95,0.09,-56.5
trn_171504,0,3,224,13,18,18,23,0.79,0.06,-80.17
trn_171504,0,6,199,10,16,21,24,0.58,0.05,-119.25
trn_171504,0,7,106,4,11,7,15,0.46,0.04,-22.5
trn_171504,0,9,76,1,4,9,7,0.23,0.01,-69.0
trn_171504,0,8,70,2,6,8,7,0.36,0.03,-60.5
trn_171504,0,2,63,2,6,3,7,0.52,0.03,-57.27
trn_171504,0,10,31,2,4,6,2,0.68,0.06,-5.0
trn_171504,0,11,25,0,4,5,5,0.0,0.0,-25.0
trn_171504,0,12,17,1,2,2,3,0.82,0.06,-10.0
trn_171504,0,13,5,2,0,0,0,6.02,0.4,21.0
trn_110025,0,3,1099,95,102,136,107,0.82,0.09,-286.18
trn_110025,0,4,1012,110,109,98,117,0.88,0.11,-225.72
trn_110025,0,5,633,74,86,70,75,0.85,0.12,-56.55
trn_110025,0,6,372,43,35,38,31,0.94,0.12,-50.39
trn_110025,0,2,356,31,38,25,36,1.04,0.09,-48.6
trn_110025,0,7,171,23,14,14,18,1.22,0.13,28.36
trn_110025,0,8,87,8,10,10,8,0.9,0.09,-18.5
trn_110025,0,9,49,4,6,3,7,0.75,0.08,-26.0
trn_110025,0,10,34,2,9,1,1,0.75,0.06,-11.0
trn_110025,0,11,18,0,1,0,1,0.0,0.0,-18.0
trn_321390,0,4,191,12,15,17,21,0.72,0.06,-63.5
trn_321390,0,5,186,14,20,23,17,0.66,0.08,-78.25
trn_321390,0,6,152,10,15,13,10,0.68,0.07,-62.38
trn_321390,0,7,150,5,16,13,16,0.37,0.03,-106.0
trn_321390,0,8,119,8,8,12,12,0.79,0.07,-54.5
trn_321390,0,3,78,3,4,7,9,0.6,0.04,-60.25
trn_321390,0,2,37,3,2,6,5,1.16,0.08,-11.0
trn_321390,0,9,23,0,1,2,3,0.0,0.0,-23.0
trn_81324,0,3,5634,718,723,675,648,0.81,0.13,-1665.74
trn_81324,0,2,3243,331,341,356,318,0.81,0.1,-1274.7
trn_81324,0,4,1544,190,198,177,162,0.88,0.12,-303.0
trn_81324,0,5,538,60,66,72,68,0.82,0.11,-142.47
trn_81324,0,6,180,23,18,19,21,1.04,0.13,-5.1
trn_81324,0,7,88,6,5,17,16,0.64,0.07,-46.0
trn_81324,0,9,30,0,3,1,3,0.0,0.0,-30.0
trn_81324,0,8,29,3,2,5,4,1.09,0.1,-0.5
trn_344619,0,3,1454,316,238,185,150,0.92,0.22,-272.93
trn_344619,0,2,596,116,113,70,60,0.83,0.19,-62.59
trn_344619,0,4,312,60,64,41,28,0.85,0.19,11.06
trn_344619,0,5,99,16,18,13,9,0.8,0.16,-13.36
trn_344619,0,6,19,2,3,4,5,0.51,0.11,-13.14
trn_344619,0,7,15,6,1,4,3,1.18,0.4,2.83
trn_344619,0,8,9,1,2,2,0,0.53,0.11,-6.5
trn_4374,0,3,1203,35,49,63,82,0.56,0.03,-747.88
trn_4374,0,4,1184,54,57,75,100,0.73,0.05,-530.87
trn_4374,0,5,819,41,47,62,63,0.72,0.05,-243.87
trn_4374,0,2,737,21,32,50,53,0.53,0.03,-466.17
trn_4374,0,6,523,29,30,44,53,0.75,0.06,-202.79
trn_4374,0,7,377,16,26,32,32,0.6,0.04,-177.0
trn_4374,0,8,228,11,9,11,22,0.74,0.05,-88.3
trn_4374,0,9,134,4,3,9,15,0.51,0.03,-93.0
trn_4374,0,10,95,2,9,9,11,0.3,0.02,-67.0
trn_4374,0,11,59,2,8,4,6,0.45,0.03,-42.0
trn_4374,0,12,18,0,1,1,1,0.0,0.0,-18.0
trn_4374,0,13,6,0,0,0,0,0.0,0.0,-6.0
trn_126216,0,7,282,21,30,20,23,0.83,0.07,-96.05
trn_126216,0,5,272,22,41,34,24,0.72,0.08,-97.75
trn_126216,0,6,267,20,30,34,33,0.72,0.07,-69.3
trn_126216,0,4,173,13,13,14,19,0.76,0.08,-101.12
trn_126216,0,8,171,22,19,6,16,1.37,0.13,-6.0
trn_126216,0,9,115,8,10,11,8,0.83,0.07,-14.62
trn_126216,0,3,75,4,6,10,5,0.73,0.05,-56.87
trn_126216,0,10,61,7,2,7,8,1.16,0.11,-24.75
trn_126216,0,11,30,1,4,4,4,0.39,0.03,-28.09
trn_126216,0,12,9,1,0,3,1,1.31,0.11,4.0
trn_126216,0,13,5,0,1,1,1,0.0,0.0,-5.0
trn_126216,0,14,2,0,0,0,0,0.0,0.0,-2.0
trn_264843,0,6,45,3,2,5,1,1.32,0.07,-14.75
trn_264843,0,5,44,0,1,2,5,0.0,0.0,-44.0
trn_264843,0,7,29,2,2,7,4,0.56,0.07,14.25
trn_264843,0,4,14,0,0,1,1,0.0,0.0,-14.0
trn_264843,0,8,13,0,1,2,3,0.0,0.0,-13.0
trn_264843,0,9,9,0,1,0,0,0.0,0.0,-9.0
trn_264843,0,10,3,0,0,0,0,0.0,0.0,-3.0
trn_264843,0,11,1,0,0,0,1,0.0,0.0,-1.0
trn_91188,0,7,138,5,9,7,25,0.55,0.04,-91.5
trn_91188,0,6,135,3,7,7,14,0.47,0.02,-104.75
trn_91188,0,5,135,5,4,9,10,0.84,0.04,-80.5
trn_91188,0,9,113,8,15,12,12,0.79,0.07,-46.17
trn_91188,0,8,110,3,5,8,9,0.53,0.03,-10.0
trn_91188,0,10,102,4,5,9,9,0.66,0.04,-70.0
trn_91188,0,4,97,3,3,2,8,0.7,0.03,-80.5
trn_91188,0,11,60,0,5,7,9,0.0,0.0,-60.0
trn_91188,0,12,46,2,2,2,11,0.85,0.04,-24.5
trn_91188,0,3,30,0,2,0,2,0.0,0.0,-30.0
trn_91188,0,13,9,0,0,1,2,0.0,0.0,-9.0
trn_91188,0,2,4,0,1,0,0,0.0,0.0,-4.0
trn_288027,0,6,6,0,1,0,0,0.0,0.0,-6.0
trn_288027,0,5,6,2,0,0,1,4.11,0.33,15.33
trn_288027,0,11,3,1,0,0,0,3.27,0.33,1.5
trn_288027,0,9,3,2,0,0,0,2.91,0.67,4.38
trn_288027,0,8,3,1,0,1,0,1.94,0.33,1.0
trn_288027,0,4,2,0,0,0,0,0.0,0.0,-2.0
trn_288027,0,13,2,0,0,0,1,0.0,0.0,-2.0
trn_288027,0,12,2,0,0,0,0,0.0,0.0,-2.0
trn_288027,0,10,2,0,0,1,0,0.0,0.0,-2.0
trn_58545,0,4,610,72,79,68,68,1.03,0.12,38.97
trn_58545,0,5,441,47,55,53,46,0.93,0.11,-80.98
trn_58545,0,6,312,31,37,32,32,0.81,0.1,-100.4
trn_58545,0,3,304,35,27,32,33,1.17,0.12,87.12
trn_58545,0,7,157,15,16,17,18,0.94,0.1,-59.86
trn_58545,0,8,88,5,15,15,8,0.48,0.06,-47.5
trn_58545,0,9,46,2,7,5,4,0.43,0.04,-28.0
trn_58545,0,11,23,4,5,0,1,1.55,0.17,-0.62
trn_58545,0,10,19,1,1,3,4,0.58,0.05,-10.0
trn_58545,0,2,15,0,1,1,1,0.0,0.0,-15.0
trn_58545,0,12,7,0,0,0,0,0.0,0.0,-7.0
trn_145872,0,6,256,27,25,27,24,1.02,0.11,-43.05
trn_145872,0,5,214,16,13,22,29,0.9,0.07,-89.37
trn_145872,0,7,197,20,24,22,20,0.91,0.1,-49.21
trn_145872,0,8,183,25,11,21,27,1.0,0.14,26.24
trn_145872,0,4,94,2,7,10,11,0.3,0.02,-79.0
trn_145872,0,9,81,12,7,8,12,1.19,0.15,11.0
trn_145872,0,10,71,6,7,7,10,0.87,0.08,6.83
trn_145872,0,11,32,5,7,2,5,1.46,0.16,-4.42
trn_145872,0,12,23,4,3,2,2,1.29,0.17,-9.78
trn_145872,0,3,19,2,3,1,3,1.21,0.11,-3.0
trn_145872,0,13,3,0,0,0,0,0.0,0.0,-3.0
trn_52785,0,9,31,11,7,1,4,1.33,0.35,58.06
trn_52785,0,8,18,4,4,1,1,0.94,0.22,-8.84
trn_52785,0,10,17,4,1,2,0,1.53,0.24,-4.5
trn_52785,0,12,16,1,1,1,2,0.88,0.06,7.0
trn_52785,0,11,15,1,1,0,0,0.43,0.07,-12.0
trn_52785,0,13,6,0,1,0,0,0.0,0.0,-6.0
trn_52785,0,6,1,0,0,0,1,0.0,0.0,-1.0
trn_52785,0,7,1,0,1,0,0,0.0,0.0,-1.0
trn_52785,0,14,1,0,0,0,0,0.0,0.0,-1.0
trn_379359,0,12,2,0,0,1,1,0.0,0.0,-2.0
trn_379359,0,8,1,0,1,0,0,0.0,0.0,-1.0
trn_370242,0,11,5,0,0,1,1,0.0,0.0,-5.0
trn_370242,0,10,4,0,1,1,0,0.0,0.0,-4.0
trn_370242,0,8,3,0,1,0,0,0.0,0.0,-3.0
trn_370242,0,12,1,0,0,0,0,0.0,0.0,-1.0
trn_296325,0,10,7,0,2,2,1,0.0,0.0,-7.0
trn_296325,0,11,7,1,2,0,1,0.68,0.14,-5.0
trn_296325,0,9,6,0,0,1,3,0.0,0.0,-6.0
trn_296325,0,13,3,0,0,0,1,0.0,0.0,-3.0
trn_296325,0,12,2,0,0,1,0,0.0,0.0,-2.0
trn_296325,0,8,1,0,0,0,0,0.0,0.0,-1.0
trn_296325,0,4,1,0,0,0,0,0.0,0.0,-1.0
trn_296325,0,6,1,0,0,0,1,0.0,0.0,-1.0
trn_362952,0,5,2,0,0,1,0,0.0,0.0,-2.0
trn_362952,0,8,2,0,0,0,0,0.0,0.0,-2.0
trn_362952,0,7,1,0,0,0,0,0.0,0.0,-1.0
trn_96525,0,11,16,1,6,4,1,0.32,0.06,-13.75
trn_96525,0,8,14,6,1,2,1,1.44,0.43,6.93
trn_96525,0,9,13,1,3,0,2,0.66,0.08,-10.62
trn_96525,0,12,10,1,0,1,2,0.55,0.1,-8.43
trn_96525,0,10,9,1,1,2,0,0.74,0.11,2.0
trn_96525,0,7,6,0,2,1,0,0.0,0.0,-6.0
trn_96525,0,6,6,4,0,1,0,2.08,0.67,5.82
trn_96525,0,13,1,0,1,0,0,0.0,0.0,-1.0
trn_172512,0,11,27,1,7,4,3,0.31,0.04,-17.0
trn_172512,0,10,18,4,5,3,0,1.3,0.22,-0.89
trn_172512,0,12,11,0,0,2,2,0.0,0.0,-11.0
trn_172512,0,9,11,2,1,1,1,1.77,0.18,3.5
trn_172512,0,13,5,0,1,1,0,0.0,0.0,-5.0
trn_172512,0,8,5,0,0,0,1,0.0,0.0,-5.0
trn_172512,0,7,5,0,0,2,1,0.0,0.0,-5.0
trn_172512,0,14,2,1,0,0,0,5.22,0.5,6.0
trn_172512,0,15,1,0,0,0,1,0.0,0.0,-1.0
trn_20205,0,9,50,10,4,13,3,0.89,0.2,-7.4
trn_20205,0,11,35,3,6,4,3,0.65,0.09,-24.8
trn_20205,0,8,34,7,7,5,3,0.79,0.21,-6.07
trn_20205,0,10,25,3,2,4,2,0.89,0.12,-6.5
trn_20205,0,7,16,8,2,1,0,1.86,0.5,6.79
trn_20205,0,12,10,0,3,0,1,0.0,0.0,-10.0
trn_20205,0,6,2,0,0,0,0,0.0,0.0,-2.0
trn_20205,0,13,2,1,0,0,1,3.36,0.5,2.0
trn_20205,0,5,1,0,0,0,1,0.0,0.0,-1.0
trn_97650,0,6,21,0,0,1,3,0.0,0.0,-21.0
trn_97650,0,8,21,3,1,4,2,1.83,0.14,31.5
trn_97650,0,7,20,1,0,1,0,1.0,0.05,-11.5
trn_97650,0,5,18,1,2,0,3,0.68,0.06,3.0
trn_97650,0,9,9,0,1,0,2,0.0,0.0,-9.0
trn_97650,0,10,5,0,0,1,0,0.0,0.0,-5.0
trn_97650,0,4,3,0,0,0,0,0.0,0.0,-3.0
trn_97650,0,11,2,0,0,1,0,0.0,0.0,-2.0
trn_18630,0,8,21,0,1,1,4,0.0,0.0,-21.0
trn_18630,0,9,12,0,0,0,0,0.0,0.0,-12.0
trn_18630,0,6,10,1,0,1,1,3.2,0.1,2.0
trn_18630,0,7,10,0,0,0,2,0.0,0.0,-10.0
trn_18630,0,12,6,0,0,0,0,0.0,0.0,-6.0
trn_18630,0,5,4,0,0,1,0,0.0,0.0,-4.0
trn_18630,0,10,3,0,0,0,0,0.0,0.0,-3.0
trn_18630,0,11,2,0,0,0,0,0.0,0.0,-2.0
trn_131841,0,6,124,8,9,16,7,0.91,0.06,-50.25
trn_131841,0,5,88,5,2,9,3,1.21,0.06,-37.9
trn_131841,0,7,85,8,2,14,6,0.87,0.09,-31.62
trn_131841,0,8,81,6,12,9,8,0.7,0.07,-25.75
trn_131841,0,9,55,9,2,3,3,1.79,0.16,29.0
trn_131841,0,10,48,3,3,6,5,0.73,0.06,-7.0
trn_131841,0,4,22,0,1,4,1,0.0,0.0,-22.0
trn_131841,0,11,20,2,2,0,3,1.24,0.1,34.25
trn_131841,0,12,17,2,0,2,1,1.27,0.12,-6.25
trn_131841,0,13,5,1,1,0,0,2.97,0.2,10.0
trn_131841,0,14,3,0,0,0,1,0.0,0.0,-3.0
trn_131841,0,3,2,0,1,1,0,0.0,0.0,-2.0
trn_64233,0,5,1542,125,148,166,182,0.89,0.08,-336.13
trn_64233,0,6,1300,132,138,168,159,0.92,0.1,-306.1
trn_64233,0,7,1069,91,138,131,138,0.72,0.09,-291.75
trn_64233,0,4,1034,62,86,90,114,0.85,0.06,-312.47
trn_64233,0,8,728,85,86,97,79,0.95,0.12,-100.22
trn_64233,0,9,443,46,47,66,50,0.92,0.1,-74.38
trn_64233,0,3,355,12,20,30,43,0.52,0.03,-267.18
trn_64233,0,10,273,20,41,31,30,0.69,0.07,-68.42
trn_64233,0,11,140,9,22,13,15,0.71,0.06,15.0
trn_64233,0,2,103,3,3,8,8,0.76,0.03,-47.0
trn_64233,0,12,31,4,3,6,4,1.04,0.13,-17.25
trn_64233,0,13,14,2,1,0,1,1.79,0.14,10.0
trn_64233,0,14,1,0,0,0,0,0.0,0.0,-1.0
trn_316107,0,7,32,1,2,4,4,0.56,0.03,-27.5
trn_316107,0,9,22,0,4,3,2,0.0,0.0,-22.0
trn_316107,0,8,19,1,1,3,4,0.61,0.05,4.0
trn_316107,0,6,15,0,2,0,1,0.0,0.0,-15.0
trn_316107,0,5,11,0,1,1,0,0.0,0.0,-11.0
trn_316107,0,10,5,0,0,1,0,0.0,0.0,-5.0
trn_316107,0,11,4,0,0,0,0,0.0,0.0,-4.0
trn_316107,0,4,1,0,0,0,0,0.0,0.0,-1.0
trn_203886,0,6,104,11,14,9,16,0.8,0.11,-35.23
trn_203886,0,5,82,13,9,12,6,1.34,0.16,83.68
trn_203886,0,7,59,4,6,10,7,0.49,0.07,-11.62
trn_203886,0,8,56,6,7,8,9,0.81,0.11,-2.5
trn_203886,0,9,44,4,7,4,4,0.81,0.09,3.0
trn_203886,0,4,30,1,3,4,4,0.46,0.03,-13.0
trn_203886,0,10,18,2,2,2,6,1.0,0.11,11.0
trn_203886,0,11,9,0,1,2,2,0.0,0.0,-9.0
trn_203886,0,12,7,0,1,0,0,0.0,0.0,-7.0
trn_203886,0,3,4,1,0,0,0,6.87,0.25,197.0
trn_203886,0,13,1,0,0,0,0,0.0,0.0,-1.0
trn_329220,0,5,86,7,8,9,5,0.85,0.08,-42.0
trn_329220,0,6,83,8,11,9,11,0.7,0.1,-49.02
trn_329220,0,4,52,5,5,3,3,1.21,0.1,-15.25
trn_329220,0,7,38,8,7,5,2,1.71,0.21,20.83
trn_329220,0,8,28,6,1,1,1,1.61,0.21,-2.75
trn_329220,0,3,19,2,0,2,1,1.21,0.11,-10.25
trn_329220,0,9,6,0,0,0,0,0.0,0.0,-6.0
trn_329220,0,2,2,0,0,0,0,0.0,0.0,-2.0
trn_329220,0,10,1,0,0,0,0,0.0,0.0,-1.0
trn_342837,0,5,67,2,7,10,3,0.3,0.03,-64.12
trn_342837,0,6,33,7,6,3,3,1.61,0.21,19.0
trn_342837,0,4,20,1,2,3,3,0.72,0.05,-1.0
trn_342837,0,7,19,4,2,2,1,1.57,0.21,5.0
trn_342837,0,8,8,2,1,1,1,1.3,0.25,-1.75
trn_342837,0,9,6,2,1,0,0,1.77,0.33,-0.58
trn_342837,0,10,5,1,0,1,1,2.45,0.2,6.0
trn_342837,0,3,3,0,1,0,0,0.0,0.0,-3.0
trn_55557,0,6,406,25,35,29,39,0.76,0.06,-222.46
trn_55557,0,5,373,22,27,29,26,0.98,0.06,-158.02
trn_55557,0,7,276,30,19,28,25,0.96,0.11,-38.76
trn_55557,0,8,252,29,21,14,21,1.09,0.12,-60.05
trn_55557,0,9,212,16,29,23,23,0.7,0.08,-109.54
trn_55557,0,4,141,5,3,14,10,0.76,0.04,-51.5
trn_55557,0,10,136,18,9,11,16,1.15,0.13,9.7
trn_55557,0,11,77,8,3,9,7,1.28,0.1,-10.0
trn_55557,0,12,44,1,1,7,4,0.31,0.02,-40.5
trn_55557,0,3,25,0,1,1,4,0.0,0.0,-25.0
trn_55557,0,13,11,0,1,3,1,0.0,0.0,-11.0
trn_55557,0,14,2,0,0,0,0,0.0,0.0,-2.0
trn_204111,0,7,7,1,0,1,1,2.55,0.14,6.0
trn_204111,0,8,7,0,0,0,1,0.0,0.0,-7.0
trn_204111,0,11,4,0,0,0,0,0.0,0.0,-4.0
trn_204111,0,10,3,1,1,0,0,2.07,0.33,0.0
trn_204111,0,6,2,0,0,0,0,0.0,0.0,-2.0
trn_204111,0,9,2,0,0,0,0,0.0,0.0,-2.0
trn_204111,0,5,1,0,0,0,0,0.0,0.0,-1.0
trn_204111,0,4,1,0,0,0,0,0.0,0.0,-1.0
trn_59679,0,8,105,7,11,9,8,0.85,0.07,-48.79
trn_59679,0,7,104,4,9,8,14,0.56,0.04,-75.0
trn_59679,0,6,88,1,4,9,14,0.28,0.01,-47.0
trn_59679,0,10,82,3,5,7,12,0.5,0.04,-51.25
trn_59679,0,9,77,4,6,7,8,0.63,0.05,-45.75
trn_59679,0,5,40,1,0,1,3,0.76,0.03,-34.5
trn_59679,0,11,37,1,4,1,1,0.42,0.03,-28.0
trn_59679,0,4,19,0,0,2,1,0.0,0.0,-19.0
trn_59679,0,12,15,1,2,0,1,1.53,0.07,-2.0
trn_59679,0,13,5,1,0,0,0,3.57,0.2,8.0
trn_59679,0,14,2,0,0,0,0,0.0,0.0,-2.0
trn_59679,0,3,2,0,0,0,0,0.0,0.0,-2.0
trn_5841,0,6,487,36,42,43,39,0.9,0.07,-99.46
trn_5841,0,7,421,34,45,32,38,0.87,0.08,-116.32
trn_5841,0,5,392,18,25,35,34,0.66,0.05,-197.59
trn_5841,0,9,296,25,38,16,27,0.84,0.08,-28.43
trn_5841,0,8,254,29,18,24,25,1.1,0.11,128.12
trn_5841,0,10,230,29,14,23,16,1.34,0.13,65.13
trn_5841,0,4,229,4,12,30,18,0.3,0.02,-193.0
trn_5841,0,11,145,15,7,17,12,1.14,0.1,-7.67
trn_5841,0,12,62,3,3,3,4,0.63,0.05,-28.0
trn_5841,0,3,43,1,0,5,2,0.55,0.02,-17.0
trn_5841,0,13,30,3,1,2,4,1.43,0.1,-2.0
trn_5841,0,2,3,0,0,0,0,0.0,0.0,-3.0
trn_342684,0,7,88,6,13,6,15,0.63,0.07,-27.75
trn_342684,0,8,70,5,7,9,7,0.71,0.07,-0.75
trn_342684,0,6,64,5,7,5,5,1.01,0.08,-35.67
trn_342684,0,9,59,6,1,7,8,1.15,0.1,29.38
trn_342684,0,5,54,0,0,6,2,0.0,0.0,-54.0
trn_342684,0,10,39,2,2,7,1,0.63,0.05,-25.5
trn_342684,0,12,24,1,2,6,4,0.48,0.04,-11.0
trn_342684,0,11,21,0,2,5,4,0.0,0.0,-21.0
trn_342684,0,4,15,0,0,1,1,0.0,0.0,-15.0
trn_342684,0,13,5,0,0,0,3,0.0,0.0,-5.0
trn_342684,0,3,2,0,0,0,0,0.0,0.0,-2.0
trn_126324,0,5,402,34,46,47,39,0.78,0.08,-139.1
trn_126324,0,6,381,31,59,37,39,0.66,0.08,-87.49
trn_126324,0,7,293,34,45,24,33,0.92,0.12,21.96
trn_126324,0,8,230,45,17,29,24,1.34,0.2,33.9
trn_126324,0,4,213,18,19,16,21,0.88,0.08,-91.9
trn_126324,0,9,101,7,9,11,11,0.62,0.07,-43.7
trn_126324,0,10,56,8,7,9,5,1.13,0.14,-10.88
trn_126324,0,3,42,2,4,1,8,0.7,0.05,-29.75
trn_126324,0,11,26,5,4,0,0,1.99,0.19,29.41
trn_126324,0,2,3,0,0,0,0,0.0,0.0,-3.0
trn_126324,0,12,1,0,0,0,0,0.0,0.0,-1.0
trn_178533,0,6,787,109,114,96,72,0.96,0.14,-115.67
trn_178533,0,5,737,97,75,84,70,1.07,0.13,-0.52
trn_178533,0,7,660,88,63,95,72,0.88,0.13,-99.37
trn_178533,0,4,472,28,40,41,46,0.7,0.06,-189.12
trn_178533,0,8,421,52,53,57,50,0.9,0.12,-65.91
trn_178533,0,9,301,34,38,35,34,0.85,0.11,-66.19
trn_178533,0,3,136,8,12,13,15,0.74,0.06,8.75
trn_178533,0,10,134,13,14,19,20,0.76,0.1,-57.77
trn_178533,0,11,77,11,14,12,7,1.05,0.14,55.75
trn_178533,0,13,22,3,2,3,4,1.11,0.14,0.33
trn_178533,0,12,21,1,1,1,1,0.52,0.05,-13.5
trn_178533,0,2,6,0,0,0,0,0.0,0.0,-6.0
trn_53622,0,9,91,13,7,13,8,1.07,0.14,14.13
trn_53622,0,7,88,6,6,8,10,0.95,0.07,-3.75
trn_53622,0,8,87,9,5,7,11,0.93,0.1,-25.14
trn_53622,0,6,86,4,2,7,8,0.83,0.05,-57.0
trn_53622,0,5,74,2,2,2,12,0.5,0.03,-63.56
trn_53622,0,10,64,4,3,6,7,0.63,0.06,-23.3
trn_53622,0,12,54,3,7,7,6,0.61,0.06,-38.0
trn_53622,0,11,46,0,6,7,6,0.0,0.0,-46.0
trn_53622,0,13,24,2,1,2,1,1.1,0.08,-11.38
trn_53622,0,4,20,1,0,2,1,1.68,0.05,1.0
trn_53622,0,14,4,0,0,0,0,0.0,0.0,-4.0
trn_279351,0,7,208,39,31,29,21,1.04,0.19,-4.24
trn_279351,0,8,202,28,27,20,22,0.9,0.14,-20.33
trn_279351,0,6,183,34,32,15,21,1.05,0.19,0.94
trn_279351,0,9,148,24,25,21,19,1.0,0.16,-12.3
trn_279351,0,5,110,20,17,16,16,1.04,0.18,54.41
trn_279351,0,10,85,10,10,10,9,0.7,0.12,-34.8
trn_279351,0,11,61,6,6,9,3,0.88,0.1,-20.75
trn_279351,0,12,48,6,9,4,4,1.04,0.12,-16.7
trn_279351,0,4,31,1,6,1,5,0.29,0.03,-23.0
trn_279351,0,13,16,1,3,2,2,0.54,0.06,-3.0
trn_279351,0,3,11,0,1,2,1,0.0,0.0,-11.0
trn_279351,0,14,4,0,0,0,0,0.0,0.0,-4.0
trn_59067,0,6,88,15,19,11,9,1.22,0.17,24.48
trn_59067,0,5,59,5,3,10,6,1.01,0.08,-10.9
trn_59067,0,7,44,8,6,4,3,1.04,0.18,-10.85
trn_59067,0,8,26,7,6,1,4,1.24,0.27,-4.49
trn_59067,0,4,23,1,0,3,3,0.76,0.04,-18.0
trn_59067,0,11,13,1,1,6,0,0.52,0.08,-7.0
trn_59067,0,9,11,1,1,2,1,0.84,0.09,2.0
trn_59067,0,10,11,0,3,0,1,0.0,0.0,-11.0
trn_59067,0,3,1,0,0,0,0,0.0,0.0,-1.0
trn_362844,0,4,45,1,4,5,3,0.36,0.02,-42.25
trn_362844,0,6,40,3,4,3,6,0.83,0.07,-10.5
trn_362844,0,5,36,0,6,3,6,0.0,0.0,-36.0
trn_362844,0,7,30,3,2,8,0,1.05,0.1,-4.17
trn_362844,0,3,27,0,0,3,1,0.0,0.0,-27.0
trn_362844,0,8,21,2,2,0,1,1.25,0.1,5.0
trn_362844,0,2,13,0,0,0,0,0.0,0.0,-13.0
trn_362844,0,9,8,0,3,1,2,0.0,0.0,-8.0
trn_362844,0,12,6,1,0,0,0,3.8,0.17,9.0
trn_362844,0,11,5,0,0,1,1,0.0,0.0,-5.0
trn_362844,0,13,1,1,0,0,0,34.0,1.0,33.0
trn_124992,0,5,595,45,49,68,70,0.83,0.08,-287.77
trn_124992,0,6,498,49,69,75,54,0.79,0.1,-170.4
trn_124992,0,7,377,44,46,43,39,0.99,0.12,58.26
trn_124992,0,4,297,11,17,28,36,0.61,0.04,-107.0
trn_124992,0,8,286,21,50,31,39,0.59,0.07,-109.67
trn_124992,0,9,167,11,22,18,18,0.6,0.07,-105.0
trn_124992,0,3,94,2,3,2,9,0.42,0.02,-39.0
trn_124992,0,10,63,7,0,11,13,1.05,0.11,-18.75
trn_124992,0,2,44,1,2,5,4,0.42,0.02,-40.25
trn_124992,0,11,33,1,4,3,4,0.36,0.03,-26.5
trn_124992,0,12,16,2,1,3,3,1.21,0.12,56.5
trn_124992,0,13,8,0,2,0,0,0.0,0.0,-8.0
trn_1872,0,3,147,2,4,6,12,0.28,0.01,-126.0
trn_1872,0,5,146,9,6,11,14,0.94,0.06,-61.0
trn_1872,0,4,144,4,7,10,10,0.52,0.03,-104.0
trn_1872,0,6,125,0,10,9,10,0.0,0.0,-125.0
trn_1872,0,7,86,3,4,7,10,0.58,0.03,-42.0
trn_1872,0,8,73,1,1,4,5,0.31,0.01,-52.0
trn_1872,0,9,49,5,5,1,5,1.78,0.1,38.5
trn_1872,0,10,44,2,1,4,3,0.92,0.05,-32.0
trn_1872,0,2,43,0,1,3,2,0.0,0.0,-43.0
trn_1872,0,11,28,1,0,2,0,1.0,0.04,-5.0
trn_1872,0,12,14,0,3,0,2,0.0,0.0,-14.0
trn_1872,0,13,6,0,1,0,1,0.0,0.0,-6.0
trn_320652,0,8,21,6,1,1,2,2.1,0.29,60.37
trn_320652,0,5,16,1,2,3,0,0.71,0.06,-9.0
trn_320652,0,4,14,0,3,1,0,0.0,0.0,-14.0
trn_320652,0,9,12,0,0,2,1,0.0,0.0,-12.0
trn_320652,0,7,12,0,0,1,3,0.0,0.0,-12.0
trn_320652,0,10,10,1,3,0,1,0.97,0.1,-4.0
trn_320652,0,11,6,0,0,0,1,0.0,0.0,-6.0
trn_320652,0,6,6,0,0,2,1,0.0,0.0,-6.0
trn_320652,0,12,1,0,0,0,0,0.0,0.0,-1.0
trn_320652,0,13,1,0,0,0,0,0.0,0.0,-1.0
trn_226908,0,7,95,5,7,9,10,0.71,0.05,-33.5
trn_226908,0,6,93,3,3,4,10,0.7,0.03,-53.5
trn_226908,0,8,62,3,10,10,6,0.54,0.05,-39.5
trn_226908,0,9,49,2,3,5,4,0.48,0.04,-23.67
trn_226908,0,3,39,0,6,6,4,0.0,0.0,-39.0
trn_226908,0,10,37,3,2,6,6,0.77,0.08,-22.75
trn_226908,0,4,29,0,1,1,2,0.0,0.0,-29.0
trn_226908,0,5,25,0,0,3,1,0.0,0.0,-25.0
trn_226908,0,11,20,1,4,2,3,0.47,0.05,-14.5
trn_226908,0,12,5,0,0,1,2,0.0,0.0,-5.0
trn_226908,0,13,2,1,0,0,0,3.08,0.5,1.5
trn_121050,0,6,85,8,7,12,7,0.9,0.09,-39.51
trn_121050,0,5,76,8,6,6,5,1.41,0.11,16.7
trn_121050,0,8,63,6,8,11,6,0.92,0.1,-22.62
trn_121050,0,7,59,3,4,10,13,0.54,0.05,-44.87
trn_121050,0,9,52,2,5,4,4,0.46,0.04,1.0
trn_121050,0,11,47,6,5,3,9,1.39,0.13,11.5
trn_121050,0,10,43,4,2,10,3,1.26,0.09,1.5
trn_121050,0,13,23,1,1,2,5,0.69,0.04,11.0
trn_121050,0,12,22,2,1,1,1,1.39,0.09,28.5
trn_121050,0,4,20,0,1,0,1,0.0,0.0,-20.0
trn_121050,0,14,6,1,1,0,0,1.54,0.17,-1.67
trn_121050,0,15,3,1,0,0,1,5.73,0.33,64.0
trn_69777,0,6,83,3,11,7,13,0.45,0.04,-63.5
trn_69777,0,8,78,7,14,13,12,0.7,0.09,-22.12
trn_69777,0,7,75,9,9,10,12,1.04,0.12,-2.5
trn_69777,0,9,75,10,11,16,12,1.11,0.13,45.62
trn_69777,0,5,68,0,4,7,7,0.0,0.0,-68.0
trn_69777,0,10,59,4,4,6,10,0.77,0.07,-20.12
trn_69777,0,11,59,2,5,9,8,0.41,0.03,-44.0
trn_69777,0,12,24,1,2,5,5,0.53,0.04,-7.0
trn_69777,0,4,23,0,0,2,2,0.0,0.0,-23.0
trn_69777,0,13,11,1,0,2,3,0.84,0.09,-8.5
trn_69777,0,14,5,0,0,1,1,0.0,0.0,-5.0
trn_271593,0,5,327,51,53,50,42,0.92,0.16,-50.72
trn_271593,0,4,292,26,38,44,32,0.74,0.09,-108.84
trn_271593,0,6,276,45,53,33,33,0.88,0.16,-43.15
trn_271593,0,7,188,34,28,30,23,0.98,0.18,12.45
trn_271593,0,8,133,19,23,18,17,0.82,0.14,-17.72
trn_271593,0,3,84,12,7,18,7,0.92,0.14,60.65
trn_271593,0,9,61,9,12,8,5,0.93,0.15,-19.76
trn_271593,0,10,15,0,0,3,1,0.0,0.0,-15.0
trn_271593,0,2,11,0,0,2,1,0.0,0.0,-11.0
trn_271593,0,11,3,1,0,1,1,2.35,0.33,0.5
trn_180045,0,3,1188,144,119,121,126,0.93,0.12,-311.05
trn_180045,0,4,1012,144,127,113,100,0.98,0.14,-36.17
trn_180045,0,5,729,89,89,83,73,0.86,0.12,-82.26
trn_180045,0,2,662,54,55,78,76,0.79,0.08,-219.81
trn_180045,0,6,406,39,45,48,49,0.72,0.1,-115.52
trn_180045,0,7,273,29,29,23,28,0.93,0.11,41.54
trn_180045,0,8,159,23,13,17,13,1.14,0.14,-0.49
trn_180045,0,9,83,11,13,8,7,0.93,0.13,-30.24
trn_180045,0,10,30,2,4,2,3,0.59,0.07,-17.0
trn_180045,0,11,14,3,3,0,2,1.38,0.21,17.5
trn_180045,0,12,2,0,0,0,0,0.0,0.0,-2.0
trn_6651,0,2,2316,205,229,260,234,0.79,0.09,-738.12
trn_6651,0,3,1682,125,141,146,165,0.86,0.07,-530.61
trn_6651,0,4,1295,71,116,107,129,0.69,0.05,-467.02
trn_6651,0,5,738,53,75,91,62,0.76,0.07,-237.87
trn_6651,0,6,531,60,51,61,54,1.1,0.11,-80.11
trn_6651,0,7,332,38,43,38,34,1.05,0.11,-7.7
trn_6651,0,8,249,16,25,38,23,0.62,0.06,-101.25
trn_6651,0,9,217,13,25,29,28,0.58,0.06,-68.8
trn_6651,0,10,94,10,12,13,11,0.87,0.11,-46.42
trn_6651,0,11,50,4,5,7,6,0.92,0.08,-29.5
trn_6651,0,12,21,1,2,2,3,0.62,0.05,-10.0
trn_6651,0,13,5,0,0,0,1,0.0,0.0,-5.0
trn_6651,0,-10,2,0,0,0,0,0.0,0.0,-2.0
trn_6651,0,15,1,0,0,0,0,0.0,0.0,-1.0
trn_260100,0,6,100,7,6,9,12,0.71,0.07,-31.62
trn_260100,0,7,91,7,8,14,10,0.62,0.08,-46.92
trn_260100,0,5,83,1,5,6,10,0.32,0.01,-16.0
trn_260100,0,9,78,10,10,15,6,0.95,0.13,-20.75
trn_260100,0,8,78,8,13,22,7,0.72,0.1,-34.25
trn_260100,0,10,34,2,4,7,2,0.54,0.06,-2.0
trn_260100,0,11,20,2,0,1,1,1.25,0.1,-5.9
trn_260100,0,4,20,0,0,2,1,0.0,0.0,-20.0
trn_260100,0,3,5,0,2,0,1,0.0,0.0,-5.0
trn_260100,0,12,3,0,1,1,1,0.0,0.0,-3.0
trn_260100,0,13,2,0,0,0,0,0.0,0.0,-2.0
trn_131103,0,3,684,55,62,61,72,0.86,0.08,-181.06
trn_131103,0,4,611,77,60,58,59,1.08,0.13,-29.76
trn_131103,0,5,461,41,49,50,47,0.8,0.09,-99.85
trn_131103,0,6,308,32,32,35,36,0.89,0.1,-38.62
trn_131103,0,2,274,16,19,17,24,1.04,0.06,-24.5
trn_131103,0,7,225,21,24,24,31,0.77,0.09,-54.92
trn_131103,0,8,161,17,16,20,14,0.84,0.11,-50.54
trn_131103,0,9,94,5,14,8,12,0.42,0.05,-46.5
trn_131103,0,10,35,2,1,5,4,0.61,0.06,-22.0
trn_131103,0,11,13,0,0,2,1,0.0,0.0,-13.0
trn_131103,0,13,1,0,0,0,1,0.0,0.0,-1.0
trn_131103,0,12,1,0,0,0,0,0.0,0.0,-1.0
trn_319932,0,5,9,0,1,0,0,0.0,0.0,-9.0
trn_319932,0,8,6,0,0,0,0,0.0,0.0,-6.0
trn_319932,0,6,6,0,0,2,0,0.0,0.0,-6.0
trn_319932,0,12,5,0,0,1,0,0.0,0.0,-5.0
trn_319932,0,9,4,1,0,0,0,4.16,0.25,4.5
trn_319932,0,10,4,0,1,0,0,0.0,0.0,-4.0
trn_319932,0,7,4,0,0,0,1,0.0,0.0,-4.0
trn_319932,0,11,4,0,0,0,1,0.0,0.0,-4.0
trn_319932,0,4,3,0,0,0,0,0.0,0.0,-3.0
trn_319932,0,13,2,0,0,0,0,0.0,0.0,-2.0
trn_23814,0,6,490,32,41,38,42,0.8,0.07,-223.77
trn_23814,0,5,476,30,24,37,42,1.03,0.06,-233.86
trn_23814,0,7,432,36,51,49,41,0.94,0.08,-1.68
trn_23814,0,8,336,30,39,32,31,0.81,0.09,-123.09
trn_23814,0,4,283,14,19,20,24,0.93,0.05,-56.75
trn_23814,0,9,260,23,38,26,25,0.84,0.09,12.45
trn_23814,0,10,193,12,19,26,18,0.66,0.06,-82.5
trn_23814,0,3,90,2,4,11,6,0.5,0.02,-78.0
trn_23814,0,11,57,3,2,4,7,0.72,0.05,-28.0
trn_23814,0,12,34,4,0,4,5,1.24,0.12,-9.75
trn_23814,0,13,13,1,0,2,3,1.26,0.08,-5.0
trn_23814,0,2,12,1,0,0,1,1.74,0.08,-8.75
trn_23814,0,14,5,0,1,0,2,0.0,0.0,-5.0
trn_126054,0,6,587,47,55,79,62,0.66,0.08,-196.43
trn_126054,0,5,496,62,56,70,47,1.01,0.12,-75.05
trn_126054,0,7,420,42,55,51,35,0.84,0.1,-99.76
trn_126054,0,8,264,33,31,27,27,0.93,0.12,-77.39
trn_126054,0,4,196,21,14,23,25,1.05,0.11,-33.19
trn_126054,0,9,155,16,18,14,12,0.87,0.1,-19.75
trn_126054,0,10,94,12,13,13,7,1.04,0.13,-19.5
trn_126054,0,11,66,2,5,8,5,0.32,0.03,-54.0
trn_126054,0,12,27,5,4,3,3,1.08,0.19,-9.41
trn_126054,0,3,19,3,2,3,0,0.91,0.16,-2.83
trn_126054,0,13,1,0,0,0,1,0.0,0.0,-1.0
trn_358560,0,4,51,6,10,9,8,0.82,0.12,-24.63
trn_358560,0,6,46,3,1,9,2,0.88,0.07,-37.22
trn_358560,0,5,40,4,2,3,4,1.08,0.1,-19.5
trn_358560,0,7,29,3,3,1,3,1.07,0.1,-16.5
trn_358560,0,8,26,4,2,4,0,1.53,0.15,17.25
trn_358560,0,9,21,2,0,4,3,1.15,0.1,14.0
trn_358560,0,3,11,1,2,2,3,0.63,0.09,-8.75
trn_358560,0,10,9,0,0,1,1,0.0,0.0,-9.0
trn_358560,0,2,1,0,0,0,0,0.0,0.0,-1.0
trn_78147,0,3,894,48,78,68,73,0.67,0.05,-79.79
trn_78147,0,2,649,51,60,58,66,0.92,0.08,-209.73
trn_78147,0,4,643,36,70,61,51,0.63,0.06,-339.87
trn_78147,0,5,403,28,37,45,57,0.77,0.07,-105.13
trn_78147,0,6,286,26,24,39,33,0.91,0.09,-57.09
trn_78147,0,7,178,21,19,12,19,1.2,0.12,-0.45
trn_78147,0,8,170,9,17,15,22,0.59,0.05,-88.75
trn_78147,0,9,117,10,14,7,9,0.93,0.09,-7.17
trn_78147,0,10,78,3,3,7,9,0.55,0.04,-27.0
trn_78147,0,11,36,1,1,3,3,0.48,0.03,-13.0
trn_78147,0,12,7,0,1,1,0,0.0,0.0,-7.0
trn_312111,0,6,105,5,5,9,6,0.95,0.05,-41.62
trn_312111,0,5,90,1,0,3,6,0.45,0.01,-84.0
trn_312111,0,7,90,4,5,4,7,0.68,0.04,-57.62
trn_312111,0,8,50,4,1,0,5,1.66,0.08,14.5
trn_312111,0,4,34,0,0,1,2,0.0,0.0,-34.0
trn_312111,0,9,23,0,0,1,2,0.0,0.0,-23.0
trn_312111,0,10,20,1,1,2,0,1.01,0.05,47.0
trn_312111,0,3,19,1,1,1,0,1.34,0.05,-14.0
trn_312111,0,11,9,0,2,1,0,0.0,0.0,-9.0
trn_312111,0,12,8,0,2,0,0,0.0,0.0,-8.0
trn_312111,0,2,2,0,0,0,1,0.0,0.0,-2.0
trn_236331,0,5,284,29,33,34,29,0.97,0.1,4.63
trn_236331,0,6,271,37,35,28,32,0.87,0.14,-47.5
trn_236331,0,7,250,28,27,42,30,0.75,0.11,-83.27
trn_236331,0,4,144,11,13,10,12,1.02,0.08,-33.87
trn_236331,0,8,133,15,20,20,14,0.85,0.11,-40.76
trn_236331,0,9,104,13,8,13,7,1.0,0.12,29.13
trn_236331,0,10,85,10,7,18,7,1.03,0.12,30.0
trn_236331,0,11,39,4,5,4,4,1.04,0.1,0.2
trn_236331,0,12,18,1,3,2,4,0.42,0.06,-14.25
trn_236331,0,3,11,0,0,0,1,0.0,0.0,-11.0
trn_236331,0,13,4,0,0,0,2,0.0,0.0,-4.0
trn_220851,0,5,319,55,34,40,45,0.97,0.17,-17.95
trn_220851,0,4,281,34,36,47,24,0.77,0.12,-77.58
trn_220851,0,6,254,47,36,26,34,0.93,0.19,-37.7
trn_220851,0,7,128,12,19,19,11,0.57,0.09,-73.67
trn_220851,0,8,73,11,7,12,7,0.95,0.15,-22.25
trn_220851,0,3,55,6,14,3,7,0.69,0.11,-5.68
trn_220851,0,9,54,5,5,6,7,0.65,0.09,-29.0
trn_220851,0,11,22,4,3,3,1,1.65,0.18,1.75
trn_220851,0,10,21,1,3,9,2,0.28,0.05,-18.0
trn_220851,0,2,6,0,0,0,0,0.0,0.0,-6.0
trn_220851,0,12,3,0,1,1,0,0.0,0.0,-3.0
trn_310320,0,11,2,0,1,0,0,0.0,0.0,-2.0
trn_310320,0,12,2,0,0,0,0,0.0,0.0,-2.0
trn_310320,0,9,1,0,0,0,1,0.0,0.0,-1.0
trn_66735,0,11,8,2,2,2,0,0.92,0.25,-0.43
trn_66735,0,12,4,1,0,0,0,3.74,0.25,1.0
trn_66735,0,10,3,0,0,0,0,0.0,0.0,-3.0
trn_66735,0,9,2,0,0,1,0,0.0,0.0,-2.0
trn_66735,0,14,1,0,0,0,0,0.0,0.0,-1.0
trn_322578,0,11,1,0,0,0,0,0.0,0.0,-1.0
trn_322578,0,9,1,0,0,0,0,0.0,0.0,-1.0
trn_322578,0,10,1,0,0,0,0,0.0,0.0,-1.0
trn_322578,0,12,1,0,1,0,0,0.0,0.0,-1.0
trn_322578,0,13,1,0,0,0,0,0.0,0.0,-1.0
trn_249192,0,4,60,4,7,2,5,0.68,0.07,-27.77
trn_249192,0,5,23,5,3,2,1,1.59,0.22,-3.65
trn_249192,0,3,22,0,1,2,4,0.0,0.0,-22.0
trn_249192,0,11,20,5,5,3,1,1.5,0.25,28.38
trn_249192,0,7,16,2,0,1,1,2.14,0.12,17.0
trn_249192,0,6,11,0,1,0,1,0.0,0.0,-11.0
trn_249192,0,12,8,1,1,0,1,1.07,0.12,-4.5
trn_249192,0,2,7,0,0,1,0,0.0,0.0,-7.0
trn_249192,0,10,7,0,0,2,1,0.0,0.0,-7.0
trn_249192,0,8,7,1,0,0,1,1.45,0.14,-3.75
trn_249192,0,9,2,0,0,2,0,0.0,0.0,-2.0
trn_249192,0,13,2,0,0,0,0,0.0,0.0,-2.0
trn_92169,0,5,467,29,42,37,50,0.8,0.06,-233.12
trn_92169,0,6,428,36,52,47,59,0.81,0.08,-140.14
trn_92169,0,4,352,22,31,21,33,0.87,0.06,-153.0
trn_92169,0,7,302,18,37,31,42,0.54,0.06,-151.02
trn_92169,0,8,218,11,16,24,24,0.56,0.05,-96.0
trn_92169,0,3,205,11,12,13,20,0.93,0.05,-112.25
trn_92169,0,9,139,6,5,14,25,0.54,0.04,-94.5
trn_92169,0,10,60,2,2,4,6,0.41,0.03,-27.0
trn_92169,0,2,33,1,3,0,3,1.0,0.03,-16.0
trn_92169,0,11,5,0,1,0,0,0.0,0.0,-5.0
trn_92169,0,12,3,1,0,0,0,1.81,0.33,1.33
trn_245610,0,6,199,9,9,14,19,0.88,0.05,-117.17
trn_245610,0,7,177,7,10,15,15,0.62,0.04,-111.5
trn_245610,0,5,167,7,7,8,18,1.03,0.04,-104.77
trn_245610,0,8,155,10,14,10,13,0.87,0.06,-84.75
trn_245610,0,9,121,4,20,10,12,0.37,0.03,-108.25
trn_245610,0,4,105,0,3,5,8,0.0,0.0,-105.0
trn_245610,0,10,99,2,9,15,14,0.22,0.02,-72.0
trn_245610,0,11,62,5,12,6,5,0.98,0.08,-6.17
trn_245610,0,12,34,2,2,4,5,1.2,0.06,-13.0
trn_245610,0,3,32,1,0,2,3,1.77,0.03,-6.0
trn_245610,0,13,15,0,1,3,3,0.0,0.0,-15.0
trn_245610,0,15,2,0,0,0,0,0.0,0.0,-2.0
trn_245610,0,14,1,0,0,0,0,0.0,0.0,-1.0
trn_7389,0,7,183,36,32,23,19,1.14,0.2,28.42
trn_7389,0,8,183,35,26,19,30,1.1,0.19,-3.74
trn_7389,0,6,182,33,32,18,13,1.15,0.18,25.12
trn_7389,0,9,120,23,13,16,20,1.39,0.19,37.93
trn_7389,0,5,113,10,7,13,11,0.92,0.09,-46.34
trn_7389,0,10,59,7,5,8,7,1.07,0.12,-13.37
trn_7389,0,4,48,3,6,3,6,0.69,0.06,-31.0
trn_7389,0,11,24,2,1,1,6,0.82,0.08,0.0
trn_7389,0,3,1,0,0,0,0,0.0,0.0,-1.0
trn_7389,0,12,1,0,0,0,0,0.0,0.0,-1.0
trn_91368,0,3,8180,761,884,872,841,0.8,0.09,-2456.46
trn_91368,0,2,6094,448,536,587,656,0.74,0.07,-2595.49
trn_91368,0,4,4742,494,528,520,480,0.84,0.1,-941.54
trn_91368,0,5,3296,342,359,367,367,0.82,0.1,-909.76
trn_91368,0,6,2194,231,263,244,246,0.83,0.11,-565.64
trn_91368,0,7,1410,157,175,154,156,0.87,0.11,-297.35
trn_91368,0,8,983,104,100,91,103,0.91,0.11,-211.73
trn_91368,0,9,592,45,56,70,67,0.72,0.08,-167.72
trn_91368,0,10,237,22,27,26,23,0.88,0.09,-19.0
trn_91368,0,11,104,6,10,11,15,0.59,0.06,-43.5
trn_91368,0,12,26,3,3,4,4,0.98,0.12,-6.75
trn_91368,0,13,1,0,0,0,0,0.0,0.0,-1.0
trn_96102,0,6,615,74,67,57,72,1.02,0.12,1.88
trn_96102,0,7,524,66,57,64,53,1.05,0.13,-50.36
trn_96102,0,5,457,35,53,43,42,0.76,0.08,-216.01
trn_96102,0,8,385,41,44,53,51,0.87,0.11,-11.32
trn_96102,0,9,362,42,50,54,40,0.93,0.12,-8.73
trn_96102,0,4,298,20,18,18,24,1.06,0.07,-125.04
trn_96102,0,10,229,23,24,33,34,0.88,0.1,-29.25
trn_96102,0,11,102,9,7,11,11,1.07,0.09,-30.0
trn_96102,0,3,92,3,4,10,8,0.56,0.03,47.0
trn_96102,0,12,44,3,3,5,3,0.86,0.07,-16.5
trn_96102,0,13,17,1,2,0,1,0.59,0.06,-5.0
trn_96102,0,2,10,0,1,0,2,0.0,0.0,-10.0
trn_294597,0,6,146,21,17,14,19,1.06,0.14,-41.6
trn_294597,0,5,131,9,9,14,18,0.73,0.07,-11.5
trn_294597,0,7,116,13,14,14,18,0.74,0.11,-22.55
trn_294597,0,8,97,10,7,7,13,0.82,0.1,-32.5
trn_294597,0,4,54,2,4,9,4,0.37,0.04,-41.75
trn_294597,0,9,52,4,6,11,4,0.55,0.08,-25.25
trn_294597,0,10,31,3,3,6,2,0.78,0.1,32.5
trn_294597,0,12,4,1,0,1,1,2.68,0.25,5.5
trn_294597,0,11,2,0,0,1,0,0.0,0.0,-2.0
trn_294597,0,15,2,0,0,0,0,0.0,0.0,-2.0
trn_294597,0,14,1,1,0,0,0,6.0,1.0,5.0
trn_294597,0,3,1,0,0,0,0,0.0,0.0,-1.0
trn_131229,0,6,70,5,7,6,11,0.61,0.07,-50.88
trn_131229,0,4,70,7,8,13,6,0.91,0.1,-34.1
trn_131229,0,5,69,3,9,5,9,0.53,0.04,-15.25
trn_131229,0,9,43,3,3,2,8,0.93,0.07,-27.5
trn_131229,0,7,36,3,4,2,3,1.13,0.08,-21.0
trn_131229,0,3,28,2,1,2,0,1.09,0.07,-15.25
trn_131229,0,8,22,0,4,1,3,0.0,0.0,-22.0
trn_131229,0,2,16,2,1,0,0,2.39,0.12,7.5
trn_131229,0,10,13,1,0,1,2,0.66,0.08,-6.5
trn_131229,0,11,10,0,0,0,1,0.0,0.0,-10.0
trn_131229,0,12,1,0,0,0,0,0.0,0.0,-1.0
trn_5859,0,7,96,6,3,8,8,1.07,0.06,-45.75
trn_5859,0,6,88,3,10,9,8,0.55,0.03,-67.0
trn_5859,0,8,76,5,5,5,14,0.85,0.07,-41.75
trn_5859,0,10,63,2,3,5,7,0.55,0.03,-21.0
trn_5859,0,5,52,4,2,0,3,1.5,0.08,-13.5
trn_5859,0,12,43,2,2,4,2,0.86,0.05,-22.5
trn_5859,0,11,41,2,2,7,2,0.68,0.05,-26.5
trn_5859,0,9,39,1,0,4,10,0.49,0.03,-26.0
trn_5859,0,4,19,0,0,2,2,0.0,0.0,-19.0
trn_5859,0,13,19,0,0,3,2,0.0,0.0,-19.0
trn_5859,0,14,10,1,0,2,0,2.28,0.1,2.0
trn_5859,0,3,5,0,0,0,0,0.0,0.0,-5.0
trn_5859,0,15,3,0,0,0,1,0.0,0.0,-3.0
trn_86490,0,7,513,46,66,62,50,0.77,0.09,-177.02
trn_86490,0,8,503,56,57,60,56,0.99,0.11,-105.73
trn_86490,0,6,425,43,24,42,42,1.05,0.1,46.3
trn_86490,0,9,372,38,40,39,41,0.87,0.1,-127.38
trn_86490,0,5,269,13,19,30,19,0.67,0.05,-158.67
trn_86490,0,10,152,22,15,17,20,1.26,0.14,59.67
trn_86490,0,4,146,2,4,7,15,0.25,0.01,-121.0
trn_86490,0,11,93,10,7,12,10,1.05,0.11,-12.37
trn_86490,0,12,46,6,2,7,7,1.07,0.13,29.75
trn_86490,0,3,28,0,2,2,3,0.0,0.0,-28.0
trn_86490,0,13,14,0,0,0,1,0.0,0.0,-14.0
trn_149364,0,5,717,75,84,84,82,0.81,0.1,-280.39
trn_149364,0,6,655,60,70,87,81,0.73,0.09,-183.76
trn_149364,0,7,449,41,58,54,49,0.72,0.09,-109.11
trn_149364,0,4,304,33,33,36,34,0.94,0.11,-107.25
trn_149364,0,8,266,19,35,46,30,0.6,0.07,-185.03
trn_149364,0,9,201,10,23,28,21,0.5,0.05,-85.5
trn_149364,0,10,94,9,8,9,16,0.99,0.1,-14.75
trn_149364,0,11,40,5,3,12,2,1.1,0.12,-1.75
trn_149364,0,12,26,1,1,1,3,0.49,0.04,-21.0
trn_149364,0,3,12,2,3,2,0,1.29,0.17,-2.25
trn_149364,0,13,9,0,0,2,0,0.0,0.0,-9.0
trn_70668,0,5,173,8,5,19,17,0.78,0.05,-78.75
trn_70668,0,6,170,12,9,9,20,1.05,0.07,-83.84
trn_70668,0,8,140,11,12,17,17,0.86,0.08,12.0
trn_70668,0,4,137,5,5,8,14,0.75,0.04,-69.5
trn_70668,0,7,115,8,12,10,13,0.93,0.07,25.5
trn_70668,0,3,101,10,7,9,8,1.46,0.1,79.11
trn_70668,0,9,77,6,10,6,6,0.79,0.08,-47.0
trn_70668,0,10,57,6,6,9,12,1.01,0.11,-5.75
trn_70668,0,2,36,1,6,1,0,0.52,0.03,-15.0
trn_70668,0,11,19,0,2,1,2,0.0,0.0,-19.0
trn_70668,0,12,13,0,0,1,3,0.0,0.0,-13.0
trn_70668,0,13,1,0,0,0,0,0.0,0.0,-1.0
trn_360486,0,3,113,14,17,18,13,0.79,0.12,-44.9
trn_360486,0,4,80,12,11,10,9,0.99,0.15,8.57
trn_360486,0,5,66,9,11,5,4,0.76,0.14,-5.45
trn_360486,0,6,35,5,3,6,2,1.25,0.14,-10.9
trn_360486,0,2,27,2,3,2,4,0.93,0.07,-15.5
trn_360486,0,8,25,2,2,4,4,0.94,0.08,28.0
trn_360486,0,7,17,2,1,1,0,1.01,0.12,-6.17
trn_360486,0,11,13,2,1,1,1,0.73,0.15,-8.63
trn_360486,0,9,12,1,1,2,1,0.91,0.08,3.0
trn_360486,0,10,9,1,0,1,2,2.04,0.11,17.0
trn_360486,0,12,1,0,0,0,1,0.0,0.0,-1.0
trn_294921,0,5,111,4,5,9,7,0.55,0.04,-79.0
trn_294921,0,6,76,5,8,8,9,0.73,0.07,-7.5
trn_294921,0,4,73,3,5,2,3,0.77,0.04,-44.0
trn_294921,0,7,58,3,4,9,5,0.55,0.05,-22.38
trn_294921,0,3,50,0,0,4,3,0.0,0.0,-50.0
trn_294921,0,8,44,3,4,3,6,1.11,0.07,-3.0
trn_294921,0,9,25,2,2,1,2,1.19,0.08,55.0
trn_294921,0,2,13,0,0,0,2,0.0,0.0,-13.0
trn_294921,0,10,8,0,0,1,0,0.0,0.0,-8.0
trn_271602,0,4,298,21,23,22,32,0.72,0.07,-135.67
trn_271602,0,5,276,30,18,27,30,0.96,0.11,-77.42
trn_271602,0,3,246,6,23,20,17,0.35,0.02,-208.75
trn_271602,0,6,235,22,36,21,29,0.74,0.09,-54.75
trn_271602,0,7,168,7,14,11,30,0.44,0.04,-82.5
trn_271602,0,8,121,9,12,20,15,0.69,0.07,-44.5
trn_271602,0,2,62,0,0,1,6,0.0,0.0,-62.0
trn_271602,0,9,56,4,10,3,7,0.84,0.07,-3.0
trn_271602,0,11,28,2,2,4,0,0.92,0.07,-13.0
trn_271602,0,10,26,1,2,6,3,0.48,0.04,-20.0
trn_271602,0,12,20,0,4,3,1,0.0,0.0,-20.0
trn_245538,0,4,106,3,6,8,12,0.48,0.03,-65.0
trn_245538,0,5,68,8,5,5,9,1.2,0.12,-15.0
trn_245538,0,6,68,6,5,4,3,1.24,0.09,-19.12
trn_245538,0,7,66,4,4,5,6,1.0,0.06,-36.5
trn_245538,0,8,42,5,3,4,8,1.51,0.12,-8.0
trn_245538,0,9,39,1,8,1,4,0.35,0.03,-32.0
trn_245538,0,10,30,1,1,1,3,0.57,0.03,-19.0
trn_245538,0,3,29,2,0,1,2,1.32,0.07,-14.5
trn_245538,0,11,25,2,2,0,3,1.14,0.08,2.0
trn_245538,0,12,12,0,0,1,0,0.0,0.0,-12.0
trn_245538,0,2,4,0,0,0,0,0.0,0.0,-4.0
trn_245538,0,13,3,0,0,0,0,0.0,0.0,-3.0
trn_254043,0,4,70,7,7,5,4,1.24,0.1,-28.5
trn_254043,0,3,57,1,3,4,4,0.42,0.02,-16.0
trn_254043,0,5,32,5,1,1,1,1.79,0.16,12.5
trn_254043,0,6,21,1,1,2,4,0.58,0.05,-15.0
trn_254043,0,7,14,2,1,3,2,1.48,0.14,7.0
trn_254043,0,8,12,2,0,1,2,2.12,0.17,1.0
trn_254043,0,2,8,1,0,1,2,1.59,0.12,3.0
trn_254043,0,9,4,1,1,0,1,2.01,0.25,4.0
trn_254043,0,10,1,0,0,0,0,0.0,0.0,-1.0
trn_338733,0,3,325,42,30,32,45,1.02,0.13,18.02
trn_338733,0,4,167,35,21,14,18,1.24,0.21,76.74
trn_338733,0,2,106,11,11,12,8,1.02,0.1,-23.09
trn_338733,0,5,75,7,9,8,8,0.64,0.09,-42.5
trn_338733,0,6,54,14,7,5,4,1.57,0.26,38.99
trn_338733,0,7,42,3,7,5,6,0.58,0.07,-20.17
trn_338733,0,8,36,3,8,3,2,0.77,0.08,-4.0
trn_338733,0,9,16,2,3,3,1,0.87,0.12,-7.0
trn_338733,0,10,4,0,0,1,1,0.0,0.0,-4.0
trn_372330,0,7,25,3,3,3,3,1.13,0.12,-5.0
trn_372330,0,6,21,1,0,0,3,0.89,0.05,-14.0
trn_372330,0,9,2,0,0,0,0,0.0,0.0,-2.0
trn_372330,0,8,1,0,1,0,0,0.0,0.0,-1.0
trn_226116,0,3,109,8,9,11,14,0.78,0.07,-58.12
trn_226116,0,2,79,8,10,11,10,0.85,0.1,-41.17
trn_226116,0,4,39,1,4,2,5,0.3,0.03,-26.0
trn_226116,0,5,12,2,0,3,2,0.74,0.17,-6.25
trn_226116,0,7,7,0,0,2,1,0.0,0.0,-7.0
trn_226116,0,6,7,2,0,1,2,1.35,0.29,2.83
trn_379206,0,3,8,2,1,0,1,2.09,0.25,2.75
trn_379206,0,4,3,0,0,0,1,0.0,0.0,-3.0
trn_379206,0,6,2,0,0,0,0,0.0,0.0,-2.0
trn_379206,0,7,1,0,0,0,0,0.0,0.0,-1.0
trn_259083,0,2,5785,757,785,730,695,0.84,0.13,-1361.16
trn_259083,0,3,5730,691,714,705,705,0.84,0.12,-1069.79
trn_259083,0,4,1486,171,176,189,155,0.86,0.12,-201.52
trn_259083,0,5,494,45,58,54,57,0.69,0.09,-182.7
trn_259083,0,6,162,18,17,20,13,1.03,0.11,-15.77
trn_259083,0,7,63,6,5,4,7,1.17,0.1,-18.0
trn_259083,0,8,27,2,1,3,6,1.38,0.07,59.0
trn_259083,0,9,10,1,0,1,1,1.46,0.1,5.0
trn_191619,0,4,119,4,4,7,7,0.8,0.03,-62.5
trn_191619,0,5,111,2,4,7,8,0.46,0.02,-55.67
trn_191619,0,6,80,1,10,8,8,0.22,0.01,-54.0
trn_191619,0,8,41,2,4,6,2,0.61,0.05,-32.25
trn_191619,0,7,39,2,2,6,2,0.74,0.05,-23.0
trn_191619,0,3,31,0,1,1,2,0.0,0.0,-31.0
trn_191619,0,9,11,1,1,2,0,0.97,0.09,2.0
trn_191619,0,2,10,0,2,3,0,0.0,0.0,-10.0
trn_191619,0,11,5,0,0,0,0,0.0,0.0,-5.0
trn_191619,0,10,4,0,0,0,1,0.0,0.0,-4.0
trn_191619,0,12,2,0,0,0,0,0.0,0.0,-2.0
trn_368055,0,3,34,0,4,7,4,0.0,0.0,-34.0
trn_368055,0,4,34,2,4,1,3,0.44,0.06,-22.0
trn_368055,0,2,8,0,0,1,0,0.0,0.0,-8.0
trn_368055,0,6,7,1,3,1,1,0.76,0.14,-4.12
trn_368055,0,5,4,1,0,0,0,1.26,0.25,0.33
trn_233226,0,3,1671,282,260,236,205,0.87,0.17,-422.13
trn_233226,0,2,1147,167,169,183,137,0.84,0.15,-322.12
trn_233226,0,4,355,77,48,49,39,1.13,0.22,105.81
trn_233226,0,5,100,15,17,13,13,0.83,0.15,-30.22
trn_233226,0,6,13,1,1,1,1,0.94,0.08,2.0
trn_233226,0,7,3,0,0,0,0,0.0,0.0,-3.0
trn_286011,0,3,622,124,95,84,77,0.95,0.2,-17.61
trn_286011,0,2,309,54,45,43,46,0.85,0.17,-57.09
trn_286011,0,4,178,32,24,25,23,0.93,0.18,-15.04
trn_286011,0,5,51,11,3,4,5,1.22,0.22,2.59
trn_286011,0,6,15,5,2,2,2,1.4,0.33,53.23
trn_76887,0,3,3135,375,318,355,318,0.88,0.12,-809.31
trn_76887,0,4,1978,254,230,196,197,0.9,0.13,-330.12
trn_76887,0,2,1302,101,85,87,112,0.84,0.08,-502.76
trn_76887,0,5,1215,139,129,125,130,0.81,0.11,-375.93
trn_76887,0,6,669,70,60,56,75,0.81,0.1,-271.27
trn_76887,0,7,407,44,47,43,38,0.85,0.11,-46.77
trn_76887,0,8,234,28,28,24,20,0.97,0.12,-35.74
trn_76887,0,9,109,9,13,10,12,0.75,0.08,-48.17
trn_76887,0,10,100,11,13,11,7,0.89,0.11,-9.5
trn_76887,0,11,41,0,9,4,4,0.0,0.0,-41.0
trn_76887,0,12,7,0,1,4,0,0.0,0.0,-7.0
trn_135972,0,3,1497,158,136,135,147,0.94,0.11,-333.52
trn_135972,0,4,1430,161,172,154,152,0.85,0.11,-277.71
trn_135972,0,5,957,97,113,94,121,0.77,0.1,-288.99
trn_135972,0,2,636,38,40,52,56,0.74,0.06,-263.96
trn_135972,0,6,467,52,42,41,43,0.93,0.11,-89.46
trn_135972,0,7,229,18,29,24,21,0.67,0.08,-106.58
trn_135972,0,8,59,3,7,4,6,0.55,0.05,-22.5
trn_135972,0,9,42,3,2,6,3,1.02,0.07,-7.5
trn_135972,0,10,29,2,1,1,4,1.09,0.07,10.5
trn_135972,0,11,20,4,1,1,3,2.28,0.2,16.5
trn_135972,0,12,3,0,0,0,0,0.0,0.0,-3.0
trn_121302,0,3,774,72,102,92,79,0.81,0.09,-199.23
trn_121302,0,4,501,44,62,63,52,0.72,0.09,-183.92
trn_121302,0,2,450,38,37,46,53,0.93,0.08,-47.78
trn_121302,0,5,213,23,28,32,30,0.81,0.11,-34.11
trn_121302,0,6,129,9,19,20,12,0.61,0.07,-66.75
trn_121302,0,7,70,7,3,8,6,0.99,0.1,-19.5
trn_121302,0,8,17,0,1,1,1,0.0,0.0,-17.0
trn_121302,0,9,3,0,0,0,0,0.0,0.0,-3.0
trn_7830,0,3,2639,198,222,250,238,0.79,0.08,-736.34
trn_7830,0,4,2426,195,245,222,209,0.74,0.08,-833.85
trn_7830,0,5,1326,128,150,132,133,0.82,0.1,-416.5
trn_7830,0,2,1091,66,83,92,93,0.78,0.06,-546.91
trn_7830,0,6,744,73,74,75,67,0.85,0.1,-190.97
trn_7830,0,7,440,44,34,46,42,0.9,0.1,-138.6
trn_7830,0,8,273,28,25,27,29,0.9,0.1,-80.52
trn_7830,0,9,144,11,10,23,21,0.83,0.08,-8.0
trn_7830,0,10,66,13,7,4,3,1.64,0.2,26.79
trn_7830,0,11,29,1,1,2,0,0.48,0.03,-12.0
trn_7830,0,12,17,1,2,1,1,0.76,0.06,-9.0
trn_7830,0,,2,0,0,0,0,0.0,0.0,-2.0
trn_145287,0,3,2982,424,400,411,388,0.88,0.14,-586.9
trn_145287,0,4,1580,249,219,210,188,0.93,0.16,-202.7
trn_145287,0,2,1276,152,147,161,142,0.88,0.12,-396.68
trn_145287,0,5,731,90,106,109,96,0.87,0.12,-127.92
trn_145287,0,6,450,57,50,63,55,0.98,0.13,-68.58
trn_145287,0,7,300,32,34,39,40,0.91,0.11,-42.54
trn_145287,0,8,174,13,17,26,18,0.7,0.07,-55.38
trn_145287,0,9,74,7,10,9,10,0.96,0.09,-28.0
trn_145287,0,10,25,0,0,5,3,0.0,0.0,-25.0
trn_145287,0,11,2,0,0,0,0,0.0,0.0,-2.0
trn_337302,0,3,1050,204,171,184,116,0.9,0.19,-193.32
trn_337302,0,2,421,87,76,57,45,0.93,0.21,-39.72
trn_337302,0,4,315,63,54,45,29,0.97,0.2,-31.31
trn_337302,0,5,140,22,22,12,13,0.99,0.16,-47.0
trn_337302,0,6,51,9,7,5,8,1.06,0.18,-12.21
trn_337302,0,7,12,1,4,0,2,0.68,0.08,-7.8
trn_365301,0,2,41,1,2,5,3,0.44,0.02,-24.0
trn_365301,0,3,39,2,5,4,1,0.51,0.05,-32.88
trn_365301,0,4,37,1,3,4,5,0.38,0.03,-25.0
trn_365301,0,5,22,2,2,1,3,0.93,0.09,-13.17
trn_365301,0,8,11,0,0,1,1,0.0,0.0,-11.0
trn_365301,0,7,9,1,1,2,1,1.24,0.11,8.0
trn_365301,0,6,3,0,0,0,0,0.0,0.0,-3.0
trn_365301,0,9,2,1,0,1,0,3.88,0.5,4.0
trn_109125,0,3,2343,370,323,292,256,0.92,0.16,-258.32
trn_109125,0,2,1179,155,121,131,138,0.94,0.13,-222.39
trn_109125,0,4,663,108,89,73,71,0.96,0.16,-132.86
trn_109125,0,5,278,44,38,41,30,0.98,0.16,14.2
trn_109125,0,6,134,20,22,16,11,0.94,0.15,-39.25
trn_109125,0,7,57,3,1,3,6,0.48,0.05,-48.45
trn_109125,0,8,33,3,3,5,4,0.72,0.09,-26.12
trn_109125,0,9,9,1,0,0,1,0.83,0.11,1.0
trn_96336,0,3,3619,458,432,407,448,0.9,0.13,-720.06
trn_96336,0,4,1703,263,210,161,168,1.0,0.15,-40.94
trn_96336,0,2,1310,120,111,140,127,0.91,0.09,-317.09
trn_96336,0,5,749,99,105,75,80,0.88,0.13,-179.55
trn_96336,0,6,506,63,76,48,47,0.86,0.12,-37.54
trn_96336,0,7,321,34,42,29,45,0.74,0.11,-85.93
trn_96336,0,8,192,25,15,21,29,1.06,0.13,-9.2
trn_96336,0,9,103,16,6,8,9,1.27,0.16,0.09
trn_96336,0,10,94,15,10,14,9,1.3,0.16,7.08
trn_96336,0,11,51,6,4,7,6,1.03,0.12,-4.68
trn_96336,0,12,24,4,3,1,6,1.52,0.17,19.0
trn_96336,0,13,11,1,1,0,3,1.02,0.09,4.0
trn_7497,0,5,469,24,21,32,31,0.94,0.05,-172.25
trn_7497,0,4,410,13,15,22,16,0.65,0.03,-261.9
trn_7497,0,6,367,7,11,16,27,0.43,0.02,-192.75
trn_7497,0,7,324,6,14,33,27,0.36,0.02,-223.0
trn_7497,0,3,315,4,13,8,24,0.25,0.01,-263.5
trn_7497,0,8,298,14,17,24,29,0.76,0.05,-59.0
trn_7497,0,9,213,3,9,18,18,0.26,0.01,-202.25
trn_7497,0,2,115,1,5,3,2,0.23,0.01,-100.0
trn_7497,0,10,111,3,5,3,16,0.57,0.03,-62.5
trn_7497,0,11,44,0,0,2,6,0.0,0.0,-44.0
trn_7497,0,12,5,0,0,1,0,0.0,0.0,-5.0
trn_378234,0,4,7,1,1,2,0,1.41,0.14,-2.0
trn_378234,0,3,5,0,0,1,0,0.0,0.0,-5.0
trn_378234,0,5,4,0,1,0,0,0.0,0.0,-4.0
trn_378234,0,7,4,1,1,1,0,1.23,0.25,0.5
trn_378234,0,6,1,0,0,0,0,0.0,0.0,-1.0
trn_192114,0,5,63,2,2,3,7,0.74,0.03,-23.0
trn_192114,0,8,55,2,3,2,3,0.82,0.04,-36.0
trn_192114,0,6,52,0,1,2,1,0.0,0.0,-52.0
trn_192114,0,7,45,3,1,2,0,1.34,0.07,-2.0
trn_192114,0,4,34,1,0,1,0,0.97,0.03,-21.0
trn_192114,0,3,32,2,0,0,3,1.99,0.06,26.0
trn_192114,0,9,16,0,0,0,1,0.0,0.0,-16.0
trn_192114,0,10,8,0,0,1,0,0.0,0.0,-8.0
trn_192114,0,2,6,0,0,0,1,0.0,0.0,-6.0
trn_192114,0,11,3,0,0,1,0,0.0,0.0,-3.0
trn_79803,0,3,2086,177,225,177,214,0.76,0.08,-833.3
trn_79803,0,4,1554,133,121,135,129,0.83,0.09,-298.76
trn_79803,0,2,1396,111,127,143,107,0.82,0.08,-425.45
trn_79803,0,5,909,100,88,85,99,0.95,0.11,-73.8
trn_79803,0,6,677,69,72,76,67,0.87,0.1,-158.26
trn_79803,0,7,339,31,35,29,32,0.82,0.09,-70.13
trn_79803,0,8,217,26,23,25,21,0.93,0.12,-13.18
trn_79803,0,9,124,9,13,18,17,0.63,0.07,20.25
trn_79803,0,10,55,5,1,5,9,0.83,0.09,-26.63
trn_79803,0,11,21,2,2,2,2,0.94,0.1,2.5
trn_79803,0,12,7,0,0,0,0,0.0,0.0,-7.0
trn_79803,0,13,3,0,0,1,1,0.0,0.0,-3.0
trn_79803,0,14,1,0,0,0,0,0.0,0.0,-1.0
trn_368685,0,5,92,14,17,9,11,0.87,0.15,-29.73
trn_368685,0,6,82,16,17,11,10,1.09,0.2,7.52
trn_368685,0,2,82,6,6,9,14,0.79,0.07,7.25
trn_368685,0,3,57,9,1,6,4,1.64,0.16,21.5
trn_368685,0,9,56,9,6,7,2,1.44,0.16,7.5
trn_368685,0,4,55,9,4,4,3,1.15,0.16,8.88
trn_368685,0,7,42,4,8,6,6,0.61,0.1,-27.38
trn_368685,0,8,38,2,4,8,8,0.41,0.05,-23.0
trn_368685,0,10,10,0,0,2,2,0.0,0.0,-10.0
trn_368685,0,11,6,0,2,0,1,0.0,0.0,-6.0
trn_65124,0,5,828,82,96,104,91,0.86,0.1,-55.13
trn_65124,0,6,762,93,107,88,93,0.9,0.12,-212.17
trn_65124,0,7,546,72,66,78,62,0.92,0.13,-133.43
trn_65124,0,4,531,55,63,58,47,1.0,0.1,-28.0
trn_65124,0,8,397,45,46,37,67,0.87,0.11,-72.12
trn_65124,0,9,263,25,41,39,31,0.76,0.1,-87.38
trn_65124,0,10,192,18,28,19,14,0.81,0.09,-77.42
trn_65124,0,3,172,20,26,22,18,1.1,0.12,71.13
trn_65124,0,11,71,8,9,7,9,1.0,0.11,26.5
trn_65124,0,12,38,2,2,3,6,0.69,0.05,-3.0
trn_65124,0,13,14,1,0,4,3,1.22,0.07,-2.0
trn_65124,0,14,2,0,0,0,0,0.0,0.0,-2.0
trn_57393,0,8,76,10,6,8,5,1.35,0.13,18.35
trn_57393,0,7,76,2,3,12,5,0.36,0.03,-63.5
trn_57393,0,6,62,4,5,5,5,1.21,0.06,-1.5
trn_57393,0,9,46,5,4,3,4,1.07,0.11,-5.0
trn_57393,0,5,31,0,1,0,3,0.0,0.0,-31.0
trn_57393,0,11,19,3,3,1,2,1.61,0.16,4.5
trn_57393,0,10,17,3,4,2,2,1.39,0.18,16.0
trn_57393,0,12,5,0,0,2,1,0.0,0.0,-5.0
trn_57393,0,4,3,0,0,0,0,0.0,0.0,-3.0
trn_309285,0,6,129,11,16,16,14,0.75,0.09,27.5
trn_309285,0,7,106,8,12,5,11,0.81,0.08,-25.25
trn_309285,0,5,99,8,6,9,8,0.91,0.08,-55.5
trn_309285,0,8,59,5,5,5,4,0.87,0.08,-2.75
trn_309285,0,9,35,2,2,8,4,0.55,0.06,-6.0
trn_309285,0,4,30,2,3,4,2,0.55,0.07,-23.94
trn_309285,0,3,28,2,2,4,1,0.74,0.07,-16.0
trn_309285,0,10,9,0,1,0,2,0.0,0.0,-9.0
trn_309285,0,11,2,0,0,0,0,0.0,0.0,-2.0
trn_309285,0,12,1,0,0,0,0,0.0,0.0,-1.0
trn_309285,0,2,1,0,0,0,0,0.0,0.0,-1.0
trn_159876,0,6,321,30,23,21,19,0.98,0.09,-99.29
trn_159876,0,5,313,23,15,13,25,0.95,0.07,-180.82
trn_159876,0,4,224,10,8,13,8,0.78,0.04,-126.42
trn_159876,0,7,205,23,20,15,14,0.99,0.11,-73.91
trn_159876,0,8,188,16,12,17,16,0.95,0.09,-55.45
trn_159876,0,9,121,10,11,14,9,0.92,0.08,-38.5
trn_159876,0,10,51,5,5,2,6,0.97,0.1,-9.75
trn_159876,0,3,42,2,1,1,1,1.23,0.05,-26.5
trn_159876,0,11,17,1,0,1,1,1.23,0.06,-4.0
trn_159876,0,12,9,0,0,0,1,0.0,0.0,-9.0
trn_159876,0,13,3,0,0,1,0,0.0,0.0,-3.0
trn_96741,0,6,252,19,25,23,29,0.81,0.08,-65.87
trn_96741,0,5,231,25,22,21,18,1.01,0.11,-0.75
trn_96741,0,4,197,27,18,18,18,1.19,0.14,71.73
trn_96741,0,7,177,13,12,14,22,0.73,0.07,-102.94
trn_96741,0,8,103,16,7,9,12,1.28,0.16,12.5
trn_96741,0,3,78,6,8,9,5,0.87,0.08,-50.92
trn_96741,0,9,64,4,8,7,4,0.52,0.06,-40.59
trn_96741,0,10,64,3,6,7,7,0.5,0.05,-37.38
trn_96741,0,11,20,3,1,4,0,2.39,0.15,22.0
trn_96741,0,12,11,0,0,1,1,0.0,0.0,-11.0
trn_96741,0,2,10,1,0,0,1,2.76,0.1,7.0
trn_96741,0,13,3,1,0,1,0,3.04,0.33,23.0
trn_96741,0,14,1,0,0,0,0,0.0,0.0,-1.0
trn_45954,0,5,937,79,107,96,90,0.86,0.08,-279.05
trn_45954,0,4,880,61,73,94,104,0.77,0.07,-298.31
trn_45954,0,6,851,76,116,90,87,0.85,0.09,-230.59
trn_45954,0,7,737,72,91,102,69,0.89,0.1,25.43
trn_45954,0,8,676,55,73,90,66,0.78,0.08,-239.67
trn_45954,0,9,467,34,45,49,56,0.73,0.07,-99.75
trn_45954,0,3,295,15,20,30,32,0.66,0.05,-152.43
trn_45954,0,10,250,11,18,33,39,0.45,0.04,-179.38
trn_45954,0,11,115,5,9,11,16,0.48,0.04,-74.25
trn_45954,0,12,53,2,4,9,10,0.39,0.04,-45.2
trn_45954,0,2,21,0,0,2,2,0.0,0.0,-21.0
trn_45954,0,13,16,0,1,3,5,0.0,0.0,-16.0
trn_45954,0,14,5,1,0,0,1,2.25,0.2,5.0
trn_193824,0,9,24,1,0,2,2,1.18,0.04,-3.0
trn_193824,0,10,18,0,1,0,0,0.0,0.0,-18.0
trn_193824,0,8,17,0,1,1,1,0.0,0.0,-17.0
trn_193824,0,6,12,0,0,1,1,0.0,0.0,-12.0
trn_193824,0,7,8,0,0,0,0,0.0,0.0,-8.0
trn_193824,0,5,3,0,0,0,0,0.0,0.0,-3.0
trn_193824,0,11,1,0,0,0,0,0.0,0.0,-1.0
trn_173538,0,6,340,32,32,34,30,0.92,0.09,-54.92
trn_173538,0,5,325,30,30,28,26,1.0,0.09,18.95
trn_173538,0,7,299,24,20,19,25,0.88,0.08,-35.63
trn_173538,0,4,220,10,20,12,19,0.59,0.05,-105.92
trn_173538,0,8,176,8,15,21,17,0.51,0.05,-75.5
trn_173538,0,3,115,7,5,2,7,1.01,0.06,-43.4
trn_173538,0,9,93,6,8,5,6,0.84,0.06,-51.0
trn_173538,0,10,51,4,4,4,0,1.21,0.08,68.0
trn_173538,0,2,41,0,2,0,4,0.0,0.0,-41.0
trn_173538,0,11,36,5,5,1,3,1.58,0.14,59.0
trn_173538,0,12,22,1,0,1,2,0.82,0.05,-7.0
trn_173538,0,13,11,0,2,0,1,0.0,0.0,-11.0
trn_173538,0,14,5,1,0,0,1,3.21,0.2,36.0
trn_125253,0,3,4778,776,622,592,526,0.94,0.16,-109.71
trn_125253,0,2,3319,545,490,377,367,0.94,0.16,-51.4
trn_125253,0,4,1286,192,150,138,135,0.94,0.15,-178.0
trn_125253,0,5,413,62,57,37,33,1.02,0.15,-35.6
trn_125253,0,6,205,22,16,26,14,0.85,0.11,-11.28
trn_125253,0,7,100,11,10,11,16,0.85,0.11,-14.5
trn_125253,0,9,13,4,1,1,1,2.27,0.31,22.1
trn_125253,0,10,10,2,2,1,0,1.4,0.2,8.5
trn_125253,0,8,7,1,1,0,1,1.17,0.14,0.0
trn_125253,0,11,6,0,1,0,0,0.0,0.0,-6.0
trn_225081,0,3,2171,323,275,264,264,0.92,0.15,-221.82
trn_225081,0,2,1492,237,235,195,169,0.89,0.16,-201.06
trn_225081,0,4,623,86,76,71,64,0.89,0.14,-130.77
trn_225081,0,5,160,28,19,13,16,1.2,0.17,-18.94
trn_225081,0,6,69,6,10,7,5,0.8,0.09,-16.37
trn_225081,0,7,26,2,2,2,1,0.94,0.08,-3.0
trn_225081,0,8,18,1,0,0,2,1.27,0.06,-8.0
trn_325899,0,3,1240,208,188,155,136,0.89,0.17,-324.59
trn_325899,0,2,1038,166,148,117,109,0.87,0.16,-317.08
trn_325899,0,4,463,80,57,57,48,1.02,0.17,58.89
trn_325899,0,5,141,20,19,18,15,0.89,0.14,4.02
trn_325899,0,6,50,5,3,4,5,0.76,0.1,-15.12
trn_325899,0,7,25,4,4,4,0,0.95,0.16,-1.4
trn_325899,0,8,17,1,2,1,4,0.5,0.06,-12.67
trn_325899,0,9,4,0,1,1,0,0.0,0.0,-4.0
trn_167751,0,5,621,104,76,72,66,0.94,0.17,-68.11
trn_167751,0,6,588,110,85,88,66,0.92,0.19,-53.9
trn_167751,0,7,419,84,68,63,39,0.99,0.2,-17.79
trn_167751,0,4,331,50,37,32,43,0.88,0.15,-94.68
trn_167751,0,8,244,54,35,27,24,1.12,0.22,13.26
trn_167751,0,9,123,19,14,14,16,0.9,0.15,-24.63
trn_167751,0,3,90,15,10,17,11,1.06,0.17,41.95
trn_167751,0,10,77,16,8,7,11,1.16,0.21,44.3
trn_167751,0,11,58,8,6,5,12,0.97,0.14,-8.87
trn_167751,0,12,20,3,1,5,2,1.81,0.15,8.5
trn_167751,0,13,16,2,4,2,3,1.44,0.12,29.33
trn_167751,0,2,10,0,0,1,0,0.0,0.0,-10.0
trn_167751,0,14,5,0,0,0,1,0.0,0.0,-5.0
trn_167751,0,15,2,0,0,0,0,0.0,0.0,-2.0
trn_318591,0,5,45,1,2,1,6,0.63,0.02,-32.0
trn_318591,0,4,33,0,0,0,2,0.0,0.0,-33.0
trn_318591,0,6,32,5,4,2,3,1.33,0.16,20.12
trn_318591,0,7,20,3,1,2,3,1.97,0.15,43.5
trn_318591,0,9,9,1,1,0,1,2.43,0.11,14.0
trn_318591,0,8,6,2,0,1,0,3.08,0.33,10.0
trn_318591,0,12,1,0,0,0,0,0.0,0.0,-1.0
trn_318591,0,10,1,0,0,0,0,0.0,0.0,-1.0
trn_318591,0,3,1,0,0,0,0,0.0,0.0,-1.0
trn_224010,0,3,3971,827,684,566,453,0.89,0.21,-335.58
trn_224010,0,2,1843,325,317,269,218,0.83,0.18,-430.49
trn_224010,0,4,1218,208,181,152,126,0.85,0.17,-297.31
trn_224010,0,5,379,69,48,45,44,0.97,0.18,-60.49
trn_224010,0,6,144,20,20,24,11,0.8,0.14,-33.14
trn_224010,0,7,49,5,4,8,4,0.75,0.1,-19.5
trn_224010,0,8,4,0,0,0,0,0.0,0.0,-4.0
trn_58770,0,6,286,12,10,19,27,0.77,0.04,-145.67
trn_58770,0,7,218,10,13,15,22,0.75,0.05,-29.5
trn_58770,0,8,218,10,18,15,26,0.65,0.05,-122.75
trn_58770,0,5,205,5,9,9,22,0.61,0.02,-165.38
trn_58770,0,9,173,14,15,20,15,1.01,0.08,-35.25
trn_58770,0,10,83,4,3,3,10,0.8,0.05,-1.5
trn_58770,0,11,50,0,5,7,6,0.0,0.0,-50.0
trn_58770,0,4,47,2,1,1,1,1.27,0.04,-24.5
trn_58770,0,12,26,1,2,4,2,0.6,0.04,-9.0
trn_58770,0,13,17,1,3,1,2,0.77,0.06,-7.0
trn_58770,0,3,3,0,0,1,0,0.0,0.0,-3.0
trn_58770,0,14,1,0,0,0,0,0.0,0.0,-1.0
trn_97254,0,5,248,22,14,29,30,1.27,0.09,-40.97
trn_97254,0,6,244,9,22,23,26,0.5,0.04,-135.5
trn_97254,0,4,221,11,10,16,23,0.8,0.05,-133.84
trn_97254,0,7,219,22,23,17,31,1.12,0.1,-12.97
trn_97254,0,8,178,23,26,17,20,1.25,0.13,33.08
trn_97254,0,9,104,8,13,12,9,0.8,0.08,-21.5
trn_97254,0,3,104,4,8,7,12,0.74,0.04,-57.62
trn_97254,0,2,26,1,1,1,2,1.8,0.04,-15.0
trn_97254,0,10,23,1,1,2,2,0.59,0.04,-17.5
trn_97254,0,11,5,0,1,1,1,0.0,0.0,-5.0
trn_97254,0,12,1,0,0,0,0,0.0,0.0,-1.0
trn_246573,0,8,76,9,4,3,6,1.98,0.12,73.87
trn_246573,0,9,65,6,7,3,9,1.16,0.09,-26.25
trn_246573,0,7,61,2,8,2,7,0.49,0.03,-1.0
trn_246573,0,6,60,1,4,5,3,0.37,0.02,-26.0
trn_246573,0,10,54,3,2,7,8,0.7,0.06,-35.62
trn_246573,0,11,29,2,3,4,3,0.67,0.07,-20.5
trn_246573,0,12,23,2,2,2,2,1.03,0.09,-4.5
trn_246573,0,13,8,1,0,0,1,2.77,0.12,7.0
trn_246573,0,5,4,0,0,0,0,0.0,0.0,-4.0
trn_246573,0,4,3,0,0,1,0,0.0,0.0,-3.0
trn_246573,0,14,3,0,0,0,0,0.0,0.0,-3.0
trn_246573,0,3,1,0,0,0,0,0.0,0.0,-1.0
trn_113409,0,3,2338,163,223,214,258,0.76,0.07,-710.16
trn_113409,0,2,1406,95,106,115,136,0.85,0.07,-312.38
trn_113409,0,4,1061,88,115,135,105,0.72,0.08,-417.11
trn_113409,0,5,433,38,50,43,45,0.83,0.09,-117.47
trn_113409,0,6,292,28,28,37,26,0.94,0.1,-57.42
trn_113409,0,7,206,19,20,19,22,0.92,0.09,-40.59
trn_113409,0,8,117,10,19,16,9,0.77,0.09,-35.5
trn_113409,0,9,69,5,3,10,8,0.7,0.07,-34.75
trn_113409,0,10,32,3,0,4,4,1.25,0.09,17.0
trn_113409,0,11,13,1,0,1,3,0.7,0.08,-9.5
trn_113409,0,12,1,0,1,0,0,0.0,0.0,-1.0
trn_253620,0,3,1647,206,207,161,179,0.87,0.13,-329.21
trn_253620,0,2,1107,83,102,116,124,0.72,0.07,-542.4
trn_253620,0,4,602,81,75,75,60,0.93,0.13,-47.04
trn_253620,0,5,197,24,27,16,15,0.95,0.12,-11.62
trn_253620,0,6,48,2,3,10,5,0.4,0.04,-32.0
trn_253620,0,7,29,3,3,2,3,0.9,0.1,-1.25
trn_253620,0,8,20,4,3,2,3,1.36,0.2,1.6
trn_253620,0,9,15,1,1,4,0,0.53,0.07,2.0
trn_253620,0,10,14,1,4,3,1,0.46,0.07,-6.0
trn_337338,0,3,287,32,43,47,28,0.77,0.11,-6.88
trn_337338,0,2,256,42,45,24,25,1.01,0.16,-12.63
trn_337338,0,4,174,19,20,21,19,0.78,0.11,-7.9
trn_337338,0,5,62,7,12,12,4,0.68,0.11,-21.25
trn_337338,0,6,23,2,3,4,3,0.75,0.09,-14.8
trn_337338,0,8,8,0,1,1,0,0.0,0.0,-8.0
trn_337338,0,7,2,1,0,0,0,6.11,0.5,17.0
trn_1422,0,5,320,13,16,20,31,0.85,0.04,-175.0
trn_1422,0,4,311,6,15,17,17,0.45,0.02,-165.38
trn_1422,0,6,309,12,19,19,29,0.67,0.04,-171.42
trn_1422,0,7,251,6,14,21,20,0.42,0.02,-169.5
trn_1422,0,8,243,2,11,13,11,0.18,0.01,-231.5
trn_1422,0,3,202,4,4,11,14,0.62,0.02,-152.5
trn_1422,0,9,121,2,3,6,7,0.44,0.02,-103.0
trn_1422,0,2,70,0,1,5,6,0.0,0.0,-70.0
trn_1422,0,10,68,1,4,6,6,0.31,0.01,-1.0
trn_1422,0,11,29,1,0,2,3,0.69,0.03,-22.0
trn_1422,0,12,13,0,0,2,1,0.0,0.0,-13.0
trn_1422,0,13,12,0,0,0,2,0.0,0.0,-12.0
trn_323622,0,6,163,11,17,17,10,0.74,0.07,-66.92
trn_323622,0,7,141,12,10,21,17,0.65,0.09,-78.52
trn_323622,0,5,107,5,8,11,3,0.54,0.05,-55.47
trn_323622,0,8,76,13,6,4,8,1.2,0.17,24.41
trn_323622,0,4,71,5,1,10,3,0.92,0.07,-20.0
trn_323622,0,10,47,6,5,9,4,1.05,0.13,-9.0
trn_323622,0,9,46,5,5,5,5,1.03,0.11,-26.01
trn_323622,0,11,17,3,1,1,2,1.72,0.18,12.5
trn_323622,0,3,15,0,1,1,3,0.0,0.0,-15.0
trn_323622,0,12,7,0,0,0,2,0.0,0.0,-7.0
trn_323622,0,13,5,0,0,2,1,0.0,0.0,-5.0
trn_323622,0,2,4,0,0,0,0,0.0,0.0,-4.0
trn_140094,0,6,255,27,32,26,31,0.82,0.11,-56.04
trn_140094,0,7,225,23,34,25,21,0.81,0.1,-50.05
trn_140094,0,5,211,28,20,24,21,1.25,0.13,-3.01
trn_140094,0,8,156,16,13,22,14,0.9,0.1,-11.18
trn_140094,0,4,113,6,6,5,8,0.77,0.05,-21.88
trn_140094,0,9,85,10,11,9,14,0.94,0.12,-10.88
trn_140094,0,10,66,6,7,9,5,0.83,0.09,-29.25
trn_140094,0,11,59,4,5,6,4,0.73,0.07,-24.5
trn_140094,0,12,44,5,2,2,4,1.29,0.11,-2.0
trn_140094,0,13,21,1,0,2,3,0.62,0.05,-14.5
trn_140094,0,3,20,0,0,0,2,0.0,0.0,-20.0
trn_140094,0,2,17,0,1,2,2,0.0,0.0,-17.0
trn_140094,0,14,8,0,0,0,1,0.0,0.0,-8.0
trn_119187,0,6,632,52,66,55,78,0.73,0.08,-245.57
trn_119187,0,5,599,29,49,51,59,0.55,0.05,-366.54
trn_119187,0,4,452,18,32,39,43,0.5,0.04,-275.94
trn_119187,0,7,430,51,54,49,56,0.89,0.12,-105.96
trn_119187,0,8,375,42,45,56,47,0.83,0.11,-133.78
trn_119187,0,9,220,23,32,32,29,0.82,0.1,-96.45
trn_119187,0,3,166,8,9,9,3,0.87,0.05,-38.5
trn_119187,0,10,92,7,10,8,9,0.7,0.08,-39.92
trn_119187,0,11,44,9,10,5,6,1.32,0.2,48.0
trn_119187,0,2,37,1,5,5,1,0.32,0.03,-33.0
trn_119187,0,12,9,0,0,0,1,0.0,0.0,-9.0
trn_267615,0,4,89,16,10,4,6,1.41,0.18,21.93
trn_267615,0,6,83,9,14,7,9,0.82,0.11,17.25
trn_267615,0,5,73,13,5,11,10,1.55,0.18,11.57
trn_267615,0,7,55,8,13,6,7,0.9,0.15,-22.62
trn_267615,0,10,46,3,1,5,6,0.64,0.07,-22.25
trn_267615,0,9,42,6,6,4,4,1.13,0.14,-8.5
trn_267615,0,8,31,4,8,1,3,0.96,0.13,-9.25
trn_267615,0,3,28,4,1,4,5,1.1,0.14,5.75
trn_267615,0,11,6,0,0,0,0,0.0,0.0,-6.0
trn_267615,0,12,5,1,2,0,1,2.18,0.2,2.0
trn_4752,0,3,497,31,18,43,44,0.8,0.06,-275.16
trn_4752,0,4,389,30,28,32,33,0.83,0.08,-163.87
trn_4752,0,2,294,24,17,23,23,1.03,0.08,35.0
trn_4752,0,5,293,31,30,26,24,1.03,0.11,-74.59
trn_4752,0,6,204,15,15,22,17,0.74,0.07,-80.25
trn_4752,0,7,153,8,9,10,13,0.66,0.05,-51.0
trn_4752,0,8,74,5,6,5,5,0.88,0.07,25.75
trn_4752,0,9,60,1,8,3,8,0.25,0.02,-52.0
trn_4752,0,10,42,2,5,5,5,0.45,0.05,-23.5
trn_4752,0,12,10,0,2,0,3,0.0,0.0,-10.0
trn_4752,0,11,5,2,1,0,0,1.69,0.4,4.0
trn_4752,0,13,5,0,2,1,1,0.0,0.0,-5.0
trn_140445,0,3,6781,1041,956,929,854,0.89,0.15,-1124.74
trn_140445,0,2,3457,443,461,418,376,0.89,0.13,-249.0
trn_140445,0,4,2822,386,357,331,294,0.87,0.14,-476.87
trn_140445,0,5,1135,138,151,114,135,0.84,0.12,-278.31
trn_140445,0,6,584,68,69,63,72,0.85,0.12,-79.38
trn_140445,0,7,356,38,40,39,45,0.9,0.11,-65.12
trn_140445,0,8,188,14,13,27,21,0.69,0.07,-66.12
trn_140445,0,9,92,6,4,7,14,0.69,0.07,-44.42
trn_140445,0,10,30,5,2,1,4,1.38,0.17,30.0
trn_140445,0,11,12,4,1,1,2,2.65,0.33,14.38
trn_140445,0,13,8,2,1,2,0,1.6,0.25,3.0
trn_140445,0,12,6,1,0,1,0,1.26,0.17,-3.8
trn_292005,0,4,105,4,10,12,7,0.48,0.04,-48.5
trn_292005,0,5,83,4,3,10,13,0.52,0.05,-54.0
trn_292005,0,6,64,1,7,3,5,0.18,0.02,-60.0
trn_292005,0,8,48,1,6,8,2,0.24,0.02,-40.5
trn_292005,0,3,44,1,1,5,1,0.46,0.02,-34.0
trn_292005,0,9,43,0,5,4,1,0.0,0.0,-43.0
trn_292005,0,7,32,1,4,4,3,0.31,0.03,-28.75
trn_292005,0,10,25,0,1,2,3,0.0,0.0,-25.0
trn_292005,0,11,6,1,0,0,0,1.68,0.17,11.0
trn_292005,0,12,4,0,1,0,0,0.0,0.0,-4.0
trn_292005,0,13,3,0,0,0,0,0.0,0.0,-3.0
trn_341856,0,4,90,10,12,9,6,0.95,0.11,-54.68
trn_341856,0,5,75,6,3,4,12,0.96,0.08,-16.25
trn_341856,0,6,45,2,6,4,5,0.6,0.04,-20.0
trn_341856,0,3,25,0,3,2,3,0.0,0.0,-25.0
trn_341856,0,7,25,3,3,2,1,0.76,0.12,-15.92
trn_341856,0,10,6,0,0,0,2,0.0,0.0,-6.0
trn_341856,0,8,6,0,2,0,0,0.0,0.0,-6.0
trn_341856,0,9,5,0,0,0,1,0.0,0.0,-5.0
trn_341856,0,2,3,0,0,0,0,0.0,0.0,-3.0
trn_131157,0,3,252,7,5,13,15,0.59,0.03,-192.9
trn_131157,0,4,223,3,7,15,10,0.38,0.01,-201.0
trn_131157,0,6,151,9,9,7,12,0.97,0.06,-84.0
trn_131157,0,5,149,4,5,7,14,0.54,0.03,-129.0
trn_131157,0,7,147,9,11,15,16,0.69,0.06,-31.29
trn_131157,0,2,143,2,2,2,9,0.54,0.01,-80.0
trn_131157,0,8,137,9,9,9,9,0.81,0.07,-57.17
trn_131157,0,9,88,5,5,6,3,0.8,0.06,-25.0
trn_131157,0,10,43,1,1,5,1,0.39,0.02,-34.0
trn_131157,0,11,20,0,3,2,1,0.0,0.0,-20.0
trn_131157,0,12,5,0,0,0,0,0.0,0.0,-5.0
trn_310419,0,10,37,2,5,2,3,0.69,0.05,-26.5
trn_310419,0,7,33,1,0,2,3,0.48,0.03,-21.0
trn_310419,0,4,30,0,2,1,2,0.0,0.0,-30.0
trn_310419,0,6,28,1,3,1,3,0.59,0.04,-19.0
trn_310419,0,9,22,2,3,2,3,0.91,0.09,-14.75
trn_310419,0,12,21,2,2,3,4,1.29,0.1,9.0
trn_310419,0,11,20,1,3,1,2,0.57,0.05,-10.0
trn_310419,0,3,16,0,2,0,2,0.0,0.0,-16.0
trn_310419,0,5,14,1,0,0,2,1.44,0.07,27.0
trn_310419,0,8,5,0,0,1,0,0.0,0.0,-5.0
trn_310419,0,2,4,0,0,0,0,0.0,0.0,-4.0
trn_310419,0,14,1,0,0,0,0,0.0,0.0,-1.0
trn_149346,0,6,436,63,65,62,45,0.88,0.14,-32.26
trn_149346,0,7,399,63,56,49,44,0.88,0.16,-63.49
trn_149346,0,5,377,37,39,42,58,0.77,0.1,-139.44
trn_149346,0,8,268,42,23,33,25,1.11,0.16,25.32
trn_149346,0,4,222,23,19,29,21,0.99,0.1,25.03
trn_149346,0,9,180,17,14,21,30,0.67,0.09,-81.19
trn_149346,0,10,80,6,6,14,10,0.68,0.07,-26.25
trn_149346,0,3,63,3,6,7,6,0.6,0.05,-46.67
trn_149346,0,11,52,3,7,8,8,0.52,0.06,-1.0
trn_149346,0,12,42,7,8,5,9,1.15,0.17,18.75
trn_149346,0,13,18,1,3,3,1,0.46,0.06,-12.5
trn_149346,0,2,12,0,0,0,1,0.0,0.0,-12.0
trn_379638,0,10,1,0,0,1,0,0.0,0.0,-1.0
trn_355239,0,10,2,0,0,0,1,0.0,0.0,-2.0
trn_355239,0,6,1,0,0,0,0,0.0,0.0,-1.0
trn_198873,0,6,210,15,21,24,20,0.75,0.07,-28.11
trn_198873,0,5,206,3,16,15,23,0.28,0.01,-166.0
trn_198873,0,4,137,2,2,9,13,0.37,0.01,-131.8
trn_198873,0,7,135,17,18,22,13,0.93,0.13,-35.92
trn_198873,0,8,89,10,10,11,9,1.03,0.11,-37.62
trn_198873,0,9,76,5,15,9,9,0.71,0.07,-6.0
trn_198873,0,10,59,4,7,7,9,0.65,0.07,-26.92
trn_198873,0,3,53,0,2,3,4,0.0,0.0,-53.0
trn_198873,0,11,29,1,4,5,5,0.28,0.03,-21.0
trn_198873,0,12,19,0,2,1,1,0.0,0.0,-19.0
trn_198873,0,2,6,0,0,0,0,0.0,0.0,-6.0
trn_59724,0,6,113,6,11,12,8,0.74,0.05,-52.75
trn_59724,0,7,78,1,5,6,10,0.2,0.01,-71.5
trn_59724,0,5,73,1,3,4,8,0.26,0.01,-70.5
trn_59724,0,8,73,4,11,10,5,0.59,0.05,-6.0
trn_59724,0,4,53,2,2,2,5,0.98,0.04,-46.12
trn_59724,0,9,53,5,3,7,11,0.94,0.09,7.5
trn_59724,0,11,26,1,0,1,2,0.49,0.04,-24.33
trn_59724,0,10,24,0,0,1,3,0.0,0.0,-24.0
trn_59724,0,12,5,0,0,0,0,0.0,0.0,-5.0
trn_59724,0,3,1,1,0,0,0,10.0,1.0,9.0
trn_57024,0,6,136,4,10,11,15,0.48,0.03,-94.88
trn_57024,0,5,100,1,4,10,9,0.28,0.01,-85.0
trn_57024,0,7,95,2,4,9,8,0.41,0.02,-76.0
trn_57024,0,8,72,6,8,4,7,1.28,0.08,-23.0
trn_57024,0,9,57,3,3,10,4,0.85,0.05,-16.0
trn_57024,0,10,53,5,2,6,6,1.58,0.09,32.0
trn_57024,0,11,40,3,3,6,6,1.32,0.07,62.0
trn_57024,0,4,28,0,2,2,1,0.0,0.0,-28.0
trn_57024,0,12,14,0,0,2,2,0.0,0.0,-14.0
trn_57024,0,13,9,0,0,0,1,0.0,0.0,-9.0
trn_57024,0,3,1,0,0,0,1,0.0,0.0,-1.0
trn_378090,0,9,3,0,0,0,0,0.0,0.0,-3.0
trn_378090,0,8,1,0,0,0,0,0.0,0.0,-1.0
trn_57141,0,6,62,5,6,7,6,0.79,0.08,4.0
trn_57141,0,5,52,3,6,4,7,0.89,0.06,-29.5
trn_57141,0,9,40,4,5,5,3,1.03,0.1,-23.0
trn_57141,0,7,37,1,2,3,2,0.39,0.03,-27.5
trn_57141,0,8,28,1,7,0,2,0.4,0.04,-25.6
trn_57141,0,4,25,0,0,1,1,0.0,0.0,-25.0
trn_57141,0,10,13,0,1,2,2,0.0,0.0,-13.0
trn_57141,0,3,12,1,1,1,1,1.13,0.08,-3.5
trn_57141,0,11,10,1,1,1,1,1.32,0.1,-6.75
trn_57141,0,14,7,2,1,0,0,3.4,0.29,32.5
trn_57141,0,12,5,0,0,0,1,0.0,0.0,-5.0
trn_57141,0,13,1,0,0,0,0,0.0,0.0,-1.0
trn_139320,0,6,151,1,7,3,9,0.24,0.01,-125.0
trn_139320,0,8,132,5,9,12,10,0.89,0.04,-86.0
trn_139320,0,7,123,2,3,9,11,0.44,0.02,-91.0
trn_139320,0,9,105,3,5,12,16,0.47,0.03,-57.0
trn_139320,0,5,102,0,0,5,4,0.0,0.0,-102.0
trn_139320,0,10,95,1,4,5,12,0.19,0.01,-87.5
trn_139320,0,11,48,0,1,5,7,0.0,0.0,-48.0
trn_139320,0,4,46,0,0,2,3,0.0,0.0,-46.0
trn_139320,0,12,20,0,2,1,3,0.0,0.0,-20.0
trn_139320,0,13,17,0,1,0,1,0.0,0.0,-17.0
trn_139320,0,3,10,0,0,0,0,0.0,0.0,-10.0
trn_139320,0,2,3,0,0,0,0,0.0,0.0,-3.0
trn_139320,0,14,2,0,0,0,0,0.0,0.0,-2.0
trn_145125,0,8,176,8,18,20,25,0.45,0.05,-117.0
trn_145125,0,7,160,15,24,15,21,0.74,0.09,-70.72
trn_145125,0,6,158,10,19,17,16,0.58,0.06,-89.41
trn_145125,0,5,132,6,17,24,14,0.56,0.05,86.83
trn_145125,0,9,104,9,14,14,4,0.83,0.09,-38.79
trn_145125,0,4,65,1,7,3,8,0.24,0.02,-62.9
trn_145125,0,10,52,3,6,6,8,0.52,0.06,-34.75
trn_145125,0,11,30,1,3,2,1,0.49,0.03,-15.0
trn_145125,0,3,20,0,1,1,0,0.0,0.0,-20.0
trn_145125,0,12,11,0,0,2,0,0.0,0.0,-11.0
trn_145125,0,13,6,1,1,2,0,2.11,0.17,2.5
trn_145125,0,14,3,0,0,0,0,0.0,0.0,-3.0
trn_145125,0,2,2,0,0,0,0,0.0,0.0,-2.0
trn_183276,0,6,26,2,1,0,0,1.36,0.08,-1.0
trn_183276,0,8,18,3,4,1,1,1.52,0.17,7.5
trn_183276,0,10,15,1,2,5,0,0.47,0.07,-12.75
trn_183276,0,7,11,0,3,0,1,0.0,0.0,-11.0
trn_183276,0,11,11,1,0,2,3,0.94,0.09,-3.5
trn_183276,0,12,8,1,1,1,3,1.32,0.12,-4.88
trn_183276,0,9,8,1,0,0,0,1.54,0.12,-4.75
trn_183276,0,5,6,0,0,0,2,0.0,0.0,-6.0
trn_183276,0,4,2,0,0,0,0,0.0,0.0,-2.0
trn_183276,0,13,1,1,0,0,0,8.0,1.0,7.0
trn_271611,0,7,49,3,5,8,6,0.54,0.06,-26.17
trn_271611,0,6,49,9,5,1,4,1.29,0.18,-5.43
trn_271611,0,8,45,5,5,3,2,0.91,0.11,20.38
trn_271611,0,5,36,1,3,2,3,0.37,0.03,-34.7
trn_271611,0,4,29,2,1,3,5,0.77,0.07,-24.31
trn_271611,0,9,23,4,4,1,4,1.3,0.17,0.25
trn_271611,0,10,8,1,0,1,0,1.25,0.12,4.0
trn_271611,0,12,6,1,0,1,1,1.04,0.17,-0.5
trn_271611,0,3,5,1,0,0,0,2.16,0.2,3.5
trn_271611,0,14,4,2,0,0,1,3.21,0.5,5.0
trn_271611,0,11,2,0,0,0,0,0.0,0.0,-2.0
trn_271611,0,13,1,0,0,0,0,0.0,0.0,-1.0
trn_279945,0,4,153,8,11,10,16,0.71,0.05,-12.5
trn_279945,0,5,114,3,9,10,7,0.29,0.03,-100.7
trn_279945,0,3,108,7,9,9,12,0.91,0.06,-42.0
trn_279945,0,2,49,1,0,4,0,0.73,0.02,-40.5
trn_279945,0,6,35,1,3,2,5,0.38,0.03,-33.6
trn_279945,0,8,19,0,0,1,2,0.0,0.0,-19.0
trn_279945,0,7,18,1,1,0,0,1.52,0.06,-10.0
trn_279945,0,9,16,0,1,1,1,0.0,0.0,-16.0
trn_279945,0,10,6,0,0,0,1,0.0,0.0,-6.0
trn_279945,0,11,6,0,0,1,1,0.0,0.0,-6.0
trn_123228,0,3,338,12,12,18,18,0.68,0.04,-225.05
trn_123228,0,4,300,11,19,20,22,0.57,0.04,-178.75
trn_123228,0,2,217,4,6,7,13,0.42,0.02,-112.0
trn_123228,0,5,171,12,15,9,9,0.83,0.07,-88.97
trn_123228,0,6,119,9,4,4,12,0.97,0.08,-22.75
trn_123228,0,7,38,2,0,1,3,1.21,0.05,-9.0
trn_123228,0,9,8,0,0,0,0,0.0,0.0,-8.0
trn_123228,0,10,6,0,0,0,1,0.0,0.0,-6.0
trn_123228,0,8,5,0,0,0,0,0.0,0.0,-5.0
trn_123228,0,12,3,0,1,0,0,0.0,0.0,-3.0
trn_123228,0,11,2,0,0,0,0,0.0,0.0,-2.0
trn_138465,0,4,256,7,8,9,19,0.63,0.03,-173.5
trn_138465,0,3,200,3,6,2,14,0.45,0.01,-136.0
trn_138465,0,5,162,4,9,13,8,0.49,0.02,-114.0
trn_138465,0,7,115,1,6,7,7,0.18,0.01,-107.0
trn_138465,0,6,115,5,8,10,11,0.75,0.04,-4.5
trn_138465,0,8,55,0,5,6,3,0.0,0.0,-55.0
trn_138465,0,9,44,0,0,3,4,0.0,0.0,-44.0
trn_138465,0,2,37,1,0,1,1,0.79,0.03,-22.0
trn_138465,0,10,34,0,0,2,1,0.0,0.0,-34.0
trn_138465,0,11,3,0,0,0,0,0.0,0.0,-3.0
trn_295470,0,5,42,5,1,5,5,1.46,0.12,-0.6
trn_295470,0,4,27,2,2,1,1,1.22,0.07,-8.5
trn_295470,0,7,23,3,2,2,4,1.35,0.13,-11.12
trn_295470,0,6,20,3,1,1,0,1.32,0.15,-3.59
trn_295470,0,9,13,2,4,1,0,0.95,0.15,-6.84
trn_295470,0,10,4,0,0,1,0,0.0,0.0,-4.0
trn_295470,0,8,4,0,1,0,0,0.0,0.0,-4.0
trn_295470,0,11,4,0,0,0,0,0.0,0.0,-4.0
trn_295470,0,3,2,0,0,0,0,0.0,0.0,-2.0
trn_295470,0,13,1,0,0,0,0,0.0,0.0,-1.0
trn_295470,0,12,1,0,0,0,0,0.0,0.0,-1.0
trn_245088,0,6,264,36,35,38,22,0.91,0.14,-62.26
trn_245088,0,5,244,34,20,19,26,1.22,0.14,-89.54
trn_245088,0,7,233,31,32,37,28,0.88,0.13,-35.22
trn_245088,0,8,194,30,33,22,23,0.95,0.15,-16.92
trn_245088,0,9,112,13,11,18,20,0.88,0.12,-9.5
trn_245088,0,4,99,2,12,5,4,0.29,0.02,-62.0
trn_245088,0,10,35,3,5,5,2,0.71,0.09,0.5
trn_245088,0,11,20,3,1,1,5,1.54,0.15,13.0
trn_245088,0,3,14,2,3,1,4,1.09,0.14,-8.0
trn_245088,0,12,2,0,0,0,0,0.0,0.0,-2.0
trn_132237,0,6,58,0,0,2,3,0.0,0.0,-58.0
trn_132237,0,7,49,3,2,4,7,1.11,0.06,11.0
trn_132237,0,8,42,4,3,6,5,1.03,0.1,0.2
trn_132237,0,5,28,3,0,3,1,2.73,0.11,37.75
trn_132237,0,9,19,1,2,2,1,0.57,0.05,-15.25
trn_132237,0,10,11,1,1,1,0,1.29,0.09,-7.0
trn_132237,0,11,6,0,1,2,0,0.0,0.0,-6.0
trn_132237,0,12,5,0,0,0,0,0.0,0.0,-5.0
trn_132237,0,4,4,0,0,1,0,0.0,0.0,-4.0
trn_140697,0,4,250,9,11,23,21,0.7,0.04,-144.62
trn_140697,0,5,233,13,17,19,22,0.93,0.06,-25.87
trn_140697,0,6,166,15,13,15,9,1.28,0.09,-31.0
trn_140697,0,3,106,3,6,11,9,0.61,0.03,-72.5
trn_140697,0,7,101,2,14,11,12,0.26,0.02,-75.0
trn_140697,0,8,91,8,5,8,11,0.81,0.09,-43.54
trn_140697,0,9,46,3,5,1,1,0.79,0.07,-34.25
trn_140697,0,10,25,0,3,2,2,0.0,0.0,-25.0
trn_140697,0,11,23,0,0,3,2,0.0,0.0,-23.0
trn_140697,0,2,14,1,0,1,0,3.46,0.07,53.0
trn_253314,0,6,97,10,17,16,14,0.56,0.1,-48.45
trn_253314,0,7,84,16,9,9,8,0.98,0.19,60.54
trn_253314,0,5,82,7,9,9,11,0.82,0.09,-40.56
trn_253314,0,4,61,4,8,4,5,0.66,0.07,-50.95
trn_253314,0,8,46,8,6,3,10,1.23,0.17,9.33
trn_253314,0,9,46,4,12,5,3,0.62,0.09,23.33
trn_253314,0,10,24,1,2,2,2,0.38,0.04,-21.38
trn_253314,0,3,23,4,0,2,0,2.09,0.17,14.0
trn_253314,0,11,9,1,0,1,1,1.54,0.11,17.0
trn_253314,0,2,4,0,0,0,0,0.0,0.0,-4.0
trn_90270,0,7,73,5,4,11,7,0.87,0.07,0.25
trn_90270,0,6,61,5,1,2,3,2.24,0.08,5.5
trn_90270,0,5,56,0,0,5,1,0.0,0.0,-56.0
trn_90270,0,9,52,1,2,3,7,0.34,0.02,-40.0
trn_90270,0,8,52,5,4,1,4,1.05,0.1,-7.5
trn_90270,0,4,22,1,2,1,1,1.33,0.05,-18.0
trn_90270,0,10,11,1,1,2,2,1.11,0.09,-2.0
trn_90270,0,11,10,0,1,3,1,0.0,0.0,-10.0
trn_90270,0,12,8,0,0,0,1,0.0,0.0,-8.0
trn_90270,0,3,7,0,0,1,0,0.0,0.0,-7.0
trn_90270,0,13,7,1,1,0,2,1.2,0.14,-1.5
trn_95967,0,3,3079,390,375,388,326,0.88,0.13,-654.02
trn_95967,0,4,1360,154,148,165,127,0.85,0.11,-266.3
trn_95967,0,2,1357,133,127,143,139,0.88,0.1,-345.58
trn_95967,0,5,743,79,100,67,86,0.82,0.11,-109.09
trn_95967,0,6,492,48,50,52,55,0.8,0.1,-166.7
trn_95967,0,7,213,23,15,25,35,0.88,0.11,-64.93
trn_95967,0,8,118,15,10,9,11,1.16,0.13,51.36
trn_95967,0,9,48,1,5,7,7,0.22,0.02,-45.38
trn_95967,0,10,24,4,5,4,2,0.95,0.17,-13.15
trn_95967,0,12,3,0,0,0,0,0.0,0.0,-3.0
trn_95967,0,11,2,0,0,0,0,0.0,0.0,-2.0
trn_56034,0,7,308,55,32,38,41,1.17,0.18,77.31
trn_56034,0,8,252,36,31,24,23,1.05,0.14,-22.13
trn_56034,0,6,224,28,27,24,21,0.99,0.12,-11.39
trn_56034,0,9,147,19,15,11,20,0.93,0.13,-40.67
trn_56034,0,5,139,15,19,11,17,0.98,0.11,-2.45
trn_56034,0,10,104,10,16,10,15,0.76,0.1,-40.96
trn_56034,0,4,76,2,7,8,7,0.33,0.03,-58.5
trn_56034,0,11,51,4,6,4,5,0.79,0.08,-20.0
trn_56034,0,12,50,9,6,4,4,1.57,0.18,3.85
trn_56034,0,3,16,0,2,2,1,0.0,0.0,-16.0
trn_56034,0,13,14,0,2,1,3,0.0,0.0,-14.0
trn_56034,0,14,6,0,0,2,1,0.0,0.0,-6.0
trn_56034,0,15,2,0,0,1,1,0.0,0.0,-2.0
trn_72324,0,6,1468,186,200,182,161,0.83,0.13,-286.34
trn_72324,0,7,1350,216,207,170,162,0.92,0.16,-132.88
trn_72324,0,5,1135,161,129,135,108,0.96,0.14,-203.65
trn_72324,0,8,1011,163,156,129,96,0.99,0.16,-73.96
trn_72324,0,9,615,64,83,70,71,0.75,0.1,-170.19
trn_72324,0,4,476,47,47,49,52,0.78,0.1,-185.2
trn_72324,0,10,376,40,47,46,48,0.84,0.11,-83.54
trn_72324,0,11,175,18,23,23,12,0.89,0.1,-55.59
trn_72324,0,3,86,7,19,4,10,0.6,0.08,-29.17
trn_72324,0,12,64,9,11,9,4,1.25,0.14,17.75
trn_72324,0,13,22,1,9,2,2,0.27,0.05,-20.17
trn_72324,0,14,9,3,2,0,2,1.74,0.33,4.25
trn_72324,0,2,5,0,0,2,1,0.0,0.0,-5.0
trn_72324,0,15,3,0,1,1,0,0.0,0.0,-3.0
trn_341541,0,3,558,78,69,90,56,0.85,0.14,-108.36
trn_341541,0,2,395,42,47,53,51,0.72,0.11,-178.44
trn_341541,0,4,311,46,47,28,39,0.88,0.15,-31.16
trn_341541,0,5,95,14,12,12,8,0.93,0.15,-18.16
trn_341541,0,6,50,9,5,7,3,1.14,0.18,-8.37
trn_341541,0,7,6,1,1,1,0,0.89,0.17,-1.6
trn_3915,0,4,753,49,63,64,77,0.87,0.07,-134.79
trn_3915,0,3,589,14,26,43,48,0.47,0.02,-400.8
trn_3915,0,5,570,36,40,45,52,0.8,0.06,-197.84
trn_3915,0,6,407,26,39,39,39,0.68,0.06,-200.34
trn_3915,0,7,305,13,29,31,34,0.49,0.04,-202.0
trn_3915,0,2,221,4,7,9,8,0.56,0.02,-99.0
trn_3915,0,8,178,4,13,21,15,0.29,0.02,-118.0
trn_3915,0,9,88,5,3,13,7,0.62,0.06,50.5
trn_3915,0,10,48,4,8,4,2,0.79,0.08,-23.87
trn_3915,0,11,17,2,5,3,2,0.7,0.12,-7.0
trn_3915,0,12,12,5,0,3,2,2.28,0.42,21.08
trn_3915,0,13,9,1,1,3,1,0.93,0.11,-5.25
trn_3915,0,14,4,0,0,2,0,0.0,0.0,-4.0
trn_260217,0,3,1131,157,132,136,128,0.93,0.14,-79.95
trn_260217,0,4,530,76,62,59,65,0.9,0.14,-54.23
trn_260217,0,2,455,44,52,51,60,0.79,0.1,-169.46
trn_260217,0,5,203,27,26,20,18,0.97,0.13,-36.7
trn_260217,0,6,122,11,16,19,13,0.71,0.09,-59.39
trn_260217,0,7,66,6,7,11,13,0.89,0.09,10.0
trn_260217,0,8,49,3,4,4,5,0.72,0.06,-27.17
trn_260217,0,9,10,0,0,2,2,0.0,0.0,-10.0
trn_376524,0,4,12,3,1,0,3,1.79,0.25,4.75
trn_376524,0,3,8,1,1,0,1,1.83,0.12,7.0
trn_376524,0,5,8,2,1,0,0,1.15,0.25,-3.29
trn_376524,0,7,6,1,1,1,2,1.19,0.17,0.5
trn_376524,0,8,4,0,0,0,1,0.0,0.0,-4.0
trn_376524,0,6,2,0,0,0,1,0.0,0.0,-2.0
trn_275985,0,3,678,73,79,74,82,0.8,0.11,-181.03
trn_275985,0,2,482,52,57,53,51,0.93,0.11,-85.19
trn_275985,0,4,374,43,45,41,47,0.78,0.11,-155.05
trn_275985,0,5,134,12,11,15,13,0.8,0.09,-54.08
trn_275985,0,6,88,6,8,13,2,0.54,0.07,-59.1
trn_275985,0,7,63,8,6,7,7,1.04,0.13,1.0
trn_275985,0,8,43,4,5,5,4,0.67,0.09,-22.95
trn_275985,0,9,25,3,5,0,4,1.13,0.12,6.5
trn_275985,0,10,18,0,2,2,1,0.0,0.0,-18.0
trn_275985,0,11,4,0,0,1,0,0.0,0.0,-4.0
trn_275985,0,12,2,0,0,0,0,0.0,0.0,-2.0
trn_275985,0,13,1,0,0,0,0,0.0,0.0,-1.0
trn_143226,0,4,652,49,50,43,67,0.85,0.08,-285.26
trn_143226,0,3,648,35,44,51,51,0.73,0.05,-217.26
trn_143226,0,5,426,45,36,53,49,0.99,0.11,-19.92
trn_143226,0,2,339,10,21,32,28,0.49,0.03,-238.0
trn_143226,0,6,287,25,29,26,24,0.82,0.09,-102.32
trn_143226,0,7,200,20,21,19,17,0.9,0.1,101.16
trn_143226,0,8,127,12,18,16,14,0.75,0.09,-21.57
trn_143226,0,9,51,4,5,5,6,0.76,0.08,-3.8
trn_143226,0,10,14,1,1,1,1,0.88,0.07,-7.5
trn_143226,0,11,9,1,1,1,2,0.73,0.11,-3.5
trn_143226,0,12,5,0,0,0,0,0.0,0.0,-5.0
trn_143226,0,13,3,0,0,1,0,0.0,0.0,-3.0
trn_230652,0,3,3088,422,392,394,345,0.87,0.14,-509.5
trn_230652,0,2,2051,248,249,218,238,0.85,0.12,-406.54
trn_230652,0,4,833,121,102,91,93,0.94,0.15,-59.82
trn_230652,0,5,326,47,36,35,30,0.97,0.14,-55.21
trn_230652,0,6,178,19,22,21,19,0.79,0.11,-73.75
trn_230652,0,7,68,4,5,6,7,0.54,0.06,46.5
trn_230652,0,8,23,2,4,1,3,0.95,0.09,5.0
trn_230652,0,10,7,0,0,0,0,0.0,0.0,-7.0
trn_230652,0,9,7,1,1,1,0,1.48,0.14,-2.67
trn_230652,0,11,1,0,0,0,0,0.0,0.0,-1.0
trn_377352,0,3,8,0,2,1,2,0.0,0.0,-8.0
trn_377352,0,5,6,0,1,1,0,0.0,0.0,-6.0
trn_377352,0,2,2,0,0,0,0,0.0,0.0,-2.0
trn_377352,0,4,1,0,0,1,0,0.0,0.0,-1.0
trn_603,0,3,4660,1149,717,546,446,1.0,0.25,-228.57
trn_603,0,2,3539,475,365,308,278,0.88,0.13,-1192.85
trn_603,0,4,1215,250,177,141,114,0.88,0.21,-191.35
trn_603,0,5,273,52,42,38,23,0.9,0.19,-49.25
trn_603,0,6,93,23,12,10,9,1.13,0.25,-8.22
trn_603,0,7,48,10,13,9,5,0.92,0.21,1.47
trn_603,0,8,22,6,2,1,2,1.41,0.27,5.16
trn_603,0,9,5,0,0,0,0,0.0,0.0,-5.0
trn_327069,0,3,442,52,42,60,44,0.92,0.12,-111.81
trn_327069,0,2,263,16,24,36,27,0.69,0.06,-134.8
trn_327069,0,4,190,24,21,24,24,0.93,0.13,-24.56
trn_327069,0,5,80,11,3,9,14,1.04,0.14,-9.38
trn_327069,0,6,49,3,6,8,7,0.62,0.06,-25.0
trn_327069,0,7,19,0,6,1,1,0.0,0.0,-19.0
trn_327069,0,8,16,2,0,0,2,1.23,0.12,-6.67
trn_327069,0,9,3,0,0,0,1,0.0,0.0,-3.0
trn_327069,0,10,1,0,0,0,0,0.0,0.0,-1.0
trn_370026,0,10,4,2,0,0,0,6.98,0.5,24.0
trn_370026,0,6,2,0,0,1,0,0.0,0.0,-2.0
trn_370026,0,11,1,1,0,0,0,13.0,1.0,12.0
trn_145818,0,7,7,0,0,1,1,0.0,0.0,-7.0
trn_145818,0,8,4,0,0,0,0,0.0,0.0,-4.0
trn_145818,0,13,3,0,0,0,1,0.0,0.0,-3.0
trn_145818,0,9,3,0,0,1,0,0.0,0.0,-3.0
trn_145818,0,10,3,0,0,0,0,0.0,0.0,-3.0
trn_145818,0,11,1,0,0,0,0,0.0,0.0,-1.0
trn_145818,0,12,1,0,0,0,0,0.0,0.0,-1.0
trn_233667,0,6,73,7,9,11,5,0.69,0.1,-23.5
trn_233667,0,5,71,10,9,10,11,1.03,0.14,-2.62
trn_233667,0,7,66,4,8,5,7,0.61,0.06,-40.5
trn_233667,0,8,63,3,9,7,10,0.42,0.05,-40.75
trn_233667,0,4,56,4,4,3,6,0.6,0.07,-35.17
trn_233667,0,3,53,3,4,6,11,0.54,0.06,-39.25
trn_233667,0,9,45,4,7,4,2,0.87,0.09,-3.0
trn_233667,0,2,29,1,3,2,2,0.66,0.03,-24.0
trn_233667,0,10,28,3,5,3,4,0.85,0.11,11.0
trn_234549,0,3,386,33,34,37,28,1.01,0.09,97.11
trn_234549,0,4,294,24,29,38,36,0.67,0.08,-118.42
trn_234549,0,5,175,21,21,20,16,0.96,0.12,-22.67
trn_234549,0,6,111,14,14,11,11,1.1,0.13,-2.0
trn_234549,0,7,89,5,7,7,20,0.52,0.06,-50.27
trn_234549,0,2,70,4,4,8,7,0.8,0.06,-39.75
trn_234549,0,8,46,3,4,3,2,0.78,0.07,-35.25
trn_234549,0,9,8,2,0,1,1,2.16,0.25,6.88
trn_234549,0,10,7,1,0,0,1,2.42,0.14,-1.0
trn_326448,0,4,180,23,8,16,20,1.2,0.13,2.91
trn_326448,0,3,164,15,16,11,11,1.05,0.09,-50.13
trn_326448,0,5,140,13,9,12,17,0.86,0.09,-45.17
trn_326448,0,6,107,10,12,15,11,0.69,0.09,-58.85
trn_326448,0,7,64,2,7,9,8,0.23,0.03,-58.72
trn_326448,0,2,61,3,2,1,4,1.25,0.05,-40.0
trn_326448,0,9,23,2,1,5,3,1.2,0.09,-3.5
trn_326448,0,8,19,2,2,3,3,0.84,0.11,16.0
trn_261234,0,6,98,5,12,8,9,0.48,0.05,-71.87
trn_261234,0,5,97,2,3,8,16,0.37,0.02,-85.5
trn_261234,0,7,66,6,6,9,9,0.73,0.09,-12.9
trn_261234,0,4,52,0,1,3,3,0.0,0.0,-52.0
trn_261234,0,8,35,4,3,6,3,0.77,0.11,-17.22
trn_261234,0,9,27,4,5,3,3,1.41,0.15,-5.5
trn_261234,0,10,19,1,3,4,3,0.59,0.05,-11.0
trn_261234,0,3,11,0,0,0,1,0.0,0.0,-11.0
trn_261234,0,12,4,0,0,0,0,0.0,0.0,-4.0
trn_261234,0,11,4,0,0,1,0,0.0,0.0,-4.0
trn_37017,0,3,6651,840,839,831,759,0.82,0.13,-1732.19
trn_37017,0,2,4113,548,492,439,407,0.9,0.13,-1032.08
trn_37017,0,4,1508,190,174,177,138,0.85,0.13,-209.64
trn_37017,0,5,440,49,50,43,41,0.79,0.11,-122.28
trn_37017,0,6,201,31,23,21,23,1.09,0.15,-2.74
trn_37017,0,7,116,15,9,19,9,0.95,0.13,-21.9
trn_37017,0,8,51,3,3,4,2,0.46,0.06,-28.0
trn_37017,0,9,11,0,1,2,2,0.0,0.0,-11.0
trn_37017,0,10,7,1,0,1,0,1.32,0.14,-2.0
trn_37017,0,11,1,0,0,0,0,0.0,0.0,-1.0
trn_30735,0,3,7088,1542,1092,924,782,0.95,0.22,-668.21
trn_30735,0,2,3790,662,561,479,431,0.89,0.17,-508.02
trn_30735,0,4,2103,382,266,234,194,0.96,0.18,-69.29
trn_30735,0,5,640,97,81,79,62,0.85,0.15,-151.15
trn_30735,0,6,265,41,41,21,24,0.96,0.15,41.17
trn_30735,0,7,88,15,14,9,3,0.94,0.17,-31.29
trn_30735,0,8,50,9,10,6,5,1.06,0.18,-1.64
trn_30735,0,9,26,0,3,3,1,0.0,0.0,-26.0
trn_30735,0,,1,0,0,0,0,0.0,0.0,-1.0
trn_109890,0,7,236,27,25,17,23,1.01,0.11,-22.74
trn_109890,0,6,172,12,14,22,14,0.75,0.07,-107.5
trn_109890,0,8,162,18,9,14,16,1.05,0.11,-29.88
trn_109890,0,9,147,12,18,17,19,0.83,0.08,-40.13
trn_109890,0,5,116,5,6,15,7,0.62,0.04,-81.3
trn_109890,0,10,90,7,10,13,7,0.83,0.08,-43.87
trn_109890,0,11,54,6,10,6,5,1.05,0.11,27.5
trn_109890,0,4,44,1,1,2,2,0.47,0.02,-35.0
trn_109890,0,12,12,0,1,1,0,0.0,0.0,-12.0
trn_109890,0,13,7,0,1,0,2,0.0,0.0,-7.0
trn_109890,0,3,5,0,0,0,0,0.0,0.0,-5.0
trn_109890,0,14,1,0,0,0,0,0.0,0.0,-1.0
trn_144774,0,4,612,43,51,47,64,0.91,0.07,-63.27
trn_144774,0,5,548,38,44,63,51,0.77,0.07,-229.72
trn_144774,0,6,392,26,40,49,44,0.73,0.07,-151.75
trn_144774,0,3,299,15,23,25,37,0.7,0.05,-85.0
trn_144774,0,7,191,13,15,14,20,0.86,0.07,-48.12
trn_144774,0,8,88,5,7,9,8,0.64,0.06,-20.0
trn_144774,0,9,78,7,9,3,5,0.95,0.09,7.25
trn_144774,0,2,74,2,4,3,7,0.74,0.03,-53.0
trn_144774,0,10,40,2,3,7,2,0.54,0.05,-29.0
trn_144774,0,11,31,0,2,6,5,0.0,0.0,-31.0
trn_144774,0,12,10,1,0,0,1,1.33,0.1,3.0
trn_328113,0,7,29,0,1,1,5,0.0,0.0,-29.0
trn_328113,0,8,20,0,1,1,1,0.0,0.0,-20.0
trn_328113,0,6,12,0,0,0,0,0.0,0.0,-12.0
trn_328113,0,5,9,1,0,0,0,3.94,0.11,1.0
trn_328113,0,9,9,2,0,0,3,2.02,0.22,5.0
trn_328113,0,11,6,0,1,0,1,0.0,0.0,-6.0
trn_328113,0,4,5,0,0,0,0,0.0,0.0,-5.0
trn_328113,0,10,4,0,0,0,0,0.0,0.0,-4.0
trn_361449,0,3,340,49,59,43,34,0.85,0.14,-52.36
trn_361449,0,2,143,19,17,14,10,0.93,0.13,-23.01
trn_361449,0,4,134,26,18,19,9,1.23,0.19,47.88
trn_361449,0,7,34,4,3,5,4,1.17,0.12,4.33
trn_361449,0,6,31,6,1,4,4,1.33,0.19,32.5
trn_361449,0,5,30,6,4,3,5,1.17,0.2,-3.88
trn_361449,0,8,12,3,4,1,1,2.11,0.25,5.7
trn_361449,0,9,10,1,1,4,0,0.83,0.1,-6.0
trn_108918,0,3,412,23,27,23,39,0.79,0.06,-230.84
trn_108918,0,4,335,18,33,27,26,0.65,0.05,-171.5
trn_108918,0,5,321,24,22,18,31,0.92,0.07,-104.12
trn_108918,0,6,278,12,19,26,21,0.58,0.04,-137.54
trn_108918,0,7,193,14,17,19,13,0.81,0.07,-68.62
trn_108918,0,2,157,6,8,15,14,0.83,0.04,-103.5
trn_108918,0,8,154,7,17,16,13,0.51,0.05,-89.5
trn_108918,0,9,77,8,6,4,6,1.21,0.1,7.83
trn_108918,0,10,44,2,2,3,4,0.7,0.05,-24.0
trn_108918,0,12,16,0,1,1,1,0.0,0.0,-16.0
trn_108918,0,11,14,0,0,0,1,0.0,0.0,-14.0
trn_108918,0,13,6,0,1,1,0,0.0,0.0,-6.0
trn_108918,0,14,1,0,0,0,0,0.0,0.0,-1.0
trn_88164,0,3,1233,103,102,105,127,0.87,0.08,-291.75
trn_88164,0,4,789,82,76,70,70,0.97,0.1,-44.32
trn_88164,0,2,765,50,55,49,68,0.88,0.07,-256.31
trn_88164,0,5,379,34,43,37,33,0.74,0.09,-131.26
trn_88164,0,6,273,27,24,35,28,0.9,0.1,-44.9
trn_88164,0,7,151,13,17,15,20,0.76,0.09,-34.17
trn_88164,0,8,69,2,7,12,6,0.33,0.03,-23.0
trn_88164,0,9,32,2,4,3,2,0.59,0.06,-16.5
trn_88164,0,10,7,0,1,0,1,0.0,0.0,-7.0
trn_361539,0,4,25,4,2,2,1,1.42,0.16,2.85
trn_361539,0,3,20,0,0,2,1,0.0,0.0,-20.0
trn_361539,0,5,15,1,0,5,3,0.48,0.07,-12.0
trn_361539,0,2,11,0,0,0,1,0.0,0.0,-11.0
trn_361539,0,7,8,1,1,0,0,2.32,0.12,11.0
trn_361539,0,8,3,0,0,2,0,0.0,0.0,-3.0
trn_361539,0,6,2,0,0,0,0,0.0,0.0,-2.0
trn_361539,0,9,1,0,1,0,0,0.0,0.0,-1.0
trn_265617,0,3,594,51,40,71,62,0.83,0.09,-166.4
trn_265617,0,2,430,37,37,52,49,0.86,0.09,-150.1
trn_265617,0,4,389,36,43,46,34,0.75,0.09,-137.64
trn_265617,0,5,231,29,23,19,26,0.96,0.13,-37.09
trn_265617,0,6,143,14,8,12,15,0.83,0.1,-59.52
trn_265617,0,7,77,9,12,9,8,1.02,0.12,-5.65
trn_265617,0,8,48,7,6,6,10,1.06,0.15,-12.57
trn_265617,0,9,28,1,2,5,2,0.38,0.04,-7.0
trn_265617,0,10,15,2,2,1,1,1.39,0.13,-6.5
trn_265617,0,12,5,1,1,1,1,2.22,0.2,18.0
trn_265617,0,11,3,0,1,1,0,0.0,0.0,-3.0
trn_265617,0,13,1,0,0,0,0,0.0,0.0,-1.0
trn_193950,0,3,246,18,15,21,18,0.96,0.07,-61.25
trn_193950,0,4,204,15,16,16,17,0.81,0.07,-81.62
trn_193950,0,5,128,10,12,14,9,0.85,0.08,0.38
trn_193950,0,2,126,5,7,9,7,0.67,0.04,-67.75
trn_193950,0,6,125,7,10,16,14,0.71,0.06,-39.25
trn_193950,0,7,108,8,6,13,14,0.7,0.07,-44.83
trn_193950,0,8,41,6,2,5,6,1.43,0.15,-12.5
trn_193950,0,9,27,2,1,0,1,1.01,0.07,-16.0
trn_193950,0,10,17,1,1,1,3,0.72,0.06,-11.0
trn_193950,0,11,5,2,0,0,0,2.94,0.4,7.0
trn_193950,0,12,4,0,0,0,0,0.0,0.0,-4.0
trn_193950,0,13,2,0,0,0,1,0.0,0.0,-2.0
trn_71712,0,3,1067,109,119,108,115,0.9,0.1,-315.88
trn_71712,0,2,520,61,53,56,51,1.12,0.12,15.79
trn_71712,0,4,473,62,46,43,56,1.01,0.13,-24.86
trn_71712,0,5,228,30,24,30,18,1.1,0.13,85.75
trn_71712,0,6,119,6,16,16,13,0.43,0.05,-70.62
trn_71712,0,7,56,8,9,6,5,1.1,0.14,-4.25
trn_71712,0,9,14,1,2,2,1,0.72,0.07,-5.0
trn_71712,0,8,7,1,0,1,0,2.67,0.14,14.0
trn_161694,0,3,1704,190,168,195,174,0.84,0.11,-267.5
trn_161694,0,4,699,111,90,80,78,1.04,0.16,-32.64
trn_161694,0,2,698,56,54,72,76,0.82,0.08,-115.88
trn_161694,0,5,338,48,46,34,38,0.98,0.14,-58.57
trn_161694,0,6,175,18,14,21,25,0.93,0.1,25.0
trn_161694,0,7,145,17,14,12,16,1.15,0.12,21.21
trn_161694,0,8,96,9,10,11,13,1.01,0.09,-28.47
trn_161694,0,9,72,2,4,10,12,0.32,0.03,-63.25
trn_161694,0,10,23,1,2,3,2,0.57,0.04,-10.0
trn_63747,0,3,1368,182,157,190,143,0.94,0.13,-245.0
trn_63747,0,2,668,85,94,95,67,0.94,0.13,-135.79
trn_63747,0,4,496,61,69,54,57,0.87,0.12,-127.89
trn_63747,0,5,222,24,31,18,29,0.74,0.11,-80.16
trn_63747,0,6,89,11,10,12,13,0.77,0.12,-47.78
trn_63747,0,7,61,6,10,5,4,0.55,0.1,-36.13
trn_63747,0,8,18,0,3,1,3,0.0,0.0,-18.0
trn_63747,0,9,11,1,1,1,1,0.7,0.09,-4.5
trn_252288,0,5,183,11,30,25,19,0.61,0.06,-99.42
trn_252288,0,6,162,14,11,18,20,0.8,0.09,-47.29
trn_252288,0,7,130,14,21,18,13,0.84,0.11,-48.05
trn_252288,0,4,108,4,10,6,10,0.56,0.04,-84.5
trn_252288,0,8,96,12,14,14,14,0.99,0.12,7.88
trn_252288,0,10,91,7,5,11,10,0.77,0.08,-23.67
trn_252288,0,9,59,8,9,6,6,1.01,0.14,4.88
trn_252288,0,11,28,2,6,2,4,0.83,0.07,-13.5
trn_252288,0,3,15,0,1,0,1,0.0,0.0,-15.0
trn_252288,0,12,13,0,2,2,1,0.0,0.0,-13.0
trn_252288,0,13,7,2,0,0,2,2.44,0.29,14.0
trn_215334,0,3,2092,304,296,256,236,0.91,0.15,-357.12
trn_215334,0,2,1110,143,126,118,113,0.98,0.13,-288.07
trn_215334,0,4,826,119,123,104,88,0.88,0.14,-174.82
trn_215334,0,5,297,44,44,27,32,1.03,0.15,6.12
trn_215334,0,6,133,18,15,9,14,1.04,0.14,5.19
trn_215334,0,7,105,9,8,14,14,0.87,0.09,-13.5
trn_215334,0,8,49,3,8,1,7,0.64,0.06,-17.67
trn_215334,0,9,17,0,0,3,1,0.0,0.0,-17.0
trn_215334,0,10,1,0,0,0,0,0.0,0.0,-1.0
trn_160758,0,3,1281,111,102,127,146,0.91,0.09,-273.38
trn_160758,0,4,831,82,79,68,93,1.02,0.1,-98.45
trn_160758,0,2,592,46,47,56,58,1.05,0.08,-172.67
trn_160758,0,5,369,29,31,38,37,0.74,0.08,-172.75
trn_160758,0,6,254,17,13,24,28,0.7,0.07,-95.25
trn_160758,0,7,132,13,12,11,15,1.02,0.1,-9.25
trn_160758,0,8,69,5,4,7,9,0.72,0.07,-39.0
trn_160758,0,10,9,0,0,2,0,0.0,0.0,-9.0
trn_160758,0,9,7,0,0,0,2,0.0,0.0,-7.0
trn_345150,0,3,384,49,50,47,47,0.89,0.13,-65.99
trn_345150,0,2,216,18,24,20,22,0.85,0.08,-64.76
trn_345150,0,4,194,29,26,22,31,0.98,0.15,11.67
trn_345150,0,5,86,11,8,11,16,0.84,0.13,-18.26
trn_345150,0,6,43,7,4,8,3,1.28,0.16,2.5
trn_345150,0,7,16,0,0,1,2,0.0,0.0,-16.0
trn_29673,0,3,1425,107,115,106,142,0.78,0.08,-560.19
trn_29673,0,4,1231,111,128,118,123,0.78,0.09,-348.32
trn_29673,0,5,811,85,84,73,75,0.91,0.1,-113.45
trn_29673,0,2,674,53,50,54,57,0.97,0.08,-36.29
trn_29673,0,6,635,70,61,50,64,0.99,0.11,-31.07
trn_29673,0,7,465,35,39,42,47,0.72,0.08,-168.56
trn_29673,0,8,235,21,13,16,28,0.98,0.09,21.62
trn_29673,0,9,149,7,17,16,18,0.51,0.05,-106.5
trn_29673,0,10,38,2,3,1,0,0.96,0.05,-1.0
trn_29673,0,11,21,3,1,1,1,0.86,0.14,-5.25
trn_29673,0,12,9,5,1,0,1,2.4,0.56,14.5
trn_65700,0,4,654,73,73,65,53,0.93,0.11,-89.06
trn_65700,0,3,492,49,53,40,38,0.93,0.1,-191.89
trn_65700,0,5,454,48,62,38,53,0.78,0.11,-158.71
trn_65700,0,6,214,34,22,17,23,1.26,0.16,59.89
trn_65700,0,2,181,6,21,10,10,0.52,0.03,-114.5
trn_65700,0,7,145,17,13,10,10,1.11,0.12,35.63
trn_65700,0,8,96,10,10,7,10,1.02,0.1,0.25
trn_65700,0,9,64,5,5,4,10,0.85,0.08,-13.5
trn_65700,0,10,21,2,5,2,2,0.68,0.1,-12.17
trn_70857,0,6,843,64,72,85,79,0.73,0.08,-440.49
trn_70857,0,7,730,84,71,87,69,0.95,0.12,-125.78
trn_70857,0,5,699,75,74,61,61,0.99,0.11,-139.21
trn_70857,0,8,520,47,42,59,55,0.81,0.09,-146.71
trn_70857,0,4,505,26,38,44,41,0.57,0.05,-244.86
trn_70857,0,9,298,22,33,38,31,0.63,0.07,-95.12
trn_70857,0,3,262,12,22,14,20,0.65,0.05,-154.05
trn_70857,0,10,154,11,14,20,11,0.65,0.07,-50.0
trn_70857,0,2,91,5,6,5,7,1.0,0.05,-64.7
trn_70857,0,11,73,12,8,6,9,1.55,0.16,82.63
trn_70857,0,12,22,0,4,1,4,0.0,0.0,-22.0
trn_70857,0,13,14,1,0,0,0,1.56,0.07,-5.5
trn_70857,0,14,5,0,0,0,1,0.0,0.0,-5.0
trn_329130,0,5,115,14,7,19,16,0.94,0.12,-45.67
trn_329130,0,6,89,18,14,12,8,1.07,0.2,5.46
trn_329130,0,7,70,9,11,10,4,0.73,0.13,-34.41
trn_329130,0,8,41,8,7,6,2,1.23,0.2,26.41
trn_329130,0,4,22,3,1,7,1,1.0,0.14,22.75
trn_329130,0,9,20,0,5,1,4,0.0,0.0,-20.0
trn_329130,0,10,6,0,0,2,2,0.0,0.0,-6.0
trn_329130,0,3,4,0,0,0,2,0.0,0.0,-4.0
trn_2412,0,5,901,74,70,83,83,0.89,0.08,-226.13
trn_2412,0,4,863,66,67,77,70,0.93,0.08,-170.79
trn_2412,0,6,788,63,59,60,67,0.89,0.08,-158.85
trn_2412,0,7,622,36,55,54,56,0.64,0.06,-211.56
trn_2412,0,8,419,29,43,47,40,0.72,0.07,-215.3
trn_2412,0,3,396,24,30,24,17,0.88,0.06,-177.0
trn_2412,0,9,269,19,22,25,32,0.8,0.07,-85.88
trn_2412,0,10,163,20,15,16,14,1.17,0.12,-1.63
trn_2412,0,11,100,10,14,12,8,0.99,0.1,46.88
trn_2412,0,2,49,1,1,1,2,0.55,0.02,-43.0
trn_2412,0,12,49,4,4,4,5,0.84,0.08,-17.09
trn_2412,0,13,10,0,0,2,0,0.0,0.0,-10.0
trn_249318,0,9,3,0,0,0,1,0.0,0.0,-3.0
trn_249318,0,11,1,0,0,0,0,0.0,0.0,-1.0
trn_379017,0,10,1,0,0,0,0,0.0,0.0,-1.0
trn_203031,0,9,29,6,6,2,3,1.35,0.21,20.5
trn_203031,0,11,29,9,5,6,0,1.23,0.31,16.3
trn_203031,0,10,25,7,2,0,5,1.15,0.28,-4.52
trn_203031,0,8,15,2,3,3,2,0.7,0.13,17.0
trn_203031,0,7,9,3,2,2,0,1.61,0.33,12.18
trn_203031,0,12,7,3,1,2,0,1.43,0.43,23.5
trn_203031,0,6,7,2,0,1,1,1.0,0.29,-1.12
trn_203031,0,5,5,1,1,1,1,0.82,0.2,-0.67
trn_203031,0,13,4,0,1,0,0,0.0,0.0,-4.0
trn_203031,0,4,3,0,0,0,0,0.0,0.0,-3.0
trn_60957,0,9,104,5,13,14,11,0.53,0.05,-76.0
trn_60957,0,8,79,6,9,9,10,0.92,0.08,-37.75
trn_60957,0,7,79,9,12,9,8,1.06,0.11,-35.31
trn_60957,0,10,66,4,6,5,7,0.84,0.06,-7.0
trn_60957,0,6,63,2,5,11,5,0.42,0.03,-50.0
trn_60957,0,11,57,6,4,5,6,1.46,0.11,61.5
trn_60957,0,12,51,5,4,8,5,1.01,0.1,-14.0
trn_60957,0,5,41,0,2,2,4,0.0,0.0,-41.0
trn_60957,0,4,20,3,1,3,2,1.69,0.15,36.0
trn_60957,0,3,8,0,0,0,1,0.0,0.0,-8.0
trn_60957,0,13,8,0,1,1,1,0.0,0.0,-8.0
trn_60957,0,14,2,0,0,0,0,0.0,0.0,-2.0
trn_60957,0,2,2,0,0,0,0,0.0,0.0,-2.0
trn_78030,0,9,55,2,5,12,4,0.47,0.04,-32.5
trn_78030,0,6,47,0,1,1,3,0.0,0.0,-47.0
trn_78030,0,10,45,1,5,4,5,0.33,0.02,-39.5
trn_78030,0,7,36,0,6,6,5,0.0,0.0,-36.0
trn_78030,0,8,26,3,6,5,3,0.89,0.12,-6.12
trn_78030,0,12,25,0,1,3,3,0.0,0.0,-25.0
trn_78030,0,11,22,2,0,1,4,2.0,0.09,52.5
trn_78030,0,5,14,0,0,0,0,0.0,0.0,-14.0
trn_78030,0,3,9,0,0,0,1,0.0,0.0,-9.0
trn_78030,0,4,9,0,0,0,2,0.0,0.0,-9.0
trn_78030,0,13,4,0,0,2,1,0.0,0.0,-4.0
trn_78030,0,14,4,0,0,1,0,0.0,0.0,-4.0
trn_18666,0,8,188,22,24,24,25,1.0,0.12,-14.02
trn_18666,0,7,171,16,18,19,14,1.11,0.09,-12.99
trn_18666,0,9,152,10,16,21,17,0.63,0.07,-58.37
trn_18666,0,6,133,7,16,13,9,0.82,0.05,-7.0
trn_18666,0,10,115,8,14,20,14,0.63,0.07,-43.0
trn_18666,0,11,71,7,1,8,11,1.25,0.1,-4.0
trn_18666,0,5,36,0,0,2,0,0.0,0.0,-36.0
trn_18666,0,12,31,3,1,5,5,1.14,0.1,17.5
trn_18666,0,4,13,0,0,0,1,0.0,0.0,-13.0
trn_18666,0,13,6,0,0,1,1,0.0,0.0,-6.0
trn_18666,0,3,2,0,0,0,0,0.0,0.0,-2.0
trn_180063,0,7,38,2,1,2,4,0.92,0.05,-22.0
trn_180063,0,4,36,2,2,2,1,0.67,0.06,-14.5
trn_180063,0,6,30,2,3,1,5,0.93,0.07,-15.75
trn_180063,0,5,25,1,1,3,1,0.54,0.04,-22.75
trn_180063,0,3,16,0,0,0,0,0.0,0.0,-16.0
trn_180063,0,8,14,0,1,1,1,0.0,0.0,-14.0
trn_180063,0,9,8,0,0,1,0,0.0,0.0,-8.0
trn_180063,0,2,7,0,0,0,0,0.0,0.0,-7.0
trn_180063,0,10,6,0,0,0,0,0.0,0.0,-6.0
trn_180063,0,12,1,0,0,0,0,0.0,0.0,-1.0
trn_240543,0,2,680,85,102,94,75,0.84,0.12,-153.21
trn_240543,0,3,594,55,52,63,42,0.77,0.09,-238.62
trn_240543,0,4,243,26,17,26,23,0.87,0.11,-102.69
trn_240543,0,5,110,13,8,7,14,1.17,0.12,-4.67
trn_240543,0,6,60,6,5,7,8,0.8,0.1,-38.19
trn_240543,0,7,38,2,1,5,2,0.55,0.05,-25.5
trn_240543,0,8,27,3,2,3,1,1.21,0.11,-13.5
trn_240543,0,9,14,0,2,0,0,0.0,0.0,-14.0
trn_240543,0,10,2,0,0,1,0,0.0,0.0,-2.0
trn_6498,0,5,18,0,2,3,1,0.0,0.0,-18.0
trn_6498,0,6,15,0,1,2,1,0.0,0.0,-15.0
trn_6498,0,8,11,3,2,0,1,2.37,0.27,9.75
trn_6498,0,4,10,2,1,0,1,3.42,0.2,12.5
trn_6498,0,10,10,2,1,2,2,1.54,0.2,-0.75
trn_6498,0,7,5,0,1,1,0,0.0,0.0,-5.0
trn_6498,0,11,5,0,0,0,0,0.0,0.0,-5.0
trn_6498,0,9,5,0,1,0,1,0.0,0.0,-5.0
trn_6498,0,3,4,1,0,0,0,3.1,0.25,25.0
trn_95670,0,5,96,5,4,5,4,0.88,0.05,-66.5
trn_95670,0,6,83,5,6,5,5,0.6,0.06,-35.0
trn_95670,0,7,78,7,5,8,5,0.89,0.09,10.7
trn_95670,0,4,76,3,4,4,10,0.63,0.04,-53.67
trn_95670,0,10,60,9,11,8,5,1.27,0.15,-1.37
trn_95670,0,8,47,5,8,4,4,0.78,0.11,-19.0
trn_95670,0,11,43,4,7,1,2,0.93,0.09,-7.0
trn_95670,0,9,30,3,5,2,0,0.77,0.1,-14.25
trn_95670,0,3,19,2,0,0,2,1.93,0.11,0.75
trn_95670,0,12,8,1,2,2,1,1.0,0.12,2.0
trn_95670,0,13,2,0,0,1,0,0.0,0.0,-2.0
trn_106353,0,5,132,14,20,11,18,0.81,0.11,-41.15
trn_106353,0,6,130,28,15,20,14,1.25,0.22,-6.82
trn_106353,0,7,116,12,11,15,10,0.78,0.1,-38.75
trn_106353,0,8,91,9,20,11,11,0.7,0.1,-16.0
trn_106353,0,4,90,13,4,9,11,1.37,0.14,27.32
trn_106353,0,10,47,1,8,4,8,0.16,0.02,-43.0
trn_106353,0,9,44,6,4,5,6,1.01,0.14,5.04
trn_106353,0,11,27,3,3,1,9,0.85,0.11,-5.37
trn_106353,0,3,19,2,4,4,1,0.69,0.11,2.0
trn_106353,0,12,14,2,2,4,3,1.17,0.14,7.0
trn_106353,0,13,6,0,0,0,1,0.0,0.0,-6.0
trn_101601,0,6,176,21,28,25,20,0.69,0.12,-57.44
trn_101601,0,7,159,28,27,20,16,0.9,0.18,-10.05
trn_101601,0,8,119,26,11,12,16,1.15,0.22,-10.04
trn_101601,0,5,110,8,14,16,16,0.49,0.07,-65.42
trn_101601,0,9,97,21,17,12,9,1.34,0.22,40.33
trn_101601,0,10,62,8,4,6,14,0.73,0.13,-31.48
trn_101601,0,4,43,4,4,6,4,0.86,0.09,-21.5
trn_101601,0,11,19,2,1,2,3,0.91,0.11,0.0
trn_101601,0,12,11,0,1,2,2,0.0,0.0,-11.0
trn_101601,0,13,4,0,0,1,1,0.0,0.0,-4.0
trn_101601,0,3,3,0,0,0,2,0.0,0.0,-3.0
trn_65637,0,6,1704,189,153,126,138,0.83,0.11,-450.98
trn_65637,0,5,1648,163,137,126,99,0.79,0.1,-744.07
trn_65637,0,7,1319,156,120,94,112,0.81,0.12,-437.85
trn_65637,0,4,1256,94,86,85,53,0.71,0.07,-691.32
trn_65637,0,8,839,93,89,84,57,0.76,0.11,-336.4
trn_65637,0,3,542,18,18,23,19,0.48,0.03,-373.1
trn_65637,0,9,524,39,43,41,47,0.57,0.07,-321.99
trn_65637,0,10,322,37,37,32,19,0.82,0.11,-100.78
trn_65637,0,11,168,8,12,12,9,0.48,0.05,-109.0
trn_65637,0,12,73,3,4,4,4,0.47,0.04,-62.12
trn_65637,0,2,56,2,2,0,0,0.93,0.04,-21.0
trn_65637,0,13,9,0,0,1,2,0.0,0.0,-9.0
trn_65637,0,,1,0,0,0,0,0.0,0.0,-1.0
trn_65637,0,14,1,0,0,1,0,0.0,0.0,-1.0
trn_144468,0,6,71,13,7,7,5,1.79,0.18,-4.35
trn_144468,0,7,64,10,8,4,4,1.46,0.16,-2.67
trn_144468,0,8,57,5,5,8,6,0.78,0.09,-25.0
trn_144468,0,5,40,3,3,1,1,1.37,0.07,-21.0
trn_144468,0,9,31,3,4,6,2,0.69,0.1,-11.5
trn_144468,0,10,12,0,1,1,2,0.0,0.0,-12.0
trn_144468,0,4,9,2,0,0,1,5.76,0.22,55.0
trn_144468,0,11,7,1,2,1,1,0.83,0.14,-1.0
trn_144468,0,13,4,0,2,0,0,0.0,0.0,-4.0
trn_144468,0,12,1,0,0,0,0,0.0,0.0,-1.0
trn_176058,0,7,48,5,6,3,1,1.26,0.1,58.2
trn_176058,0,6,47,8,4,2,6,1.71,0.17,20.5
trn_176058,0,5,43,2,2,4,5,0.49,0.05,-21.0
trn_176058,0,8,29,3,6,1,5,0.97,0.1,-2.5
trn_176058,0,4,12,2,3,0,1,1.62,0.17,28.0
trn_176058,0,9,6,0,0,0,1,0.0,0.0,-6.0
trn_176058,0,10,5,0,1,0,0,0.0,0.0,-5.0
trn_176058,0,13,2,0,0,0,0,0.0,0.0,-2.0
trn_176058,0,11,2,0,0,0,0,0.0,0.0,-2.0
trn_75870,0,7,27,0,0,0,4,0.0,0.0,-27.0
trn_75870,0,5,22,0,1,1,2,0.0,0.0,-22.0
trn_75870,0,6,21,0,0,0,0,0.0,0.0,-21.0
trn_75870,0,10,16,3,3,1,1,1.37,0.19,41.13
trn_75870,0,11,12,0,1,0,0,0.0,0.0,-12.0
trn_75870,0,9,11,1,0,0,1,4.22,0.09,70.0
trn_75870,0,8,11,1,0,0,4,2.79,0.09,2.0
trn_75870,0,4,7,0,0,0,0,0.0,0.0,-7.0
trn_75870,0,12,3,1,0,1,0,5.3,0.33,14.0
trn_75870,0,13,3,0,0,0,0,0.0,0.0,-3.0
trn_370863,0,6,42,3,4,2,6,0.69,0.07,-21.67
trn_370863,0,7,31,3,2,4,5,1.16,0.1,15.5
trn_370863,0,9,22,2,4,3,1,1.06,0.09,-3.5
trn_370863,0,5,19,0,0,0,1,0.0,0.0,-19.0
trn_370863,0,8,11,0,1,0,2,0.0,0.0,-11.0
trn_370863,0,10,10,0,1,1,2,0.0,0.0,-10.0
trn_370863,0,4,8,1,0,0,1,2.64,0.12,59.0
trn_370863,0,11,7,1,0,0,0,4.67,0.14,16.0
trn_370863,0,3,6,2,0,0,1,2.24,0.33,0.25
trn_370863,0,12,1,0,0,0,0,0.0,0.0,-1.0
trn_142290,0,7,119,8,10,14,8,0.8,0.07,-66.88
trn_142290,0,6,106,3,5,9,12,0.55,0.03,-68.0
trn_142290,0,5,100,0,6,4,8,0.0,0.0,-100.0
trn_142290,0,8,82,6,8,7,14,0.74,0.07,-28.25
trn_142290,0,9,63,7,7,5,4,1.17,0.11,-8.84
trn_142290,0,3,48,0,4,2,3,0.0,0.0,-48.0
trn_142290,0,10,44,1,8,5,4,0.26,0.02,-36.5
trn_142290,0,4,35,0,1,5,3,0.0,0.0,-35.0
trn_142290,0,11,31,1,6,6,2,0.37,0.03,-12.0
trn_142290,0,12,16,2,3,2,0,1.21,0.12,22.0
trn_142290,0,2,12,0,0,0,0,0.0,0.0,-12.0
trn_142290,0,13,4,0,1,0,1,0.0,0.0,-4.0
trn_130482,0,4,967,49,47,57,71,0.8,0.05,-222.67
trn_130482,0,3,963,31,40,49,62,0.72,0.03,-505.5
trn_130482,0,5,586,48,47,54,55,0.98,0.08,-92.92
trn_130482,0,6,415,26,34,28,31,0.77,0.06,-139.84
trn_130482,0,2,325,4,6,14,19,0.39,0.01,-288.0
trn_130482,0,7,209,12,12,20,20,0.75,0.06,49.33
trn_130482,0,8,91,5,4,3,7,0.8,0.05,-48.5
trn_130482,0,9,58,2,0,6,7,0.57,0.03,-24.0
trn_130482,0,10,12,0,1,0,0,0.0,0.0,-12.0
trn_130482,0,11,2,0,0,0,0,0.0,0.0,-2.0
trn_255042,0,3,2346,622,437,301,216,0.94,0.27,-148.95
trn_255042,0,2,2012,546,353,301,208,0.91,0.27,-184.61
trn_255042,0,4,906,192,137,112,85,0.85,0.21,-107.48
trn_255042,0,5,397,93,56,47,40,0.98,0.23,-8.08
trn_255042,0,6,167,42,23,17,22,1.24,0.25,42.89
trn_255042,0,7,44,10,6,6,6,1.06,0.23,6.35
trn_255042,0,8,7,1,2,0,1,0.85,0.14,-1.5
trn_255042,0,9,4,1,1,0,1,1.45,0.25,-0.25
trn_258858,0,3,365,25,23,24,32,1.1,0.07,-144.92
trn_258858,0,4,246,17,19,26,17,0.85,0.07,5.95
trn_258858,0,2,178,6,6,8,13,0.87,0.03,-116.17
trn_258858,0,5,159,16,11,20,11,0.89,0.1,-63.7
trn_258858,0,6,80,0,11,9,4,0.0,0.0,-80.0
trn_258858,0,7,39,3,2,2,5,1.08,0.08,-11.0
trn_258858,0,8,13,0,0,1,4,0.0,0.0,-13.0
trn_258858,0,10,7,0,0,0,0,0.0,0.0,-7.0
trn_258858,0,9,2,0,0,0,0,0.0,0.0,-2.0
trn_110853,0,7,231,29,21,25,23,0.99,0.13,21.52
trn_110853,0,8,223,24,20,26,24,0.86,0.11,-63.33
trn_110853,0,6,210,14,18,15,23,0.72,0.07,-81.0
trn_110853,0,9,160,15,16,21,14,0.81,0.09,-41.0
trn_110853,0,10,125,16,19,14,16,1.13,0.13,54.0
trn_110853,0,5,111,3,4,5,8,0.47,0.03,-90.67
trn_110853,0,11,51,5,3,2,8,1.0,0.1,8.5
trn_110853,0,4,41,0,1,1,1,0.0,0.0,-41.0
trn_110853,0,12,8,0,3,1,1,0.0,0.0,-8.0
trn_110853,0,3,7,0,0,1,0,0.0,0.0,-7.0
trn_110853,0,14,2,0,1,0,0,0.0,0.0,-2.0
trn_221319,0,7,35,4,4,3,5,0.87,0.11,3.5
trn_221319,0,6,31,1,3,6,3,0.35,0.03,-27.25
trn_221319,0,5,28,2,2,3,3,1.5,0.07,79.5
trn_221319,0,10,27,0,3,4,3,0.0,0.0,-27.0
trn_221319,0,8,26,0,2,3,4,0.0,0.0,-26.0
trn_221319,0,9,22,4,4,1,2,1.44,0.18,-2.65
trn_221319,0,11,10,0,2,1,1,0.0,0.0,-10.0
trn_221319,0,12,4,0,0,0,1,0.0,0.0,-4.0
trn_221319,0,4,1,0,0,0,0,0.0,0.0,-1.0
trn_160659,0,3,1107,122,117,126,116,0.95,0.11,-289.52
trn_160659,0,4,800,96,91,89,80,0.92,0.12,-193.59
trn_160659,0,2,568,56,55,59,52,0.93,0.1,26.09
trn_160659,0,5,443,46,57,48,55,0.79,0.1,57.36
trn_160659,0,6,249,22,28,28,21,0.89,0.09,3.45
trn_160659,0,7,153,11,19,19,17,0.73,0.07,-37.13
trn_160659,0,8,89,7,7,5,15,0.88,0.08,-13.0
trn_160659,0,9,48,2,2,10,4,0.41,0.04,-21.0
trn_160659,0,10,21,1,3,7,3,0.44,0.05,-10.0
trn_160659,0,12,8,1,2,0,2,1.59,0.12,3.0
trn_92772,0,3,771,54,66,66,90,0.86,0.07,71.71
trn_92772,0,4,608,56,45,46,52,0.96,0.09,-55.67
trn_92772,0,5,469,49,54,47,42,0.9,0.1,-98.98
trn_92772,0,2,387,15,29,29,34,0.75,0.04,-162.0
trn_92772,0,6,368,30,26,39,37,0.85,0.08,117.01
trn_92772,0,7,209,15,22,22,20,0.66,0.07,-97.1
trn_92772,0,8,109,8,7,10,7,0.78,0.07,-54.12
trn_92772,0,9,88,5,9,3,10,0.79,0.06,-46.75
trn_92772,0,10,26,2,1,2,1,1.01,0.08,-17.67
trn_92772,0,12,14,1,0,2,1,1.2,0.07,3.0
trn_92772,0,11,8,1,3,0,0,2.08,0.12,1.0
trn_92772,0,13,1,0,0,0,0,0.0,0.0,-1.0
trn_70371,0,5,274,24,26,30,22,0.99,0.09,-95.65
trn_70371,0,4,222,9,8,22,25,0.6,0.04,-121.25
trn_70371,0,6,218,18,22,22,19,0.87,0.08,-116.07
trn_70371,0,7,215,26,17,24,26,1.14,0.12,41.13
trn_70371,0,8,194,18,17,27,18,0.89,0.09,-32.5
trn_70371,0,9,121,17,10,15,15,1.21,0.14,4.5
trn_70371,0,3,81,2,5,3,8,0.48,0.02,31.0
trn_70371,0,10,62,10,5,9,10,1.59,0.16,30.38
trn_70371,0,11,29,3,4,1,3,1.36,0.1,-5.5
trn_70371,0,12,18,0,1,6,5,0.0,0.0,-18.0
trn_70371,0,13,7,3,1,1,0,2.19,0.43,3.25
trn_70371,0,14,3,0,0,1,0,0.0,0.0,-3.0
trn_70371,0,2,1,0,0,0,0,0.0,0.0,-1.0
trn_135963,0,3,1459,139,129,131,127,1.02,0.1,-161.09
trn_135963,0,4,1308,142,119,118,120,0.95,0.11,-224.33
trn_135963,0,5,920,108,72,89,93,0.98,0.12,-108.08
trn_135963,0,2,762,39,62,71,66,0.67,0.05,-324.25
trn_135963,0,6,617,63,67,63,59,0.86,0.1,-143.87
trn_135963,0,7,458,36,43,47,42,0.79,0.08,-90.88
trn_135963,0,8,266,21,18,21,34,0.82,0.08,-34.12
trn_135963,0,9,171,13,13,11,25,0.86,0.08,-40.92
trn_135963,0,10,86,8,7,6,12,1.02,0.09,-22.5
trn_135963,0,11,51,4,5,8,4,0.87,0.08,-24.0
trn_135963,0,12,30,1,5,4,4,0.34,0.03,-25.5
trn_135963,0,13,6,0,1,0,1,0.0,0.0,-6.0
trn_135963,0,14,1,0,0,0,0,0.0,0.0,-1.0
trn_129618,0,4,258,13,19,14,17,0.73,0.05,-110.75
trn_129618,0,5,241,9,17,15,19,0.6,0.04,-143.5
trn_129618,0,6,213,14,14,21,21,0.87,0.07,-52.25
trn_129618,0,3,197,3,6,9,15,0.29,0.02,-182.77
trn_129618,0,7,107,4,6,10,11,0.58,0.04,-81.0
trn_129618,0,8,73,2,5,6,8,0.35,0.03,-42.8
trn_129618,0,2,52,1,0,3,2,0.83,0.02,-1.0
trn_129618,0,9,49,6,4,4,3,1.48,0.12,-4.75
trn_129618,0,11,27,1,3,2,3,0.59,0.04,-19.0
trn_129618,0,10,14,0,1,0,2,0.0,0.0,-14.0
trn_129618,0,12,14,1,2,1,4,0.86,0.07,-3.0
trn_129618,0,13,4,0,0,1,0,0.0,0.0,-4.0
trn_146763,0,3,334,27,49,29,37,0.76,0.08,-101.62
trn_146763,0,4,224,21,28,25,24,0.8,0.09,-24.42
trn_146763,0,5,180,27,17,16,20,1.25,0.15,32.01
trn_146763,0,2,122,11,13,13,11,1.12,0.09,-8.62
trn_146763,0,6,116,6,12,6,17,0.58,0.05,-76.5
trn_146763,0,8,106,6,9,11,18,0.6,0.06,-67.62
trn_146763,0,7,101,10,7,13,11,1.01,0.1,-14.5
trn_146763,0,9,53,1,11,8,4,0.2,0.02,-40.0
trn_146763,0,10,28,1,3,5,3,0.5,0.04,-22.5
trn_146763,0,11,14,0,1,2,1,0.0,0.0,-14.0
trn_2025,0,4,187,5,6,9,16,0.7,0.03,-109.0
trn_2025,0,5,166,3,6,10,8,0.39,0.02,-115.75
trn_2025,0,6,142,7,7,6,13,0.88,0.05,-70.25
trn_2025,0,7,91,6,5,9,9,0.95,0.07,-42.0
trn_2025,0,8,90,8,4,5,4,1.33,0.09,0.0
trn_2025,0,3,81,1,2,2,4,0.33,0.01,-76.5
trn_2025,0,9,56,2,2,1,4,0.63,0.04,51.5
trn_2025,0,10,50,1,5,4,3,0.35,0.02,-39.0
trn_2025,0,11,23,0,2,2,0,0.0,0.0,-23.0
trn_2025,0,12,13,0,0,0,1,0.0,0.0,-13.0
trn_2025,0,2,9,0,0,0,0,0.0,0.0,-9.0
trn_2025,0,13,9,0,0,0,1,0.0,0.0,-9.0
trn_184104,0,8,13,1,1,3,2,0.71,0.08,-5.0
trn_184104,0,5,11,0,0,0,1,0.0,0.0,-11.0
trn_184104,0,6,10,0,0,1,1,0.0,0.0,-10.0
trn_184104,0,7,9,1,1,0,2,1.5,0.11,32.0
trn_184104,0,10,8,3,0,1,4,2.28,0.38,17.08
trn_184104,0,9,5,0,1,2,0,0.0,0.0,-5.0
trn_184104,0,4,3,0,0,0,0,0.0,0.0,-3.0
trn_184104,0,11,3,0,0,1,0,0.0,0.0,-3.0
trn_184104,0,12,1,0,0,0,0,0.0,0.0,-1.0
trn_302742,0,3,308,27,36,29,40,0.78,0.09,-99.52
trn_302742,0,2,285,19,23,30,27,0.75,0.07,-105.59
trn_302742,0,4,120,18,10,13,11,1.03,0.15,-16.81
trn_302742,0,5,119,14,5,11,14,0.88,0.12,31.8
trn_302742,0,6,78,8,6,14,12,0.73,0.1,-19.5
trn_302742,0,7,34,4,2,6,3,0.82,0.12,-19.0
trn_302742,0,8,17,0,1,1,2,0.0,0.0,-17.0
trn_302742,0,9,16,2,1,1,3,1.19,0.12,-4.67
trn_302742,0,10,10,0,0,4,1,0.0,0.0,-10.0
trn_125901,0,7,45,5,6,6,6,0.69,0.11,-26.87
trn_125901,0,8,26,2,2,4,3,0.72,0.08,-7.0
trn_125901,0,6,25,2,5,2,2,0.66,0.08,-18.5
trn_125901,0,5,18,1,1,0,1,1.56,0.06,-5.0
trn_125901,0,9,12,1,1,1,0,0.67,0.08,-9.0
trn_125901,0,4,2,0,0,0,0,0.0,0.0,-2.0
trn_125901,0,14,2,0,2,0,0,0.0,0.0,-2.0
trn_125901,0,11,1,0,1,0,0,0.0,0.0,-1.0
trn_339498,0,6,52,2,2,5,2,0.46,0.04,-43.5
trn_339498,0,5,42,2,2,6,0,0.89,0.05,21.0
trn_339498,0,7,26,5,2,1,4,1.43,0.19,29.0
trn_339498,0,4,25,1,0,0,3,0.87,0.04,-21.75
trn_339498,0,8,22,2,1,4,2,1.08,0.09,-1.5
trn_339498,0,9,13,0,2,0,1,0.0,0.0,-13.0
trn_339498,0,2,1,0,0,0,0,0.0,0.0,-1.0
trn_339498,0,10,1,0,0,0,0,0.0,0.0,-1.0
trn_250758,0,7,15,1,2,3,1,1.1,0.07,66.0
trn_250758,0,10,13,1,0,2,4,1.24,0.08,4.0
trn_250758,0,8,12,1,0,2,2,0.67,0.08,-7.0
trn_250758,0,12,10,0,0,1,0,0.0,0.0,-10.0
trn_250758,0,5,10,1,0,1,2,4.2,0.1,9.0
trn_250758,0,6,10,1,0,0,1,3.35,0.1,16.0
trn_250758,0,9,9,0,0,1,1,0.0,0.0,-9.0
trn_250758,0,4,7,1,0,0,0,2.08,0.14,-2.67
trn_250758,0,11,7,2,2,1,0,2.77,0.29,5.0
trn_250758,0,13,3,0,0,0,0,0.0,0.0,-3.0
trn_51264,0,3,817,26,54,41,68,0.52,0.03,-549.04
trn_51264,0,4,735,25,38,43,51,0.56,0.03,-464.62
trn_51264,0,2,543,19,36,42,40,0.51,0.03,-395.38
trn_51264,0,5,476,18,43,32,51,0.53,0.04,-290.83
trn_51264,0,6,320,17,29,22,25,0.61,0.05,-179.65
trn_51264,0,7,242,21,23,16,28,0.95,0.09,7.73
trn_51264,0,8,141,10,14,24,13,0.66,0.07,-72.63
trn_51264,0,9,85,8,11,12,11,0.78,0.09,16.88
trn_51264,0,10,32,0,3,6,7,0.0,0.0,-32.0
trn_51264,0,11,15,0,2,0,3,0.0,0.0,-15.0
trn_51264,0,12,2,0,1,0,0,0.0,0.0,-2.0
trn_247680,0,7,34,1,1,2,2,0.7,0.03,-21.0
trn_247680,0,8,33,0,1,6,1,0.0,0.0,-33.0
trn_247680,0,5,26,1,0,0,1,0.87,0.04,-3.0
trn_247680,0,6,25,2,1,0,1,1.91,0.08,39.0
trn_247680,0,9,16,0,0,2,1,0.0,0.0,-16.0
trn_247680,0,4,14,0,1,1,0,0.0,0.0,-14.0
trn_247680,0,14,8,2,1,0,0,1.88,0.25,14.83
trn_247680,0,10,8,0,0,0,0,0.0,0.0,-8.0
trn_247680,0,12,3,2,0,0,0,8.85,0.67,16.0
trn_247680,0,13,1,0,0,0,0,0.0,0.0,-1.0
trn_247680,0,2,1,0,0,0,0,0.0,0.0,-1.0
trn_247680,0,11,1,0,0,0,0,0.0,0.0,-1.0
trn_160227,0,4,692,55,64,64,65,0.84,0.08,-252.36
trn_160227,0,3,501,23,24,41,54,0.75,0.05,-234.25
trn_160227,0,5,485,51,62,49,39,0.9,0.11,-105.62
trn_160227,0,6,302,31,27,22,34,1.0,0.1,-63.42
trn_160227,0,7,240,17,25,20,24,0.76,0.07,-36.0
trn_160227,0,8,202,9,12,20,27,0.51,0.04,-99.0
trn_160227,0,2,79,0,6,6,2,0.0,0.0,-79.0
trn_160227,0,9,74,5,13,8,8,0.66,0.07,-16.5
trn_160227,0,10,28,1,0,2,4,0.61,0.04,-9.0
trn_160227,0,11,15,0,1,0,2,0.0,0.0,-15.0
trn_160227,0,12,2,0,0,0,0,0.0,0.0,-2.0
trn_144783,0,9,60,2,2,3,2,0.58,0.03,-47.67
trn_144783,0,8,51,1,3,3,2,0.44,0.02,-45.0
trn_144783,0,7,31,0,1,0,0,0.0,0.0,-31.0
trn_144783,0,10,17,0,0,0,2,0.0,0.0,-17.0
trn_144783,0,6,16,0,0,0,0,0.0,0.0,-16.0
trn_144783,0,5,6,0,0,0,0,0.0,0.0,-6.0
trn_144783,0,4,2,0,0,0,0,0.0,0.0,-2.0
trn_144783,0,12,1,0,0,0,0,0.0,0.0,-1.0
trn_170280,0,3,2174,234,235,263,268,0.88,0.11,-364.95
trn_170280,0,2,1468,152,172,155,170,0.87,0.1,-213.3
trn_170280,0,4,1089,135,113,138,123,0.96,0.12,-134.34
trn_170280,0,5,464,55,58,52,57,0.96,0.12,-41.0
trn_170280,0,6,238,22,29,29,20,0.8,0.09,-68.38
trn_170280,0,7,135,8,9,17,17,0.52,0.06,-46.0
trn_170280,0,8,70,5,5,4,6,0.96,0.07,-12.0
trn_170280,0,9,45,2,3,3,5,0.53,0.04,-31.5
trn_170280,0,10,18,2,1,3,1,1.4,0.11,17.0
trn_170280,0,11,8,0,0,0,1,0.0,0.0,-8.0
trn_284715,0,8,59,7,9,5,7,0.79,0.12,-13.65
trn_284715,0,7,49,6,3,3,5,0.8,0.12,-14.24
trn_284715,0,6,27,4,5,3,5,0.97,0.15,-1.67
trn_284715,0,10,26,7,2,7,1,1.49,0.27,13.8
trn_284715,0,9,22,5,5,3,1,1.1,0.23,-3.97
trn_284715,0,5,19,2,3,3,2,0.66,0.11,-5.5
trn_284715,0,11,15,0,3,3,1,0.0,0.0,-15.0
trn_284715,0,4,3,0,0,0,0,0.0,0.0,-3.0
trn_284715,0,12,3,1,0,1,0,1.62,0.33,0.25
trn_284715,0,3,1,0,0,0,0,0.0,0.0,-1.0
trn_91098,0,7,187,12,11,16,19,0.74,0.06,-19.5
trn_91098,0,6,153,8,8,14,11,0.78,0.05,-74.0
trn_91098,0,8,150,13,13,20,13,0.83,0.09,-49.5
trn_91098,0,9,137,11,15,17,11,0.82,0.08,-66.28
trn_91098,0,5,133,4,7,11,19,0.5,0.03,-112.92
trn_91098,0,10,95,9,5,7,12,1.13,0.09,11.5
trn_91098,0,4,71,1,2,3,7,0.39,0.01,-42.0
trn_91098,0,11,66,4,8,13,6,0.67,0.06,-36.5
trn_91098,0,12,48,5,5,7,6,1.17,0.1,5.0
trn_91098,0,3,17,0,0,1,0,0.0,0.0,-17.0
trn_91098,0,13,8,1,0,2,0,1.99,0.12,15.0
trn_91098,0,2,3,0,0,0,0,0.0,0.0,-3.0
trn_226440,0,7,19,3,1,3,1,0.85,0.16,-0.7
trn_226440,0,6,17,3,0,1,2,1.15,0.18,-8.05
trn_226440,0,8,15,4,1,2,1,1.41,0.27,1.25
trn_226440,0,9,10,0,0,2,1,0.0,0.0,-10.0
trn_226440,0,10,10,0,1,2,1,0.0,0.0,-10.0
trn_226440,0,4,7,0,2,0,1,0.0,0.0,-7.0
trn_226440,0,5,5,3,1,0,1,8.18,0.6,28.5
trn_226440,0,12,5,1,1,1,0,3.47,0.2,10.0
trn_226440,0,11,2,0,1,0,0,0.0,0.0,-2.0
trn_226440,0,3,1,0,1,0,0,0.0,0.0,-1.0
trn_226440,0,13,1,0,0,0,0,0.0,0.0,-1.0
trn_145998,0,8,30,9,4,4,4,1.49,0.3,28.67
trn_145998,0,9,26,4,8,2,2,0.66,0.15,-12.46
trn_145998,0,7,19,3,6,2,1,0.63,0.16,-11.25
trn_145998,0,11,16,3,4,2,1,0.94,0.19,-5.92
trn_145998,0,10,15,4,3,0,1,1.29,0.27,-3.32
trn_145998,0,6,12,5,0,0,1,2.65,0.42,16.0
trn_145998,0,12,7,2,0,1,1,2.04,0.29,15.0
trn_275976,0,10,3,2,0,1,0,4.19,0.67,11.0
trn_275976,0,5,1,0,0,1,0,0.0,0.0,-1.0
trn_275976,0,8,1,0,0,1,0,0.0,0.0,-1.0
trn_275976,0,12,1,0,0,0,1,0.0,0.0,-1.0
trn_273024,0,9,11,1,1,2,2,0.61,0.09,-8.38
trn_273024,0,10,7,1,1,2,0,0.73,0.14,0.0
trn_273024,0,11,5,1,1,2,0,1.5,0.2,1.5
trn_273024,0,5,3,0,1,0,1,0.0,0.0,-3.0
trn_273024,0,8,3,0,1,0,0,0.0,0.0,-3.0
trn_273024,0,12,2,0,0,0,0,0.0,0.0,-2.0
trn_273024,0,6,1,0,0,0,0,0.0,0.0,-1.0
trn_136341,0,9,30,3,2,6,4,0.68,0.1,11.23
trn_136341,0,10,21,5,2,3,6,1.71,0.24,36.0
trn_136341,0,8,18,4,1,3,3,1.09,0.22,-1.09
trn_136341,0,11,15,5,4,2,1,1.29,0.33,9.7
trn_136341,0,12,9,0,2,5,0,0.0,0.0,-9.0
trn_136341,0,7,8,0,4,1,1,0.0,0.0,-8.0
trn_136341,0,13,2,0,2,0,0,0.0,0.0,-2.0
trn_136341,0,14,1,0,0,0,1,0.0,0.0,-1.0
trn_312516,0,7,11,0,1,1,1,0.0,0.0,-11.0
trn_312516,0,6,8,0,0,0,0,0.0,0.0,-8.0
trn_312516,0,9,7,1,0,1,0,1.57,0.14,4.0
trn_312516,0,8,7,0,0,0,1,0.0,0.0,-7.0
trn_312516,0,10,4,0,0,0,0,0.0,0.0,-4.0
trn_312516,0,11,2,0,0,0,0,0.0,0.0,-2.0
trn_312516,0,5,1,0,0,0,0,0.0,0.0,-1.0
trn_312516,0,12,1,0,0,0,1,0.0,0.0,-1.0
trn_370962,0,2,20,1,0,4,3,0.6,0.05,-16.25
trn_370962,0,4,12,4,2,1,0,3.08,0.33,37.0
trn_370962,0,3,6,1,0,2,1,0.8,0.17,-2.75
trn_64512,0,4,644,43,45,59,65,0.76,0.07,-297.27
trn_64512,0,5,514,35,44,48,43,0.7,0.07,-210.42
trn_64512,0,3,458,24,17,31,40,0.68,0.05,-212.5
trn_64512,0,6,377,25,29,44,33,0.71,0.07,-153.92
trn_64512,0,7,341,34,35,42,43,0.97,0.1,-28.58
trn_64512,0,2,254,9,15,20,22,0.52,0.04,-179.72
trn_64512,0,8,244,20,25,28,31,0.69,0.08,-101.24
trn_64512,0,9,120,7,11,10,11,0.6,0.06,-68.0
trn_64512,0,10,62,4,6,4,8,0.77,0.06,-32.5
trn_64512,0,11,13,0,1,1,1,0.0,0.0,-13.0
trn_64512,0,12,7,0,1,0,0,0.0,0.0,-7.0
trn_236466,0,6,35,0,1,2,2,0.0,0.0,-35.0
trn_236466,0,8,34,4,7,6,3,0.82,0.12,-17.5
trn_236466,0,9,30,1,5,5,3,0.41,0.03,-22.5
trn_236466,0,10,28,2,4,2,1,0.86,0.07,-2.12
trn_236466,0,7,27,3,1,2,1,1.73,0.11,11.5
trn_236466,0,5,16,0,0,2,3,0.0,0.0,-16.0
trn_236466,0,11,13,1,1,2,1,1.29,0.08,-3.0
trn_236466,0,12,6,0,0,0,2,0.0,0.0,-6.0
trn_236466,0,4,5,0,1,0,0,0.0,0.0,-5.0
trn_236466,0,13,4,1,0,0,0,2.93,0.25,37.0
trn_377856,0,4,2,0,1,0,1,0.0,0.0,-2.0
trn_377856,0,5,1,0,0,0,1,0.0,0.0,-1.0
trn_372105,0,6,5,0,0,1,0,0.0,0.0,-5.0
trn_372105,0,8,5,0,0,0,1,0.0,0.0,-5.0
trn_372105,0,7,3,0,0,0,0,0.0,0.0,-3.0
trn_372105,0,10,2,0,0,0,0,0.0,0.0,-2.0
trn_372105,0,4,1,0,0,0,0,0.0,0.0,-1.0
trn_372105,0,9,1,0,0,0,0,0.0,0.0,-1.0
trn_142380,0,3,110,2,0,2,11,0.44,0.02,-58.0
trn_142380,0,4,105,5,6,7,13,0.7,0.05,-27.0
trn_142380,0,5,59,4,5,5,3,0.79,0.07,1.3
trn_142380,0,6,55,5,3,3,7,0.88,0.09,-23.0
trn_142380,0,2,34,0,0,2,1,0.0,0.0,-34.0
trn_142380,0,7,33,2,4,3,4,0.48,0.06,-16.09
trn_142380,0,8,22,3,2,1,2,1.54,0.14,10.0
trn_142380,0,9,11,0,1,0,0,0.0,0.0,-11.0
trn_142380,0,10,8,0,0,3,2,0.0,0.0,-8.0
trn_142380,0,11,5,0,0,0,1,0.0,0.0,-5.0
trn_278505,0,3,178,13,16,11,17,0.8,0.07,-86.46
trn_278505,0,2,132,16,15,11,11,1.1,0.12,6.47
trn_278505,0,4,80,11,7,9,4,1.04,0.14,-18.29
trn_278505,0,5,74,9,11,9,8,0.89,0.12,-16.17
trn_278505,0,6,65,6,4,8,5,0.82,0.09,-28.4
trn_278505,0,7,23,1,2,7,0,0.46,0.04,-19.0
trn_278505,0,9,14,3,1,0,0,2.53,0.21,32.0
trn_278505,0,8,13,1,3,1,1,0.68,0.08,-4.0
trn_278505,0,10,5,1,0,1,0,3.11,0.2,7.0
trn_278505,0,11,2,0,0,0,0,0.0,0.0,-2.0
trn_363735,0,3,71,7,6,8,6,0.99,0.1,-28.17
trn_363735,0,2,44,2,1,3,4,1.3,0.05,-14.0
trn_363735,0,4,39,1,5,5,8,0.21,0.03,-31.5
trn_363735,0,5,37,4,3,5,3,0.81,0.11,-17.42
trn_363735,0,6,31,3,5,8,6,0.58,0.1,1.1
trn_363735,0,8,10,1,2,2,1,0.68,0.1,-7.62
trn_363735,0,9,9,1,1,0,2,0.84,0.11,-6.25
trn_363735,0,12,7,0,0,0,0,0.0,0.0,-7.0
trn_349425,0,2,37,6,3,5,6,1.31,0.16,12.85
trn_349425,0,3,13,0,2,3,2,0.0,0.0,-13.0
trn_349425,0,4,6,0,2,0,1,0.0,0.0,-6.0
trn_349425,0,5,3,0,0,0,0,0.0,0.0,-3.0
trn_54261,0,6,192,9,8,9,15,0.81,0.05,-67.37
trn_54261,0,5,176,7,8,9,15,0.65,0.04,-96.0
trn_54261,0,7,166,14,17,9,17,1.19,0.08,31.25
trn_54261,0,4,138,8,11,6,8,1.03,0.06,-40.5
trn_54261,0,8,128,7,8,14,12,0.69,0.05,37.5
trn_54261,0,9,123,9,11,9,9,1.04,0.07,-39.0
trn_54261,0,10,65,6,3,3,6,1.17,0.09,-8.5
trn_54261,0,11,54,2,4,4,4,0.51,0.04,-29.0
trn_54261,0,3,46,0,1,2,4,0.0,0.0,-46.0
trn_54261,0,12,39,3,4,5,4,0.99,0.08,-9.36
trn_54261,0,13,9,0,0,2,2,0.0,0.0,-9.0
trn_54261,0,14,4,0,1,0,0,0.0,0.0,-4.0
trn_54261,0,2,2,0,0,0,0,0.0,0.0,-2.0
trn_312012,0,2,161,13,18,14,10,1.02,0.08,47.7
trn_312012,0,3,155,15,14,10,13,0.95,0.1,-17.59
trn_312012,0,4,112,5,7,9,13,0.51,0.04,-42.0
trn_312012,0,5,83,8,5,5,6,1.21,0.1,29.25
trn_312012,0,8,41,5,3,5,4,1.11,0.12,-4.0
trn_312012,0,6,38,3,4,5,2,0.74,0.08,-17.5
trn_312012,0,7,30,2,1,1,2,0.89,0.07,1.0
trn_312012,0,9,22,1,1,2,3,0.45,0.05,-19.0
trn_312012,0,10,12,0,1,1,1,0.0,0.0,-12.0
trn_171270,0,3,318,20,28,24,36,0.72,0.06,-98.0
trn_171270,0,2,256,16,24,33,32,0.76,0.06,101.2
trn_171270,0,6,172,9,15,14,10,0.68,0.05,-31.53
trn_171270,0,4,147,14,14,13,18,1.03,0.1,-25.97
trn_171270,0,5,133,6,11,12,12,0.56,0.05,-78.5
trn_171270,0,7,126,8,6,10,10,0.75,0.06,-3.5
trn_171270,0,8,81,9,7,8,12,1.08,0.11,59.0
trn_171270,0,9,43,5,6,6,2,1.02,0.12,-24.85
trn_171270,0,10,23,3,5,0,2,1.27,0.13,2.5
trn_171270,0,11,21,0,2,1,2,0.0,0.0,-21.0
trn_171270,0,12,9,0,1,1,0,0.0,0.0,-9.0
trn_171270,0,13,5,0,1,0,0,0.0,0.0,-5.0
trn_366723,0,3,85,6,6,6,7,0.76,0.07,-55.92
trn_366723,0,2,51,7,6,4,5,1.12,0.14,-7.51
trn_366723,0,4,28,5,3,1,2,1.8,0.18,87.5
trn_366723,0,6,4,0,1,1,0,0.0,0.0,-4.0
trn_366723,0,5,3,0,0,0,0,0.0,0.0,-3.0
trn_62019,0,5,1384,89,106,111,111,0.7,0.06,-558.53
trn_62019,0,6,1252,90,89,104,108,0.73,0.07,-584.31
trn_62019,0,4,836,37,44,51,59,0.63,0.04,-505.36
trn_62019,0,7,777,64,56,69,68,0.81,0.08,-291.6
trn_62019,0,8,469,38,30,41,48,0.82,0.08,-196.89
trn_62019,0,9,283,17,26,14,19,0.64,0.06,-120.34
trn_62019,0,3,224,11,8,7,10,0.83,0.05,-89.5
trn_62019,0,2,88,3,8,2,4,0.56,0.03,-80.22
trn_62019,0,10,84,5,8,4,4,0.72,0.06,-16.5
trn_62019,0,11,77,3,6,4,5,0.55,0.04,-42.0
trn_62019,0,12,18,2,0,0,0,1.07,0.11,0.5
trn_62019,0,13,5,0,0,0,1,0.0,0.0,-5.0
trn_64989,0,2,5599,666,623,666,576,0.91,0.12,-1276.59
trn_64989,0,3,4875,513,500,484,496,0.87,0.11,-724.45
trn_64989,0,4,1460,143,129,138,135,0.88,0.1,-208.34
trn_64989,0,5,423,44,40,43,35,0.96,0.1,-44.3
trn_64989,0,6,223,16,22,23,16,0.68,0.07,-92.6
trn_64989,0,7,47,5,3,5,4,0.82,0.11,-9.92
trn_64989,0,8,31,3,2,3,4,1.08,0.1,47.0
trn_64989,0,9,5,0,1,0,0,0.0,0.0,-5.0
trn_64989,0,1,5,0,0,0,0,0.0,0.0,-5.0
trn_64989,0,11,3,0,0,0,0,0.0,0.0,-3.0
trn_64989,0,10,2,0,0,0,0,0.0,0.0,-2.0
trn_367731,0,8,16,3,0,4,1,1.78,0.19,23.5
trn_367731,0,7,8,0,0,1,0,0.0,0.0,-8.0
trn_367731,0,9,3,0,0,0,1,0.0,0.0,-3.0
trn_367731,0,3,2,0,0,0,0,0.0,0.0,-2.0
trn_367731,0,6,1,0,0,0,0,0.0,0.0,-1.0
trn_288549,0,5,49,3,0,3,10,1.0,0.06,-27.67
trn_288549,0,6,41,0,2,6,2,0.0,0.0,-41.0
trn_288549,0,7,37,2,1,4,2,1.06,0.05,-17.5
trn_288549,0,4,29,1,3,1,1,0.47,0.03,-24.5
trn_288549,0,8,19,0,2,3,3,0.0,0.0,-19.0
trn_288549,0,9,8,2,0,0,1,1.35,0.25,0.8
trn_288549,0,10,4,1,0,0,1,2.14,0.25,2.0
trn_288549,0,12,3,1,0,0,0,1.3,0.33,0.25
trn_288549,0,3,3,0,0,0,0,0.0,0.0,-3.0
trn_342693,0,4,178,6,10,12,12,0.5,0.03,-113.59
trn_342693,0,6,161,9,15,9,13,0.63,0.06,-48.4
trn_342693,0,5,156,11,5,11,12,1.08,0.07,-61.25
trn_342693,0,3,153,11,12,8,13,0.94,0.07,-51.0
trn_342693,0,7,114,6,8,9,18,0.65,0.05,-75.0
trn_342693,0,8,71,5,5,4,9,0.88,0.07,-34.5
trn_342693,0,2,59,7,3,5,5,1.97,0.12,-2.8
trn_342693,0,9,33,1,0,3,0,0.48,0.03,-23.5
trn_342693,0,10,28,1,0,5,7,0.63,0.04,-22.0
trn_342693,0,11,14,0,1,0,1,0.0,0.0,-14.0
trn_342693,0,12,2,0,0,0,0,0.0,0.0,-2.0
trn_240561,0,10,42,0,3,2,6,0.0,0.0,-42.0
trn_240561,0,8,41,2,2,2,4,0.98,0.05,-19.0
trn_240561,0,7,37,0,0,2,5,0.0,0.0,-37.0
trn_240561,0,11,27,0,0,3,2,0.0,0.0,-27.0
trn_240561,0,9,26,0,0,6,1,0.0,0.0,-26.0
trn_240561,0,6,20,0,0,0,0,0.0,0.0,-20.0
trn_240561,0,5,16,0,0,1,0,0.0,0.0,-16.0
trn_240561,0,15,6,0,1,1,1,0.0,0.0,-6.0
trn_240561,0,12,6,0,0,1,1,0.0,0.0,-6.0
trn_240561,0,14,4,0,0,0,0,0.0,0.0,-4.0
trn_369477,0,10,7,1,1,4,0,0.85,0.14,-5.33
trn_369477,0,6,2,0,0,0,1,0.0,0.0,-2.0
trn_369477,0,11,2,0,0,1,0,0.0,0.0,-2.0
trn_369477,0,7,1,0,0,0,1,0.0,0.0,-1.0
trn_32481,0,3,2588,305,280,289,262,0.91,0.12,-692.21
trn_32481,0,4,1159,157,122,100,108,1.04,0.14,-68.15
trn_32481,0,2,956,89,95,106,104,0.86,0.09,-199.73
trn_32481,0,5,434,45,53,55,50,0.82,0.1,-71.8
trn_32481,0,6,172,17,17,23,18,0.9,0.1,-17.44
trn_32481,0,7,91,13,10,12,8,1.08,0.14,5.45
trn_32481,0,8,48,4,4,5,5,0.72,0.08,-20.37
trn_32481,0,9,39,6,2,2,4,1.13,0.15,-5.63
trn_32481,0,10,38,0,5,4,1,0.0,0.0,-38.0
trn_32481,0,11,19,0,2,2,4,0.0,0.0,-19.0
trn_32481,0,14,7,0,0,1,1,0.0,0.0,-7.0
trn_32481,0,13,3,0,0,0,1,0.0,0.0,-3.0
trn_32481,0,12,1,0,0,0,0,0.0,0.0,-1.0
trn_201501,0,10,4,1,0,2,0,2.52,0.25,7.0
trn_201501,0,11,3,0,1,0,0,0.0,0.0,-3.0
trn_201501,0,8,3,0,0,0,2,0.0,0.0,-3.0
trn_379368,0,10,1,0,0,0,0,0.0,0.0,-1.0
trn_171441,0,9,4,0,0,0,0,0.0,0.0,-4.0
trn_171441,0,11,4,0,0,0,1,0.0,0.0,-4.0
trn_171441,0,10,1,0,0,0,0,0.0,0.0,-1.0
trn_171441,0,12,1,0,0,0,0,0.0,0.0,-1.0
trn_171441,0,13,1,0,0,0,0,0.0,0.0,-1.0
trn_285534,0,6,23,2,1,0,2,1.97,0.09,-15.17
trn_285534,0,7,16,1,0,3,0,0.73,0.06,-12.75
trn_285534,0,8,15,1,0,1,3,1.67,0.07,11.0
trn_285534,0,9,10,0,0,1,1,0.0,0.0,-10.0
trn_285534,0,11,9,0,0,0,2,0.0,0.0,-9.0
trn_285534,0,10,8,0,0,1,0,0.0,0.0,-8.0
trn_285534,0,5,7,0,1,0,1,0.0,0.0,-7.0
trn_285534,0,4,6,0,0,0,0,0.0,0.0,-6.0
trn_285534,0,3,4,0,0,0,0,0.0,0.0,-4.0
trn_285534,0,12,2,0,0,0,0,0.0,0.0,-2.0
trn_361953,0,7,11,1,0,3,1,1.32,0.09,23.0
trn_361953,0,8,8,0,0,0,3,0.0,0.0,-8.0
trn_361953,0,10,3,0,0,0,1,0.0,0.0,-3.0
trn_361953,0,9,3,0,0,2,0,0.0,0.0,-3.0
trn_361953,0,11,1,0,0,0,0,0.0,0.0,-1.0
trn_361953,0,6,1,0,0,1,0,0.0,0.0,-1.0
trn_287118,0,4,79,5,11,7,4,0.51,0.06,-52.88
trn_287118,0,5,45,6,4,7,3,1.11,0.13,-6.5
trn_287118,0,6,31,1,4,2,3,0.53,0.03,20.0
trn_287118,0,9,27,3,2,5,2,0.83,0.11,-8.75
trn_287118,0,8,26,1,1,4,2,0.47,0.04,-22.5
trn_287118,0,10,21,2,0,3,3,1.14,0.1,-9.5
trn_287118,0,7,16,1,3,4,0,0.67,0.06,-9.5
trn_287118,0,3,15,0,2,1,1,0.0,0.0,-15.0
trn_287118,0,11,9,0,0,0,2,0.0,0.0,-9.0
trn_287118,0,14,5,0,0,0,0,0.0,0.0,-5.0
trn_140427,0,6,583,45,61,50,60,0.78,0.08,-247.68
trn_140427,0,5,393,26,28,40,45,0.79,0.07,-12.18
trn_140427,0,7,391,38,42,40,38,0.88,0.1,-99.53
trn_140427,0,8,364,43,33,49,44,1.03,0.12,54.88
trn_140427,0,9,315,32,34,33,34,0.97,0.1,-9.07
trn_140427,0,4,177,11,9,10,8,0.92,0.06,-106.21
trn_140427,0,10,170,15,19,19,21,0.97,0.09,1.0
trn_140427,0,3,122,4,7,3,10,0.6,0.03,-13.0
trn_140427,0,11,118,4,11,15,20,0.36,0.03,-62.75
trn_140427,0,2,79,3,7,5,13,0.62,0.04,-43.75
trn_140427,0,12,47,2,3,6,5,0.58,0.04,-31.0
trn_140427,0,13,4,0,0,0,2,0.0,0.0,-4.0
trn_140427,0,14,3,0,0,0,0,0.0,0.0,-3.0
trn_323226,0,5,45,3,3,2,3,1.29,0.07,-13.25
trn_323226,0,4,43,2,1,1,0,0.87,0.05,-33.25
trn_323226,0,7,28,3,3,5,2,1.37,0.11,-11.5
trn_323226,0,6,27,1,3,3,2,0.62,0.04,7.0
trn_323226,0,8,24,0,1,2,3,0.0,0.0,-24.0
trn_323226,0,3,16,1,0,0,2,4.11,0.06,13.0
trn_323226,0,9,15,1,0,1,0,1.81,0.07,-7.5
trn_323226,0,10,4,0,0,0,0,0.0,0.0,-4.0
trn_224640,0,7,259,9,16,17,29,0.53,0.03,-66.4
trn_224640,0,8,246,6,13,36,28,0.41,0.02,-170.5
trn_224640,0,9,237,7,18,25,29,0.48,0.03,-184.63
trn_224640,0,6,195,6,10,19,20,0.48,0.03,-147.0
trn_224640,0,5,147,2,9,15,12,0.28,0.01,-87.0
trn_224640,0,10,131,7,8,12,18,0.96,0.05,-48.0
trn_224640,0,4,113,1,3,5,3,0.35,0.01,-87.0
trn_224640,0,11,72,3,3,11,10,0.56,0.04,-55.0
trn_224640,0,12,31,0,4,2,7,0.0,0.0,-31.0
trn_224640,0,13,23,2,0,2,5,2.62,0.09,37.0
trn_224640,0,3,20,0,0,1,2,0.0,0.0,-20.0
trn_224640,0,14,2,0,0,0,0,0.0,0.0,-2.0
trn_295533,0,4,127,8,7,2,5,1.54,0.06,10.5
trn_295533,0,3,80,3,4,1,4,1.0,0.04,-49.0
trn_295533,0,6,69,3,4,6,7,0.65,0.04,-25.5
trn_295533,0,5,56,2,5,1,3,0.77,0.04,-41.67
trn_295533,0,2,47,1,2,1,3,0.61,0.02,-35.0
trn_295533,0,7,39,0,6,3,4,0.0,0.0,-39.0
trn_295533,0,8,15,2,1,0,1,1.71,0.13,-7.75
trn_295533,0,9,1,0,0,0,0,0.0,0.0,-1.0
trn_343278,0,10,3,1,0,0,0,2.67,0.33,0.75
trn_343278,0,9,2,0,0,0,0,0.0,0.0,-2.0
trn_343278,0,11,1,0,0,0,0,0.0,0.0,-1.0
trn_343278,0,7,1,0,0,0,0,0.0,0.0,-1.0
trn_343278,0,8,1,0,0,0,0,0.0,0.0,-1.0
trn_345609,0,9,9,0,3,0,2,0.0,0.0,-9.0
trn_345609,0,10,7,0,3,2,0,0.0,0.0,-7.0
trn_345609,0,6,5,0,0,0,2,0.0,0.0,-5.0
trn_345609,0,8,2,0,0,0,0,0.0,0.0,-2.0
trn_345609,0,5,2,0,2,0,0,0.0,0.0,-2.0
trn_345609,0,11,1,0,0,1,0,0.0,0.0,-1.0
trn_196911,0,4,1618,102,128,140,128,0.72,0.06,-733.95
trn_196911,0,5,1321,109,116,117,115,0.78,0.08,-413.96
trn_196911,0,6,995,78,67,79,103,0.82,0.08,-330.7
trn_196911,0,3,716,27,42,54,45,0.55,0.04,-367.09
trn_196911,0,7,692,53,53,63,52,0.77,0.08,-306.74
trn_196911,0,8,341,29,32,34,36,0.86,0.09,-96.02
trn_196911,0,9,234,14,22,22,15,0.67,0.06,-86.5
trn_196911,0,2,193,5,9,7,17,0.5,0.03,-149.0
trn_196911,0,10,136,13,11,15,15,0.89,0.1,-45.87
trn_196911,0,11,50,3,3,7,6,0.75,0.06,-27.5
trn_196911,0,12,15,1,0,2,2,0.7,0.07,-10.67
trn_196911,0,13,7,0,1,1,0,0.0,0.0,-7.0
trn_74457,0,5,211,21,19,20,17,0.98,0.1,18.75
trn_74457,0,4,174,10,25,18,18,0.63,0.06,-98.92
trn_74457,0,6,158,16,13,16,17,1.08,0.1,19.0
trn_74457,0,3,135,6,11,11,7,0.71,0.04,23.0
trn_74457,0,7,76,4,10,15,8,0.52,0.05,-44.0
trn_74457,0,8,46,3,1,2,6,0.98,0.07,-1.0
trn_74457,0,9,21,2,2,2,3,0.94,0.1,-3.12
trn_74457,0,2,21,0,1,2,1,0.0,0.0,-21.0
trn_74457,0,10,11,0,0,2,0,0.0,0.0,-11.0
trn_74457,0,11,5,1,1,1,0,1.83,0.2,12.0
trn_74457,0,12,2,0,0,0,0,0.0,0.0,-2.0
trn_103356,0,4,388,38,28,37,40,0.92,0.1,-81.33
trn_103356,0,6,386,40,39,40,45,0.94,0.1,-43.8
trn_103356,0,5,378,35,33,31,33,0.87,0.09,-90.43
trn_103356,0,7,358,36,33,32,29,1.02,0.1,-20.09
trn_103356,0,8,283,17,31,37,30,0.61,0.06,-109.88
trn_103356,0,3,179,14,10,11,13,0.85,0.08,-94.89
trn_103356,0,9,154,9,14,15,17,0.58,0.06,-94.88
trn_103356,0,10,95,6,7,9,9,0.68,0.06,-6.5
trn_103356,0,2,56,3,1,4,3,0.84,0.05,-38.9
trn_103356,0,11,42,1,5,4,6,0.25,0.02,-35.5
trn_103356,0,12,7,0,1,0,1,0.0,0.0,-7.0
trn_379377,0,10,1,1,0,0,0,9.0,1.0,8.0
trn_39294,0,7,45,3,4,1,5,0.68,0.07,-24.5
trn_39294,0,6,37,3,4,2,1,0.95,0.08,-17.5
trn_39294,0,5,35,2,4,4,0,0.77,0.06,-24.0
trn_39294,0,8,29,0,2,1,3,0.0,0.0,-29.0
trn_39294,0,9,26,0,0,3,5,0.0,0.0,-26.0
trn_39294,0,10,20,0,0,3,1,0.0,0.0,-20.0
trn_39294,0,4,14,1,1,0,0,1.35,0.07,-7.5
trn_39294,0,13,6,0,1,0,0,0.0,0.0,-6.0
trn_39294,0,11,6,0,0,0,1,0.0,0.0,-6.0
trn_39294,0,12,4,0,0,0,0,0.0,0.0,-4.0
trn_39294,0,15,1,0,0,1,0,0.0,0.0,-1.0
trn_279612,0,8,65,3,3,7,6,0.66,0.05,25.0
trn_279612,0,7,44,3,2,6,2,1.03,0.07,8.0
trn_279612,0,6,38,2,3,2,1,0.74,0.05,-33.34
trn_279612,0,9,35,1,0,2,2,0.68,0.03,-18.0
trn_279612,0,5,33,0,2,3,0,0.0,0.0,-33.0
trn_279612,0,4,31,0,0,0,2,0.0,0.0,-31.0
trn_279612,0,3,26,0,0,1,3,0.0,0.0,-26.0
trn_279612,0,12,13,1,1,1,1,1.73,0.08,4.0
trn_279612,0,11,7,0,1,1,2,0.0,0.0,-7.0
trn_279612,0,13,4,0,0,0,0,0.0,0.0,-4.0
trn_279612,0,2,3,0,0,0,0,0.0,0.0,-3.0
trn_279612,0,10,2,0,0,0,0,0.0,0.0,-2.0
trn_73827,0,5,73,2,4,5,9,0.55,0.03,-37.5
trn_73827,0,4,62,3,1,8,5,0.79,0.05,-42.62
trn_73827,0,3,48,2,3,4,3,0.77,0.04,-35.17
trn_73827,0,6,32,1,3,4,4,0.4,0.03,-27.67
trn_73827,0,8,30,2,2,4,1,0.65,0.07,-15.0
trn_73827,0,7,30,2,0,5,0,0.86,0.07,-21.0
trn_73827,0,9,21,0,0,4,1,0.0,0.0,-21.0
trn_73827,0,10,20,2,2,1,0,1.04,0.1,-16.47
trn_73827,0,2,7,0,0,0,1,0.0,0.0,-7.0
trn_73827,0,13,6,0,0,0,0,0.0,0.0,-6.0
trn_73827,0,11,5,0,0,2,1,0.0,0.0,-5.0
trn_73827,0,12,4,0,1,0,0,0.0,0.0,-4.0
trn_73827,0,15,2,0,0,0,0,0.0,0.0,-2.0
trn_372357,0,12,2,0,0,0,1,0.0,0.0,-2.0
trn_372357,0,5,1,0,0,0,0,0.0,0.0,-1.0
trn_372357,0,9,1,1,0,0,0,4.5,1.0,3.5
trn_369576,0,11,2,1,0,0,0,6.0,0.5,8.0
trn_369576,0,12,1,0,1,0,0,0.0,0.0,-1.0
trn_344646,0,7,2,0,0,1,1,0.0,0.0,-2.0
trn_344646,0,11,2,0,0,0,1,0.0,0.0,-2.0
trn_344646,0,10,2,0,0,0,0,0.0,0.0,-2.0
trn_344646,0,14,1,0,0,0,0,0.0,0.0,-1.0
trn_344646,0,6,1,0,0,0,0,0.0,0.0,-1.0
trn_344646,0,8,1,0,0,0,0,0.0,0.0,-1.0
trn_142353,0,8,4,0,2,0,0,0.0,0.0,-4.0
trn_142353,0,10,2,0,0,1,0,0.0,0.0,-2.0
trn_142353,0,11,2,0,1,0,0,0.0,0.0,-2.0
trn_142353,0,12,1,0,0,0,0,0.0,0.0,-1.0
trn_142353,0,13,1,0,0,0,0,0.0,0.0,-1.0
trn_343080,0,6,3,2,1,0,0,1.19,0.67,0.5
trn_343080,0,9,3,1,1,0,0,0.8,0.33,-1.56
trn_343080,0,8,3,1,1,0,1,1.57,0.33,1.5
trn_343080,0,11,2,0,1,1,0,0.0,0.0,-2.0
trn_343080,0,10,2,1,1,0,0,3.07,0.5,15.0
trn_343080,0,12,1,1,0,0,0,4.0,1.0,3.0
trn_343080,0,5,1,0,1,0,0,0.0,0.0,-1.0
trn_332406,0,11,3,0,0,0,0,0.0,0.0,-3.0
trn_332406,0,7,3,0,0,0,0,0.0,0.0,-3.0
trn_332406,0,8,1,0,0,0,0,0.0,0.0,-1.0
trn_345303,0,7,4,2,1,0,1,1.62,0.5,1.0
trn_345303,0,8,4,2,0,0,0,4.22,0.5,12.0
trn_345303,0,6,2,0,0,1,0,0.0,0.0,-2.0
trn_345303,0,9,1,0,0,0,0,0.0,0.0,-1.0
trn_345303,0,4,1,0,0,0,0,0.0,0.0,-1.0
trn_7110,0,7,50,12,4,3,4,1.38,0.24,-9.8
trn_7110,0,9,33,3,4,6,3,0.59,0.09,-20.38
trn_7110,0,5,32,1,1,4,2,0.48,0.03,-24.0
trn_7110,0,6,30,5,5,1,2,1.45,0.17,140.0
trn_7110,0,8,28,1,7,1,7,0.3,0.04,-23.67
trn_7110,0,11,22,3,1,0,2,0.66,0.14,-12.6
trn_7110,0,10,15,2,1,0,2,1.17,0.13,-5.17
trn_7110,0,4,9,1,0,3,2,0.82,0.11,-6.8
trn_7110,0,12,9,1,0,1,1,0.91,0.11,-6.62
trn_7110,0,13,9,3,2,0,0,1.5,0.33,20.12
trn_7110,0,3,2,0,0,0,0,0.0,0.0,-2.0
trn_7110,0,14,2,0,0,0,1,0.0,0.0,-2.0
trn_369657,0,9,4,0,0,1,1,0.0,0.0,-4.0
trn_369657,0,10,3,1,1,0,0,3.34,0.33,9.0
trn_113769,0,6,59,2,3,1,4,0.64,0.03,-49.5
trn_113769,0,7,53,5,5,6,4,1.14,0.09,71.0
trn_113769,0,10,50,2,1,3,5,0.78,0.04,-23.5
trn_113769,0,9,49,2,1,1,3,0.83,0.04,19.0
trn_113769,0,8,31,0,0,0,3,0.0,0.0,-31.0
trn_113769,0,5,27,2,4,3,2,0.89,0.07,-10.0
trn_113769,0,11,18,1,0,0,0,0.79,0.06,-9.0
trn_113769,0,12,14,2,0,2,2,1.78,0.14,8.0
trn_113769,0,14,11,1,1,4,1,0.95,0.09,-6.67
trn_113769,0,4,9,2,0,0,0,4.23,0.22,5.0
trn_113769,0,13,8,0,1,0,0,0.0,0.0,-8.0
trn_113769,0,15,8,0,0,1,0,0.0,0.0,-8.0
trn_348300,0,5,34,7,4,4,4,1.09,0.21,-5.78
trn_348300,0,6,20,2,2,4,1,0.66,0.1,-15.89
trn_348300,0,4,19,2,4,0,3,0.93,0.11,-2.75
trn_348300,0,8,4,0,0,0,0,0.0,0.0,-4.0
trn_348300,0,7,4,0,0,0,1,0.0,0.0,-4.0
trn_348300,0,3,2,1,1,0,0,2.8,0.5,1.0
trn_290079,0,8,31,2,5,1,4,0.84,0.06,-12.0
trn_290079,0,7,29,0,1,5,3,0.0,0.0,-29.0
trn_290079,0,5,24,2,0,5,0,2.99,0.08,12.0
trn_290079,0,9,22,2,3,2,3,1.44,0.09,-0.5
trn_290079,0,10,21,2,4,2,2,1.22,0.1,26.5
trn_290079,0,6,20,0,0,0,1,0.0,0.0,-20.0
trn_290079,0,11,14,0,0,3,2,0.0,0.0,-14.0
trn_290079,0,12,9,0,0,0,2,0.0,0.0,-9.0
trn_290079,0,3,9,0,0,1,2,0.0,0.0,-9.0
trn_290079,0,4,1,0,0,0,0,0.0,0.0,-1.0
trn_49266,0,4,358,61,44,42,37,1.02,0.17,-23.06
trn_49266,0,3,237,29,25,22,21,0.95,0.12,-19.64
trn_49266,0,5,176,39,26,21,27,1.13,0.22,12.35
trn_49266,0,6,148,16,14,16,18,0.73,0.11,-86.31
trn_49266,0,7,97,22,14,9,8,1.12,0.23,33.4
trn_49266,0,8,69,21,8,7,4,1.37,0.3,20.07
trn_49266,0,2,34,1,1,1,3,0.53,0.03,-29.5
trn_49266,0,9,27,13,2,2,0,1.36,0.48,2.35
trn_49266,0,10,10,3,1,2,0,0.99,0.3,7.81
trn_49266,0,11,8,3,0,0,0,1.23,0.38,-3.66
trn_49266,0,12,6,2,1,0,1,1.53,0.33,1.83
trn_49266,0,14,2,0,0,0,0,0.0,0.0,-2.0
trn_135981,0,7,89,1,1,3,8,0.45,0.01,-79.5
trn_135981,0,9,69,2,2,5,9,1.13,0.03,-49.0
trn_135981,0,6,69,3,2,2,4,1.69,0.04,-51.67
trn_135981,0,8,65,0,3,10,8,0.0,0.0,-65.0
trn_135981,0,5,61,3,3,4,1,0.96,0.05,-15.55
trn_135981,0,10,28,1,2,2,2,0.61,0.04,-22.0
trn_135981,0,4,27,1,2,3,3,0.57,0.04,-12.0
trn_135981,0,11,17,0,1,0,0,0.0,0.0,-17.0
trn_135981,0,3,13,0,0,0,1,0.0,0.0,-13.0
trn_135981,0,12,11,0,1,0,2,0.0,0.0,-11.0
trn_135981,0,14,8,0,0,0,1,0.0,0.0,-8.0
trn_53928,0,5,116,14,13,11,16,1.13,0.12,16.17
trn_53928,0,4,74,2,7,8,6,0.32,0.03,-49.0
trn_53928,0,6,57,1,4,5,7,0.24,0.02,-53.0
trn_53928,0,7,20,0,1,1,1,0.0,0.0,-20.0
trn_53928,0,10,14,1,2,0,2,1.05,0.07,-3.0
trn_53928,0,3,11,0,2,0,2,0.0,0.0,-11.0
trn_53928,0,8,6,0,1,0,1,0.0,0.0,-6.0
trn_53928,0,9,5,0,0,0,0,0.0,0.0,-5.0
trn_53928,0,13,3,0,0,0,0,0.0,0.0,-3.0
trn_53928,0,12,1,0,0,0,0,0.0,0.0,-1.0
trn_53928,0,11,1,0,0,0,0,0.0,0.0,-1.0
trn_378423,0,6,1,0,0,0,0,0.0,0.0,-1.0
trn_378423,0,7,1,0,0,0,0,0.0,0.0,-1.0
trn_378423,0,8,1,0,0,1,0,0.0,0.0,-1.0
trn_99117,0,4,244,22,20,27,25,0.8,0.09,-104.04
trn_99117,0,3,235,16,16,24,24,0.86,0.07,-36.49
trn_99117,0,5,188,19,14,23,21,0.85,0.1,-70.54
trn_99117,0,2,150,3,4,15,14,0.43,0.02,-107.5
trn_99117,0,6,149,11,12,18,20,0.67,0.07,-53.0
trn_99117,0,7,88,9,4,11,14,1.09,0.1,39.38
trn_99117,0,8,46,5,2,6,6,0.88,0.11,-12.75
trn_99117,0,10,20,1,5,2,4,0.42,0.05,-7.0
trn_99117,0,9,17,1,2,1,1,0.68,0.06,-9.0
trn_99117,0,11,1,0,0,0,0,0.0,0.0,-1.0
trn_227349,0,3,208,21,23,22,30,1.08,0.1,-67.89
trn_227349,0,4,198,9,22,21,30,0.44,0.05,-144.92
trn_227349,0,5,113,7,13,11,11,0.66,0.06,-67.15
trn_227349,0,2,71,6,4,5,7,1.74,0.08,-12.75
trn_227349,0,6,53,4,2,4,6,1.1,0.08,-15.0
trn_227349,0,8,40,4,4,5,4,1.2,0.1,17.0
trn_227349,0,7,35,2,0,6,3,0.75,0.06,5.0
trn_227349,0,9,9,0,1,2,0,0.0,0.0,-9.0
trn_227349,0,10,5,0,1,0,0,0.0,0.0,-5.0
trn_227349,0,12,3,0,0,0,0,0.0,0.0,-3.0
trn_234918,0,6,229,27,21,25,20,1.0,0.12,-49.87
trn_234918,0,5,194,14,12,7,8,0.84,0.07,-109.35
trn_234918,0,7,147,15,19,15,10,0.83,0.1,-25.97
trn_234918,0,4,129,12,14,4,6,0.95,0.09,-71.75
trn_234918,0,8,105,15,5,11,13,1.36,0.14,-1.0
trn_234918,0,9,70,6,3,9,4,0.9,0.09,-24.87
trn_234918,0,10,32,2,0,1,4,0.96,0.06,-13.0
trn_234918,0,3,25,1,0,0,1,0.8,0.04,1.0
trn_234918,0,11,9,0,1,1,1,0.0,0.0,-9.0
trn_234918,0,12,8,0,0,0,0,0.0,0.0,-8.0
trn_234918,0,13,2,0,0,0,1,0.0,0.0,-2.0
trn_234918,0,2,2,0,0,0,0,0.0,0.0,-2.0
trn_64215,0,5,133,12,7,7,10,1.24,0.09,-19.5
trn_64215,0,6,104,7,4,6,13,0.92,0.07,-27.0
trn_64215,0,4,90,2,1,4,3,0.65,0.02,-49.0
trn_64215,0,7,89,3,4,4,11,0.54,0.03,-49.5
trn_64215,0,8,71,2,9,6,5,0.4,0.03,-57.5
trn_64215,0,3,54,1,2,2,3,0.4,0.02,-45.0
trn_64215,0,9,42,0,6,5,5,0.0,0.0,-42.0
trn_64215,0,10,26,3,1,3,0,2.36,0.12,15.0
trn_64215,0,11,13,1,0,0,1,1.79,0.08,-2.0
trn_64215,0,2,8,1,0,0,2,2.67,0.12,13.0
trn_64215,0,14,1,0,0,0,0,0.0,0.0,-1.0
trn_290925,0,3,729,68,78,64,90,0.91,0.09,-187.09
trn_290925,0,2,671,57,59,52,83,0.88,0.08,-199.82
trn_290925,0,4,440,45,40,48,41,0.9,0.1,-88.7
trn_290925,0,5,357,42,51,39,41,0.96,0.12,9.29
trn_290925,0,6,233,20,28,35,23,0.65,0.09,-51.45
trn_290925,0,7,123,17,13,11,11,1.07,0.14,-40.01
trn_290925,0,8,54,6,7,6,6,0.86,0.11,-20.25
trn_290925,0,9,35,4,3,4,7,0.88,0.11,12.38
trn_290925,0,10,15,4,3,2,2,1.57,0.27,19.77
trn_290925,0,11,7,2,4,0,0,1.91,0.29,4.93
trn_290925,0,12,6,1,0,0,0,1.69,0.17,3.0
trn_275067,0,6,27,1,0,1,0,1.13,0.04,14.0
trn_275067,0,5,27,1,0,3,3,1.17,0.04,14.0
trn_275067,0,7,26,1,0,0,3,1.07,0.04,-9.0
trn_275067,0,4,24,0,1,1,2,0.0,0.0,-24.0
trn_275067,0,8,9,0,0,0,1,0.0,0.0,-9.0
trn_275067,0,9,6,0,0,0,0,0.0,0.0,-6.0
trn_275067,0,10,3,0,0,0,0,0.0,0.0,-3.0
trn_275067,0,3,2,0,0,0,0,0.0,0.0,-2.0
trn_275067,0,12,1,0,0,0,0,0.0,0.0,-1.0
trn_379098,0,10,1,0,0,0,0,0.0,0.0,-1.0
trn_153000,0,10,18,2,2,3,0,0.86,0.11,-5.25
trn_153000,0,12,17,1,5,3,1,0.55,0.06,-6.0
trn_153000,0,9,12,1,1,2,3,1.04,0.08,-4.0
trn_153000,0,13,10,2,3,3,2,1.19,0.2,-2.75
trn_153000,0,11,10,0,2,0,1,0.0,0.0,-10.0
trn_153000,0,8,5,0,1,0,0,0.0,0.0,-5.0
trn_153000,0,14,4,0,0,0,1,0.0,0.0,-4.0
trn_153000,0,7,4,0,0,2,0,0.0,0.0,-4.0
trn_153000,0,4,3,0,0,0,0,0.0,0.0,-3.0
trn_153000,0,15,1,0,0,0,0,0.0,0.0,-1.0
trn_153000,0,5,1,0,1,0,0,0.0,0.0,-1.0
trn_342873,0,10,12,1,3,3,1,0.32,0.08,-1.0
trn_342873,0,8,10,1,5,1,0,0.4,0.1,-8.09
trn_342873,0,9,7,2,0,2,0,1.31,0.29,3.91
trn_342873,0,13,6,2,2,1,0,1.04,0.33,-1.5
trn_342873,0,12,4,2,1,0,0,1.01,0.5,0.12
trn_342873,0,14,3,0,0,1,0,0.0,0.0,-3.0
trn_260145,0,11,16,4,3,1,1,1.8,0.25,15.33
trn_260145,0,10,14,0,3,2,4,0.0,0.0,-14.0
trn_260145,0,9,12,5,1,0,1,1.37,0.42,1.39
trn_260145,0,13,12,3,1,1,1,1.67,0.25,10.0
trn_260145,0,7,5,1,1,0,0,0.71,0.2,-3.43
trn_260145,0,6,3,0,1,2,0,0.0,0.0,-3.0
trn_260145,0,8,3,0,0,0,0,0.0,0.0,-3.0
trn_260145,0,4,1,0,0,0,0,0.0,0.0,-1.0
trn_134820,0,7,58,1,4,5,10,0.23,0.02,-53.5
trn_134820,0,8,52,6,7,3,3,1.18,0.12,0.0
trn_134820,0,6,35,0,1,2,0,0.0,0.0,-35.0
trn_134820,0,5,35,0,1,2,3,0.0,0.0,-35.0
trn_134820,0,9,20,1,0,3,1,0.48,0.05,-9.0
trn_134820,0,10,12,2,2,0,1,2.12,0.17,2.75
trn_134820,0,11,10,0,0,0,1,0.0,0.0,-10.0
trn_134820,0,4,4,0,0,0,0,0.0,0.0,-4.0
trn_134820,0,12,1,0,0,0,0,0.0,0.0,-1.0
trn_134820,0,13,1,0,0,0,0,0.0,0.0,-1.0
trn_314406,0,10,20,0,0,3,1,0.0,0.0,-20.0
trn_314406,0,8,17,0,1,3,0,0.0,0.0,-17.0
trn_314406,0,7,13,0,0,0,1,0.0,0.0,-13.0
trn_314406,0,5,10,1,3,1,1,0.58,0.1,-3.0
trn_314406,0,9,10,0,2,1,2,0.0,0.0,-10.0
trn_314406,0,6,7,1,0,0,2,1.34,0.14,1.0
trn_314406,0,11,5,0,1,0,0,0.0,0.0,-5.0
trn_314406,0,4,4,0,0,0,0,0.0,0.0,-4.0
trn_312093,0,6,16,0,2,0,4,0.0,0.0,-16.0
trn_312093,0,5,13,0,1,2,1,0.0,0.0,-13.0
trn_312093,0,11,10,3,0,1,0,2.41,0.3,30.25
trn_312093,0,13,10,1,1,1,2,1.43,0.1,11.0
trn_312093,0,12,6,1,1,0,1,1.04,0.17,0.5
trn_312093,0,7,5,0,0,0,0,0.0,0.0,-5.0
trn_312093,0,9,4,0,0,0,0,0.0,0.0,-4.0
trn_312093,0,8,2,0,0,0,0,0.0,0.0,-2.0
trn_312093,0,10,2,0,2,0,0,0.0,0.0,-2.0
trn_312093,0,14,1,0,0,0,0,0.0,0.0,-1.0
trn_130932,0,6,188,15,17,12,5,1.06,0.08,-50.42
trn_130932,0,5,162,2,8,6,7,0.26,0.01,-144.0
trn_130932,0,7,134,7,7,12,10,0.6,0.05,-93.5
trn_130932,0,8,134,12,21,14,7,0.77,0.09,-28.38
trn_130932,0,9,127,11,15,16,13,0.78,0.09,-62.5
trn_130932,0,4,88,6,4,7,4,1.22,0.07,-53.75
trn_130932,0,10,80,11,6,4,11,1.32,0.14,6.38
trn_130932,0,11,42,5,3,3,4,1.77,0.12,19.5
trn_130932,0,3,39,1,0,0,3,0.52,0.03,-32.0
trn_130932,0,12,29,2,4,2,4,0.71,0.07,-19.5
trn_130932,0,13,11,3,1,1,1,2.37,0.27,8.0
trn_130932,0,15,3,0,0,1,0,0.0,0.0,-3.0
trn_130932,0,14,3,0,0,1,1,0.0,0.0,-3.0
trn_130932,0,2,2,0,0,0,0,0.0,0.0,-2.0
trn_378558,0,10,1,0,0,0,0,0.0,0.0,-1.0
trn_354375,0,8,2,0,0,1,0,0.0,0.0,-2.0
trn_354375,0,10,1,0,0,0,0,0.0,0.0,-1.0
trn_354375,0,7,1,0,0,1,0,0.0,0.0,-1.0
trn_354375,0,12,1,0,0,0,0,0.0,0.0,-1.0
trn_110745,0,9,61,7,5,5,6,1.18,0.11,11.0
trn_110745,0,7,56,7,2,10,7,1.57,0.12,25.0
trn_110745,0,10,50,5,7,3,5,1.15,0.1,31.83
trn_110745,0,6,42,2,4,3,5,0.77,0.05,-9.0
trn_110745,0,5,26,0,1,0,1,0.0,0.0,-26.0
trn_110745,0,8,26,2,2,4,3,0.63,0.08,-16.17
trn_110745,0,4,24,0,0,2,1,0.0,0.0,-24.0
trn_110745,0,12,19,2,1,1,3,1.37,0.11,85.5
trn_110745,0,11,19,3,1,1,2,1.55,0.16,0.5
trn_110745,0,13,16,0,3,2,3,0.0,0.0,-16.0
trn_110745,0,14,3,0,0,0,0,0.0,0.0,-3.0
trn_110745,0,3,2,0,1,0,0,0.0,0.0,-2.0
trn_57807,0,8,10,1,5,2,0,0.42,0.1,-7.62
trn_57807,0,7,6,1,1,1,0,1.67,0.17,7.0
trn_57807,0,12,5,0,1,1,0,0.0,0.0,-5.0
trn_57807,0,11,4,0,0,1,1,0.0,0.0,-4.0
trn_57807,0,6,4,1,1,0,0,1.39,0.25,15.0
trn_57807,0,9,2,0,0,0,0,0.0,0.0,-2.0
trn_57807,0,13,1,0,0,0,0,0.0,0.0,-1.0
trn_379008,0,10,1,0,0,0,1,0.0,0.0,-1.0
trn_378927,0,11,1,0,0,0,0,0.0,0.0,-1.0
trn_165888,0,12,5,0,0,0,1,0.0,0.0,-5.0
trn_165888,0,9,5,0,0,1,0,0.0,0.0,-5.0
trn_165888,0,11,2,0,0,1,0,0.0,0.0,-2.0
trn_323064,0,4,5,0,1,0,0,0.0,0.0,-5.0
trn_323064,0,7,4,0,0,0,0,0.0,0.0,-4.0
trn_323064,0,8,3,0,0,0,0,0.0,0.0,-3.0
trn_323064,0,11,2,0,0,1,1,0.0,0.0,-2.0
trn_323064,0,5,1,0,0,0,0,0.0,0.0,-1.0
trn_323064,0,10,1,0,0,0,0,0.0,0.0,-1.0
trn_130986,0,3,2947,263,285,298,295,0.85,0.09,-783.62
trn_130986,0,2,2172,184,199,203,224,0.89,0.08,-608.71
trn_130986,0,4,1051,99,117,99,116,0.81,0.09,-186.72
trn_130986,0,5,355,25,35,29,43,0.66,0.07,-158.17
trn_130986,0,6,180,16,13,24,15,0.93,0.09,-16.17
trn_130986,0,7,65,3,6,8,8,0.46,0.05,-45.38
trn_130986,0,8,50,5,3,5,8,0.96,0.1,2.58
trn_130986,0,9,30,2,1,3,1,0.72,0.07,-15.5
trn_130986,0,11,14,1,0,0,2,0.83,0.07,-5.0
trn_130986,0,12,8,0,1,0,0,0.0,0.0,-8.0
trn_130986,0,10,6,1,0,0,1,1.08,0.17,2.0
trn_265959,0,5,113,11,5,12,9,1.1,0.1,-27.0
trn_265959,0,6,97,4,6,12,5,0.62,0.04,-61.5
trn_265959,0,7,74,6,10,6,5,0.93,0.08,-4.0
trn_265959,0,4,70,6,8,6,2,1.26,0.09,180.25
trn_265959,0,8,50,2,6,2,4,0.61,0.04,-11.0
trn_265959,0,3,38,1,0,1,0,1.16,0.03,-23.0
trn_265959,0,9,36,3,2,0,3,1.14,0.08,-18.5
trn_265959,0,10,27,0,0,3,4,0.0,0.0,-27.0
trn_265959,0,11,18,2,1,0,1,1.66,0.11,18.0
trn_265959,0,2,10,0,0,0,0,0.0,0.0,-10.0
trn_290115,0,3,551,47,40,36,47,1.04,0.09,-64.27
trn_290115,0,4,362,27,21,31,28,1.03,0.07,22.5
trn_290115,0,2,328,7,10,30,27,0.5,0.02,-247.87
trn_290115,0,5,156,5,14,20,16,0.33,0.03,-116.17
trn_290115,0,6,106,16,8,9,7,1.68,0.15,86.08
trn_290115,0,7,65,7,7,3,10,0.96,0.11,65.0
trn_290115,0,8,41,3,4,2,3,1.34,0.07,-16.0
trn_290115,0,9,28,4,2,2,5,1.35,0.14,-6.88
trn_290115,0,10,26,3,1,2,3,1.39,0.12,4.62
trn_290115,0,12,9,0,2,1,2,0.0,0.0,-9.0
trn_290115,0,11,5,1,0,0,2,3.4,0.2,7.0
trn_290115,0,13,3,0,0,0,0,0.0,0.0,-3.0
trn_189837,0,5,364,21,23,26,39,0.63,0.06,-190.76
trn_189837,0,4,309,12,19,28,33,0.51,0.04,-214.29
trn_189837,0,6,301,15,14,28,27,0.62,0.05,-197.75
trn_189837,0,7,201,15,28,19,24,0.65,0.07,-93.75
trn_189837,0,3,151,8,9,15,12,0.7,0.05,-76.65
trn_189837,0,9,148,5,10,11,13,0.41,0.03,-122.25
trn_189837,0,8,138,6,11,15,15,0.43,0.04,-95.3
trn_189837,0,10,84,7,8,13,12,0.91,0.08,7.5
trn_189837,0,2,48,2,2,2,4,0.79,0.04,-34.0
trn_189837,0,11,44,3,3,5,5,0.92,0.07,12.0
trn_189837,0,12,23,3,2,4,2,1.72,0.13,19.5
trn_189837,0,13,23,1,5,4,1,0.69,0.04,-10.0
trn_189837,0,14,1,0,0,0,0,0.0,0.0,-1.0
trn_347436,0,7,27,1,1,3,1,0.64,0.04,-20.5
trn_347436,0,6,27,2,4,0,1,1.18,0.07,5.0
trn_347436,0,3,26,1,0,0,0,1.89,0.04,-13.0
trn_347436,0,4,19,1,1,0,2,0.93,0.05,-10.0
trn_347436,0,8,16,2,0,0,0,1.55,0.12,0.75
trn_347436,0,5,13,1,0,0,0,2.85,0.08,-5.0
trn_347436,0,9,4,0,0,0,0,0.0,0.0,-4.0
trn_347436,0,10,1,0,0,0,0,0.0,0.0,-1.0
trn_181404,0,7,2,1,0,0,0,2.12,0.5,2.5
trn_181404,0,8,2,0,1,1,0,0.0,0.0,-2.0
trn_181404,0,9,1,1,0,0,0,8.5,1.0,7.5
trn_181404,0,12,1,0,0,0,0,0.0,0.0,-1.0
trn_378666,0,10,1,0,0,0,0,0.0,0.0,-1.0
trn_361980,0,8,1,0,0,0,0,0.0,0.0,-1.0
trn_136665,0,6,541,36,28,33,49,0.9,0.07,-285.14
trn_136665,0,7,496,34,48,49,43,0.77,0.07,-217.28
trn_136665,0,8,428,33,52,51,37,0.72,0.08,-197.15
trn_136665,0,5,392,19,16,23,34,0.88,0.05,-155.95
trn_136665,0,9,273,27,27,27,32,0.88,0.1,-62.11
trn_136665,0,4,214,4,12,7,12,0.48,0.02,-137.0
trn_136665,0,10,157,16,22,24,16,0.9,0.1,-44.74
trn_136665,0,11,78,4,8,6,9,0.51,0.05,-14.5
trn_136665,0,3,29,0,1,3,4,0.0,0.0,-29.0
trn_136665,0,12,25,2,3,1,0,1.02,0.08,15.0
trn_136665,0,13,6,0,0,0,1,0.0,0.0,-6.0
trn_136665,0,2,2,0,0,0,0,0.0,0.0,-2.0
trn_263088,0,6,36,8,6,2,6,1.55,0.22,26.25
trn_263088,0,5,33,1,3,8,7,0.23,0.03,-29.75
trn_263088,0,4,29,2,4,3,3,0.89,0.07,-22.0
trn_263088,0,7,26,0,2,5,6,0.0,0.0,-26.0
trn_263088,0,9,21,3,4,1,2,1.42,0.14,5.0
trn_263088,0,8,19,3,2,2,2,1.16,0.16,5.5
trn_263088,0,10,14,2,1,1,2,1.29,0.14,19.0
trn_263088,0,3,9,1,0,0,3,2.67,0.11,-2.0
trn_263088,0,11,5,0,0,0,2,0.0,0.0,-5.0
trn_286065,0,3,75,3,6,11,7,0.54,0.04,4.33
trn_286065,0,2,30,3,4,3,4,1.32,0.1,-9.88
trn_286065,0,4,8,0,0,1,0,0.0,0.0,-8.0
trn_286065,0,6,5,0,0,0,2,0.0,0.0,-5.0
trn_286065,0,7,2,0,0,1,0,0.0,0.0,-2.0
trn_47997,0,3,2646,384,317,290,304,0.88,0.15,-573.43
trn_47997,0,2,1854,327,261,223,197,0.92,0.18,-171.34
trn_47997,0,4,474,44,52,40,48,0.69,0.09,-191.77
trn_47997,0,5,106,7,14,8,8,0.57,0.07,-19.0
trn_47997,0,6,38,4,0,3,4,0.89,0.11,-19.42
trn_47997,0,7,17,0,2,1,1,0.0,0.0,-17.0
trn_47997,0,8,11,0,2,0,0,0.0,0.0,-11.0
trn_47997,0,1,4,0,0,2,1,0.0,0.0,-4.0
trn_351711,0,2,120,7,7,11,16,0.64,0.06,-81.67
trn_351711,0,3,109,13,10,5,11,1.06,0.12,7.49
trn_351711,0,4,26,0,0,1,4,0.0,0.0,-26.0
trn_351711,0,5,2,0,0,0,0,0.0,0.0,-2.0
trn_13248,0,3,700,46,53,62,57,0.71,0.07,-349.69
trn_13248,0,2,488,29,37,42,32,0.71,0.06,-212.42
trn_13248,0,4,488,46,44,52,44,0.87,0.09,-71.95
trn_13248,0,5,219,17,22,28,25,0.67,0.08,-111.08
trn_13248,0,6,101,8,13,7,11,0.72,0.08,-53.5
trn_13248,0,7,49,5,5,4,5,0.73,0.1,-18.87
trn_13248,0,8,28,2,0,2,6,0.61,0.07,-19.75
trn_13248,0,9,5,0,0,0,0,0.0,0.0,-5.0
trn_13248,0,10,3,0,0,0,1,0.0,0.0,-3.0
trn_13248,0,,1,0,0,0,0,0.0,0.0,-1.0
trn_243405,0,3,205,11,20,25,23,0.65,0.05,-79.25
trn_243405,0,4,151,16,14,15,13,1.09,0.11,53.5
trn_243405,0,5,57,7,6,4,7,1.06,0.12,0.37
trn_243405,0,2,38,3,1,1,4,2.12,0.08,87.0
trn_243405,0,6,12,1,0,2,2,0.68,0.08,-8.5
trn_243405,0,7,2,0,0,0,0,0.0,0.0,-2.0
trn_369558,0,6,5,3,2,0,0,1.31,0.6,1.97
trn_369558,0,10,3,1,0,1,1,2.28,0.33,0.25
trn_369558,0,8,2,1,0,0,0,2.92,0.5,1.25
trn_369558,0,11,1,0,0,0,0,0.0,0.0,-1.0
trn_369558,0,9,1,0,0,0,1,0.0,0.0,-1.0
trn_249822,0,10,2,0,0,0,1,0.0,0.0,-2.0
trn_249822,0,6,2,0,0,1,0,0.0,0.0,-2.0
trn_249822,0,7,1,0,0,0,0,0.0,0.0,-1.0
trn_249822,0,9,1,0,0,0,1,0.0,0.0,-1.0
trn_309942,0,10,1,0,0,0,0,0.0,0.0,-1.0
trn_89847,0,10,7,1,0,1,1,1.45,0.14,8.0
trn_89847,0,6,6,4,2,0,0,2.12,0.67,9.5
trn_89847,0,12,6,1,0,1,0,1.07,0.17,3.0
trn_89847,0,11,5,0,0,0,1,0.0,0.0,-5.0
trn_89847,0,9,5,0,0,1,0,0.0,0.0,-5.0
trn_89847,0,7,3,1,0,0,1,2.58,0.33,2.5
trn_89847,0,8,2,0,0,0,0,0.0,0.0,-2.0
trn_89847,0,13,1,0,0,0,0,0.0,0.0,-1.0
trn_268344,0,5,349,18,29,29,27,0.6,0.05,-159.88
trn_268344,0,4,330,22,34,15,22,0.89,0.07,-71.71
trn_268344,0,6,259,22,25,26,20,0.81,0.08,-92.88
trn_268344,0,7,167,8,13,15,15,0.62,0.05,-30.5
trn_268344,0,3,161,2,6,9,8,0.26,0.01,-133.0
trn_268344,0,8,95,5,6,8,7,0.65,0.05,-37.15
trn_268344,0,9,38,4,5,6,3,1.4,0.11,28.5
trn_268344,0,10,32,1,3,2,4,0.39,0.03,-26.5
trn_268344,0,2,28,1,4,1,2,0.47,0.04,-20.0
trn_268344,0,12,14,0,1,2,1,0.0,0.0,-14.0
trn_268344,0,11,14,3,0,0,0,2.79,0.21,7.5
trn_268344,0,13,11,0,1,1,1,0.0,0.0,-11.0
trn_268344,0,14,1,0,0,0,0,0.0,0.0,-1.0
trn_4491,0,3,697,69,82,72,65,0.84,0.1,-50.82
trn_4491,0,4,559,57,46,60,49,0.83,0.1,-37.23
trn_4491,0,5,507,63,48,52,64,0.94,0.12,-121.8
trn_4491,0,2,427,39,37,45,42,0.91,0.09,-87.8
trn_4491,0,6,307,41,40,32,23,0.87,0.13,-79.67
trn_4491,0,7,250,40,31,30,17,1.02,0.16,-21.68
trn_4491,0,8,156,20,18,21,15,0.85,0.13,-55.37
trn_4491,0,9,77,11,13,9,11,0.85,0.14,-1.72
trn_4491,0,10,61,10,6,10,8,0.99,0.16,-22.46
trn_4491,0,11,28,2,1,5,3,0.58,0.07,-19.5
trn_4491,0,12,11,1,1,1,1,0.66,0.09,-7.25
trn_4491,0,13,6,1,1,1,1,0.7,0.17,-3.5
trn_4491,0,1,3,0,0,1,0,0.0,0.0,-3.0
trn_140553,0,3,138,16,13,14,19,1.07,0.12,-26.46
trn_140553,0,4,84,12,12,12,15,0.93,0.14,-32.62
trn_140553,0,2,33,1,1,3,3,0.86,0.03,-7.0
trn_140553,0,6,17,3,2,1,2,1.12,0.18,3.5
trn_140553,0,5,15,2,2,2,1,1.3,0.13,-3.4
trn_134757,0,8,269,22,33,36,42,0.82,0.08,-111.8
trn_134757,0,7,222,18,21,28,23,0.84,0.08,-79.92
trn_134757,0,9,220,20,26,21,23,0.91,0.09,-61.67
trn_134757,0,6,195,9,16,13,25,0.6,0.05,-123.0
trn_134757,0,5,110,6,6,11,13,0.88,0.05,-36.25
trn_134757,0,10,104,9,17,14,8,0.87,0.09,8.0
trn_134757,0,11,62,6,11,3,8,1.0,0.1,12.5
trn_134757,0,12,37,4,3,8,3,0.95,0.11,-13.0
trn_134757,0,13,34,1,6,7,5,0.27,0.03,-30.25
trn_134757,0,4,24,0,0,1,0,0.0,0.0,-24.0
trn_134757,0,14,6,1,0,0,0,3.09,0.17,20.0
trn_134757,0,3,1,0,0,0,0,0.0,0.0,-1.0
trn_3069,0,4,1570,63,78,109,148,0.73,0.04,-855.15
trn_3069,0,5,1271,68,86,92,139,0.79,0.05,-540.92
trn_3069,0,6,1078,60,73,97,109,0.82,0.06,-362.11
trn_3069,0,3,1030,51,57,79,89,0.81,0.05,-392.29
trn_3069,0,7,785,32,57,78,88,0.61,0.04,-185.17
trn_3069,0,8,504,24,35,38,51,0.72,0.05,-266.75
trn_3069,0,2,404,15,15,23,24,0.82,0.04,-268.5
trn_3069,0,9,376,14,16,37,44,0.73,0.04,-192.5
trn_3069,0,10,232,3,12,19,22,0.31,0.01,-182.38
trn_3069,0,11,101,1,2,6,6,0.29,0.01,-99.5
trn_3069,0,12,50,1,3,2,3,0.62,0.02,-46.75
trn_3069,0,13,22,3,0,2,2,2.08,0.14,5.5
trn_3069,0,14,16,0,0,0,1,0.0,0.0,-16.0
trn_3069,0,,2,0,0,0,0,0.0,0.0,-2.0
trn_344160,0,5,63,8,3,8,3,1.53,0.13,28.7
trn_344160,0,7,46,4,5,4,7,0.74,0.09,-9.0
trn_344160,0,6,46,4,4,3,5,0.68,0.09,-26.09
trn_344160,0,4,46,2,0,2,4,0.91,0.04,-11.0
trn_344160,0,8,28,1,1,3,5,0.33,0.04,-22.5
trn_344160,0,9,17,2,1,2,0,1.18,0.12,-7.62
trn_344160,0,3,15,0,0,0,2,0.0,0.0,-15.0
trn_344160,0,10,13,1,0,0,0,1.7,0.08,54.0
trn_6255,0,6,2075,328,275,220,201,0.94,0.16,-347.48
trn_6255,0,7,1776,286,262,217,199,0.88,0.16,-377.42
trn_6255,0,5,1769,261,209,195,177,0.92,0.15,-396.78
trn_6255,0,8,1306,212,178,145,130,0.93,0.16,-217.89
trn_6255,0,4,786,116,91,108,80,0.91,0.15,-108.69
trn_6255,0,9,727,100,102,95,75,0.89,0.14,-138.59
trn_6255,0,10,376,40,36,53,45,0.74,0.11,-76.42
trn_6255,0,11,191,19,17,22,23,0.76,0.1,-46.86
trn_6255,0,12,63,8,15,6,9,0.7,0.13,21.29
trn_6255,0,3,44,5,7,8,5,0.83,0.11,-5.5
trn_6255,0,13,11,0,1,2,2,0.0,0.0,-11.0
trn_86607,0,6,170,20,18,12,14,1.29,0.12,1.88
trn_86607,0,5,161,7,13,24,10,0.5,0.04,-91.87
trn_86607,0,7,120,7,8,19,14,0.67,0.06,-21.0
trn_86607,0,8,99,18,8,9,8,1.67,0.18,47.94
trn_86607,0,4,87,5,1,8,13,1.0,0.06,60.5
trn_86607,0,9,87,8,20,10,7,0.67,0.09,-0.77
trn_86607,0,10,83,9,5,6,11,1.07,0.11,2.08
trn_86607,0,3,49,0,0,0,5,0.0,0.0,-49.0
trn_86607,0,11,30,1,3,2,8,0.31,0.03,-22.0
trn_86607,0,12,12,0,0,1,1,0.0,0.0,-12.0
trn_86607,0,13,3,0,0,0,0,0.0,0.0,-3.0
trn_86607,0,2,1,0,0,0,0,0.0,0.0,-1.0
trn_130788,0,3,1136,73,85,138,97,0.84,0.06,-247.23
trn_130788,0,4,1133,97,102,116,131,0.79,0.09,-364.2
trn_130788,0,5,616,54,73,76,69,0.75,0.09,-164.34
trn_130788,0,6,426,37,42,61,57,0.75,0.09,-121.1
trn_130788,0,2,349,14,23,27,31,0.67,0.04,-239.24
trn_130788,0,7,286,20,26,47,29,0.66,0.07,-124.5
trn_130788,0,8,150,15,18,12,16,1.24,0.1,43.58
trn_130788,0,9,75,4,9,5,8,0.6,0.05,-43.0
trn_130788,0,10,10,0,2,1,2,0.0,0.0,-10.0
trn_130788,0,11,3,0,0,1,0,0.0,0.0,-3.0
trn_130788,0,12,3,0,0,0,0,0.0,0.0,-3.0
trn_227385,0,4,154,16,18,17,13,0.93,0.1,-25.12
trn_227385,0,3,136,17,22,9,19,1.05,0.12,-39.44
trn_227385,0,5,111,20,10,11,14,1.32,0.18,-10.13
trn_227385,0,6,68,4,9,12,4,0.49,0.06,-46.25
trn_227385,0,2,53,5,0,5,4,2.37,0.09,16.5
trn_227385,0,7,47,4,3,8,5,0.78,0.09,20.5
trn_227385,0,8,41,6,1,7,5,1.43,0.15,35.5
trn_227385,0,9,18,0,4,2,0,0.0,0.0,-18.0
trn_227385,0,10,6,1,0,0,2,2.48,0.17,17.0
trn_227385,0,11,4,0,0,0,2,0.0,0.0,-4.0
trn_39519,0,4,782,78,91,75,69,0.83,0.1,-214.6
trn_39519,0,5,486,46,50,55,32,0.84,0.09,10.28
trn_39519,0,3,384,52,37,35,26,0.99,0.14,-59.8
trn_39519,0,6,268,33,18,23,22,1.07,0.12,61.2
trn_39519,0,7,155,9,15,13,10,0.52,0.06,-106.0
trn_39519,0,8,68,5,3,8,7,0.7,0.07,-39.6
trn_39519,0,9,34,2,2,4,3,0.61,0.06,-23.8
trn_39519,0,2,22,3,0,3,4,1.34,0.14,-8.9
trn_39519,0,10,14,0,0,2,3,0.0,0.0,-14.0
trn_39519,0,11,4,0,0,0,0,0.0,0.0,-4.0
trn_39519,0,12,1,0,0,0,0,0.0,0.0,-1.0
trn_58077,0,7,230,34,15,15,24,1.3,0.15,23.22
trn_58077,0,6,212,14,21,21,14,0.83,0.07,-67.54
trn_58077,0,8,191,27,24,17,23,1.05,0.14,71.9
trn_58077,0,5,171,9,8,9,13,0.96,0.05,-87.75
trn_58077,0,9,121,15,18,14,11,1.04,0.12,-16.25
trn_58077,0,10,115,10,8,16,16,0.9,0.09,-5.75
trn_58077,0,4,90,5,6,7,8,1.04,0.06,-43.09
trn_58077,0,11,62,3,3,7,8,0.53,0.05,-28.75
trn_58077,0,12,18,0,0,3,1,0.0,0.0,-18.0
trn_58077,0,3,15,0,0,3,1,0.0,0.0,-15.0
trn_58077,0,13,4,0,0,1,2,0.0,0.0,-4.0
trn_3024,0,3,3069,351,330,343,322,0.89,0.11,-638.03
trn_3024,0,4,1301,153,156,145,117,0.87,0.12,-215.07
trn_3024,0,2,1159,130,117,147,135,0.9,0.11,-217.65
trn_3024,0,5,517,51,69,65,61,0.75,0.1,-162.46
trn_3024,0,6,261,41,17,19,36,1.17,0.16,17.11
trn_3024,0,7,138,8,7,7,22,0.56,0.06,-84.42
trn_3024,0,8,90,4,9,7,12,0.43,0.04,-71.62
trn_3024,0,9,47,8,3,5,6,1.63,0.17,32.75
trn_3024,0,10,32,2,2,5,2,0.71,0.06,-10.0
trn_3024,0,11,16,1,1,2,2,0.85,0.06,-8.0
trn_3024,0,12,8,0,2,1,1,0.0,0.0,-8.0
trn_3024,0,13,3,0,0,0,0,0.0,0.0,-3.0
trn_30699,0,6,597,43,58,49,54,0.7,0.07,-315.69
trn_30699,0,7,502,41,63,60,51,0.64,0.08,-199.97
trn_30699,0,5,464,32,17,29,37,0.82,0.07,-228.39
trn_30699,0,8,316,25,36,43,26,0.65,0.08,-167.6
trn_30699,0,9,206,22,29,12,15,0.88,0.11,-50.27
trn_30699,0,4,195,5,10,9,13,0.4,0.03,-132.0
trn_30699,0,10,144,7,11,23,15,0.45,0.05,-79.0
trn_30699,0,11,43,1,2,5,7,0.22,0.02,-33.0
trn_30699,0,3,21,0,0,0,0,0.0,0.0,-21.0
trn_30699,0,12,13,0,0,0,0,0.0,0.0,-13.0
trn_30699,0,,1,0,0,0,0,0.0,0.0,-1.0
trn_30699,0,13,1,0,0,0,0,0.0,0.0,-1.0
trn_30699,0,2,1,0,0,0,0,0.0,0.0,-1.0
trn_303255,0,4,425,63,29,56,50,0.92,0.15,-128.8
trn_303255,0,3,367,50,49,52,38,0.76,0.14,-78.2
trn_303255,0,5,174,30,19,15,11,1.01,0.17,-4.4
trn_303255,0,6,91,23,14,3,10,1.26,0.25,78.5
trn_303255,0,7,76,17,18,5,4,1.13,0.22,15.8
trn_303255,0,8,39,7,7,2,10,0.73,0.18,-14.4
trn_303255,0,9,15,1,3,2,2,0.34,0.07,-3.0
trn_303255,0,11,5,0,0,1,1,0.0,0.0,-5.0
trn_303255,0,10,5,2,1,0,0,2.25,0.4,1.4
trn_303255,0,12,1,0,0,0,0,0.0,0.0,-1.0
trn_288072,0,6,45,2,3,4,7,0.63,0.04,-37.75
trn_288072,0,7,25,0,1,2,2,0.0,0.0,-25.0
trn_288072,0,8,23,0,0,1,5,0.0,0.0,-23.0
trn_288072,0,5,23,0,0,1,2,0.0,0.0,-23.0
trn_288072,0,9,21,0,0,1,0,0.0,0.0,-21.0
trn_288072,0,4,15,0,0,1,1,0.0,0.0,-15.0
trn_288072,0,10,15,0,0,0,1,0.0,0.0,-15.0
trn_288072,0,11,11,1,0,0,1,3.04,0.09,90.0
trn_288072,0,12,8,0,0,0,0,0.0,0.0,-8.0
trn_288072,0,13,2,0,0,0,0,0.0,0.0,-2.0
trn_288072,0,3,1,0,0,0,0,0.0,0.0,-1.0
trn_240876,0,5,394,23,36,37,29,0.74,0.06,-201.8
trn_240876,0,6,307,19,19,34,25,0.74,0.06,-115.13
trn_240876,0,4,299,16,22,26,22,0.76,0.05,-112.9
trn_240876,0,7,202,8,15,26,22,0.39,0.04,-140.12
trn_240876,0,3,74,2,7,8,4,0.37,0.03,-51.0
trn_240876,0,8,73,1,9,6,7,0.17,0.01,-64.5
trn_240876,0,9,46,1,2,4,3,0.33,0.02,-37.0
trn_240876,0,2,35,0,0,2,2,0.0,0.0,-35.0
trn_240876,0,10,9,0,0,2,0,0.0,0.0,-9.0
trn_240876,0,11,5,1,0,0,0,2.39,0.2,21.0
trn_101997,0,4,876,147,114,92,102,0.94,0.17,-11.33
trn_101997,0,3,432,93,71,82,44,1.1,0.22,-1.57
trn_101997,0,5,430,64,56,48,39,0.89,0.15,16.1
trn_101997,0,6,219,35,25,21,24,0.99,0.16,-9.7
trn_101997,0,7,127,15,13,20,10,0.73,0.12,-26.6
trn_101997,0,8,71,10,8,4,4,1.02,0.14,-10.6
trn_101997,0,9,27,4,3,3,2,0.89,0.15,13.0
trn_101997,0,10,9,1,0,1,1,0.57,0.11,-6.4
trn_101997,0,12,8,1,0,0,1,1.62,0.12,1.9
trn_101997,0,11,7,1,0,1,2,1.09,0.14,-3.1
trn_101997,0,13,1,0,0,0,0,0.0,0.0,-1.0
trn_45585,0,5,138,8,10,17,21,1.1,0.06,61.5
trn_45585,0,6,122,8,14,12,17,0.83,0.07,19.73
trn_45585,0,4,71,3,7,3,8,0.96,0.04,-31.0
trn_45585,0,7,58,6,5,8,5,0.84,0.1,-8.38
trn_45585,0,8,15,1,3,1,2,0.6,0.07,-6.0
trn_45585,0,9,12,0,1,1,0,0.0,0.0,-12.0
trn_45585,0,10,5,1,1,0,0,3.12,0.2,10.0
trn_45585,0,15,1,0,0,1,0,0.0,0.0,-1.0
trn_45585,0,14,1,1,0,0,0,4.0,1.0,3.0
trn_237942,0,5,249,12,21,32,30,0.42,0.05,-172.73
trn_237942,0,4,240,19,20,22,15,0.85,0.08,-105.84
trn_237942,0,3,227,18,18,20,22,0.87,0.08,0.04
trn_237942,0,7,194,18,20,29,29,0.7,0.09,-63.62
trn_237942,0,6,189,21,9,27,27,0.94,0.11,-43.74
trn_237942,0,8,143,18,12,16,23,1.09,0.13,-34.72
trn_237942,0,9,74,3,3,16,9,0.47,0.04,-37.0
trn_237942,0,2,60,1,3,7,4,0.28,0.02,-57.38
trn_237942,0,10,53,4,2,5,7,0.96,0.08,-19.5
trn_237942,0,11,16,2,0,0,1,1.64,0.12,-3.5
trn_237942,0,12,5,0,0,1,0,0.0,0.0,-5.0
trn_15669,0,5,258,3,3,8,8,0.3,0.01,-220.5
trn_15669,0,6,255,9,7,9,12,0.76,0.04,-167.0
trn_15669,0,4,185,2,11,12,13,0.26,0.01,-157.0
trn_15669,0,7,166,5,8,15,14,0.51,0.03,-104.0
trn_15669,0,8,130,4,8,5,7,0.62,0.03,-98.5
trn_15669,0,9,98,5,7,5,8,0.79,0.05,-41.5
trn_15669,0,3,58,2,1,2,2,0.94,0.03,-36.0
trn_15669,0,11,53,3,7,4,5,0.86,0.06,-16.5
trn_15669,0,10,53,3,6,3,1,0.98,0.06,21.0
trn_15669,0,12,28,0,2,2,3,0.0,0.0,-28.0
trn_15669,0,2,24,0,0,0,2,0.0,0.0,-24.0
trn_15669,0,13,10,0,1,1,1,0.0,0.0,-10.0
trn_90063,0,4,561,36,43,33,42,0.77,0.06,-141.4
trn_90063,0,3,504,25,34,34,49,0.74,0.05,-212.17
trn_90063,0,5,496,51,38,45,30,1.03,0.1,-111.32
trn_90063,0,6,409,31,31,45,39,0.9,0.08,-145.5
trn_90063,0,2,299,6,13,18,33,0.4,0.02,-164.17
trn_90063,0,7,262,19,17,20,26,0.83,0.07,-64.07
trn_90063,0,8,197,17,21,14,14,0.89,0.09,37.7
trn_90063,0,9,139,8,15,17,13,0.52,0.06,-89.15
trn_90063,0,10,62,5,5,8,5,0.89,0.08,4.5
trn_90063,0,11,18,0,0,1,2,0.0,0.0,-18.0
trn_90063,0,12,3,0,0,0,0,0.0,0.0,-3.0
trn_134379,0,3,1518,125,134,149,164,0.82,0.08,-272.22
trn_134379,0,4,1297,138,159,125,123,0.95,0.11,18.95
trn_134379,0,5,1039,83,90,121,93,0.71,0.08,-433.15
trn_134379,0,2,864,51,61,78,107,0.76,0.06,-407.93
trn_134379,0,6,796,66,96,85,89,0.72,0.08,-251.41
trn_134379,0,7,652,74,54,70,79,1.01,0.11,83.79
trn_134379,0,8,487,46,39,59,46,0.89,0.09,-62.3
trn_134379,0,9,300,17,25,28,38,0.59,0.06,-179.25
trn_134379,0,10,179,8,13,17,26,0.52,0.04,-78.0
trn_134379,0,11,53,4,6,5,5,0.97,0.08,12.0
trn_134379,0,12,13,0,1,1,2,0.0,0.0,-13.0
trn_134379,0,13,8,0,0,0,1,0.0,0.0,-8.0
trn_48348,0,3,1816,132,145,175,203,0.76,0.07,-513.07
trn_48348,0,2,1654,133,134,174,185,0.86,0.08,-571.82
trn_48348,0,4,925,95,86,87,67,0.89,0.1,-216.49
trn_48348,0,5,559,49,52,36,59,0.8,0.09,-115.13
trn_48348,0,6,387,39,46,40,45,0.83,0.1,-141.86
trn_48348,0,7,224,23,26,32,30,0.83,0.1,-21.53
trn_48348,0,8,128,13,13,14,14,0.88,0.1,-30.54
trn_48348,0,10,54,7,7,5,10,0.86,0.13,-15.25
trn_48348,0,9,47,8,3,3,7,1.13,0.17,-1.61
trn_48348,0,11,26,2,5,5,1,0.72,0.08,-3.0
trn_48348,0,12,1,0,0,0,0,0.0,0.0,-1.0
trn_355041,0,5,17,0,0,0,0,0.0,0.0,-17.0
trn_355041,0,6,7,0,0,0,0,0.0,0.0,-7.0
trn_355041,0,4,3,0,0,0,0,0.0,0.0,-3.0
trn_355041,0,11,2,0,0,0,0,0.0,0.0,-2.0
trn_355041,0,12,1,0,0,0,0,0.0,0.0,-1.0
trn_355041,0,8,1,0,0,0,0,0.0,0.0,-1.0
trn_353709,0,9,6,0,0,1,1,0.0,0.0,-6.0
trn_353709,0,8,1,1,0,0,0,1.83,1.0,0.83
trn_353709,0,5,1,0,0,0,1,0.0,0.0,-1.0
trn_353709,0,7,1,0,0,0,0,0.0,0.0,-1.0
trn_114408,0,5,206,10,6,13,18,0.68,0.05,-94.17
trn_114408,0,6,188,6,6,20,11,0.4,0.03,-128.75
trn_114408,0,7,119,5,15,5,6,0.52,0.04,-51.0
trn_114408,0,8,105,7,9,8,8,0.87,0.07,-17.8
trn_114408,0,9,73,3,3,5,4,0.57,0.04,-55.67
trn_114408,0,4,42,2,1,2,2,0.72,0.05,-16.67
trn_114408,0,10,22,0,1,2,3,0.0,0.0,-22.0
trn_114408,0,11,7,0,2,2,1,0.0,0.0,-7.0
trn_114408,0,12,5,0,2,0,0,0.0,0.0,-5.0
trn_114408,0,13,1,0,0,0,0,0.0,0.0,-1.0
trn_358065,0,6,16,0,3,1,0,0.0,0.0,-16.0
trn_358065,0,3,1,0,0,0,0,0.0,0.0,-1.0
trn_8100,0,4,510,27,26,40,37,0.72,0.05,-250.39
trn_8100,0,3,434,15,19,18,21,0.68,0.03,-206.0
trn_8100,0,5,399,29,25,36,34,0.93,0.07,-60.37
trn_8100,0,6,342,20,27,29,32,0.69,0.06,-128.5
trn_8100,0,7,236,10,13,26,24,0.57,0.04,-94.38
trn_8100,0,2,204,9,7,13,11,0.92,0.04,-127.25
trn_8100,0,8,149,1,11,13,13,0.09,0.01,-145.25
trn_8100,0,9,89,4,4,4,8,0.73,0.04,-43.0
trn_8100,0,10,38,3,0,4,1,1.12,0.08,0.0
trn_8100,0,11,17,1,1,1,2,1.17,0.06,17.0
trn_8100,0,12,5,0,0,0,1,0.0,0.0,-5.0
trn_8100,0,13,2,0,0,0,0,0.0,0.0,-2.0
trn_8100,0,,1,0,0,0,0,0.0,0.0,-1.0
trn_226197,0,5,85,1,3,10,5,0.17,0.01,-81.0
trn_226197,0,4,84,2,2,2,10,0.42,0.02,-43.5
trn_226197,0,6,52,2,9,2,1,0.52,0.04,-3.0
trn_226197,0,7,43,1,3,6,6,0.33,0.02,-20.0
trn_226197,0,3,41,1,3,5,2,0.6,0.02,-35.0
trn_226197,0,10,25,1,2,1,4,0.66,0.04,1.0
trn_226197,0,8,21,1,0,0,0,0.97,0.05,-6.0
trn_226197,0,11,13,0,1,1,2,0.0,0.0,-13.0
trn_226197,0,9,11,0,4,0,1,0.0,0.0,-11.0
trn_226197,0,12,11,0,0,0,1,0.0,0.0,-11.0
trn_226197,0,2,6,0,0,1,0,0.0,0.0,-6.0
trn_226197,0,13,5,0,0,0,0,0.0,0.0,-5.0
trn_227727,0,7,82,4,7,18,9,0.57,0.05,-47.5
trn_227727,0,6,74,4,6,12,8,0.77,0.05,-30.67
trn_227727,0,5,73,4,8,12,9,0.77,0.05,-17.75
trn_227727,0,4,42,3,1,3,7,1.13,0.07,-6.0
trn_227727,0,10,37,1,5,6,8,0.32,0.03,-27.0
trn_227727,0,9,35,1,2,10,5,0.34,0.03,-29.0
trn_227727,0,8,33,5,5,3,2,1.52,0.15,9.33
trn_227727,0,3,25,1,1,3,2,0.75,0.04,1.0
trn_227727,0,11,18,0,2,1,4,0.0,0.0,-18.0
trn_227727,0,13,5,0,0,0,0,0.0,0.0,-5.0
trn_227727,0,2,3,0,0,0,1,0.0,0.0,-3.0
trn_227727,0,12,3,0,0,0,0,0.0,0.0,-3.0
trn_98127,0,6,36,0,1,0,2,0.0,0.0,-36.0
trn_98127,0,7,35,1,2,0,2,0.9,0.03,-22.0
trn_98127,0,8,34,0,0,0,2,0.0,0.0,-34.0
trn_98127,0,9,16,0,1,0,0,0.0,0.0,-16.0
trn_98127,0,5,14,0,0,0,0,0.0,0.0,-14.0
trn_98127,0,12,11,0,0,0,0,0.0,0.0,-11.0
trn_98127,0,10,11,2,0,0,2,1.92,0.18,-4.5
trn_98127,0,11,9,0,0,0,0,0.0,0.0,-9.0
trn_98127,0,13,5,0,0,0,0,0.0,0.0,-5.0
trn_98127,0,4,4,0,0,0,0,0.0,0.0,-4.0
trn_98127,0,14,2,0,0,0,0,0.0,0.0,-2.0
trn_98127,0,3,1,0,0,0,0,0.0,0.0,-1.0
trn_346563,0,3,172,3,12,14,12,0.26,0.02,-148.5
trn_346563,0,5,85,5,8,10,8,0.56,0.06,-55.17
trn_346563,0,2,81,3,5,8,16,0.71,0.04,33.25
trn_346563,0,4,65,5,2,7,4,0.89,0.08,-21.5
trn_346563,0,6,52,9,5,5,7,1.37,0.17,28.75
trn_346563,0,7,28,5,8,3,1,1.24,0.18,7.88
trn_346563,0,9,21,0,3,4,0,0.0,0.0,-21.0
trn_346563,0,8,15,1,1,3,1,0.7,0.07,8.0
trn_346563,0,10,6,1,1,0,1,1.28,0.17,2.0
trn_346563,0,11,4,0,0,0,1,0.0,0.0,-4.0
trn_346563,0,12,1,0,0,0,0,0.0,0.0,-1.0
trn_147078,0,5,352,28,28,21,32,0.82,0.08,-172.22
trn_147078,0,6,319,33,34,39,16,0.89,0.1,-131.1
trn_147078,0,7,229,25,25,18,22,0.94,0.11,22.72
trn_147078,0,4,215,4,7,10,15,0.35,0.02,-153.5
trn_147078,0,8,134,11,19,8,11,0.82,0.08,-6.25
trn_147078,0,9,90,11,9,7,8,1.22,0.12,7.13
trn_147078,0,10,52,7,3,4,7,1.44,0.13,18.0
trn_147078,0,11,19,0,1,0,2,0.0,0.0,-19.0
trn_147078,0,3,14,0,1,0,0,0.0,0.0,-14.0
trn_147078,0,2,8,0,0,0,0,0.0,0.0,-8.0
trn_147078,0,12,5,0,1,0,0,0.0,0.0,-5.0
trn_147078,0,13,2,0,0,0,0,0.0,0.0,-2.0
trn_235116,0,5,318,14,15,20,24,0.72,0.04,-87.17
trn_235116,0,6,303,19,19,26,25,0.79,0.06,-118.5
trn_235116,0,7,172,12,13,14,16,0.78,0.07,-65.25
trn_235116,0,4,164,10,2,10,5,1.34,0.06,176.33
trn_235116,0,8,71,4,3,4,6,0.92,0.06,-3.0
trn_235116,0,9,32,0,2,7,4,0.0,0.0,-32.0
trn_235116,0,10,17,1,1,1,2,0.67,0.06,9.0
trn_235116,0,3,15,0,1,0,2,0.0,0.0,-15.0
trn_235116,0,11,1,0,0,0,0,0.0,0.0,-1.0
trn_235116,0,2,1,0,0,0,0,0.0,0.0,-1.0
trn_5454,0,5,773,70,77,74,49,0.98,0.09,-129.84
trn_5454,0,4,743,36,40,46,62,0.68,0.05,-267.73
trn_5454,0,6,517,32,36,36,53,0.7,0.06,-247.62
trn_5454,0,3,502,17,31,24,43,0.57,0.03,-311.75
trn_5454,0,7,336,28,39,31,27,0.8,0.08,-116.79
trn_5454,0,8,275,21,28,29,34,0.82,0.08,-54.58
trn_5454,0,9,202,10,22,19,17,0.5,0.05,-117.67
trn_5454,0,10,148,6,11,11,15,0.53,0.04,-104.25
trn_5454,0,2,144,4,3,5,9,0.89,0.03,-108.0
trn_5454,0,11,85,7,2,9,9,1.02,0.08,-35.0
trn_5454,0,12,36,4,4,6,2,1.03,0.11,3.5
trn_5454,0,14,19,2,3,3,1,0.93,0.11,3.0
trn_5454,0,13,17,0,3,0,1,0.0,0.0,-17.0
trn_5454,0,15,1,0,0,0,0,0.0,0.0,-1.0
trn_343188,0,7,18,0,1,0,2,0.0,0.0,-18.0
trn_343188,0,6,11,0,1,0,2,0.0,0.0,-11.0
trn_343188,0,9,9,0,0,1,1,0.0,0.0,-9.0
trn_343188,0,11,8,0,0,0,0,0.0,0.0,-8.0
trn_343188,0,10,5,0,0,0,1,0.0,0.0,-5.0
trn_343188,0,8,3,0,0,0,0,0.0,0.0,-3.0
trn_343188,0,4,1,0,0,0,0,0.0,0.0,-1.0
trn_343188,0,13,1,0,0,1,0,0.0,0.0,-1.0
trn_80010,0,8,118,11,16,19,16,0.85,0.09,-13.5
trn_80010,0,7,101,5,7,18,7,0.59,0.05,-58.79
trn_80010,0,6,90,8,9,5,5,1.15,0.09,6.63
trn_80010,0,9,86,7,8,10,13,0.65,0.08,-52.29
trn_80010,0,10,52,6,3,8,8,0.98,0.12,-8.15
trn_80010,0,11,34,0,1,5,1,0.0,0.0,-34.0
trn_80010,0,5,33,1,0,2,4,0.89,0.03,-12.0
trn_80010,0,4,13,1,0,0,0,1.74,0.08,21.0
trn_80010,0,12,11,1,3,1,1,0.8,0.09,-5.5
trn_80010,0,3,1,0,0,0,0,0.0,0.0,-1.0
trn_362079,0,12,14,1,1,1,2,1.0,0.07,-1.0
trn_362079,0,11,13,1,0,1,1,1.2,0.08,2.0
trn_362079,0,10,4,0,0,0,1,0.0,0.0,-4.0
trn_362079,0,8,1,0,0,0,0,0.0,0.0,-1.0
trn_40752,0,3,690,85,76,90,72,0.79,0.12,-229.16
trn_40752,0,2,537,81,57,66,53,1.17,0.15,196.1
trn_40752,0,4,254,27,31,27,22,0.8,0.11,-55.3
trn_40752,0,5,118,7,15,8,12,0.63,0.06,-70.26
trn_40752,0,6,86,7,4,7,11,1.04,0.08,-40.55
trn_40752,0,7,67,17,4,3,6,1.92,0.25,59.92
trn_40752,0,10,24,0,1,3,1,0.0,0.0,-24.0
trn_40752,0,9,22,1,2,2,3,0.43,0.05,-18.5
trn_40752,0,11,14,1,3,2,3,0.7,0.07,-12.33
trn_40752,0,8,12,2,0,1,0,2.03,0.17,32.0
trn_40752,0,12,11,0,1,1,2,0.0,0.0,-11.0
trn_40752,0,13,6,1,1,0,0,1.76,0.17,7.0
trn_40752,0,14,1,0,0,0,0,0.0,0.0,-1.0
trn_264330,0,4,487,46,55,51,69,0.68,0.09,-140.4
trn_264330,0,3,263,37,31,34,41,0.91,0.14,-8.7
trn_264330,0,5,210,19,23,22,20,0.59,0.09,-91.9
trn_264330,0,6,111,19,15,10,9,1.27,0.17,16.5
trn_264330,0,7,52,7,4,6,10,1.01,0.13,28.3
trn_264330,0,8,18,2,2,3,3,0.93,0.11,-7.5
trn_264330,0,2,5,0,1,0,0,0.0,0.0,-5.0
trn_264330,0,9,5,0,0,1,1,0.0,0.0,-5.0
trn_264330,0,10,5,0,1,0,0,0.0,0.0,-5.0
trn_72864,0,5,588,51,36,63,50,0.77,0.09,-256.37
trn_72864,0,6,510,41,42,54,37,0.73,0.08,-230.88
trn_72864,0,4,435,41,44,27,27,0.91,0.09,-152.52
trn_72864,0,7,280,23,26,19,23,0.74,0.08,-98.05
trn_72864,0,3,249,23,20,12,15,0.94,0.09,-101.02
trn_72864,0,8,198,11,11,20,23,0.56,0.06,-112.25
trn_72864,0,9,93,6,6,11,5,0.82,0.06,3.0
trn_72864,0,2,37,1,3,3,5,0.26,0.03,-27.0
trn_72864,0,10,27,0,3,1,1,0.0,0.0,-27.0
trn_72864,0,11,9,0,0,1,1,0.0,0.0,-9.0
trn_72864,0,12,9,1,1,1,2,1.41,0.11,6.0
trn_45567,0,3,1351,123,121,115,130,0.86,0.09,-460.72
trn_45567,0,4,984,121,84,106,91,1.0,0.12,-235.75
trn_45567,0,2,966,67,73,86,104,0.71,0.07,-490.37
trn_45567,0,5,580,80,66,59,59,1.06,0.14,-112.42
trn_45567,0,6,395,41,31,40,49,0.88,0.1,-100.06
trn_45567,0,7,272,18,20,24,25,0.6,0.07,-155.7
trn_45567,0,8,150,8,15,18,13,0.51,0.05,-56.29
trn_45567,0,10,61,10,5,7,12,1.11,0.16,-12.77
trn_45567,0,9,50,2,5,10,10,0.35,0.04,-32.0
trn_45567,0,12,11,0,3,0,1,0.0,0.0,-11.0
trn_45567,0,11,10,0,0,2,0,0.0,0.0,-10.0
trn_118134,0,4,450,16,25,28,27,0.63,0.04,-210.15
trn_118134,0,5,399,23,32,19,39,0.81,0.06,-103.25
trn_118134,0,3,346,9,16,15,25,0.51,0.03,-237.0
trn_118134,0,6,340,11,20,27,20,0.48,0.03,-173.75
trn_118134,0,7,170,4,13,8,10,0.42,0.02,-140.5
trn_118134,0,8,165,11,9,9,15,1.01,0.07,-89.0
trn_118134,0,2,123,2,4,7,9,0.43,0.02,-106.25
trn_118134,0,10,78,5,2,6,2,1.17,0.06,-34.0
trn_118134,0,9,76,4,1,4,9,0.86,0.05,-44.0
trn_118134,0,11,24,0,1,0,2,0.0,0.0,-24.0
trn_118134,0,12,13,0,0,0,1,0.0,0.0,-13.0
trn_118134,0,13,3,0,0,0,1,0.0,0.0,-3.0
trn_118134,0,14,1,0,0,0,0,0.0,0.0,-1.0
trn_90684,0,5,119,8,17,13,7,0.56,0.07,5.95
trn_90684,0,6,68,12,11,6,9,1.24,0.18,6.38
trn_90684,0,4,63,5,9,7,7,0.73,0.08,-41.59
trn_90684,0,7,29,7,2,1,0,1.54,0.24,-0.63
trn_90684,0,8,23,3,2,3,1,0.79,0.13,-10.5
trn_90684,0,9,21,2,2,1,2,0.47,0.1,0.5
trn_90684,0,3,19,0,1,4,0,0.0,0.0,-19.0
trn_90684,0,12,9,1,0,1,1,1.35,0.11,4.0
trn_90684,0,10,7,1,1,1,0,1.6,0.14,-1.0
trn_90684,0,2,4,0,1,1,0,0.0,0.0,-4.0
trn_90684,0,11,4,0,0,0,0,0.0,0.0,-4.0
trn_169605,0,5,1322,73,76,92,109,0.65,0.06,-678.48
trn_169605,0,6,1063,86,88,67,90,0.85,0.08,-381.26
trn_169605,0,4,966,41,52,48,94,0.6,0.04,-513.05
trn_169605,0,7,675,39,59,53,57,0.6,0.06,-345.12
trn_169605,0,8,338,23,19,26,22,0.75,0.07,-143.43
trn_169605,0,9,200,6,19,21,18,0.35,0.03,-101.5
trn_169605,0,3,195,7,7,5,16,0.55,0.04,-130.0
trn_169605,0,10,108,12,8,13,10,0.99,0.11,-28.42
trn_169605,0,2,43,0,0,2,1,0.0,0.0,-43.0
trn_169605,0,11,42,3,3,2,6,0.77,0.07,-30.43
trn_169605,0,12,37,4,3,4,4,1.06,0.11,-11.75
trn_169605,0,13,5,0,0,1,0,0.0,0.0,-5.0
trn_246555,0,5,367,32,29,15,38,0.99,0.09,-27.26
trn_246555,0,6,365,41,26,42,26,1.12,0.11,28.33
trn_246555,0,4,228,17,12,15,19,0.98,0.07,-68.94
trn_246555,0,7,212,25,26,19,21,1.02,0.12,-21.17
trn_246555,0,3,125,9,13,11,4,0.84,0.07,-52.5
trn_246555,0,8,107,7,4,7,11,0.69,0.07,-19.5
trn_246555,0,9,62,5,2,4,6,0.82,0.08,-22.25
trn_246555,0,10,36,4,3,2,3,1.54,0.11,23.0
trn_246555,0,11,33,3,3,1,3,1.09,0.09,-12.0
trn_246555,0,2,33,1,2,0,2,0.44,0.03,-30.9
trn_246555,0,12,8,1,0,0,1,0.87,0.12,5.0
trn_246555,0,13,7,0,0,0,0,0.0,0.0,-7.0
trn_238923,0,3,205,57,31,36,21,1.03,0.28,-0.35
trn_238923,0,2,174,42,39,18,25,0.97,0.24,-4.19
trn_238923,0,4,163,39,17,18,15,1.2,0.24,60.08
trn_238923,0,5,28,9,4,5,1,1.65,0.32,21.4
trn_238923,0,6,9,0,1,1,0,0.0,0.0,-9.0
trn_238923,0,7,3,1,0,1,0,1.31,0.33,-0.62
trn_206631,0,5,680,74,65,66,63,0.93,0.11,-224.91
trn_206631,0,6,673,69,66,60,58,0.86,0.1,-120.87
trn_206631,0,4,516,41,44,34,41,0.82,0.08,-86.47
trn_206631,0,7,395,37,46,32,43,0.82,0.09,-155.42
trn_206631,0,8,224,23,16,27,16,0.91,0.1,-96.33
trn_206631,0,3,180,9,9,11,20,0.68,0.05,-45.75
trn_206631,0,9,116,13,13,9,9,0.98,0.11,6.88
trn_206631,0,10,43,2,0,7,4,0.38,0.05,-37.12
trn_206631,0,2,42,2,1,7,5,0.92,0.05,-30.0
trn_206631,0,11,24,1,4,4,3,0.32,0.04,-20.5
trn_206631,0,12,10,2,1,3,0,2.76,0.2,4.5
trn_206631,0,13,6,0,0,1,0,0.0,0.0,-6.0
trn_142803,0,6,115,6,4,6,10,0.66,0.05,-31.5
trn_142803,0,8,105,8,9,7,13,0.74,0.08,-49.5
trn_142803,0,7,102,8,8,4,7,0.87,0.08,-3.5
trn_142803,0,9,52,1,3,5,1,0.23,0.02,-45.5
trn_142803,0,5,51,7,4,3,3,1.47,0.14,46.25
trn_142803,0,10,28,1,1,1,1,0.48,0.04,-21.5
trn_142803,0,4,11,0,0,0,1,0.0,0.0,-11.0
trn_142803,0,11,9,1,0,0,1,1.34,0.11,-2.0
trn_142803,0,12,4,0,0,0,0,0.0,0.0,-4.0
trn_29808,0,5,648,21,40,45,42,0.45,0.03,-499.25
trn_29808,0,6,621,27,31,32,38,0.56,0.04,-391.75
trn_29808,0,4,473,14,20,28,28,0.46,0.03,-360.42
trn_29808,0,7,457,21,30,39,32,0.54,0.05,-287.75
trn_29808,0,8,329,13,23,18,29,0.48,0.04,-221.0
trn_29808,0,3,286,9,8,13,20,0.57,0.03,-202.4
trn_29808,0,9,235,7,15,21,23,0.34,0.03,-167.75
trn_29808,0,10,111,4,8,5,15,0.44,0.04,-52.0
trn_29808,0,2,93,2,2,2,7,0.47,0.02,-75.0
trn_29808,0,11,69,2,5,6,5,0.37,0.03,-45.0
trn_29808,0,12,34,1,0,5,1,0.45,0.03,-13.0
trn_29808,0,13,14,0,0,0,2,0.0,0.0,-14.0
trn_29808,0,14,3,0,0,0,1,0.0,0.0,-3.0
trn_29808,0,,1,0,0,0,0,0.0,0.0,-1.0
trn_146871,0,5,612,56,52,52,56,0.81,0.09,-281.49
trn_146871,0,6,600,48,55,54,62,0.71,0.08,-298.15
trn_146871,0,4,546,43,32,49,51,0.83,0.08,-140.93
trn_146871,0,7,529,60,58,58,47,0.87,0.11,-156.91
trn_146871,0,3,387,26,25,18,34,0.94,0.07,-108.25
trn_146871,0,8,277,25,23,28,22,0.85,0.09,-75.52
trn_146871,0,2,178,12,7,8,17,1.08,0.07,36.25
trn_146871,0,9,164,19,19,17,11,1.13,0.12,16.53
trn_146871,0,10,119,11,7,13,8,0.95,0.09,-44.6
trn_146871,0,11,65,3,4,6,7,0.52,0.05,-40.5
trn_146871,0,12,52,7,2,0,3,2.18,0.13,57.0
trn_146871,0,13,24,0,1,1,2,0.0,0.0,-24.0
trn_131175,0,6,104,9,10,8,14,0.84,0.09,-40.88
trn_131175,0,7,84,5,11,8,5,0.6,0.06,-39.0
trn_131175,0,5,61,2,9,7,3,0.27,0.03,-47.5
trn_131175,0,4,27,1,2,1,3,0.53,0.04,-21.5
trn_131175,0,9,20,4,2,0,0,1.88,0.2,4.0
trn_131175,0,8,18,2,0,3,0,1.25,0.11,18.0
trn_131175,0,10,13,2,1,1,0,1.06,0.15,-5.5
trn_131175,0,11,2,0,1,0,0,0.0,0.0,-2.0
trn_25542,0,7,126,9,14,17,14,0.63,0.07,-75.85
trn_25542,0,6,103,5,15,13,4,0.54,0.05,-61.0
trn_25542,0,5,85,5,7,12,10,0.6,0.06,-54.5
trn_25542,0,8,74,5,9,10,7,0.74,0.07,-39.25
trn_25542,0,9,70,4,8,7,7,0.64,0.06,-30.38
trn_25542,0,4,55,5,4,2,6,1.31,0.09,12.0
trn_25542,0,10,31,3,3,3,5,0.95,0.1,-10.75
trn_25542,0,12,28,1,2,4,4,0.44,0.04,-20.0
trn_25542,0,11,24,3,3,5,1,1.1,0.12,-5.9
trn_25542,0,3,9,0,0,0,1,0.0,0.0,-9.0
trn_25542,0,13,4,0,0,0,1,0.0,0.0,-4.0
trn_325656,0,7,48,4,1,6,1,0.93,0.08,-30.22
trn_325656,0,8,38,5,5,4,3,1.08,0.13,-23.13
trn_325656,0,6,29,0,0,1,2,0.0,0.0,-29.0
trn_325656,0,4,28,3,1,0,3,1.79,0.11,-5.5
trn_325656,0,9,25,1,1,1,0,0.58,0.04,-20.67
trn_325656,0,3,18,1,2,1,1,0.72,0.06,-16.71
trn_325656,0,5,18,0,0,4,0,0.0,0.0,-18.0
trn_325656,0,10,16,1,0,0,3,0.8,0.06,-10.5
trn_325656,0,2,6,0,0,0,0,0.0,0.0,-6.0
trn_325656,0,11,3,0,0,0,0,0.0,0.0,-3.0
trn_291708,0,3,124,9,10,6,14,0.81,0.07,-16.1
trn_291708,0,2,57,5,11,5,5,0.83,0.09,-17.0
trn_291708,0,4,38,2,4,2,2,0.76,0.05,-30.9
trn_291708,0,5,10,2,0,1,0,2.49,0.2,10.0
trn_291708,0,8,8,0,1,1,2,0.0,0.0,-8.0
trn_291708,0,7,4,0,0,0,0,0.0,0.0,-4.0
trn_291708,0,9,1,0,0,0,0,0.0,0.0,-1.0
trn_77103,0,3,3708,488,460,413,359,0.86,0.13,-911.46
trn_77103,0,2,2714,402,371,327,272,0.86,0.15,-619.97
trn_77103,0,4,1339,183,147,133,129,0.97,0.14,-180.44
trn_77103,0,5,671,74,77,70,59,0.86,0.11,-173.38
trn_77103,0,6,361,38,33,43,34,0.95,0.11,-56.54
trn_77103,0,7,202,15,13,25,18,0.69,0.07,-75.52
trn_77103,0,8,82,9,6,8,13,1.03,0.11,-8.0
trn_77103,0,9,33,2,1,1,1,0.7,0.06,-23.0
trn_77103,0,10,11,0,0,0,0,0.0,0.0,-11.0
trn_77103,0,12,2,0,0,0,0,0.0,0.0,-2.0
trn_77103,0,13,1,0,0,0,0,0.0,0.0,-1.0
trn_122130,0,5,2260,109,121,141,145,0.68,0.05,-1231.65
trn_122130,0,6,2047,128,120,141,156,0.75,0.06,-765.95
trn_122130,0,7,1305,82,105,105,112,0.7,0.06,-452.7
trn_122130,0,4,1221,42,54,56,62,0.64,0.03,-800.93
trn_122130,0,8,866,52,62,53,60,0.73,0.06,-330.25
trn_122130,0,9,490,23,33,44,35,0.59,0.05,-223.5
trn_122130,0,3,214,7,8,7,7,0.57,0.03,-129.75
trn_122130,0,10,200,8,13,7,17,0.56,0.04,-104.5
trn_122130,0,11,99,3,8,4,7,0.56,0.03,-46.25
trn_122130,0,2,50,2,0,2,3,0.76,0.04,-28.0
trn_122130,0,13,20,3,0,2,1,2.23,0.15,5.0
trn_122130,0,12,19,2,1,1,3,1.18,0.11,-8.5
trn_122130,0,14,3,0,1,0,0,0.0,0.0,-3.0
trn_122130,0,15,1,0,0,0,0,0.0,0.0,-1.0
trn_297531,0,3,742,78,88,80,85,0.83,0.11,-197.74
trn_297531,0,2,394,39,50,46,35,0.85,0.1,109.26
trn_297531,0,4,205,14,21,18,25,0.6,0.07,-66.12
trn_297531,0,5,33,3,2,4,2,0.78,0.09,-23.79
trn_297531,0,6,16,3,1,1,1,1.14,0.19,-2.93
trn_297531,0,7,6,0,1,0,0,0.0,0.0,-6.0
trn_297531,0,8,1,0,0,0,0,0.0,0.0,-1.0
trn_120897,0,6,153,11,13,13,9,0.68,0.07,-105.52
trn_120897,0,7,138,20,12,10,9,1.05,0.14,-45.91
trn_120897,0,5,135,4,7,4,8,0.56,0.03,-97.25
trn_120897,0,8,104,6,9,7,11,0.6,0.06,-73.75
trn_120897,0,10,68,7,8,5,5,0.9,0.1,-28.67
trn_120897,0,9,57,6,4,4,7,0.84,0.11,66.95
trn_120897,0,4,55,0,2,0,4,0.0,0.0,-55.0
trn_120897,0,11,31,3,0,2,5,0.86,0.1,-23.48
trn_120897,0,3,21,0,1,0,2,0.0,0.0,-21.0
trn_120897,0,2,19,0,1,2,1,0.0,0.0,-19.0
trn_120897,0,12,18,1,4,2,0,0.32,0.06,-16.71
trn_120897,0,13,3,0,0,0,0,0.0,0.0,-3.0
trn_120897,0,14,1,0,0,0,0,0.0,0.0,-1.0
trn_302778,0,3,400,39,34,34,44,1.01,0.1,51.52
trn_302778,0,2,226,18,18,25,26,0.9,0.08,-110.33
trn_302778,0,4,147,6,17,17,16,0.38,0.04,-94.87
trn_302778,0,7,14,1,1,2,0,0.44,0.07,-10.0
trn_302778,0,9,12,0,2,1,0,0.0,0.0,-12.0
trn_302778,0,8,5,0,0,1,0,0.0,0.0,-5.0
trn_302778,0,5,3,1,0,0,0,2.75,0.33,4.0
trn_302778,0,10,3,0,0,0,0,0.0,0.0,-3.0
trn_302778,0,6,1,0,1,0,0,0.0,0.0,-1.0
trn_375714,0,9,2,0,0,0,0,0.0,0.0,-2.0
trn_5571,0,3,9177,1823,1499,1278,1022,0.87,0.2,-1580.65
trn_5571,0,2,3779,696,602,465,451,0.85,0.18,-784.09
trn_5571,0,4,2049,412,301,266,223,0.97,0.2,-88.56
trn_5571,0,5,542,103,75,73,70,0.96,0.19,-63.53
trn_5571,0,6,150,30,19,17,21,1.12,0.2,-7.28
trn_5571,0,8,23,3,3,3,7,0.82,0.13,6.62
trn_5571,0,7,20,4,5,3,1,1.05,0.2,-0.71
trn_5571,0,9,18,2,4,3,2,0.72,0.11,-8.5
trn_5571,0,-22,4,1,0,1,2,1.11,0.25,2.0
trn_5229,0,6,238,4,9,16,18,0.43,0.02,-182.62
trn_5229,0,7,231,5,22,22,24,0.31,0.02,-169.42
trn_5229,0,5,216,5,10,13,17,0.47,0.02,-154.0
trn_5229,0,8,206,15,12,22,17,0.93,0.07,-119.92
trn_5229,0,9,111,11,4,3,18,1.22,0.1,-46.38
trn_5229,0,4,105,3,4,4,5,0.7,0.03,67.5
trn_5229,0,10,90,4,9,3,9,0.65,0.04,-18.5
trn_5229,0,11,64,4,2,5,5,1.0,0.06,-6.5
trn_5229,0,12,55,5,2,5,8,1.44,0.09,99.5
trn_5229,0,3,39,0,0,2,2,0.0,0.0,-39.0
trn_5229,0,13,35,1,2,1,3,0.56,0.03,-14.0
trn_5229,0,14,17,1,0,1,2,1.04,0.06,9.0
trn_5229,0,15,10,0,0,1,0,0.0,0.0,-10.0
trn_5229,0,2,8,0,0,0,0,0.0,0.0,-8.0
trn_5229,0,16,2,0,0,0,1,0.0,0.0,-2.0
trn_376083,0,9,14,2,3,2,0,0.78,0.14,-9.38
trn_376083,0,8,13,2,4,3,1,0.67,0.15,-6.13
trn_376083,0,4,13,3,4,1,1,1.3,0.23,-1.5
trn_376083,0,2,8,0,1,1,2,0.0,0.0,-8.0
trn_376083,0,7,8,3,0,1,1,1.92,0.38,7.5
trn_376083,0,3,7,1,1,1,2,0.91,0.14,0.0
trn_376083,0,10,7,0,2,1,1,0.0,0.0,-7.0
trn_376083,0,6,3,1,0,1,1,1.81,0.33,1.33
trn_376083,0,5,2,0,1,1,0,0.0,0.0,-2.0
trn_85914,0,3,3847,894,656,484,361,0.93,0.23,-344.56
trn_85914,0,4,2597,492,400,298,246,0.88,0.19,-291.48
trn_85914,0,2,2169,569,396,280,222,0.98,0.26,-52.48
trn_85914,0,5,1343,267,155,162,115,1.05,0.2,90.53
trn_85914,0,6,525,73,69,72,46,0.82,0.14,-27.63
trn_85914,0,7,146,18,20,15,9,0.85,0.12,-24.86
trn_85914,0,8,63,8,9,5,5,1.19,0.13,6.5
trn_85914,0,9,7,1,1,0,0,1.33,0.14,14.0
trn_356094,0,3,197,12,17,16,23,0.68,0.06,3.63
trn_356094,0,4,141,11,19,19,13,0.68,0.08,-59.42
trn_356094,0,5,56,7,4,2,9,1.08,0.12,14.62
trn_356094,0,2,53,1,0,4,4,0.42,0.02,-48.67
trn_356094,0,6,28,2,2,1,5,0.8,0.07,-10.5
trn_356094,0,7,22,1,4,3,3,0.32,0.05,-15.5
trn_356094,0,9,14,1,0,2,1,1.09,0.07,-9.0
trn_356094,0,8,7,0,0,1,0,0.0,0.0,-7.0
trn_356094,0,10,4,0,0,1,0,0.0,0.0,-4.0
trn_6966,0,4,571,22,20,38,42,0.75,0.04,-276.75
trn_6966,0,5,554,24,41,49,40,0.68,0.04,-297.25
trn_6966,0,6,447,27,35,42,40,0.82,0.06,-134.5
trn_6966,0,7,324,22,30,28,26,0.86,0.07,-81.92
trn_6966,0,8,283,21,14,35,29,0.92,0.07,-73.63
trn_6966,0,3,253,6,11,13,19,0.5,0.02,-193.0
trn_6966,0,9,145,8,10,11,10,0.77,0.06,-49.75
trn_6966,0,10,115,4,12,11,17,0.44,0.03,-81.0
trn_6966,0,11,62,3,2,5,7,0.76,0.05,-14.0
trn_6966,0,12,37,0,5,2,1,0.0,0.0,-37.0
trn_6966,0,2,14,0,0,0,0,0.0,0.0,-14.0
trn_6966,0,13,13,1,1,0,1,1.03,0.08,-3.0
trn_71802,0,3,9243,1610,1211,1110,908,0.9,0.17,-1755.94
trn_71802,0,2,6684,1552,1096,833,733,0.91,0.23,-904.27
trn_71802,0,4,2454,400,339,301,212,0.83,0.16,-896.88
trn_71802,0,5,1645,315,223,183,150,0.93,0.19,-355.19
trn_71802,0,6,1031,157,138,108,99,0.77,0.15,-424.3
trn_71802,0,7,627,106,99,57,48,0.9,0.17,-29.47
trn_71802,0,8,297,42,43,38,24,0.83,0.14,-90.46
trn_71802,0,9,109,10,10,8,9,0.59,0.09,-63.79
trn_71802,0,10,50,7,11,8,3,0.74,0.14,-6.42
trn_71802,0,11,7,1,2,0,2,0.95,0.14,-3.75
trn_71802,0,13,3,0,0,0,0,0.0,0.0,-3.0
trn_71802,0,,1,0,0,0,0,0.0,0.0,-1.0
trn_233892,0,3,21,4,2,5,0,0.87,0.19,2.15
trn_233892,0,4,17,3,1,0,1,1.62,0.18,-4.0
trn_233892,0,2,11,3,4,1,0,0.9,0.27,2.58
trn_233892,0,5,9,1,1,2,2,0.85,0.11,-4.4
trn_233892,0,6,2,0,0,0,1,0.0,0.0,-2.0
trn_43092,0,7,2116,277,270,272,224,0.88,0.13,-418.59
trn_43092,0,6,1893,248,251,220,204,0.94,0.13,-211.69
trn_43092,0,8,1487,224,195,180,137,1.02,0.15,25.94
trn_43092,0,5,1411,157,159,166,143,0.95,0.11,-198.6
trn_43092,0,9,1222,133,145,157,151,0.83,0.11,-163.81
trn_43092,0,10,841,102,96,97,108,0.95,0.12,-91.35
trn_43092,0,4,547,33,56,69,49,0.65,0.06,-238.54
trn_43092,0,11,393,30,30,57,46,0.68,0.08,-19.72
trn_43092,0,12,176,18,10,23,23,0.94,0.1,1.63
trn_43092,0,3,123,3,14,6,16,0.36,0.02,-58.0
trn_43092,0,13,74,6,6,15,4,0.83,0.08,-36.75
trn_43092,0,14,12,0,3,1,0,0.0,0.0,-12.0
trn_43092,0,2,6,1,0,0,0,3.0,0.17,11.0
trn_133551,0,5,690,52,64,53,65,0.79,0.08,-293.53
trn_133551,0,6,685,60,69,54,73,0.81,0.09,-179.57
trn_133551,0,4,579,42,31,34,48,0.9,0.07,-205.55
trn_133551,0,7,500,42,38,49,55,0.75,0.08,-186.47
trn_133551,0,8,261,31,28,36,24,1.11,0.12,32.92
trn_133551,0,3,180,14,12,10,10,1.02,0.08,-91.9
trn_133551,0,9,120,16,4,11,10,1.37,0.13,96.0
trn_133551,0,10,53,5,4,8,5,0.87,0.09,-11.75
trn_133551,0,11,19,0,1,2,2,0.0,0.0,-19.0
trn_133551,0,2,7,0,0,0,0,0.0,0.0,-7.0
trn_133551,0,12,4,0,0,1,0,0.0,0.0,-4.0
trn_52443,0,4,699,65,67,60,83,0.89,0.09,-122.26
trn_52443,0,3,668,55,63,61,53,0.91,0.08,-223.38
trn_52443,0,5,542,59,69,51,47,0.91,0.11,-97.78
trn_52443,0,6,399,50,49,43,47,1.0,0.13,-34.0
trn_52443,0,2,277,15,23,18,32,0.84,0.05,-128.23
trn_52443,0,7,257,21,32,24,29,0.72,0.08,-63.07
trn_52443,0,8,161,17,15,18,18,0.96,0.11,-20.55
trn_52443,0,9,93,8,8,13,15,0.83,0.09,-38.92
trn_52443,0,10,52,5,6,3,4,1.01,0.1,0.0
trn_52443,0,11,19,1,0,0,2,0.66,0.05,-8.0
trn_148050,0,5,58,2,1,1,5,0.59,0.03,-47.0
trn_148050,0,7,57,4,1,5,5,0.86,0.07,-5.0
trn_148050,0,6,40,5,3,3,1,1.41,0.12,4.0
trn_148050,0,4,33,0,4,0,0,0.0,0.0,-33.0
trn_148050,0,8,28,3,0,2,2,1.57,0.11,10.0
trn_148050,0,9,26,1,0,1,3,0.49,0.04,-21.67
trn_148050,0,10,21,1,3,0,0,0.71,0.05,-10.0
trn_148050,0,3,11,0,0,1,0,0.0,0.0,-11.0
trn_148050,0,11,10,2,4,0,0,1.4,0.2,12.5
trn_148050,0,2,8,0,0,0,0,0.0,0.0,-8.0
trn_148050,0,12,7,0,1,1,1,0.0,0.0,-7.0
trn_148050,0,13,1,0,0,0,0,0.0,0.0,-1.0
trn_162666,0,4,168,12,17,13,8,0.86,0.07,-90.76
trn_162666,0,3,147,6,10,18,13,0.62,0.04,-104.62
trn_162666,0,5,106,10,4,10,11,1.15,0.09,36.25
trn_162666,0,6,71,3,8,8,10,0.43,0.04,-59.75
trn_162666,0,7,64,2,7,10,5,0.31,0.03,-52.5
trn_162666,0,2,55,0,1,4,1,0.0,0.0,-55.0
trn_162666,0,8,42,3,5,3,5,0.79,0.07,-7.67
trn_162666,0,12,14,2,0,0,2,1.31,0.14,-8.0
trn_162666,0,9,14,1,1,0,2,0.73,0.07,15.0
trn_162666,0,11,9,2,2,0,2,1.47,0.22,-0.5
trn_162666,0,10,8,1,1,0,1,1.42,0.12,-0.5
trn_162666,0,13,1,0,0,0,0,0.0,0.0,-1.0
trn_128367,0,4,250,25,27,19,15,1.07,0.1,-38.34
trn_128367,0,3,184,10,8,8,14,0.91,0.05,-79.25
trn_128367,0,5,92,12,10,9,9,1.03,0.13,87.25
trn_128367,0,6,51,7,5,4,6,1.38,0.14,21.5
trn_128367,0,7,30,4,2,2,2,1.14,0.13,3.62
trn_128367,0,2,30,0,1,0,0,0.0,0.0,-30.0
trn_128367,0,8,11,1,1,1,1,0.84,0.09,-4.5
trn_128367,0,9,10,0,0,2,2,0.0,0.0,-10.0
trn_235062,0,3,1360,249,205,176,149,0.99,0.18,128.53
trn_235062,0,4,586,98,84,68,48,0.98,0.17,-26.4
trn_235062,0,2,535,91,85,72,51,0.88,0.17,-50.4
trn_235062,0,5,149,28,24,23,18,0.97,0.19,2.4
trn_235062,0,6,46,6,9,2,7,0.67,0.13,-20.1
trn_235062,0,7,23,4,1,3,2,0.67,0.17,-15.5
trn_235062,0,8,7,2,3,1,1,0.9,0.29,-2.3
trn_79866,0,3,486,56,63,54,50,0.89,0.12,-89.1
trn_79866,0,4,394,37,38,38,32,0.82,0.09,-65.2
trn_79866,0,5,217,33,28,29,22,1.17,0.15,79.5
trn_79866,0,6,124,13,17,19,15,0.74,0.1,-52.3
trn_79866,0,7,99,12,9,11,10,0.89,0.12,3.6
trn_79866,0,2,73,18,9,9,6,2.06,0.25,182.4
trn_79866,0,8,21,2,4,2,2,0.59,0.1,-15.0
trn_79866,0,10,15,5,0,1,3,1.91,0.33,30.9
trn_79866,0,9,10,0,1,3,0,0.0,0.0,-10.0
trn_79866,0,11,1,0,0,0,1,0.0,0.0,-1.0
trn_214623,0,3,437,66,53,50,49,1.04,0.15,135.7
trn_214623,0,4,373,40,44,36,31,0.8,0.11,-100.73
trn_214623,0,5,148,19,19,18,15,0.96,0.13,-3.52
trn_214623,0,2,124,17,17,19,15,1.0,0.14,-21.3
trn_214623,0,6,83,21,9,12,9,1.24,0.25,12.8
trn_214623,0,7,47,6,10,7,2,0.7,0.13,2.5
trn_214623,0,8,22,4,4,4,3,0.95,0.18,3.23
trn_214623,0,9,7,0,3,0,2,0.0,0.0,-7.0
trn_214623,0,10,2,0,0,0,1,0.0,0.0,-2.0
trn_214623,0,11,1,0,0,0,0,0.0,0.0,-1.0
trn_332910,0,3,134,13,21,18,19,0.77,0.1,-9.3
trn_332910,0,4,84,10,6,12,11,1.14,0.12,21.8
trn_332910,0,2,76,10,7,9,10,1.08,0.13,32.5
trn_332910,0,5,26,1,4,3,0,0.38,0.04,-14.8
trn_332910,0,6,7,1,1,0,0,1.7,0.14,14.2
trn_332910,0,7,2,0,0,0,0,0.0,0.0,-2.0
trn_41148,0,3,960,77,95,87,97,0.84,0.08,-282.69
trn_41148,0,4,612,41,44,47,53,0.69,0.07,-254.52
trn_41148,0,2,414,31,35,43,33,0.86,0.07,-131.84
trn_41148,0,5,395,33,35,25,37,0.88,0.08,-101.42
trn_41148,0,6,247,16,19,26,11,0.67,0.06,-137.02
trn_41148,0,7,158,9,16,8,13,0.53,0.06,-96.09
trn_41148,0,8,68,1,3,2,4,0.21,0.01,-60.5
trn_41148,0,9,37,0,2,1,3,0.0,0.0,-37.0
trn_41148,0,11,13,1,2,3,1,0.63,0.08,-7.0
trn_41148,0,10,7,0,1,0,1,0.0,0.0,-7.0
trn_41148,0,12,7,0,0,1,1,0.0,0.0,-7.0
trn_41148,0,13,5,0,0,0,1,0.0,0.0,-5.0
trn_41148,0,14,3,0,0,0,0,0.0,0.0,-3.0
trn_297828,0,3,260,19,15,26,24,0.73,0.07,-87.6
trn_297828,0,4,175,11,21,19,14,0.66,0.06,-51.9
trn_297828,0,5,84,8,10,5,8,0.7,0.1,-34.56
trn_297828,0,2,82,4,10,8,12,0.41,0.05,-57.7
trn_297828,0,6,57,11,4,7,5,1.49,0.19,26.29
trn_297828,0,7,26,4,3,3,4,1.2,0.15,21.0
trn_297828,0,8,10,1,0,3,0,0.89,0.1,-6.3
trn_9090,0,3,9449,1499,1297,1098,979,0.82,0.16,-2794.35
trn_9090,0,2,3986,579,573,509,472,0.79,0.15,-1236.54
trn_9090,0,4,3290,549,421,353,312,0.88,0.17,-779.97
trn_9090,0,5,1330,209,162,153,133,0.81,0.16,-478.22
trn_9090,0,6,853,145,111,82,78,0.85,0.17,-198.2
trn_9090,0,7,463,83,43,46,40,0.95,0.18,-52.21
trn_9090,0,8,239,29,29,25,24,0.8,0.12,-27.41
trn_9090,0,9,86,7,6,13,5,0.7,0.08,-29.25
trn_9090,0,10,74,4,6,5,7,0.51,0.05,-40.0
trn_9090,0,11,22,2,3,1,3,0.98,0.09,-12.0
trn_9090,0,12,7,0,1,3,0,0.0,0.0,-7.0
trn_9090,0,,3,0,0,1,0,0.0,0.0,-3.0
trn_188487,0,3,1522,140,189,165,164,0.77,0.09,-293.2
trn_188487,0,4,787,68,60,63,93,0.83,0.09,-168.8
trn_188487,0,2,697,77,88,83,105,0.84,0.11,-196.97
trn_188487,0,5,343,39,35,52,34,0.95,0.11,-8.7
trn_188487,0,6,161,13,20,14,20,0.69,0.08,-32.2
trn_188487,0,7,103,9,9,4,11,0.85,0.09,-17.8
trn_188487,0,8,47,4,8,1,2,0.84,0.09,-12.9
trn_188487,0,9,32,1,3,4,4,0.38,0.03,-22.0
trn_137160,0,3,1139,95,112,110,141,0.74,0.08,-422.61
trn_137160,0,2,778,58,69,77,88,0.74,0.07,-256.69
trn_137160,0,4,563,53,57,56,59,0.9,0.09,-145.89
trn_137160,0,5,264,31,32,33,30,0.93,0.12,-18.24
trn_137160,0,6,149,17,16,17,17,0.95,0.11,-9.72
trn_137160,0,7,94,7,16,13,11,0.68,0.07,-30.0
trn_137160,0,8,48,5,3,3,2,1.16,0.1,21.75
trn_137160,0,9,29,0,1,1,3,0.0,0.0,-29.0
trn_137160,0,10,20,0,0,2,1,0.0,0.0,-20.0
trn_78984,0,4,749,50,64,61,49,0.71,0.07,-256.92
trn_78984,0,3,663,25,30,38,44,0.54,0.04,-367.0
trn_78984,0,5,652,67,73,68,51,0.92,0.1,-127.03
trn_78984,0,6,428,32,41,38,44,0.74,0.07,-140.38
trn_78984,0,7,337,37,30,29,31,1.1,0.11,-49.8
trn_78984,0,8,246,20,19,25,24,0.88,0.08,-61.5
trn_78984,0,2,221,7,8,8,22,0.54,0.03,-47.75
trn_78984,0,9,186,21,13,20,13,1.13,0.11,-6.42
trn_78984,0,10,92,12,10,6,11,1.07,0.13,-20.37
trn_78984,0,11,39,4,4,2,7,0.92,0.1,-13.0
trn_78984,0,12,33,3,5,1,3,1.01,0.09,-3.0
trn_78984,0,13,12,1,1,1,0,0.92,0.08,-5.0
trn_318699,0,3,176,42,25,19,21,1.18,0.24,32.5
trn_318699,0,2,110,25,20,14,13,0.97,0.23,-8.2
trn_318699,0,4,41,5,4,3,3,0.78,0.12,-20.6
trn_318699,0,5,5,2,2,1,0,1.29,0.4,2.8
trn_40014,0,5,3865,635,517,407,366,0.89,0.16,-816.84
trn_40014,0,6,3175,456,398,343,275,0.84,0.14,-887.9
trn_40014,0,4,2969,471,391,342,263,0.89,0.16,-509.62
trn_40014,0,3,2706,273,288,282,272,0.75,0.1,-1044.45
trn_40014,0,7,1973,244,227,217,156,0.79,0.12,-683.11
trn_40014,0,8,1249,141,137,113,131,0.79,0.11,-263.09
trn_40014,0,2,1053,68,83,112,121,0.61,0.06,-558.8
trn_40014,0,9,672,62,85,58,59,0.68,0.09,-304.37
trn_40014,0,10,297,26,22,31,29,0.77,0.09,-85.03
trn_40014,0,11,160,13,18,16,11,0.75,0.08,-25.0
trn_40014,0,12,28,3,1,3,1,0.96,0.11,2.33
trn_40014,0,13,6,1,1,0,1,1.47,0.17,0.0
trn_40014,0,,2,0,0,0,0,0.0,0.0,-2.0
trn_126792,0,4,1168,107,101,101,83,0.89,0.09,-308.32
trn_126792,0,5,1065,80,91,104,90,0.71,0.08,-384.77
trn_126792,0,3,1001,68,70,82,96,0.76,0.07,-518.99
trn_126792,0,6,906,77,86,65,89,0.83,0.08,-228.69
trn_126792,0,7,667,42,60,74,64,0.62,0.06,-317.31
trn_126792,0,8,530,49,35,53,57,0.92,0.09,-108.66
trn_126792,0,2,392,28,16,27,41,1.03,0.07,-13.67
trn_126792,0,9,263,26,19,22,21,0.98,0.1,-40.59
trn_126792,0,10,148,6,11,16,11,0.46,0.04,-67.0
trn_126792,0,11,40,8,2,7,4,1.79,0.2,26.0
trn_126792,0,12,12,2,0,0,1,2.1,0.17,-1.0
trn_364671,0,3,128,13,15,7,13,1.09,0.1,-22.75
trn_364671,0,2,124,7,12,16,7,0.77,0.06,-70.25
trn_364671,0,4,115,6,7,12,3,0.56,0.05,-81.38
trn_364671,0,6,65,4,9,10,3,0.47,0.06,-39.0
trn_364671,0,5,61,7,5,6,3,0.85,0.11,-4.54
trn_364671,0,7,55,2,5,2,5,0.51,0.04,-34.0
trn_364671,0,8,40,5,2,2,6,1.24,0.12,13.5
trn_364671,0,9,32,2,2,1,5,0.89,0.06,10.0
trn_364671,0,10,24,1,3,3,4,0.45,0.04,-16.5
trn_364671,0,11,7,0,3,1,1,0.0,0.0,-7.0
trn_47889,0,4,823,48,40,60,53,0.76,0.06,-258.08
trn_47889,0,3,731,35,44,62,62,0.69,0.05,-366.33
trn_47889,0,5,595,50,56,43,52,0.81,0.08,-194.91
trn_47889,0,6,372,34,30,33,27,0.89,0.09,-86.59
trn_47889,0,2,265,15,18,24,20,0.79,0.06,-16.12
trn_47889,0,7,157,14,11,7,8,1.01,0.09,-29.37
trn_47889,0,8,90,2,8,7,9,0.27,0.02,-75.0
trn_47889,0,9,59,6,5,3,3,1.15,0.1,12.75
trn_47889,0,10,34,1,1,2,8,0.61,0.03,-24.0
trn_47889,0,12,10,1,0,3,0,1.34,0.1,3.0
trn_342531,0,4,39,4,3,6,4,0.9,0.1,26.83
trn_342531,0,5,34,5,1,4,3,1.01,0.15,27.5
trn_342531,0,3,34,4,5,3,3,1.33,0.12,35.25
trn_342531,0,6,5,0,0,2,0,0.0,0.0,-5.0
trn_342531,0,2,1,0,0,0,0,0.0,0.0,-1.0
trn_217890,0,3,121,28,24,14,10,1.23,0.23,107.7
trn_217890,0,4,77,9,8,8,9,0.99,0.12,25.3
trn_217890,0,2,56,13,9,10,5,0.96,0.23,-13.6
trn_217890,0,5,38,2,8,1,2,0.42,0.05,-29.0
trn_217890,0,7,36,4,4,3,5,0.85,0.11,9.0
trn_217890,0,8,21,1,1,3,4,0.44,0.05,-5.6
trn_217890,0,6,17,4,0,3,3,2.02,0.24,24.7
trn_217890,0,9,7,0,0,0,2,0.0,0.0,-7.0
trn_96318,0,4,368,25,49,42,30,0.63,0.07,-199.27
trn_96318,0,5,293,26,21,27,28,0.85,0.09,-123.5
trn_96318,0,3,286,24,21,21,25,0.87,0.08,-122.54
trn_96318,0,6,138,14,13,12,9,0.89,0.1,19.93
trn_96318,0,2,121,3,10,10,12,0.33,0.02,-90.13
trn_96318,0,7,120,8,9,10,6,0.69,0.07,-65.44
trn_96318,0,8,83,6,5,4,8,0.78,0.07,-24.5
trn_96318,0,10,14,1,0,1,2,1.1,0.07,3.0
trn_96318,0,11,7,0,2,1,0,0.0,0.0,-7.0
trn_96318,0,9,6,1,0,1,2,1.91,0.17,4.0
trn_133236,0,9,26,1,3,3,4,0.54,0.04,-17.5
trn_133236,0,7,24,0,4,3,1,0.0,0.0,-24.0
trn_133236,0,6,22,1,1,1,4,0.89,0.05,4.0
trn_133236,0,11,19,0,1,1,1,0.0,0.0,-19.0
trn_133236,0,4,16,0,0,0,2,0.0,0.0,-16.0
trn_133236,0,10,16,0,4,2,1,0.0,0.0,-16.0
trn_133236,0,5,16,0,1,1,1,0.0,0.0,-16.0
trn_133236,0,8,13,0,2,1,2,0.0,0.0,-13.0
trn_133236,0,12,13,0,0,0,1,0.0,0.0,-13.0
trn_133236,0,3,2,0,0,1,0,0.0,0.0,-2.0
trn_156582,0,4,81,3,7,6,6,0.56,0.04,-56.5
trn_156582,0,6,74,3,3,2,8,0.6,0.04,-55.0
trn_156582,0,5,73,5,7,8,8,0.82,0.07,-32.5
trn_156582,0,3,66,6,6,6,9,1.31,0.09,37.0
trn_156582,0,2,30,2,0,2,3,0.88,0.07,-22.62
trn_156582,0,8,21,0,1,2,2,0.0,0.0,-21.0
trn_156582,0,9,18,0,0,1,2,0.0,0.0,-18.0
trn_156582,0,7,15,0,0,0,0,0.0,0.0,-15.0
trn_156582,0,10,6,0,0,0,0,0.0,0.0,-6.0
trn_364365,0,2,68,4,8,7,5,0.6,0.06,-37.55
trn_364365,0,3,28,2,3,2,4,0.49,0.07,-15.5
trn_364365,0,4,23,4,2,5,1,1.47,0.17,3.75
trn_364365,0,5,3,0,0,0,1,0.0,0.0,-3.0
trn_95292,0,3,955,80,83,63,86,0.92,0.08,-297.97
trn_95292,0,4,860,57,85,61,74,0.73,0.07,-348.97
trn_95292,0,5,709,52,67,67,64,0.7,0.07,-264.95
trn_95292,0,2,550,35,48,58,46,0.79,0.06,-205.94
trn_95292,0,6,499,40,37,36,50,0.79,0.08,-206.32
trn_95292,0,7,314,16,25,23,25,0.6,0.05,-117.4
trn_95292,0,8,218,17,10,18,16,1.0,0.08,-53.17
trn_95292,0,9,144,6,8,11,10,0.5,0.04,-89.5
trn_95292,0,10,70,1,7,4,5,0.18,0.01,-53.0
trn_95292,0,11,29,1,1,2,5,0.5,0.03,-21.0
trn_95292,0,12,6,0,0,0,0,0.0,0.0,-6.0
trn_228987,0,6,49,3,2,4,2,1.16,0.06,33.0
trn_228987,0,7,33,1,4,3,3,0.48,0.03,-18.0
trn_228987,0,5,32,1,1,2,2,0.47,0.03,-24.0
trn_228987,0,4,19,1,1,2,1,0.98,0.05,-14.0
trn_228987,0,8,18,0,0,1,1,0.0,0.0,-18.0
trn_228987,0,3,9,0,0,0,2,0.0,0.0,-9.0
trn_312930,0,6,14,0,0,1,0,0.0,0.0,-14.0
trn_312930,0,5,8,0,1,1,0,0.0,0.0,-8.0
trn_312930,0,4,6,0,0,1,0,0.0,0.0,-6.0
trn_312930,0,10,1,0,0,0,0,0.0,0.0,-1.0
trn_312930,0,9,1,0,0,0,0,0.0,0.0,-1.0
trn_312930,0,12,1,0,0,0,0,0.0,0.0,-1.0
trn_312930,0,7,1,0,0,0,1,0.0,0.0,-1.0
trn_5652,0,4,419,21,21,39,30,0.89,0.05,-155.5
trn_5652,0,5,349,18,21,40,22,0.73,0.05,-151.92
trn_5652,0,6,277,7,11,24,27,0.42,0.03,-169.72
trn_5652,0,3,236,7,10,12,12,0.69,0.03,-130.0
trn_5652,0,7,209,11,12,13,30,0.85,0.05,-71.5
trn_5652,0,8,134,13,10,9,12,1.62,0.1,-1.5
trn_5652,0,9,101,3,4,4,13,0.53,0.03,-50.0
trn_5652,0,10,79,2,1,1,4,0.65,0.03,-43.5
trn_5652,0,2,52,0,0,2,2,0.0,0.0,-52.0
trn_5652,0,11,49,1,2,6,3,0.32,0.02,-46.62
trn_5652,0,12,29,0,1,0,1,0.0,0.0,-29.0
trn_5652,0,13,8,0,0,1,0,0.0,0.0,-8.0
trn_5652,0,16,2,0,0,0,0,0.0,0.0,-2.0
trn_5652,0,14,1,0,0,0,0,0.0,0.0,-1.0
trn_358794,0,4,37,1,3,1,2,0.41,0.03,-27.0
trn_358794,0,3,32,1,2,3,3,0.45,0.03,-22.5
trn_358794,0,5,17,2,1,2,2,1.18,0.12,-3.0
trn_358794,0,6,13,1,0,1,0,0.79,0.08,-3.0
trn_358794,0,2,10,0,0,0,0,0.0,0.0,-10.0
trn_155772,0,3,1065,78,93,110,102,0.68,0.07,-464.56
trn_155772,0,4,619,54,49,50,60,0.8,0.09,-182.42
trn_155772,0,2,551,30,53,32,53,0.67,0.05,-207.52
trn_155772,0,5,454,60,38,43,44,1.12,0.13,5.75
trn_155772,0,6,344,32,38,30,42,0.81,0.09,-27.5
trn_155772,0,7,301,19,23,25,37,0.64,0.06,-125.42
trn_155772,0,8,230,23,16,24,19,1.08,0.1,-16.0
trn_155772,0,9,109,5,8,13,14,0.52,0.05,-68.5
trn_155772,0,10,36,3,6,5,6,0.78,0.08,-17.5
trn_155772,0,11,13,0,0,2,3,0.0,0.0,-13.0
trn_266229,0,3,38,3,2,3,2,0.97,0.08,-13.9
trn_266229,0,4,24,3,2,2,3,1.0,0.12,-13.2
trn_266229,0,5,19,4,2,1,3,1.38,0.21,2.6
trn_266229,0,2,12,1,1,0,2,1.26,0.08,-1.0
trn_266229,0,6,12,2,1,0,1,1.42,0.17,12.8
trn_266229,0,7,1,0,0,1,0,0.0,0.0,-1.0
trn_303498,0,3,15,0,0,1,1,0.0,0.0,-15.0
trn_303498,0,4,15,1,0,2,2,1.17,0.07,4.0
trn_303498,0,5,14,1,1,1,0,1.2,0.07,-6.0
trn_303498,0,6,14,2,1,0,3,1.35,0.14,-6.2
trn_303498,0,2,13,0,0,0,0,0.0,0.0,-13.0
trn_303498,0,7,8,0,3,0,1,0.0,0.0,-8.0
trn_303498,0,8,1,0,0,0,0,0.0,0.0,-1.0
trn_346410,0,3,30,6,4,0,1,1.54,0.2,1.41
trn_346410,0,4,16,0,1,2,3,0.0,0.0,-16.0
trn_346410,0,2,9,1,1,0,0,1.77,0.11,-4.0
trn_346410,0,5,5,0,1,0,1,0.0,0.0,-5.0
trn_346410,0,6,5,0,1,1,0,0.0,0.0,-5.0
trn_41454,0,4,157,8,8,13,12,0.65,0.05,-107.7
trn_41454,0,5,135,6,12,9,7,0.69,0.04,-69.0
trn_41454,0,3,130,4,13,10,16,0.42,0.03,-90.17
trn_41454,0,6,116,8,6,6,7,1.03,0.07,-35.67
trn_41454,0,7,79,8,6,4,2,1.19,0.1,-5.5
trn_41454,0,8,44,4,5,4,1,0.84,0.09,-14.75
trn_41454,0,2,40,0,3,1,2,0.0,0.0,-40.0
trn_41454,0,9,37,2,4,6,4,0.58,0.05,-21.5
trn_41454,0,10,23,3,1,3,2,1.87,0.13,-1.5
trn_41454,0,11,12,0,0,2,0,0.0,0.0,-12.0
trn_41454,0,12,8,0,0,1,0,0.0,0.0,-8.0
trn_41454,0,,1,0,0,0,0,0.0,0.0,-1.0
trn_200223,0,3,70,4,3,2,3,0.84,0.06,-47.0
trn_200223,0,5,45,5,2,2,2,1.88,0.11,-14.1
trn_200223,0,7,31,2,3,4,0,0.67,0.06,-9.0
trn_200223,0,4,27,4,3,1,0,1.11,0.15,-10.4
trn_200223,0,6,24,3,2,4,4,1.03,0.12,-13.95
trn_200223,0,2,18,2,0,1,2,1.37,0.11,10.9
trn_200223,0,8,5,0,0,0,0,0.0,0.0,-5.0
trn_200223,0,9,1,0,0,0,0,0.0,0.0,-1.0
trn_371457,0,4,9,2,0,0,1,2.05,0.22,3.5
trn_371457,0,5,7,0,1,0,0,0.0,0.0,-7.0
trn_371457,0,3,5,1,0,2,1,1.39,0.2,1.5
trn_371457,0,7,5,0,0,0,0,0.0,0.0,-5.0
trn_371457,0,2,4,0,0,0,0,0.0,0.0,-4.0
trn_371457,0,6,2,0,0,1,1,0.0,0.0,-2.0
trn_9837,0,3,5318,1071,804,714,676,0.88,0.2,-590.16
trn_9837,0,2,1680,455,281,211,178,0.93,0.27,-175.23
trn_9837,0,4,1564,291,258,213,174,0.86,0.19,-187.13
trn_9837,0,5,434,89,80,64,44,0.88,0.21,-15.78
trn_9837,0,6,56,7,16,5,7,0.47,0.12,-38.8
trn_9837,0,7,20,5,0,2,2,1.26,0.25,4.13
trn_9837,0,8,9,0,0,1,1,0.0,0.0,-9.0
trn_9837,0,12,1,0,0,0,1,0.0,0.0,-1.0
trn_360873,0,10,7,0,0,0,0,0.0,0.0,-7.0
trn_360873,0,5,2,0,0,0,0,0.0,0.0,-2.0
trn_360873,0,11,1,0,0,0,0,0.0,0.0,-1.0
trn_368640,0,6,11,1,1,0,1,2.19,0.09,8.0
trn_368640,0,7,4,0,0,0,2,0.0,0.0,-4.0
trn_368640,0,10,2,0,0,0,1,0.0,0.0,-2.0
trn_356589,0,3,14,1,1,0,0,0.86,0.07,-11.12
trn_356589,0,4,12,0,1,0,1,0.0,0.0,-12.0
trn_356589,0,5,7,2,2,0,0,2.04,0.29,0.58
trn_356589,0,6,5,0,2,0,1,0.0,0.0,-5.0
trn_356589,0,2,4,0,0,1,1,0.0,0.0,-4.0
trn_272934,0,3,5,0,1,0,0,0.0,0.0,-5.0
trn_272934,0,4,1,0,0,0,0,0.0,0.0,-1.0
trn_115623,0,5,390,25,32,35,30,0.77,0.06,-136.75
trn_115623,0,4,354,22,29,25,28,0.8,0.06,-13.67
trn_115623,0,3,350,22,23,28,25,0.91,0.06,-189.75
trn_115623,0,6,295,16,21,27,17,0.69,0.05,-146.0
trn_115623,0,7,206,15,11,16,10,1.05,0.07,-39.0
trn_115623,0,2,136,0,3,10,7,0.0,0.0,-136.0
trn_115623,0,8,105,5,6,7,7,0.61,0.05,-72.75
trn_115623,0,9,64,6,5,4,7,1.1,0.09,-26.25
trn_115623,0,10,19,0,0,1,1,0.0,0.0,-19.0
trn_115623,0,11,1,0,0,0,0,0.0,0.0,-1.0
trn_115623,0,13,1,0,0,0,0,0.0,0.0,-1.0
trn_303921,0,3,25,1,0,0,2,1.6,0.04,9.0
trn_303921,0,6,16,1,0,0,0,2.72,0.06,85.0
trn_303921,0,8,10,0,0,0,1,0.0,0.0,-10.0
trn_303921,0,4,9,0,0,0,0,0.0,0.0,-9.0
trn_303921,0,9,7,0,0,0,0,0.0,0.0,-7.0
trn_303921,0,5,5,0,0,1,1,0.0,0.0,-5.0
trn_303921,0,2,4,0,0,0,0,0.0,0.0,-4.0
trn_303921,0,11,3,0,2,1,0,0.0,0.0,-3.0
trn_303921,0,12,2,0,0,0,0,0.0,0.0,-2.0
trn_303921,0,7,1,0,0,0,0,0.0,0.0,-1.0
trn_303921,0,10,1,0,0,0,0,0.0,0.0,-1.0
trn_72441,0,4,45,5,7,5,3,0.82,0.11,-19.6
trn_72441,0,5,17,3,4,1,2,1.39,0.18,26.8
trn_72441,0,3,13,0,3,5,1,0.0,0.0,-13.0
trn_72441,0,6,6,1,0,0,0,1.9,0.17,11.0
trn_72441,0,8,1,0,0,0,0,0.0,0.0,-1.0
trn_353016,0,6,41,5,0,4,0,2.03,0.12,44.25
trn_353016,0,8,35,1,1,1,7,0.27,0.03,-32.38
trn_353016,0,5,33,2,3,0,3,0.97,0.06,-23.5
trn_353016,0,7,32,1,0,2,3,0.51,0.03,-6.0
trn_353016,0,9,11,1,2,0,2,0.77,0.09,-5.0
trn_353016,0,10,10,0,2,2,4,0.0,0.0,-10.0
trn_353016,0,4,8,0,1,0,0,0.0,0.0,-8.0
trn_353016,0,2,3,0,0,0,0,0.0,0.0,-3.0
trn_353016,0,3,3,0,0,0,0,0.0,0.0,-3.0
trn_353016,0,11,2,0,1,0,1,0.0,0.0,-2.0
trn_353889,0,6,63,7,8,7,10,0.93,0.11,-33.0
trn_353889,0,5,61,3,5,4,3,0.64,0.05,-38.17
trn_353889,0,4,57,6,7,5,9,1.03,0.11,0.7
trn_353889,0,7,51,5,5,8,5,0.73,0.1,-23.75
trn_353889,0,8,43,4,5,4,6,0.91,0.09,28.0
trn_353889,0,9,21,1,4,3,0,0.45,0.05,-15.5
trn_353889,0,3,21,1,2,1,5,0.55,0.05,-17.0
trn_353889,0,11,6,0,1,1,0,0.0,0.0,-6.0
trn_353889,0,10,4,1,0,1,0,1.97,0.25,97.0
trn_88227,0,3,342,26,24,26,19,0.84,0.08,-147.17
trn_88227,0,4,257,27,17,22,23,0.97,0.11,-40.59
trn_88227,0,2,218,14,13,16,19,0.8,0.06,-77.67
trn_88227,0,5,125,8,7,5,8,0.87,0.06,-56.0
trn_88227,0,6,85,6,5,8,6,0.81,0.07,-2.5
trn_88227,0,7,38,1,0,2,4,0.28,0.03,-31.5
trn_88227,0,8,17,0,2,1,0,0.0,0.0,-17.0
trn_88227,0,9,11,1,0,1,2,0.99,0.09,-2.0
trn_88227,0,10,7,1,2,1,0,1.6,0.14,1.0
trn_88227,0,11,5,0,0,1,0,0.0,0.0,-5.0
trn_362421,0,3,197,22,21,19,19,0.84,0.11,-23.39
trn_362421,0,4,105,12,8,10,10,0.8,0.11,5.7
trn_362421,0,2,49,4,1,5,4,1.07,0.08,-12.12
trn_362421,0,5,49,2,4,7,4,0.37,0.04,-28.0
trn_362421,0,6,38,4,2,6,3,0.84,0.11,-8.5
trn_362421,0,7,31,4,4,5,3,1.22,0.13,4.33
trn_362421,0,8,3,0,0,0,0,0.0,0.0,-3.0
trn_250092,0,4,193,18,15,12,9,1.03,0.09,4.21
trn_250092,0,5,131,10,12,11,6,0.74,0.08,-77.01
trn_250092,0,3,128,4,12,9,8,0.42,0.03,-102.94
trn_250092,0,6,96,19,10,7,9,1.7,0.2,128.1
trn_250092,0,2,62,0,2,5,1,0.0,0.0,-62.0
trn_250092,0,7,44,2,2,1,3,0.6,0.05,-25.0
trn_250092,0,8,21,1,3,3,4,0.38,0.05,-17.5
trn_250092,0,9,19,2,2,0,3,1.27,0.11,-9.25
trn_331254,0,2,371,53,61,45,37,0.86,0.14,-94.16
trn_331254,0,3,279,32,38,41,40,0.71,0.11,-90.98
trn_331254,0,4,37,6,9,6,4,0.91,0.16,-4.09
trn_331254,0,5,4,0,0,0,1,0.0,0.0,-4.0
trn_237699,0,5,321,31,30,26,32,0.92,0.1,-93.92
trn_237699,0,4,309,14,19,24,33,0.53,0.05,-188.87
trn_237699,0,8,242,26,29,28,29,0.86,0.11,-3.37
trn_237699,0,3,221,12,17,16,19,0.67,0.05,-120.37
trn_237699,0,6,184,8,26,19,15,0.46,0.04,-104.0
trn_237699,0,7,168,8,22,13,19,0.45,0.05,-83.09
trn_237699,0,9,134,10,15,13,9,0.72,0.07,-22.5
trn_237699,0,10,37,2,0,2,5,0.6,0.05,-21.38
trn_237699,0,2,37,0,3,1,3,0.0,0.0,-37.0
trn_237699,0,11,9,0,0,0,1,0.0,0.0,-9.0
trn_149670,0,4,164,7,4,12,12,0.71,0.04,2.5
trn_149670,0,5,154,16,15,13,13,1.2,0.1,-17.55
trn_149670,0,6,142,9,15,11,10,0.82,0.06,69.25
trn_149670,0,3,99,6,3,6,5,1.05,0.06,1.0
trn_149670,0,7,93,10,2,6,11,1.52,0.11,52.0
trn_149670,0,8,73,5,3,10,1,0.91,0.07,9.12
trn_149670,0,10,19,1,0,2,2,1.02,0.05,-4.0
trn_149670,0,2,19,0,0,0,3,0.0,0.0,-19.0
trn_149670,0,9,7,0,0,0,2,0.0,0.0,-7.0
trn_149670,0,11,5,1,2,1,0,1.26,0.2,-2.38
trn_149670,0,13,1,0,0,0,0,0.0,0.0,-1.0
trn_177795,0,7,413,45,47,44,44,1.0,0.11,-66.46
trn_177795,0,8,376,31,38,40,44,0.84,0.08,-120.09
trn_177795,0,6,313,23,30,38,29,0.79,0.07,-76.15
trn_177795,0,9,298,21,33,28,37,0.68,0.07,-138.07
trn_177795,0,10,276,14,20,27,29,0.63,0.05,-147.6
trn_177795,0,5,268,15,17,19,28,0.78,0.06,-125.4
trn_177795,0,11,177,17,19,23,21,1.05,0.1,12.9
trn_177795,0,4,168,9,17,18,14,0.72,0.05,-100.0
trn_177795,0,3,80,5,8,4,3,0.88,0.06,-56.55
trn_177795,0,12,79,8,3,4,5,1.46,0.1,29.5
trn_177795,0,13,26,0,0,3,2,0.0,0.0,-26.0
trn_177795,0,14,15,1,1,4,2,0.88,0.07,8.0
trn_177795,0,2,10,1,0,1,2,1.32,0.1,-6.75
trn_191034,0,8,54,4,5,4,8,0.96,0.07,-29.75
trn_191034,0,10,47,9,1,2,6,2.13,0.19,11.5
trn_191034,0,7,38,2,0,1,6,0.75,0.05,-28.75
trn_191034,0,6,38,2,3,1,8,0.78,0.05,-18.5
trn_191034,0,9,31,0,2,3,3,0.0,0.0,-31.0
trn_191034,0,5,16,0,0,2,2,0.0,0.0,-16.0
trn_191034,0,12,12,2,2,1,0,1.78,0.17,16.0
trn_191034,0,4,9,0,0,0,2,0.0,0.0,-9.0
trn_191034,0,11,4,0,1,0,0,0.0,0.0,-4.0
trn_191034,0,3,2,0,0,0,0,0.0,0.0,-2.0
trn_290250,0,4,75,5,3,8,10,0.95,0.07,-20.84
trn_290250,0,6,73,4,10,7,10,0.52,0.05,-41.71
trn_290250,0,5,71,4,11,2,11,0.57,0.06,-23.5
trn_290250,0,9,33,1,3,3,4,0.52,0.03,68.0
trn_290250,0,7,32,2,3,1,3,1.02,0.06,9.5
trn_290250,0,10,29,3,6,1,3,0.93,0.1,-11.0
trn_290250,0,8,29,2,1,4,1,0.78,0.07,-11.0
trn_290250,0,3,20,0,2,0,4,0.0,0.0,-20.0
trn_290250,0,11,7,0,0,1,2,0.0,0.0,-7.0
trn_58932,0,5,203,16,17,12,12,0.96,0.08,-51.87
trn_58932,0,7,147,17,17,10,6,0.95,0.12,59.88
trn_58932,0,4,147,3,12,17,13,0.28,0.02,-129.38
trn_58932,0,6,144,10,13,9,11,0.8,0.07,-48.25
trn_58932,0,3,143,5,5,7,11,0.56,0.03,-89.62
trn_58932,0,8,101,10,7,9,6,1.04,0.1,-37.88
trn_58932,0,9,48,1,7,5,3,0.25,0.02,-45.9
trn_58932,0,2,28,0,1,2,3,0.0,0.0,-28.0
trn_58932,0,10,13,1,2,3,1,0.56,0.08,-9.25
trn_58932,0,12,9,1,0,1,1,1.36,0.11,-5.25
trn_58932,0,11,8,0,0,1,1,0.0,0.0,-8.0
trn_58932,0,13,5,0,0,1,1,0.0,0.0,-5.0
trn_58932,0,16,1,0,0,1,0,0.0,0.0,-1.0
trn_27315,0,6,150,6,5,12,11,0.69,0.04,-62.0
trn_27315,0,7,143,14,11,10,9,1.29,0.1,46.75
trn_27315,0,4,136,1,4,7,14,0.17,0.01,-128.0
trn_27315,0,5,132,2,4,5,13,0.25,0.02,-94.0
trn_27315,0,9,88,6,12,8,11,0.62,0.07,-49.09
trn_27315,0,8,75,1,8,10,10,0.17,0.01,-70.0
trn_27315,0,3,69,1,7,1,8,0.25,0.01,-66.0
trn_27315,0,10,67,2,6,5,3,0.36,0.03,-53.0
trn_27315,0,11,35,0,3,5,3,0.0,0.0,-35.0
trn_27315,0,2,21,0,0,0,1,0.0,0.0,-21.0
trn_27315,0,12,15,0,0,2,1,0.0,0.0,-15.0
trn_27315,0,14,5,0,0,0,0,0.0,0.0,-5.0
trn_27315,0,13,3,0,0,1,0,0.0,0.0,-3.0
trn_286560,0,5,28,3,4,1,3,1.4,0.11,-6.0
trn_286560,0,4,27,3,2,1,3,1.02,0.11,-5.75
trn_286560,0,3,20,1,2,1,2,0.74,0.05,-16.25
trn_286560,0,6,19,1,3,0,1,0.64,0.05,22.0
trn_286560,0,2,8,0,0,0,0,0.0,0.0,-8.0
trn_286560,0,7,7,1,0,0,0,1.52,0.14,-3.5
trn_286560,0,8,4,0,0,2,0,0.0,0.0,-4.0
trn_286560,0,10,3,0,0,0,0,0.0,0.0,-3.0
trn_286560,0,9,1,0,1,0,0,0.0,0.0,-1.0
trn_324234,0,3,231,32,20,14,13,1.18,0.14,13.46
trn_324234,0,4,97,9,13,10,7,0.77,0.09,-42.45
trn_324234,0,5,67,6,7,8,9,0.75,0.09,-1.25
trn_324234,0,2,49,4,6,6,4,0.62,0.08,-14.8
trn_324234,0,6,25,1,0,2,1,0.45,0.04,-22.75
trn_324234,0,7,3,0,0,0,1,0.0,0.0,-3.0
trn_345546,0,4,68,1,7,5,3,0.2,0.01,-64.5
trn_345546,0,5,59,2,3,7,4,0.4,0.03,-52.25
trn_345546,0,6,34,1,3,1,4,0.47,0.03,-25.0
trn_345546,0,7,16,1,3,1,2,0.57,0.06,-11.0
trn_345546,0,3,16,0,0,2,3,0.0,0.0,-16.0
trn_345546,0,11,12,1,1,2,1,1.16,0.08,-2.0
trn_345546,0,12,6,0,0,0,3,0.0,0.0,-6.0
trn_345546,0,9,6,0,1,3,1,0.0,0.0,-6.0
trn_345546,0,10,6,2,0,0,2,1.97,0.33,5.0
trn_345546,0,2,3,0,0,0,1,0.0,0.0,-3.0
trn_345546,0,8,1,0,0,0,0,0.0,0.0,-1.0
trn_350694,0,4,71,3,3,4,2,0.73,0.04,-46.5
trn_350694,0,5,38,2,3,3,2,0.64,0.05,-24.0
trn_350694,0,3,31,3,0,3,1,1.45,0.1,47.88
trn_350694,0,6,19,0,1,1,3,0.0,0.0,-19.0
trn_350694,0,2,9,0,0,1,1,0.0,0.0,-9.0
trn_350694,0,7,4,0,1,0,0,0.0,0.0,-4.0
trn_350694,0,8,2,0,0,0,0,0.0,0.0,-2.0
trn_350694,0,15,2,0,0,0,0,0.0,0.0,-2.0
trn_350694,0,14,1,0,0,0,0,0.0,0.0,-1.0
trn_350694,0,16,1,0,0,0,0,0.0,0.0,-1.0
trn_361782,0,6,47,0,6,3,5,0.0,0.0,-47.0
trn_361782,0,7,28,1,1,1,3,0.6,0.04,6.0
trn_361782,0,5,16,0,1,1,0,0.0,0.0,-16.0
trn_361782,0,8,11,0,0,1,2,0.0,0.0,-11.0
trn_361782,0,9,8,0,0,0,1,0.0,0.0,-8.0
trn_361782,0,4,4,0,0,0,0,0.0,0.0,-4.0
trn_361782,0,10,3,0,0,0,0,0.0,0.0,-3.0
trn_247644,0,3,709,58,59,66,80,0.91,0.08,-209.84
trn_247644,0,2,420,24,23,21,46,0.87,0.06,-169.0
trn_247644,0,4,415,34,22,36,37,0.82,0.08,-111.71
trn_247644,0,5,163,11,14,14,18,0.74,0.07,-50.0
trn_247644,0,6,41,2,3,2,2,0.55,0.05,-24.0
trn_247644,0,7,27,4,2,3,3,1.28,0.15,-1.0
trn_247644,0,8,17,1,3,1,3,0.47,0.06,-14.75
trn_247644,0,10,15,1,2,0,1,0.84,0.07,-2.0
trn_247644,0,9,11,3,0,1,1,2.76,0.27,21.0
trn_247644,0,11,3,0,0,0,0,0.0,0.0,-3.0
trn_247644,0,12,2,0,0,0,0,0.0,0.0,-2.0
trn_247644,0,13,2,1,0,0,0,4.46,0.5,39.0
trn_85122,0,4,373,63,74,53,41,0.85,0.17,-10.41
trn_85122,0,3,350,66,49,47,45,0.94,0.19,11.4
trn_85122,0,5,290,53,34,48,39,1.03,0.18,-12.2
trn_85122,0,2,151,22,21,25,16,0.77,0.15,-49.3
trn_85122,0,6,138,11,25,17,23,0.52,0.08,-92.7
trn_85122,0,7,42,9,6,5,4,1.0,0.21,16.1
trn_85122,0,8,6,1,1,1,0,0.7,0.17,-1.1
trn_85122,0,9,1,0,0,0,0,0.0,0.0,-1.0
trn_123354,0,2,1090,117,136,115,113,0.88,0.11,-223.55
trn_123354,0,3,1089,86,94,113,106,0.8,0.08,-356.86
trn_123354,0,4,406,32,25,32,36,0.94,0.08,37.18
trn_123354,0,5,116,12,10,5,10,1.25,0.1,57.0
trn_123354,0,6,62,9,4,9,7,1.4,0.15,26.5
trn_123354,0,7,26,1,2,2,1,0.58,0.04,-13.0
trn_123354,0,8,22,5,3,0,2,2.48,0.23,26.3
trn_123354,0,9,11,1,1,1,1,0.97,0.09,-7.1
trn_123354,0,10,1,0,0,0,0,0.0,0.0,-1.0
trn_123354,0,11,1,0,0,0,0,0.0,0.0,-1.0
trn_183519,0,3,1241,186,172,156,140,0.92,0.15,-45.7
trn_183519,0,2,506,101,96,71,55,0.97,0.2,82.67
trn_183519,0,4,379,50,39,40,38,0.83,0.13,-67.8
trn_183519,0,5,125,22,18,14,10,0.96,0.18,-14.2
trn_183519,0,6,77,5,15,10,6,0.46,0.06,-49.6
trn_183519,0,7,27,3,2,3,4,0.8,0.11,16.8
trn_183519,0,8,2,0,1,0,0,0.0,0.0,-2.0
trn_337662,0,3,356,36,34,40,34,0.83,0.1,-103.5
trn_337662,0,4,158,19,10,21,21,1.07,0.12,24.6
trn_337662,0,2,135,14,20,18,14,0.76,0.1,-5.3
trn_337662,0,5,96,5,5,14,12,0.41,0.05,-27.3
trn_337662,0,6,35,5,5,3,5,0.93,0.14,11.5
trn_337662,0,7,31,4,4,2,2,1.18,0.13,0.7
trn_337662,0,8,14,0,4,1,2,0.0,0.0,-14.0
trn_337662,0,9,3,1,0,1,0,2.24,0.33,3.3
trn_86382,0,5,664,30,41,33,42,0.54,0.05,-450.69
trn_86382,0,6,616,42,38,43,45,0.76,0.07,-315.81
trn_86382,0,4,555,29,25,32,34,0.7,0.05,-141.25
trn_86382,0,7,482,31,31,42,32,0.72,0.06,-212.17
trn_86382,0,3,328,9,13,12,12,0.46,0.03,-245.5
trn_86382,0,8,314,22,20,18,22,0.83,0.07,-136.0
trn_86382,0,9,174,9,11,15,14,0.56,0.05,-99.0
trn_86382,0,10,136,11,11,10,9,0.88,0.08,-38.5
trn_86382,0,2,108,4,2,3,9,0.66,0.04,-82.5
trn_86382,0,11,81,6,3,4,5,0.77,0.07,0.88
trn_86382,0,12,27,0,0,3,2,0.0,0.0,-27.0
trn_86382,0,13,4,0,0,0,0,0.0,0.0,-4.0
trn_86382,0,14,1,0,0,0,0,0.0,0.0,-1.0
trn_81234,0,2,454,103,81,51,39,0.86,0.23,-104.39
trn_81234,0,3,298,53,37,50,41,0.88,0.18,44.3
trn_81234,0,4,150,15,22,22,19,0.57,0.1,-76.39
trn_81234,0,5,69,14,8,12,4,1.0,0.2,-0.6
trn_81234,0,6,18,2,3,4,1,0.41,0.11,-11.6
trn_81234,0,7,8,1,0,2,1,0.54,0.12,-4.7
trn_81234,0,8,6,1,2,0,1,0.84,0.17,0.5
trn_81234,0,9,5,0,0,0,3,0.0,0.0,-5.0
trn_315009,0,3,221,16,24,23,22,0.83,0.07,-32.0
trn_315009,0,4,160,11,14,13,12,0.71,0.07,-82.6
trn_315009,0,2,94,7,6,14,8,0.96,0.07,-29.3
trn_315009,0,5,48,6,6,5,4,1.37,0.12,17.6
trn_315009,0,6,39,4,3,3,2,0.87,0.1,-2.3
trn_315009,0,7,27,3,1,1,4,1.28,0.11,-5.3
trn_315009,0,8,3,0,0,0,1,0.0,0.0,-3.0
trn_315009,0,9,1,0,0,0,0,0.0,0.0,-1.0
trn_91890,0,3,1614,180,189,162,183,0.97,0.11,-116.45
trn_91890,0,2,754,103,85,100,93,1.03,0.14,-32.6
trn_91890,0,4,586,52,58,53,54,0.83,0.09,-137.9
trn_91890,0,5,256,26,26,30,21,0.84,0.1,-41.8
trn_91890,0,6,166,12,18,18,15,0.57,0.07,-99.9
trn_91890,0,7,105,16,17,4,17,1.04,0.15,2.5
trn_91890,0,8,39,4,6,5,7,0.7,0.1,-6.3
trn_91890,0,9,23,1,3,3,2,0.29,0.04,-20.4
trn_91890,0,10,16,3,1,1,0,1.22,0.19,0.9
trn_91890,0,11,2,0,0,0,0,0.0,0.0,-2.0
trn_337932,0,3,106,2,8,8,9,0.33,0.02,-95.5
trn_337932,0,4,78,9,7,10,5,1.82,0.12,58.1
trn_337932,0,2,24,2,1,3,3,1.3,0.08,-12.1
trn_337932,0,5,21,2,2,2,2,1.19,0.1,-3.1
trn_337932,0,6,21,2,3,2,1,1.23,0.1,-3.1
trn_337932,0,7,6,0,1,1,0,0.0,0.0,-6.0
trn_331812,0,3,38,9,7,7,1,1.53,0.24,0.95
trn_331812,0,2,8,1,2,0,0,1.57,0.12,9.5
trn_331812,0,5,6,0,1,1,0,0.0,0.0,-6.0
trn_331812,0,6,5,1,0,0,0,1.53,0.2,-2.9
trn_331812,0,4,5,1,1,0,0,1.25,0.2,-2.7
trn_130104,0,3,207,30,27,25,27,0.93,0.14,-3.1
trn_130104,0,4,124,9,24,16,20,0.46,0.07,-92.0
trn_130104,0,5,91,6,18,11,18,0.48,0.07,-34.9
trn_130104,0,2,86,11,16,14,10,0.8,0.13,-31.75
trn_130104,0,6,30,9,0,2,5,1.87,0.3,18.1
trn_130104,0,7,10,2,0,1,2,1.2,0.2,3.6
trn_130104,0,8,2,1,0,0,0,2.06,0.5,1.1
trn_72531,0,3,274,18,20,26,16,0.85,0.07,-25.5
trn_72531,0,4,146,6,6,5,15,0.57,0.04,-90.2
trn_72531,0,2,140,14,16,15,16,1.03,0.1,-43.6
trn_72531,0,5,65,5,6,8,3,1.03,0.08,4.8
trn_72531,0,6,16,0,2,3,1,0.0,0.0,-15.0
trn_72531,0,7,6,0,3,1,0,0.0,0.0,-6.0
trn_72531,0,8,1,0,0,0,0,0.0,0.0,-1.0
trn_183681,0,3,1782,170,169,192,199,0.85,0.1,-393.38
trn_183681,0,2,865,66,75,91,90,0.77,0.08,-335.18
trn_183681,0,4,798,87,69,80,73,0.98,0.11,-100.56
trn_183681,0,5,329,29,41,34,28,0.78,0.09,-70.17
trn_183681,0,6,160,9,13,16,17,0.54,0.06,-78.0
trn_183681,0,7,115,11,11,10,8,0.99,0.1,-14.12
trn_183681,0,8,60,6,5,6,3,1.09,0.1,-11.5
trn_183681,0,10,16,1,1,1,1,1.23,0.06,-1.0
trn_183681,0,9,13,1,1,0,0,1.41,0.08,-1.0
trn_183681,0,11,8,0,1,1,1,0.0,0.0,-8.0
trn_183681,0,12,6,0,0,0,1,0.0,0.0,-6.0
trn_49545,0,4,105,9,6,6,6,0.86,0.09,-54.28
trn_49545,0,5,104,9,9,7,6,0.79,0.09,-32.38
trn_49545,0,3,100,4,2,9,5,0.44,0.04,-59.5
trn_49545,0,2,69,2,5,8,7,0.3,0.03,-58.0
trn_49545,0,6,58,7,6,1,4,1.05,0.12,-23.17
trn_49545,0,7,14,1,1,2,1,0.5,0.07,-11.38
trn_49545,0,9,10,0,2,2,2,0.0,0.0,-10.0
trn_49545,0,8,9,0,0,1,0,0.0,0.0,-9.0
trn_49545,0,12,3,0,0,0,0,0.0,0.0,-3.0
trn_49545,0,10,3,0,0,0,0,0.0,0.0,-3.0
trn_49545,0,11,2,0,0,0,0,0.0,0.0,-2.0
trn_49545,0,,1,0,0,0,0,0.0,0.0,-1.0
trn_353556,0,12,4,0,1,2,0,0.0,0.0,-4.0
trn_353556,0,8,4,3,1,0,0,2.5,0.75,4.73
trn_353556,0,7,3,0,0,0,1,0.0,0.0,-3.0
trn_353556,0,9,3,1,1,0,0,1.18,0.33,6.5
trn_353556,0,11,2,1,0,0,0,1.54,0.5,0.5
trn_353556,0,10,2,0,1,0,0,0.0,0.0,-2.0
trn_353556,0,4,1,0,0,0,0,0.0,0.0,-1.0
trn_182601,0,11,6,0,1,1,0,0.0,0.0,-6.0
trn_182601,0,12,3,0,0,0,0,0.0,0.0,-3.0
trn_182601,0,10,3,0,0,2,0,0.0,0.0,-3.0
trn_182601,0,9,2,0,0,0,0,0.0,0.0,-2.0
trn_345384,0,11,7,1,1,0,2,1.08,0.14,3.0
trn_345384,0,7,6,2,2,0,0,0.86,0.33,-2.46
trn_345384,0,9,5,0,1,0,0,0.0,0.0,-5.0
trn_345384,0,8,4,2,0,1,0,1.23,0.5,-0.64
trn_345384,0,10,3,3,0,0,0,3.95,1.0,71.73
trn_345384,0,4,3,1,0,2,0,2.31,0.33,1.0
trn_371097,0,7,2,0,0,0,0,0.0,0.0,-2.0
trn_373140,0,8,1,0,0,0,0,0.0,0.0,-1.0
trn_306666,0,9,7,0,0,1,1,0.0,0.0,-7.0
trn_306666,0,12,6,1,1,0,0,1.59,0.17,-1.5
trn_306666,0,10,5,0,0,0,0,0.0,0.0,-5.0
trn_306666,0,13,4,0,0,1,1,0.0,0.0,-4.0
trn_306666,0,8,3,0,1,1,0,0.0,0.0,-3.0
trn_306666,0,15,1,0,0,0,1,0.0,0.0,-1.0
trn_306666,0,11,1,1,0,0,0,15.0,1.0,14.0
trn_343989,0,8,1,0,0,0,0,0.0,0.0,-1.0
trn_343989,0,10,1,1,0,0,0,5.5,1.0,4.5
trn_362961,0,11,3,2,0,0,0,3.76,0.67,9.38
trn_362961,0,7,1,1,0,0,0,1.91,1.0,0.91
trn_362961,0,12,1,0,0,0,0,0.0,0.0,-1.0
trn_362961,0,5,1,0,1,0,0,0.0,0.0,-1.0
trn_362961,0,6,1,0,0,0,0,0.0,0.0,-1.0
trn_362961,0,4,1,0,0,0,0,0.0,0.0,-1.0
trn_343377,0,9,3,2,1,0,0,5.85,0.67,22.0
trn_343377,0,8,2,0,0,1,0,0.0,0.0,-2.0
trn_343377,0,12,2,0,0,0,0,0.0,0.0,-2.0
trn_343377,0,11,1,0,0,0,0,0.0,0.0,-1.0
trn_75456,0,9,4,0,1,0,3,0.0,0.0,-4.0
trn_75456,0,7,2,1,0,1,0,1.86,0.5,2.33
trn_75456,0,8,1,0,0,1,0,0.0,0.0,-1.0
trn_131850,0,7,6,1,0,2,0,1.3,0.17,7.0
trn_131850,0,9,4,0,0,1,0,0.0,0.0,-4.0
trn_131850,0,8,3,0,0,0,1,0.0,0.0,-3.0
trn_131850,0,11,2,0,0,0,0,0.0,0.0,-2.0
trn_131850,0,6,1,0,0,0,0,0.0,0.0,-1.0
trn_131850,0,14,1,0,0,0,0,0.0,0.0,-1.0
trn_131850,0,12,1,0,0,0,0,0.0,0.0,-1.0
trn_310770,0,7,7,1,2,2,1,0.39,0.14,-4.5
trn_310770,0,8,7,4,0,0,2,1.61,0.57,4.85
trn_310770,0,12,5,0,3,1,0,0.0,0.0,-5.0
trn_310770,0,9,3,1,1,0,0,1.0,0.33,-0.25
trn_310770,0,5,1,0,0,0,0,0.0,0.0,-1.0
trn_310770,0,10,1,0,0,0,0,0.0,0.0,-1.0
trn_309366,0,9,5,0,0,0,0,0.0,0.0,-5.0
trn_309366,0,10,4,1,1,0,1,1.85,0.25,-1.0
trn_309366,0,11,3,0,0,0,0,0.0,0.0,-3.0
trn_309366,0,12,3,0,0,0,0,0.0,0.0,-3.0
trn_309366,0,6,1,0,0,1,0,0.0,0.0,-1.0
trn_309366,0,8,1,0,0,0,0,0.0,0.0,-1.0
trn_27360,0,8,9,0,2,3,1,0.0,0.0,-9.0
trn_27360,0,9,9,0,1,2,0,0.0,0.0,-9.0
trn_27360,0,10,6,0,2,0,0,0.0,0.0,-6.0
trn_27360,0,11,4,1,0,0,1,1.67,0.25,4.0
trn_27360,0,7,2,0,0,0,0,0.0,0.0,-2.0
trn_27360,0,5,2,1,0,0,0,7.89,0.5,10.0
trn_27360,0,14,1,0,0,0,0,0.0,0.0,-1.0
trn_27360,0,12,1,0,0,0,1,0.0,0.0,-1.0
trn_27360,0,6,1,0,0,0,0,0.0,0.0,-1.0
trn_362682,0,10,3,0,0,0,2,0.0,0.0,-3.0
trn_362682,0,7,1,0,0,1,0,0.0,0.0,-1.0
trn_239535,0,7,6,2,1,0,2,1.53,0.33,2.44
trn_239535,0,11,4,1,1,0,0,1.14,0.25,1.0
trn_239535,0,9,4,1,1,0,1,2.29,0.25,4.0
trn_239535,0,10,3,0,0,1,0,0.0,0.0,-3.0
trn_239535,0,8,2,0,1,1,0,0.0,0.0,-2.0
trn_239535,0,6,1,0,0,0,0,0.0,0.0,-1.0
trn_239535,0,13,1,0,0,0,0,0.0,0.0,-1.0
trn_239535,0,12,1,0,0,1,0,0.0,0.0,-1.0
trn_361953,0,7,11,1,0,3,1,1.32,0.09,23.0
trn_361953,0,8,8,0,0,0,3,0.0,0.0,-8.0
trn_361953,0,9,3,0,0,2,0,0.0,0.0,-3.0
trn_361953,0,10,3,0,0,0,1,0.0,0.0,-3.0
trn_361953,0,11,1,0,0,0,0,0.0,0.0,-1.0
trn_361953,0,6,1,0,0,1,0,0.0,0.0,-1.0
trn_9918,0,3,1597,270,227,204,190,0.94,0.17,68.74
trn_9918,0,2,554,98,78,89,74,0.92,0.18,-27.95
trn_9918,0,4,539,70,86,84,60,0.74,0.13,-90.25
trn_9918,0,5,154,22,29,22,13,0.79,0.14,1.63
trn_9918,0,6,51,9,12,7,5,0.88,0.18,16.3
trn_9918,0,7,13,4,4,0,0,1.08,0.31,-3.8
trn_9918,0,8,1,0,0,1,0,0.0,0.0,-1.0
trn_184050,0,5,503,31,68,48,56,0.57,0.06,-251.41
trn_184050,0,6,498,63,47,50,52,0.99,0.13,-148.37
trn_184050,0,7,417,52,42,40,53,0.99,0.12,-13.23
trn_184050,0,4,355,33,35,36,29,0.94,0.09,-76.78
trn_184050,0,8,314,39,23,30,32,0.98,0.12,-26.79
trn_184050,0,9,211,15,24,25,33,0.57,0.07,-96.5
trn_184050,0,10,124,5,10,12,12,0.48,0.04,-81.0
trn_184050,0,3,109,6,10,10,17,0.74,0.06,23.5
trn_184050,0,11,95,7,12,12,9,0.75,0.07,-34.75
trn_184050,0,12,27,3,3,1,1,1.23,0.11,-5.25
trn_184050,0,2,25,1,2,4,1,0.55,0.04,-22.0
trn_184050,0,13,16,1,3,2,2,0.68,0.06,-9.5
trn_184050,0,14,1,0,0,0,0,0.0,0.0,-1.0
trn_289080,0,11,3,0,0,0,1,0.0,0.0,-3.0
trn_289080,0,8,2,1,0,0,0,10.12,0.5,9.0
trn_289080,0,6,1,0,0,0,0,0.0,0.0,-1.0
trn_289080,0,10,1,0,0,0,0,0.0,0.0,-1.0
trn_372366,0,12,1,0,0,0,0,0.0,0.0,-1.0
trn_136305,0,6,47,2,3,2,2,1.1,0.04,37.0
trn_136305,0,4,38,1,0,3,1,0.64,0.03,63.0
trn_136305,0,7,27,1,3,2,3,0.4,0.04,-14.0
trn_136305,0,5,26,0,2,0,0,0.0,0.0,-26.0
trn_136305,0,8,19,1,1,2,0,0.65,0.05,-13.0
trn_136305,0,9,17,4,4,4,0,1.86,0.24,14.63
trn_136305,0,3,14,0,0,2,0,0.0,0.0,-14.0
trn_136305,0,13,10,1,2,2,3,0.59,0.1,-5.5
trn_136305,0,10,9,0,2,1,2,0.0,0.0,-9.0
trn_136305,0,2,7,0,0,0,0,0.0,0.0,-7.0
trn_136305,0,11,6,0,0,1,0,0.0,0.0,-6.0
trn_136305,0,12,5,0,1,2,0,0.0,0.0,-5.0
trn_136305,0,14,3,0,0,0,1,0.0,0.0,-3.0
trn_286326,0,12,6,0,2,1,0,0.0,0.0,-6.0
trn_286326,0,11,4,0,0,1,1,0.0,0.0,-4.0
trn_286326,0,5,3,0,0,1,0,0.0,0.0,-3.0
trn_286326,0,9,3,0,2,0,0,0.0,0.0,-3.0
trn_286326,0,8,3,0,1,0,0,0.0,0.0,-3.0
trn_286326,0,10,2,1,0,0,0,2.15,0.5,0.2
trn_286326,0,6,2,0,1,0,0,0.0,0.0,-2.0
trn_286326,0,7,1,0,0,0,1,0.0,0.0,-1.0
trn_286326,0,4,1,1,0,0,0,4.33,1.0,3.33
trn_371025,0,10,1,0,0,0,0,0.0,0.0,-1.0
trn_371025,0,11,1,0,0,0,0,0.0,0.0,-1.0
trn_364131,0,6,1,0,0,1,0,0.0,0.0,-1.0
trn_364131,0,8,1,0,0,0,0,0.0,0.0,-1.0
trn_263718,0,5,30,0,0,5,3,0.0,0.0,-30.0
trn_263718,0,9,28,2,2,3,1,2.29,0.07,94.0
trn_263718,0,6,24,2,0,2,3,1.34,0.08,-8.5
trn_263718,0,10,22,0,0,2,3,0.0,0.0,-22.0
trn_263718,0,7,22,2,0,3,2,1.47,0.09,-3.5
trn_263718,0,8,19,1,0,2,0,1.57,0.05,-2.0
trn_263718,0,4,8,1,0,1,1,3.21,0.12,73.0
trn_263718,0,11,6,0,3,1,0,0.0,0.0,-6.0
trn_263718,0,12,5,0,0,0,1,0.0,0.0,-5.0
trn_263718,0,13,3,1,0,0,0,1.97,0.33,4.5
trn_263718,0,14,1,0,0,0,0,0.0,0.0,-1.0
trn_298044,0,12,3,1,2,0,0,1.09,0.33,1.33
trn_298044,0,11,1,0,1,0,0,0.0,0.0,-1.0
trn_298476,0,8,2,0,0,1,1,0.0,0.0,-2.0
trn_298476,0,10,1,0,0,0,1,0.0,0.0,-1.0
trn_298476,0,6,1,0,0,0,0,0.0,0.0,-1.0
trn_298476,0,11,1,0,0,0,0,0.0,0.0,-1.0
trn_285183,0,12,2,0,0,1,0,0.0,0.0,-2.0
trn_285183,0,8,1,0,0,0,0,0.0,0.0,-1.0
trn_285183,0,9,1,0,0,0,0,0.0,0.0,-1.0
trn_99351,0,6,508,24,28,30,47,0.66,0.05,-276.25
trn_99351,0,7,386,21,21,18,38,0.69,0.05,-209.72
trn_99351,0,5,365,18,15,20,17,0.77,0.05,-162.56
trn_99351,0,8,201,11,12,13,12,0.64,0.05,-110.01
trn_99351,0,4,160,3,7,7,9,0.36,0.02,-124.5
trn_99351,0,9,142,7,9,10,10,0.65,0.05,-71.83
trn_99351,0,10,106,5,13,3,12,0.55,0.05,-73.35
trn_99351,0,11,44,2,1,3,8,0.46,0.05,-18.0
trn_99351,0,3,17,0,0,0,2,0.0,0.0,-17.0
trn_99351,0,12,11,2,0,0,1,2.0,0.18,15.5
trn_99351,0,13,3,0,0,0,0,0.0,0.0,-3.0
trn_99351,0,17,1,0,0,0,0,0.0,0.0,-1.0
trn_99351,0,16,1,0,0,0,0,0.0,0.0,-1.0
trn_86481,0,5,1300,129,114,124,134,0.87,0.1,-121.07
trn_86481,0,6,1161,123,137,133,137,0.86,0.11,-326.96
trn_86481,0,4,952,80,77,96,86,0.85,0.08,-186.11
trn_86481,0,7,744,111,99,75,76,1.01,0.15,-116.46
trn_86481,0,8,516,64,68,49,55,0.9,0.12,-75.31
trn_86481,0,9,347,33,39,54,38,0.76,0.1,-120.82
trn_86481,0,3,211,8,15,14,24,0.47,0.04,-145.15
trn_86481,0,10,162,10,26,17,23,0.53,0.06,-86.75
trn_86481,0,11,78,6,7,4,6,0.8,0.08,-17.0
trn_86481,0,2,73,2,5,9,9,0.36,0.03,-13.0
trn_86481,0,12,24,2,2,3,5,0.81,0.08,3.0
trn_86481,0,13,22,3,3,5,2,1.13,0.14,-2.5
trn_86481,0,14,6,0,1,1,0,0.0,0.0,-6.0
trn_86481,0,15,1,0,0,0,0,0.0,0.0,-1.0
trn_369477,0,10,7,1,1,4,0,0.85,0.14,-5.33
trn_369477,0,6,2,0,0,0,1,0.0,0.0,-2.0
trn_369477,0,11,2,0,0,1,0,0.0,0.0,-2.0
trn_369477,0,7,1,0,0,0,1,0.0,0.0,-1.0
trn_354312,0,12,4,0,1,1,1,0.0,0.0,-4.0
trn_354312,0,14,4,1,1,1,0,1.92,0.25,-1.0
trn_354312,0,13,2,1,1,0,0,3.17,0.5,3.5
trn_127512,0,7,4,0,0,1,0,0.0,0.0,-4.0
trn_127512,0,8,3,0,0,0,1,0.0,0.0,-3.0
trn_127512,0,5,2,0,0,0,0,0.0,0.0,-2.0
trn_127512,0,10,2,0,0,0,0,0.0,0.0,-2.0
trn_127512,0,4,1,0,0,0,0,0.0,0.0,-1.0
trn_127512,0,6,1,0,0,0,0,0.0,0.0,-1.0
trn_371952,0,11,2,0,0,0,1,0.0,0.0,-2.0
trn_363438,0,8,1,0,0,0,0,0.0,0.0,-1.0
trn_363438,0,9,1,0,0,0,0,0.0,0.0,-1.0
trn_192105,0,6,474,54,47,46,49,0.89,0.11,-93.3
trn_192105,0,7,430,46,73,53,50,0.74,0.11,-190.38
trn_192105,0,5,345,28,34,33,35,0.78,0.08,-142.31
trn_192105,0,8,268,29,36,41,32,0.76,0.11,-100.57
trn_192105,0,9,166,16,15,25,26,0.84,0.1,-53.72
trn_192105,0,4,104,6,1,12,11,0.69,0.06,-43.25
trn_192105,0,10,93,10,7,9,11,1.02,0.11,1.5
trn_192105,0,11,47,5,3,2,6,1.11,0.11,-24.0
trn_192105,0,12,12,1,1,3,2,0.91,0.08,-6.5
trn_192105,0,3,8,0,0,1,1,0.0,0.0,-8.0
trn_192105,0,14,3,0,0,0,0,0.0,0.0,-3.0
trn_192105,0,13,2,0,0,0,0,0.0,0.0,-2.0
trn_81639,0,6,523,88,68,59,50,1.08,0.17,6.07
trn_81639,0,7,449,75,48,48,43,1.05,0.17,-34.8
trn_81639,0,5,428,57,51,52,49,0.94,0.13,-8.93
trn_81639,0,8,311,51,43,26,32,0.98,0.16,-3.97
trn_81639,0,9,220,27,25,22,24,0.84,0.12,-55.83
trn_81639,0,10,161,27,23,21,19,1.05,0.17,48.19
trn_81639,0,4,100,11,10,11,10,1.04,0.11,9.25
trn_81639,0,11,98,13,14,11,13,0.91,0.13,-14.13
trn_81639,0,12,47,4,8,5,5,0.54,0.09,-16.75
trn_81639,0,3,39,2,2,2,6,0.48,0.05,-16.0
trn_81639,0,2,7,0,0,0,3,0.0,0.0,-7.0
trn_81639,0,13,2,0,0,0,0,0.0,0.0,-2.0
trn_362691,0,7,2,0,0,1,0,0.0,0.0,-2.0
trn_362691,0,8,1,0,0,1,0,0.0,0.0,-1.0
trn_372870,0,11,1,0,1,0,0,0.0,0.0,-1.0
trn_311787,0,7,3,1,1,0,0,1.35,0.33,-1.09
trn_311787,0,10,1,0,0,0,0,0.0,0.0,-1.0
trn_311787,0,8,1,0,0,1,0,0.0,0.0,-1.0
trn_311787,0,9,1,0,0,0,1,0.0,0.0,-1.0
trn_233892,0,3,21,4,2,5,0,0.87,0.19,2.15
trn_233892,0,4,17,3,1,0,1,1.62,0.18,-4.0
trn_233892,0,2,11,3,4,1,0,0.9,0.27,2.58
trn_233892,0,5,9,1,1,2,2,0.85,0.11,-4.4
trn_233892,0,6,2,0,0,0,1,0.0,0.0,-2.0
trn_358911,0,7,5,0,0,1,0,0.0,0.0,-5.0
trn_358911,0,6,3,0,0,0,0,0.0,0.0,-3.0
trn_358911,0,8,3,0,0,0,1,0.0,0.0,-3.0
trn_358911,0,5,2,0,0,0,0,0.0,0.0,-2.0
trn_146151,0,11,16,3,1,1,4,1.28,0.19,26.5
trn_146151,0,9,11,0,2,4,1,0.0,0.0,-11.0
trn_146151,0,10,7,1,1,1,2,0.88,0.14,-5.0
trn_146151,0,8,7,0,1,2,2,0.0,0.0,-7.0
trn_146151,0,7,6,0,1,0,0,0.0,0.0,-6.0
trn_146151,0,5,5,2,0,0,1,3.3,0.4,21.5
trn_146151,0,12,4,0,2,1,0,0.0,0.0,-4.0
trn_146151,0,6,2,1,0,0,1,1.65,0.5,1.12
trn_146151,0,4,2,0,0,0,0,0.0,0.0,-2.0
trn_146151,0,13,1,0,0,0,0,0.0,0.0,-1.0
trn_372663,0,8,1,1,0,0,0,11.0,1.0,10.0
trn_372672,0,9,1,0,0,1,0,0.0,0.0,-1.0
trn_372681,0,12,1,0,0,0,0,0.0,0.0,-1.0
trn_222399,0,8,6,1,1,0,0,1.33,0.17,11.0
trn_222399,0,9,3,0,0,1,0,0.0,0.0,-3.0
trn_222399,0,10,1,0,0,0,1,0.0,0.0,-1.0
trn_222399,0,7,1,0,0,0,0,0.0,0.0,-1.0
trn_343332,0,11,1,0,0,0,0,0.0,0.0,-1.0
trn_343332,0,8,1,0,0,0,0,0.0,0.0,-1.0
trn_26190,0,9,6,1,1,0,0,0.62,0.17,-4.2
trn_26190,0,7,4,2,1,0,0,8.37,0.5,32.0
trn_26190,0,11,2,0,0,0,1,0.0,0.0,-2.0
trn_26190,0,14,1,0,0,0,1,0.0,0.0,-1.0
trn_26190,0,6,1,0,0,0,0,0.0,0.0,-1.0
trn_26190,0,8,1,0,0,0,0,0.0,0.0,-1.0
trn_141975,0,5,555,62,73,56,59,0.76,0.11,-240.92
trn_141975,0,6,330,48,42,44,16,0.98,0.15,-62.69
trn_141975,0,4,253,21,28,28,29,0.66,0.08,-102.93
trn_141975,0,7,142,14,16,18,15,0.69,0.1,-52.09
trn_141975,0,8,74,7,10,9,5,0.61,0.09,-24.4
trn_141975,0,9,43,3,6,5,4,0.47,0.07,-27.5
trn_141975,0,3,37,2,5,2,1,0.68,0.05,-14.0
trn_141975,0,2,23,0,0,1,0,0.0,0.0,-23.0
trn_141975,0,10,11,2,0,2,0,1.07,0.18,-1.3
trn_141975,0,11,5,1,0,0,0,1.75,0.2,6.0
trn_141975,0,12,1,0,0,0,0,0.0,0.0,-1.0
trn_165285,0,4,291,25,26,26,23,0.81,0.09,-101.33
trn_165285,0,5,255,27,17,27,18,0.99,0.11,-101.89
trn_165285,0,7,217,18,22,18,18,0.78,0.08,-45.12
trn_165285,0,6,183,21,19,19,16,1.06,0.11,17.46
trn_165285,0,3,155,14,16,18,17,1.04,0.09,-6.57
trn_165285,0,8,121,17,7,14,16,1.3,0.14,70.33
trn_165285,0,9,91,15,13,11,8,1.16,0.16,37.72
trn_165285,0,10,66,9,11,4,2,1.02,0.14,-18.59
trn_165285,0,2,51,0,4,3,4,0.0,0.0,-51.0
trn_165285,0,11,21,1,1,1,2,0.5,0.05,-13.5
trn_339084,0,6,26,1,0,0,2,0.82,0.04,-22.75
trn_339084,0,7,24,1,0,2,1,0.82,0.04,-7.0
trn_339084,0,5,23,2,0,1,1,2.15,0.09,-5.0
trn_339084,0,3,15,0,0,0,0,0.0,0.0,-15.0
trn_339084,0,8,11,2,1,1,0,1.6,0.18,6.5
trn_339084,0,4,10,0,0,1,0,0.0,0.0,-10.0
trn_339084,0,9,9,2,2,0,2,1.18,0.22,-3.87
trn_339084,0,2,7,0,0,0,0,0.0,0.0,-7.0
trn_339084,0,10,5,1,0,0,1,1.74,0.2,1.0
trn_131796,0,10,3,0,0,0,1,0.0,0.0,-3.0
trn_131796,0,8,2,0,0,0,0,0.0,0.0,-2.0
trn_131796,0,7,1,0,0,0,0,0.0,0.0,-1.0
trn_131796,0,11,1,0,0,0,0,0.0,0.0,-1.0
trn_131796,0,6,1,0,0,0,0,0.0,0.0,-1.0
trn_131796,0,9,1,0,0,0,0,0.0,0.0,-1.0
trn_372411,0,12,1,0,0,0,0,0.0,0.0,-1.0
trn_203373,0,9,15,0,1,1,1,0.0,0.0,-15.0
trn_203373,0,10,12,0,1,4,0,0.0,0.0,-12.0
trn_203373,0,8,8,0,0,2,1,0.0,0.0,-8.0
trn_203373,0,11,8,0,0,1,2,0.0,0.0,-8.0
trn_203373,0,7,5,0,0,0,2,0.0,0.0,-5.0
trn_203373,0,6,5,0,0,1,0,0.0,0.0,-5.0
trn_169839,0,11,3,0,1,0,0,0.0,0.0,-3.0
trn_169839,0,10,2,0,1,0,0,0.0,0.0,-2.0
trn_169839,0,9,1,0,0,0,0,0.0,0.0,-1.0
trn_372375,0,11,1,0,0,0,0,0.0,0.0,-1.0
trn_363609,0,8,2,0,0,0,0,0.0,0.0,-2.0
trn_363609,0,14,1,0,0,0,0,0.0,0.0,-1.0
trn_288009,0,11,3,0,0,0,0,0.0,0.0,-3.0
trn_288009,0,10,2,0,0,0,0,0.0,0.0,-2.0
trn_288009,0,12,1,0,0,0,0,0.0,0.0,-1.0
trn_288009,0,8,1,0,0,0,0,0.0,0.0,-1.0
trn_288009,0,7,1,0,0,0,0,0.0,0.0,-1.0
trn_204732,0,8,2,1,0,0,0,11.62,0.5,24.0
trn_204732,0,7,2,0,0,0,0,0.0,0.0,-2.0
trn_99963,0,10,5,0,0,0,0,0.0,0.0,-5.0
trn_99963,0,9,5,0,1,0,1,0.0,0.0,-5.0
trn_99963,0,11,4,0,0,0,2,0.0,0.0,-4.0
trn_99963,0,8,3,0,0,1,0,0.0,0.0,-3.0
trn_99963,0,13,3,0,0,0,1,0.0,0.0,-3.0
trn_99963,0,7,2,1,0,0,0,2.97,0.5,1.25
trn_99963,0,12,1,0,0,0,0,0.0,0.0,-1.0
trn_372348,0,11,1,0,0,0,0,0.0,0.0,-1.0
trn_372384,0,11,1,0,0,0,1,0.0,0.0,-1.0
trn_370233,0,10,2,0,0,0,0,0.0,0.0,-2.0
trn_372078,0,7,2,0,0,1,1,0.0,0.0,-2.0
trn_363618,0,10,3,0,0,0,3,0.0,0.0,-3.0
trn_363618,0,9,2,0,0,0,0,0.0,0.0,-2.0
trn_363618,0,12,1,0,0,0,0,0.0,0.0,-1.0
trn_70497,0,4,4266,527,497,433,411,0.88,0.12,-953.55
trn_70497,0,5,4029,534,489,469,402,0.88,0.13,-664.14
trn_70497,0,3,3406,368,364,342,349,0.86,0.11,-755.78
trn_70497,0,6,3105,409,416,337,300,0.86,0.13,-691.98
trn_70497,0,7,1877,252,229,211,202,0.89,0.13,-454.27
trn_70497,0,2,1420,110,101,127,136,0.83,0.08,-395.23
trn_70497,0,8,1279,150,161,157,142,0.83,0.12,-182.72
trn_70497,0,9,821,71,93,98,86,0.7,0.09,-354.86
trn_70497,0,10,418,42,59,45,39,0.75,0.1,-103.24
trn_70497,0,11,169,13,25,19,15,0.64,0.08,-78.99
trn_70497,0,12,58,6,4,12,6,0.76,0.1,-18.09
trn_70497,0,13,9,0,0,1,0,0.0,0.0,-9.0
trn_51561,0,3,248,10,13,20,24,0.46,0.04,-197.68
trn_51561,0,2,134,11,5,9,12,1.16,0.08,-69.06
trn_51561,0,4,133,11,10,11,7,0.76,0.08,-40.96
trn_51561,0,5,70,3,2,10,6,0.49,0.04,-43.5
trn_51561,0,6,48,3,2,2,4,0.64,0.06,-14.0
trn_51561,0,7,23,3,3,3,2,0.8,0.13,12.0
trn_51561,0,8,20,2,5,4,1,0.45,0.1,-16.0
trn_51561,0,9,9,0,3,0,1,0.0,0.0,-9.0
trn_51561,0,10,5,0,2,1,0,0.0,0.0,-5.0
trn_51561,0,11,3,0,1,2,0,0.0,0.0,-3.0
trn_3573,0,5,4444,680,536,466,409,0.89,0.15,-1151.52
trn_3573,0,6,3943,695,489,431,378,0.96,0.18,-455.71
trn_3573,0,7,2787,453,349,291,269,0.92,0.16,-365.94
trn_3573,0,4,2500,271,298,247,245,0.75,0.11,-914.64
trn_3573,0,8,1771,248,198,184,145,0.92,0.14,-304.49
trn_3573,0,9,1126,115,113,118,110,0.77,0.1,-341.14
trn_3573,0,3,827,70,78,78,85,0.73,0.08,-319.88
trn_3573,0,10,548,44,65,66,64,0.66,0.08,-171.39
trn_3573,0,2,431,19,24,40,41,0.58,0.04,-245.5
trn_3573,0,11,236,16,23,31,27,0.61,0.07,-117.51
trn_3573,0,12,80,5,7,11,7,0.49,0.06,-61.83
trn_3573,0,13,31,2,3,6,5,0.59,0.06,-11.0
trn_3573,0,14,2,0,0,0,1,0.0,0.0,-2.0
trn_3573,0,-2,2,0,0,0,0,0.0,0.0,-2.0
trn_3573,0,,1,0,0,0,0,0.0,0.0,-1.0
trn_25776,0,6,1485,243,181,149,148,1.02,0.16,-33.23
trn_25776,0,7,1459,219,174,167,146,0.92,0.15,-351.75
trn_25776,0,5,1457,204,197,158,151,0.88,0.14,-255.43
trn_25776,0,8,1135,147,145,113,124,0.89,0.13,-155.21
trn_25776,0,4,827,103,110,97,77,0.87,0.12,-272.53
trn_25776,0,9,792,120,92,80,82,1.07,0.15,101.76
trn_25776,0,10,460,60,47,60,45,0.97,0.13,-88.43
trn_25776,0,11,246,27,21,29,12,0.91,0.11,-90.56
trn_25776,0,3,103,4,12,13,9,0.35,0.04,-56.75
trn_25776,0,12,99,11,13,9,13,0.91,0.11,-23.0
trn_25776,0,13,31,2,3,6,2,0.55,0.06,-26.5
trn_25776,0,14,11,2,1,1,1,1.55,0.18,12.75
trn_25776,0,2,1,0,0,0,0,0.0,0.0,-1.0
trn_354132,0,9,1,0,0,0,1,0.0,0.0,-1.0
trn_372195,0,8,1,0,0,0,0,0.0,0.0,-1.0
trn_372186,0,10,1,0,0,0,0,0.0,0.0,-1.0
trn_372177,0,11,1,0,0,0,0,0.0,0.0,-1.0
trn_111411,0,8,30,1,2,0,7,0.61,0.03,-20.0
trn_111411,0,5,16,0,0,0,1,0.0,0.0,-16.0
trn_111411,0,6,15,0,2,1,1,0.0,0.0,-15.0
trn_111411,0,4,15,0,0,2,3,0.0,0.0,-15.0
trn_111411,0,10,11,0,0,2,1,0.0,0.0,-11.0
trn_111411,0,9,8,1,1,0,0,1.05,0.12,26.0
trn_111411,0,3,6,0,1,0,0,0.0,0.0,-6.0
trn_111411,0,11,6,0,1,1,1,0.0,0.0,-6.0
trn_111411,0,12,3,0,0,0,0,0.0,0.0,-3.0
trn_111411,0,7,2,0,0,0,0,0.0,0.0,-2.0
trn_111411,0,2,2,0,0,0,0,0.0,0.0,-2.0
trn_111411,0,13,1,0,0,0,0,0.0,0.0,-1.0
trn_31023,0,4,30,2,2,2,3,0.81,0.07,-13.0
trn_31023,0,3,29,1,2,1,3,0.53,0.03,-14.0
trn_31023,0,8,26,0,1,3,4,0.0,0.0,-26.0
trn_31023,0,5,26,1,0,1,0,0.78,0.04,-20.0
trn_31023,0,6,18,0,1,0,0,0.0,0.0,-18.0
trn_31023,0,7,14,1,0,3,0,1.23,0.07,1.0
trn_31023,0,11,11,1,0,0,1,1.39,0.09,6.0
trn_31023,0,12,11,0,0,0,1,0.0,0.0,-11.0
trn_31023,0,10,7,0,0,0,0,0.0,0.0,-7.0
trn_31023,0,2,6,0,1,0,0,0.0,0.0,-6.0
trn_31023,0,9,6,1,0,1,0,3.38,0.17,11.0
trn_31023,0,13,4,0,1,0,0,0.0,0.0,-4.0
trn_31023,0,14,3,0,0,1,0,0.0,0.0,-3.0
trn_353565,0,10,1,0,0,0,0,0.0,0.0,-1.0
trn_353565,0,11,1,0,0,0,0,0.0,0.0,-1.0
trn_331218,0,8,2,0,1,0,0,0.0,0.0,-2.0
trn_331218,0,9,2,0,1,0,1,0.0,0.0,-2.0
trn_331218,0,10,1,0,0,0,1,0.0,0.0,-1.0
trn_342801,0,5,79,4,3,2,4,0.79,0.05,-26.0
trn_342801,0,6,65,5,5,3,2,1.07,0.08,-10.5
trn_342801,0,7,42,3,5,4,2,0.64,0.07,-25.75
trn_342801,0,4,32,3,0,2,1,2.05,0.09,-10.0
trn_342801,0,8,10,1,1,1,0,1.41,0.1,13.0
trn_342801,0,13,8,1,0,3,0,1.8,0.12,59.0
trn_342801,0,9,7,0,0,1,0,0.0,0.0,-7.0
trn_342801,0,11,6,0,0,1,1,0.0,0.0,-6.0
trn_342801,0,10,3,0,0,0,0,0.0,0.0,-3.0
trn_342801,0,12,2,0,0,0,0,0.0,0.0,-2.0
trn_137637,0,6,1,1,0,0,0,1.73,1.0,0.73
trn_137637,0,9,1,0,0,0,0,0.0,0.0,-1.0
trn_299466,0,10,1,0,0,0,0,0.0,0.0,-1.0
trn_299466,0,8,1,0,0,0,1,0.0,0.0,-1.0
trn_299466,0,13,1,0,0,0,1,0.0,0.0,-1.0
trn_299466,0,9,1,0,0,0,0,0.0,0.0,-1.0
trn_353295,0,8,7,0,2,0,1,0.0,0.0,-7.0
trn_353295,0,5,4,0,0,0,0,0.0,0.0,-4.0
trn_353295,0,9,1,0,0,0,0,0.0,0.0,-1.0
trn_74322,0,5,379,32,23,21,32,0.79,0.08,-196.6
trn_74322,0,6,347,32,40,23,26,0.76,0.09,-174.13
trn_74322,0,4,310,25,14,12,25,0.98,0.08,-123.54
trn_74322,0,7,282,40,22,25,28,1.13,0.14,-36.32
trn_74322,0,8,200,23,11,18,21,0.99,0.12,-36.22
trn_74322,0,3,121,6,4,3,8,0.67,0.05,-67.25
trn_74322,0,9,94,10,2,13,9,1.04,0.11,-11.5
trn_74322,0,10,59,2,0,3,11,0.48,0.03,-26.0
trn_74322,0,2,30,0,0,0,1,0.0,0.0,-30.0
trn_74322,0,11,29,1,3,0,3,0.49,0.03,-20.0
trn_74322,0,12,4,0,0,1,0,0.0,0.0,-4.0
trn_74322,0,13,3,0,0,0,0,0.0,0.0,-3.0
trn_96120,0,5,1174,76,78,71,60,0.76,0.06,-562.16
trn_96120,0,6,1101,95,85,85,84,0.8,0.09,-231.49
trn_96120,0,4,760,35,30,42,45,0.63,0.05,-380.79
trn_96120,0,7,719,59,72,64,45,0.75,0.08,-220.8
trn_96120,0,8,511,39,39,50,42,0.7,0.08,-216.37
trn_96120,0,9,298,17,17,20,34,0.64,0.06,-88.5
trn_96120,0,3,171,8,11,17,14,0.6,0.05,-83.5
trn_96120,0,10,128,6,6,9,12,0.6,0.05,-37.5
trn_96120,0,2,49,0,0,4,2,0.0,0.0,-49.0
trn_96120,0,11,39,3,0,1,5,1.07,0.08,-7.0
trn_96120,0,12,15,0,0,0,2,0.0,0.0,-15.0
trn_96120,0,13,4,0,0,0,0,0.0,0.0,-4.0
trn_96120,0,,2,0,0,1,0,0.0,0.0,-2.0
trn_44919,0,3,1714,82,130,130,135,0.65,0.05,-771.59
trn_44919,0,4,1060,65,67,69,72,0.8,0.06,-388.66
trn_44919,0,2,775,29,40,51,63,0.7,0.04,-430.02
trn_44919,0,5,691,25,29,31,34,0.55,0.04,-393.27
trn_44919,0,6,452,24,20,27,30,0.8,0.05,-138.73
trn_44919,0,7,348,14,23,23,29,0.57,0.04,-181.25
trn_44919,0,8,207,13,17,21,15,0.71,0.06,-83.25
trn_44919,0,9,100,9,7,7,7,1.11,0.09,25.0
trn_44919,0,10,67,4,1,3,9,0.82,0.06,-17.67
trn_44919,0,11,18,0,2,2,5,0.0,0.0,-18.0
trn_44919,0,12,13,1,1,0,1,1.11,0.08,-6.5
trn_44919,0,13,4,0,1,1,0,0.0,0.0,-4.0
trn_35955,0,5,121,18,10,11,17,1.12,0.15,15.29
trn_35955,0,6,92,13,18,6,11,0.89,0.14,-41.63
trn_35955,0,4,60,5,6,10,7,0.63,0.08,-17.75
trn_35955,0,7,31,6,4,2,2,1.32,0.19,5.0
trn_35955,0,8,14,1,3,1,2,0.34,0.07,-10.0
trn_35955,0,9,7,0,0,0,1,0.0,0.0,-7.0
trn_35955,0,10,2,0,1,0,0,0.0,0.0,-2.0
trn_35955,0,12,1,0,0,0,0,0.0,0.0,-1.0
trn_35955,0,13,1,0,0,0,0,0.0,0.0,-1.0
trn_35955,0,14,1,0,0,0,1,0.0,0.0,-1.0
trn_363924,0,6,1,0,0,0,0,0.0,0.0,-1.0
trn_363924,0,4,1,0,0,0,0,0.0,0.0,-1.0
trn_253737,0,5,212,26,21,16,28,1.14,0.12,6.37
trn_253737,0,4,198,14,16,15,12,0.83,0.07,-34.45
trn_253737,0,6,152,25,12,18,13,1.4,0.16,57.68
trn_253737,0,3,144,10,9,7,16,0.86,0.07,-28.75
trn_253737,0,7,86,8,3,11,9,0.87,0.09,-12.5
trn_253737,0,8,61,4,6,6,4,0.87,0.07,-28.5
trn_253737,0,2,47,3,2,1,1,1.16,0.06,-4.5
trn_253737,0,9,40,4,3,2,4,1.11,0.1,7.0
trn_253737,0,10,28,4,3,4,1,1.11,0.14,6.08
trn_253737,0,11,6,0,0,0,2,0.0,0.0,-6.0
trn_24831,0,9,245,29,18,41,34,1.37,0.12,-30.12
trn_24831,0,10,198,8,14,22,29,0.65,0.04,-103.0
trn_24831,0,8,183,7,17,18,31,0.53,0.04,-114.75
trn_24831,0,11,178,4,12,19,22,0.36,0.02,-129.5
trn_24831,0,7,165,8,12,22,30,0.63,0.05,-104.75
trn_24831,0,12,120,7,11,10,13,1.05,0.06,-42.0
trn_24831,0,6,110,2,7,11,9,0.38,0.02,-95.5
trn_24831,0,13,69,7,6,7,11,1.56,0.1,17.5
trn_24831,0,5,30,0,0,1,4,0.0,0.0,-30.0
trn_24831,0,14,26,0,2,4,2,0.0,0.0,-26.0
trn_24831,0,15,5,0,0,1,0,0.0,0.0,-5.0
trn_24831,0,3,3,0,0,0,0,0.0,0.0,-3.0
trn_24831,0,4,2,0,0,0,0,0.0,0.0,-2.0
trn_173943,0,9,56,6,5,6,5,1.21,0.11,0.5
trn_173943,0,10,46,3,6,4,5,0.94,0.07,-3.5
trn_173943,0,6,33,1,3,3,2,0.45,0.03,-12.0
trn_173943,0,8,33,0,2,1,2,0.0,0.0,-33.0
trn_173943,0,5,32,3,3,4,2,0.93,0.09,-22.22
trn_173943,0,4,28,1,4,4,0,0.34,0.04,-23.5
trn_173943,0,7,27,0,1,0,1,0.0,0.0,-27.0
trn_173943,0,11,25,1,2,1,2,0.65,0.04,-21.0
trn_173943,0,3,19,0,0,0,5,0.0,0.0,-19.0
trn_173943,0,2,2,0,0,0,0,0.0,0.0,-2.0
trn_173943,0,12,1,0,0,0,0,0.0,0.0,-1.0
trn_243702,0,3,270,28,26,36,29,0.91,0.1,64.4
trn_243702,0,4,195,18,22,16,16,0.91,0.09,-3.7
trn_243702,0,2,119,12,17,13,14,0.79,0.1,-59.3
trn_243702,0,5,60,6,5,6,8,0.87,0.1,-2.1
trn_243702,0,6,27,5,3,1,0,1.73,0.19,2.4
trn_243702,0,7,22,4,5,3,1,1.43,0.18,7.1
trn_243702,0,9,9,3,0,3,0,1.61,0.33,-0.3
trn_243702,0,8,7,3,0,2,1,1.73,0.43,2.1
trn_243702,0,10,3,2,1,0,0,3.6,0.67,7.7
trn_355995,0,5,27,1,0,4,1,0.54,0.04,-17.0
trn_355995,0,3,23,0,0,2,1,0.0,0.0,-23.0
trn_355995,0,4,19,0,0,0,1,0.0,0.0,-19.0
trn_355995,0,6,15,3,0,0,1,2.6,0.2,45.0
trn_355995,0,2,10,0,0,0,0,0.0,0.0,-10.0
trn_355995,0,7,5,0,0,0,0,0.0,0.0,-5.0
trn_355995,0,11,2,0,0,0,0,0.0,0.0,-2.0
trn_191169,0,11,5,0,0,0,2,0.0,0.0,-5.0
trn_191169,0,8,1,0,0,0,0,0.0,0.0,-1.0
trn_191169,0,9,1,0,0,0,0,0.0,0.0,-1.0
trn_85140,0,12,5,0,0,1,0,0.0,0.0,-5.0
trn_85140,0,13,5,0,0,0,1,0.0,0.0,-5.0
trn_85140,0,8,2,0,0,1,0,0.0,0.0,-2.0
trn_85140,0,7,2,0,0,0,0,0.0,0.0,-2.0
trn_85140,0,9,2,0,0,0,0,0.0,0.0,-2.0
trn_85140,0,10,1,1,0,0,0,11.0,1.0,10.0
trn_249831,0,8,4,0,1,1,2,0.0,0.0,-4.0
trn_249831,0,7,3,0,1,1,1,0.0,0.0,-3.0
trn_249831,0,10,2,1,0,0,0,3.53,0.5,3.0
trn_249831,0,11,2,0,0,1,0,0.0,0.0,-2.0
trn_249831,0,9,2,0,0,0,1,0.0,0.0,-2.0
trn_249831,0,13,1,0,0,0,0,0.0,0.0,-1.0
trn_354357,0,9,2,0,0,1,1,0.0,0.0,-2.0
trn_354357,0,10,1,0,0,0,0,0.0,0.0,-1.0
trn_354357,0,4,1,0,0,0,1,0.0,0.0,-1.0
trn_161460,0,3,753,57,67,60,77,0.83,0.08,-336.93
trn_161460,0,4,599,38,47,47,62,0.78,0.06,-195.92
trn_161460,0,2,434,29,31,47,38,0.85,0.07,-190.52
trn_161460,0,5,349,19,30,26,32,0.63,0.05,-38.25
trn_161460,0,6,213,10,21,16,24,0.53,0.05,-105.0
trn_161460,0,7,104,5,6,7,8,0.56,0.05,-52.5
trn_161460,0,8,37,1,5,3,1,0.33,0.03,-22.0
trn_161460,0,9,15,3,0,1,2,2.24,0.2,13.5
trn_161460,0,10,3,0,0,0,0,0.0,0.0,-3.0
trn_126675,0,5,672,59,57,63,60,0.83,0.09,-143.63
trn_126675,0,6,635,42,50,71,51,0.65,0.07,-257.77
trn_126675,0,7,394,32,38,38,39,0.74,0.08,-40.5
trn_126675,0,4,391,31,32,29,33,0.84,0.08,-147.16
trn_126675,0,8,272,15,21,24,18,0.62,0.06,-120.17
trn_126675,0,9,173,9,10,15,15,0.6,0.05,-73.5
trn_126675,0,3,77,2,4,3,6,0.4,0.03,-58.0
trn_126675,0,10,76,8,8,5,7,1.07,0.11,-7.0
trn_126675,0,11,25,1,2,1,2,0.45,0.04,-20.67
trn_126675,0,2,17,1,0,0,0,1.99,0.06,9.0
trn_126675,0,12,10,1,0,0,0,1.98,0.1,11.0
trn_126675,0,14,6,0,2,1,0,0.0,0.0,-6.0
trn_126675,0,13,6,0,0,1,0,0.0,0.0,-6.0
trn_126675,0,15,1,0,0,0,0,0.0,0.0,-1.0
trn_201789,0,5,228,15,24,20,21,0.77,0.07,-125.63
trn_201789,0,4,148,8,17,14,10,0.61,0.05,-58.88
trn_201789,0,6,106,8,7,10,8,0.74,0.08,-53.84
trn_201789,0,7,82,8,6,7,2,0.88,0.1,-46.16
trn_201789,0,8,38,2,2,0,3,0.66,0.05,-23.5
trn_201789,0,10,19,1,0,4,3,0.47,0.05,-11.0
trn_201789,0,3,16,1,1,0,0,1.66,0.06,85.0
trn_201789,0,9,15,3,2,2,0,1.29,0.2,29.67
trn_201789,0,11,5,0,0,1,2,0.0,0.0,-5.0
trn_201789,0,12,2,0,0,0,1,0.0,0.0,-2.0
trn_46908,0,5,673,75,69,66,53,0.8,0.11,-212.21
trn_46908,0,6,631,60,64,72,56,0.64,0.1,-320.26
trn_46908,0,4,624,47,65,66,66,0.56,0.08,-271.68
trn_46908,0,7,436,53,47,58,45,0.8,0.12,-86.28
trn_46908,0,8,286,39,18,33,37,1.03,0.14,-22.1
trn_46908,0,3,276,21,23,27,33,0.65,0.08,-122.52
trn_46908,0,9,203,23,17,19,20,0.91,0.11,-74.33
trn_46908,0,2,141,7,14,12,16,0.54,0.05,-93.27
trn_46908,0,10,103,6,16,10,11,0.45,0.06,-69.63
trn_46908,0,11,53,4,8,5,5,0.63,0.08,-33.75
trn_46908,0,12,33,2,3,3,5,0.72,0.06,-7.0
trn_46908,0,13,12,0,0,2,2,0.0,0.0,-12.0
trn_46908,0,,5,1,1,1,1,1.57,0.2,1.0
trn_46908,0,14,2,0,0,0,0,0.0,0.0,-2.0
trn_344367,0,6,18,2,2,0,1,1.41,0.11,-6.0
trn_344367,0,5,13,1,0,1,0,1.02,0.08,-10.62
trn_344367,0,8,10,1,2,1,2,0.75,0.1,-5.5
trn_344367,0,7,9,1,0,1,0,0.95,0.11,-3.5
trn_344367,0,4,8,1,0,1,1,2.38,0.12,-2.5
trn_226557,0,5,54,3,4,4,3,0.7,0.06,3.0
trn_226557,0,6,47,1,6,2,2,0.22,0.02,-43.0
trn_226557,0,4,43,3,2,2,4,0.77,0.07,-6.0
trn_226557,0,3,32,3,0,4,2,1.64,0.09,5.0
trn_226557,0,8,14,1,2,0,1,1.02,0.07,3.0
trn_226557,0,2,11,0,0,0,0,0.0,0.0,-11.0
trn_226557,0,7,10,2,2,0,1,2.55,0.2,41.0
trn_226557,0,11,5,0,0,1,1,0.0,0.0,-5.0
trn_226557,0,9,3,1,1,0,0,3.61,0.33,7.0
trn_226557,0,12,1,0,0,0,0,0.0,0.0,-1.0
