owner_id,owner
own_606120,J Fyffe
own_1229492,Peter Rawcliffe
own_1103960,Stephen Sinclair Ian Duncan
own_1417392,Annett Tunstall And Graham
own_684616,Kenneth Alexander
own_122284,M Barnes
own_1289652,Colin Thomas
own_1355108,Raceline Scotland Ltd
own_83548,John P Mcmanus
own_931464,Robcour
own_64420,Cheveley Park Stud
own_1081824,Sir A Ferguson G Mason J Hales L Hales
own_1194352,Anne Marie Jamie Shepperd
own_1290404,R Kelvin Hughes Haras De Saint Voir
own_7480,P Davies
own_1127852,Tim Syder Andrew Gemmell
own_331024,Malcolm C Denmark
own_1097320,Rupert Anton
own_515232,Keep The Faith Partnership
own_946568,Rutherford Racing
own_1404548,Graeme Howard S Coltherd
own_875412,A B Hamilton
own_1186260,I I F T F
own_826208,Mrs S Russell A M Russell
own_791328,The 100 Club
own_341984,John R Adam
own_649040,Mrs Sue Murtagh
own_701292,Jolly Boys Outing
own_751292,Philip Byrne
own_1370408,Big Bang Racing
own_1406656,Have No Clue Syndicate
own_1369360,Damian Tiernan
own_1087788,Ciaran John Mooney
own_454092,Gigginstown House Stud
own_1240876,The Boltons And Atholl Duncan
own_1247672,Neil Goulden Kevin Sue Hopgood
own_1143032,Peter W Garnsworthy
own_1419808,Late Sir T Pilkington Sir R Pilkington
own_1095696,Wayne Clifford Ian Gosden
own_73936,Mrs J Donnelly
own_1238504,Martin Broughton Friends 7
own_56288,Miss Laura Morgan
own_212400,Lyreen Syndicate
own_1310684,Mrs K Browne Mrs Anne Coffey
own_1243164,J And J Mcandrew
own_1345824,Hemmings Racing
own_1135396,Grant Leon
own_1096120,James Jean Potter Ltd
own_1240368,The Unlikely Tenors
own_1309912,T I S Partnership
own_128752,Mrs S Smith
own_367388,Messrs F T Walton
own_1254296,James Proudfoot
own_160432,G T Bewley
own_601332,Bissett Racing
own_980704,Jackie Stephen Racing Club
own_1099804,D D Armstrong Ltd L Westwood
own_596080,The Surf And Turf Partnership
own_1413304,Ferguson Mason Hales Done Hogarth
own_1270000,K Haughey Kieran T Byrne
own_636264,Mrs S Ricci
own_1303400,Bronsan Racing
own_1052120,Mrs Liz Prowting
own_1204404,Bective Stud
own_1317188,Noel Fehily Racing Syndicate   Insurrect
own_1104208,Mrs Marie M Costello
own_1316048,P L Account
own_1352988,Denis A Oconnor
own_38556,David Lestrange
own_1225972,Mrs Emma Kendall
own_1024292,Oap Syndicate
own_944492,Annus Mirabilis Syndicate
own_236484,Mrs Gay Smith
own_1303668,Ian Stuart Griffiths Gary Evans
own_443752,T P Radford
own_1096964,J L And Mrs H R Gledson
own_1420188,C Ashton S Quinn
own_1415184,Robin Matthew Pearson
own_204480,Best Of The Rest Syndicate
own_1239804,Mrs L Maclennan
own_1372020,Noel Fehily Racing Syndicate   Metkayina
own_1345804,Annus Mirabilis Syndsean Odriscollmiddle Cow Umlimited
own_1358228,The Pendil Partnership
own_1400952,Andrew Strong
own_1391092,Hooves And Heels Syndicate
own_483272,Hammer Trowel Syndicate
own_1200224,Troika Racing
own_1356232,Barnane Stud Owen Heffer
own_1317664,Wayne W N Kelly
own_1398236,Off Our Marbles Syndicate
own_1309152,Dr David Carey Not The Turf Club
own_1211608,Nick Elliott Heather Shane
own_614876,Closutton Racing Club
own_1368872,J R Lavelle David Cottam
own_1412440,Mrs Jennifer Irish Kate Andrew Brooks
own_1077888,Hot To Trot Jumping
own_822928,Alan King Niall Farrell
own_1317772,Cheltenham For Breakfast
own_1331960,The Stagger Inn Duo
own_990772,Dave Skeldon Sandy Forster
own_1342872,Dere Street
own_1414680,No Gooners All About The Lady
own_1141884,K Jardine R Griffiths
own_1410092,S A Hollings Racing
own_486784,J P G Hamilton
own_1318552,Friends From The North
own_1420388,J Batty R Chapman R Parks R Wardlaw
own_1356436,S Quinn
own_1405268,Rebecca Dennis And Wilma Duffus
own_1337240,Tony Culhane Racing The Good Racing Co
own_1178436,J E Parr
own_801160,Bill Hawkins
own_84308,Ian Williams
own_1271140,Lets Be Lucky Racing 33
own_1391860,Barry Rogan Partner
own_1087568,Gwyn Evans
own_1420156,Harry Crothers Partners
own_782608,Mike Harris Racing Club
own_1016076,Trevor Johnson
own_1267104,The Horse Watchers 7
own_1364012,Pat Morris And Clear Cut Racing
own_152920,Miss L A Perratt
own_1025036,Tor Side Racing
own_132756,Blue And Gold Syndicate
own_1169496,P Boyle
own_1066476,G P S Heart Of Racing Bloodstock Ltd
own_161696,Mrs J Evans
own_1413832,Mrs S M Maine Roger Gould
own_1331852,Homecroft Wealth Paul J Dixon Partners
own_225736,A W Carroll
own_1265268,Lester Patrick Keane
own_1007828,Curzon House Partnership
own_379872,Southwell Racing Club
own_1012164,A Bell P T Midgley
own_1175052,Miss Jacintha Hynes
own_1267916,The Mick David Easterby Racing Group
own_1362280,William Burns Miss L A Perratt
own_1279760,The Wheel Of Fortune Partnership
own_1257228,New Vision Bloodstock And Miss J R Macey
own_1322952,Sandfield Ged Shields
own_4716,Gareth Cheshire
own_478708,B R Johnson
own_142808,K Nicholls
own_1282512,Paul J Dixon J Wylam Mrs C J Wylam
own_391524,J A Osborne
own_1328048,David Fowler
own_138568,Sue Howell
own_1322632,G Lavery
own_1192928,Michelle Hancox
own_1314916,P Bradley
own_1324484,Nantwich Entrepreneurs
own_1192012,Scott Dixon Racing Partnership
own_695088,Tony Coyle
own_144788,D W Whillans
own_665232,Derbyshire Racing Iii
own_959148,Grant Tuer
own_523560,James Binks
own_1273576,Faulkner Jenkins
own_1318676,Patrick Morris
own_1389876,Jbs Farming
own_1411840,Gigabit Sales Rental Ltd
own_1375456,Dallas Racing And Associate
own_624268,Wetumpka Racing
own_1138220,Peter Clarke Racing Partners
own_330068,G White
own_1326552,Mid Atlantic Racing
own_1085572,B Dowling R Stevens
own_1376808,Amy Olivia Marnane
own_1008936,Amo Racing Limited
own_39584,D J Deer
own_955224,The Dapper Partnership
own_1375292,Ballylinch Stud Ollie Pears
own_787256,Jimmy Kay
own_1398884,Youlneverdrinkalone
own_794632,Anthony Fenlon
own_1356492,Nick Crummack Partner
own_1362756,The Ya Mon Partnership
own_1338396,A J Birch
own_1118860,M Eight Syndicate
own_1380984,Deva Racing Se 1
own_1405556,J R Dwyer And B Smart
own_1319036,Dearing Plastics Paul Burdett Partner
own_1369168,Tim And Waynes World
own_1416528,Hugh Brunton
own_1417332,Pompey Ventures 9
own_1063392,Syps Uk Ltd
own_11164,Jaber Abdullah
own_995140,Mrs Claire Bonner
own_1402540,Gordon Fisher
own_946712,K Quinn C Benham
own_730584,Neil Mulholland Racing Ltd
own_1422648,Philip Wilkins Partner
own_930408,Miss Jane Allison
own_1421044,All For One Racing Iv
own_931892,Stuart Murray
own_884672,Allan Davies
own_1405164,Matt Crawley Racing Club
own_1209048,Nick Bradley Racing 3 And Partner
own_688560,The Twelve Munkys
own_979812,Mcgoldrick Racing
own_1326368,Rebecca Menzies Racing Club
own_101156,A C Whillans
own_1261196,Scott Dixon Racing M Mahony
own_331000,Canisbay Bloodstock
own_1002948,Dare To Dream Racing
own_730724,Mrs A Frost
own_491484,Paul Ann De Weck
own_1285980,Cropthorne Syndicate
own_1219400,Mrs Michelle Anne Crook
own_449508,Ms Liza Judd
own_1412028,Oconnell Morgan Syndicate
own_738356,Darragh Mcdonagh
own_1407664,The Moores
own_601960,David Maxwell
own_1376784,Jeremy Gear
own_1356188,Michael Feeley
own_1411368,Mcneill Family And Chris Giles Barber
own_1260884,Edward Ware
own_822236,Prof Caroline Tisdall
own_1152164,Kate Costello Brothers Syndicate
own_1257076,Stephen Bough
own_1205460,Cherry Knoll Farm Mt Ward D Skelton
own_1075452,Holt Robinson Macnabb Clark Weedon
own_1284516,A Waite
own_1352936,S Barton T Stamp R Miles Partner
own_1284992,Ms L Mars
own_584696,Dr C A Barnett
own_1216032,K Everitt
own_1126556,Rebecca Menzies Racing Partnerships
own_1149768,Hambleton Racing Ltd Xxxi And Partner
own_1050380,Mrs B Berresford
own_1262772,Newtownstewart Construction Uk Ltd
own_854488,The Cool Silk Partnership
own_1374868,Johnson Morrow
own_839976,Taylors Bloodstock Ltd
own_1021364,Hope Eden Racing Limited
own_515112,B T Mcdonald
own_1210996,Harraton Court Stables Ltd
own_1377528,Top Man Racing Syndicate
own_1260016,Oreilly Maclennan Tynan Carthy Shanahan
own_907200,Brendan Keogh
own_1225472,Alymer Stud
own_632340,Basil Holian
own_1191860,Buzzer Racing Syndicate
own_3372,Raymond Anderson Green
own_1239976,Elite Racing 003
own_1298028,Camilla Norton
own_737204,Caron Paul Chapman
own_746600,J P Romans
own_1348440,Aim Equestrian Ltd Russell
own_1260004,Damien Dillon
own_1238532,Mark R D Fleming T Westropp Bennett
own_859828,Swanee River Partnership
own_1377348,The Craze Family
own_1098164,Sean Bernardine Mulryan
own_583368,David Nicky Robinson
own_1173416,Bdrsyndicates
own_1422096,J Melville And A Mehrad
own_1409804,Mrs Marion Hudson
own_1024120,Christopher Greenall
own_954396,Tom Weston
own_409112,Miss Marie Steele
own_1117608,Golden Equinox Racing
own_96008,Barry Connell
own_476888,Declan Landy
own_614180,Mr Mrs William Rucker
own_465088,Tony Bloom
own_1423036,Pimlico Racing   Stardhem
own_1342892,John Lawson Charles Pogson
own_761960,Caroline Fryer
own_955244,Scott Parnell Limited
own_749960,Nick Price
own_573496,T Vaughan
own_1374548,Royal Arch Racing
own_1244660,Furze Bush Syndicate
own_771888,Mrs P A Ellis
own_207404,Mrs H M Keaveney
own_1009472,Allan Snow
own_520432,Lady Bamford Alice Bamford
own_1256648,D G Pryde D P Van Der Hoeven G Mcgladery J Beaumont
own_1024336,J B Property Investments Midlands Ltd
own_951868,David Carol Shaw
own_1021368,Sam Thomas
own_232084,R A Bartlett
own_1306180,Denis Gallagher Racing
own_1406444,Friendship Partnership
own_1311440,Ktda Racingnick Courtneycillian Moran
own_1404332,The Decision Makers
own_1072380,Steven Packham
own_783588,Thomas R Symonds
own_1179848,Cathal Byrnes
own_1315104,John Aprahamian Co Ltd
own_1346264,The Onlyonethatmatters Partnership
own_1348292,M White M Beesley S Horsfall
own_1302060,Twelfth Man Partnership 6
own_1241504,Mrs A Frost P G Davies R H Fowler
own_124636,Michael Oflynn
own_1397680,Cheeky Pups Syndicate
own_120768,Andrew L Cohen
own_82620,William Durkan
own_946004,Brian Sandy Lambert
own_1390068,Swords Bloodstock Limited D Fagan
own_683724,The Chosen Few
own_1183524,John Ioannis Neocleous
own_678980,Mrs Janet Davies
own_870832,The Megsons
own_227436,Lady Cobham
own_1101308,Syndicatesracing
own_818632,Ms Caroline Ahearn
own_885924,The Albatross Club
own_724464,Patrick Rabbitt
own_1186588,A Fox Pitt
own_1348296,Neil Berry Alan Herbert
own_1372152,Rs Racing Syndicates
own_1299708,Dahlbury Racing
own_672276,Mark James
own_1350292,Make Mine A Double Partnership
own_573532,Slaneyville Syndicate
own_1249336,Envirogreen Housing Services Ltd
own_1311024,R A Bartlett David Manasseh
own_1408676,L H A Snowden Late Sir Chips Keswick
own_1418216,Ian Moore
own_234552,Mrs P M Sly
own_62584,John Berry
own_1272352,The Jgf Racing Club
own_3696,Dean Ivory
own_1371812,The Ppp Syndicate
own_1099748,Mrs Rachel Brodie John Brodie
own_1379528,Mps Racing Ltdfire Protection Warehouse
own_1404312,Landmark Syndicate
own_1087180,More Turf Racing
own_1376844,Bryan Drew Prof Caroline Tisdall
own_78616,C Jones
own_1370016,El Rincon
own_1409836,Stennett Varmen Partnership
own_809752,H O S Syndicate
own_1026412,Roaringwater Syndicate
own_1228908,Ross Williams
own_738560,Court Reclamation Salvage Ltd
own_586892,Jump For Fun Racing
own_1393552,Elb Bloodstock Ltd And R L Banks
own_678312,R G Whitehead
own_1347180,Owners Group 120
own_522564,De Best Racing
own_1347804,On The Gallops   Aldsworth
own_1204724,Ryan Potter Racing Club
own_1378596,Rise Of Dawn Syndicate
own_1423028,K Johns Joe Tickle Racing Club
own_1024056,G Libsond Baylisst Davies P Sly
own_1381532,Deva Racing Cc
own_1407712,K P Marsh Plastering Interiors Ltd
own_1234640,Martin Tedham Wasdell Properties Ltd
own_1381536,Miss S Cameron
own_199168,T J C Seegar
own_1421680,Joseph Bell Partner
own_1349668,High Weald Racing
own_1263788,Wingate Associates Limited
own_209828,C Byrnes
own_1022500,Kingsley Park Owners Club
own_1265088,Jim Gill
own_962952,Mrs Wendy Jarrett J S Moore
own_1312336,Jinky Farms
own_455080,R Kent
own_1234884,Patrick Joseph Kinsella
own_1146152,Fosnic Racing
own_1412448,Red Silks Racing
own_1405804,C Wade J Bonner And Partners
own_1380576,Rc Vip Syndicate One
own_331596,J Goddard
own_32252,Mrs James Bethell
own_642336,Mrs Francesca Mitchell
own_775308,Mrs Elisabeth Cash
own_1004464,Ryedale Racing
own_1373092,The Acre Bottomers
own_1419568,Mrs S L Loughnane
own_1051540,Precision Facades Ltd
own_7620,R J Lorenz
own_1386960,J A Young Racing Limited
own_331464,Downlands Racing
own_61580,Mrs Hugh Fraser
own_1409844,Lynn Cullimore Pete Ponting Joe Ponting
own_1299040,Ison
own_1356,M D I Usher
own_1104028,D Breese
own_1205452,Miss J R Macey
own_1206756,J Blackburn Partner
own_1233804,David Frame Mrs H Lloyd Herrington
own_1369200,Strangers On The Shaw Partnership
own_1002624,Mrs Jacqueline Clover
own_1371592,Ged Shields Sandfield Racing
own_454308,Sportsdayscouk
own_1372336,Allen Rix Richard Penney
own_2776,S R Bowring
own_1407248,R Pearson
own_1417376,H Maye J S Moore
own_752644,Adrian Wintle
own_1392616,Group Equine Racing
own_22412,P T Newell
own_975124,Contubernium Racing
own_403392,The Goodracing Partnership
own_1313980,Foxhounds Racing
own_729104,G Cornes
own_1419324,The Gorgeous Gang
own_1296784,Craig Lidster Racing Club
own_194392,Philip Banfield
own_630680,Derek Shaw
own_1371352,Butters Wintle Racing Partnership
own_938112,Power Geneva Ltd
own_1383420,Mrs Carol Kennedy
own_636488,Mrs S M Maine
own_1243448,G R Smith
own_93928,D Tierney
own_1326760,David Tate Danny Lawson Michael Wigham
own_780900,Keith Jones
own_446372,Staverton Owners Group
own_820184,Ms Denise Tibbett
own_1304220,J Owen
own_9620,Tony Forbes
own_1010776,James Callow J S Goldie
own_214004,Diamond Racing Ltd
own_779228,N Ender
own_964820,M Duthie T Moynihan
own_1324580,Eco Power Racing
own_878144,Lydonford Ltd
own_446096,Des Thurlby
own_1377328,Propulsion Racing
own_1380692,Jr Roberts Slurry Sealing Ltd
own_675492,Norman Court Stud
own_1177484,Michael Herrington Racing Club
own_1406812,The Mammoth Pack
own_998988,Stuart Dobb Kate Dobb
own_1225712,R J Bloodstock
own_1149724,Next Ones A Grey Partnership
own_1361604,Rum And Ruinart
own_958580,Gallop Racing I
own_1258380,N Sfrantzis
own_1318544,Peter Dee Airey
own_1304872,The Follow The Majer Partnership
own_704012,Mildmay Racing
own_1149176,Mrs Shelley Tucker Partnership
own_1375296,The Brian The Snail Racing Club
own_129380,Miss Marjorie A Thompson
own_629692,Shropshire Wolves
own_1240920,Middleham Park Racing Xxxvii Partners
own_1173804,Lets Be Lucky Racing 26
own_1399856,S Mcmillan Recommended Freight Ltd
own_1255716,S Herrington P Forster Partner
own_1324048,Anthony Paul Bamford
own_1400528,Chris Priestley Partners
own_1381504,A F Ocallaghan
own_246304,Middleham Park Racing Ix
own_1201084,T J Kent
own_1306296,Justwow Ltd Mrs E Burke
own_879848,Advance Group Uk Ltd
own_956688,Thames Boys
own_883692,The Chriselliam Partnership
own_1054564,Ahmad Bintouq
own_1196072,The Brizzle Boys
own_1371924,J P Romans Nick Case
own_105396,Mrs R J Skan
own_197852,Paul Mckeon
own_1408280,Herakles Westwood Ac
own_107068,Colm Oconnell
own_1180892,Prof Caroline Tisdall And Bryan Drew
own_1150496,Ron Watts
own_523052,R Stokes
own_1328196,Bds Syndicate
own_935460,Lady Dulverton
own_713868,Michael Oflynn John F Oflynn
own_1314228,Vcs Versatile Coating Specialist Ltd Francis Foran
own_1301296,Vincent Caldwell Angela Shamoon Mrs A Shamoon Ibgi
own_84116,J Morris
own_781364,Robert Eddery
own_1087200,J Allison Partner
own_107852,Miss N J Barron
own_798420,Mrs C Loughnane
own_1128748,Milan Racing Club
own_1340968,Ribbledon
own_1186660,Dennis Clayton And Ruth Carr
own_797012,T Lacey
own_1196288,T Barton
own_1243972,J M Wingrove
own_1403896,Six For Joy
own_523508,Out Of Bounds Racing Club
own_198952,Aidan J Ryan
own_157900,C G Major
own_685592,John Hobbs
own_718420,Abdulla Al Mansoori
own_100676,J T Stimpson
own_446880,P Ponting
own_1371236,Northway Lodge Racing Partner
own_48556,J Butler
own_1382832,Robert Dearnaley
own_1413340,Thomas Mold
own_1344844,Tor Side Racing And A Mccormack
own_1020468,Centaur Racing Club
own_1417836,Jb Racing
own_1211616,Claxby Co
own_173524,Derrick Mossop
own_1405544,The Pilgrims
own_1009980,The Perthy Partnership
own_1374356,Sean Costine
own_1209196,The Gredley Family
own_1326736,Keith David Stephen Trowbridge
own_1192552,Eleanora Kennedy
own_1072560,Rachra Partnership
own_1145384,Mrs Mary Ann Middleton
own_1147748,Jim And Claire Limited
own_1305488,Mrs Kate Kenyon
own_1412100,The Why Knot Partnership
own_1345072,Brendan Rogers
own_1412780,Guy Henriques Richard Gnodde
own_1179660,Michael Fiddy Richard Fleming
own_1361564,Solar Drive Six Syndicate
own_577272,Kieran Ryan
own_1329652,D J Racing Partnership
own_1413644,Dr S Fleming
own_1106888,Big Lachie Syndicate
own_1029736,P J King Son
own_1012276,J A Swinburne Mrs Ruth A Carr
own_856084,Ben Parish
own_1397264,Stephen Barber
own_1147348,T C Racing Syndicate
own_10148,A Sadik
own_1297740,Coral Racing Club
own_1265692,Daffodil Racing Cleni
own_722212,I F Gosden
own_1303304,The Triple Lock Partnership
own_45116,Michael Buckley
own_390620,Mr And Mrs J D Cotton
own_1357708,Baxter Barrett Okeeffe
own_905560,West Buckland Bloodstock Ltd
own_63276,E A Brook
own_810520,H Burns
own_660636,Garry Wilson
own_799920,G Mcgrath
own_1360816,Duncan Angove
own_1254708,The Good Stock Syndicate
own_1264668,A Frost And E Galvin
own_108432,G F White
own_1240896,Perryman Coltherd
own_1343228,Jons Birthday
own_1109240,The Shinton Family 1
own_1228056,Ashgill Stud 2
own_1235932,Alan Baxter Jennie Candlish
own_1149320,Mrs C Wymer Pjs Russell
own_1168148,Susan And John Waterworth
own_144064,Mrs J M Russell
own_585240,N Byrne
own_1360904,Elizabeth And Oliver Troup
own_1334520,Paul Lyons T C Quinn
own_1405644,Bell Lyons Hill
own_1288004,Syders Burkes
own_445664,Graham And Alison Jelley
own_384556,J Carthy
own_1023924,Graham Wilson
own_890740,Somerset Racing
own_1315136,Martians Racing
own_717288,The Real Partnership
own_494948,D M Proos
own_406212,Walters Plant Hire Ltd
own_1342120,Mrs Jo Tracey K Alexander Ps Bryceland
own_1344440,Owners Group 118
own_1263128,A C Okeeffe
own_1414296,Dermot Hanafin And Stan Kaznowski
own_1228992,Molly Paul Willis
own_1247792,Countrywide Park Homes Ltd
own_1415296,G Mason J Hales L Hales P Hogarth Sir A Ferguson
own_1386324,Larry Melrose
own_1045032,Russell Lane
own_1410244,Tony Livingston Graeme Mcgregor
own_1169108,Mrs Carol Shaw
own_1103752,Monabeg Investments Limited
own_1095728,Ktda Racing
own_895472,Colm Donlon
own_1408128,Michael A Oriordan Seamus Hennessy
own_1416692,Barnane Stud Partner Temple Bloodstock
own_642508,Barry Maloney
own_1333612,John Murphy W F Perrattjackton Racing
own_1050628,Flying High Syndicate
own_1210316,Dods Racing Club
own_8904,Paddy Barrett
own_1272392,Samantha Ullyott Tony Coyle
own_516548,Kevin Kirkup
own_739692,Jackton Racing Club
own_1333492,John Clayton
own_1020844,The Vintage Flyers
own_501268,Morecool Racing
own_1205852,Made Profiles Ltd Partner
own_1394576,Group Equine Racing Ix
own_1368228,Longdogs Brussel Sprouts
own_1335640,D Jenkins J Glover R Odonnell J Short
own_916380,Oakfield Racing
own_1405276,S Pedersen Mrs L Wymark A Brown
own_1088500,John And Tony Jarvis And Partner
own_692688,Derbyshire Racing Iv
own_1319896,Hasmonean Racing Partner
own_472604,Wedgewood Estates
own_1414412,Pimlico Racing Sangwin Holdings Ltd
own_1417524,Dc Racing   Kamikaze
own_184724,R A Fahey
own_449920,Mrs Angie Bailey
own_1284248,S Radymski
own_1382916,Mps Racing Edgworth Cc
own_1390888,Bishop Kirkland Mitchell And Dunlop
own_1177056,Khk Racing Ltd
own_1340980,Brightwalton Bloodstock
own_718328,R J H Geffen
own_1251548,Ursa Major Racing Ltd Partner 1
own_590548,Derbyshire Racing
own_148456,The Hon Miss Heather Galbraith
own_1270348,Tony Bev Culhane
own_864792,John R Saville
own_921388,Antony Brittain
own_1392164,Wedo Business
own_1338848,Made Profiles Ltd
own_1300248,John Wainwright Racing Club
own_1345404,S Mcmillan S Boyle A D Brown
own_1333280,S Herrington Mrs H Lloyd Herrington
own_737856,Foulrice Park Racing Limited
own_1181168,Miss Sally M Howes
own_379172,J S Wainwright
own_1385228,Three Farmers
own_1145688,R Bellamy
own_1422644,Nathan Mill Gary Rutherford
own_1239572,Harriet Brown Racing Club
own_866276,Tim Liz Heal
own_1314212,Willem Van Der Horst
own_1133616,David Pipe Racing Club
own_1400724,Twos A Crowd
own_894552,Roger Yvonne Allsop
own_1104412,Meadvale Syndicate
own_1360728,J Hinds A Head G L Moore
own_1348300,The Belle Syndicate
own_140160,J R Lavelle
own_1326756,The Bull Boys
own_1203668,Green Hedges Racing
own_1202748,Graeme Brooks
own_678112,Yen Hall Farm Racing
own_1422652,The Mmi Partnership
own_1203556,Paul Nicholls John Bolton
own_1363508,Miss Amber Jackson Fennell
own_1203152,Mrs S J Easterby
own_101784,Bob Butler
own_1202912,Mrs P Todd
own_127988,Miss Sarah A Dawson
own_518160,I M Cobbold
own_651152,Brocade Racing
own_1400072,On The Gallops 1
own_587472,Chris Stedman
own_250700,Mrs H E Rees
own_72256,G F Edwards
own_1057464,Ryan G Chapman
own_1292204,Knightriders Iii
own_108952,Mrs M J Arnold
own_1294960,Havaila Partnership
own_931884,Brian Verinder Alan Baxter
own_1422640,Miss Philippa Downing
own_783288,Miss Daisy Hitchins
own_617936,Fawley House Stud
own_697628,Bradley Partnership
own_1009828,Olly Murphy Racing Club
own_909256,Mrs Sarah Mclean
own_1255516,C C Boultbee Brooks
own_1025664,P B T Armitage
own_68348,D V Gardner
own_519272,Mrs Carolyn Kendrick
own_1394388,One Too Many Syndicate
own_142652,S Wood
own_340896,The Cross Racing Club
own_1414752,Mrs Sarah Ling Partner
own_1359108,Sr Racing Ltd
own_70808,J P Selby
own_702816,Steve Atkinson
own_713972,Mr Mrs A J Mutch
own_1300096,Mike Wright Mrs C Scott
own_792224,The Lump Oclock Syndicate
own_737936,Chasing Gold Racing Club
own_471504,Ms Adrienne Gross
own_1290864,Mrs Jennifer Irish
own_1234316,Team Tristar Uk Ltd
own_1421040,Stephen Sugden And Helen Sugden
own_1229480,Gavigan Kennedy Sharp
own_932632,David Leon James Devine
own_684664,The Chicheley Partnership
own_109804,Allan Stennett
own_1296908,Rachel James
own_778008,Gerry Mcgladery
own_827592,S Grys M Oboyle
own_1042024,Mr Mrs A Millett
own_1394072,Character Testing Syndicate
own_1005300,Gallagher Bloodstock Limited
own_160680,D S Dennis
own_212544,Cockerell Cowing Racing
own_1076348,Dl Adams Ja Adams G Mcpherson
own_1365888,Dr Paul Kelly And Vernon Taylor
own_1400500,Baytree
own_1343800,Both Sides Of The Sea Syndicate
own_1372352,Exors Of The Late K W Bell
own_1360416,Raceshare   Golden Maverick
own_1410280,The Wilsons
own_1296628,Daviesgoviergovierocallaghanbrown
own_1240912,Mike Maggie Horton
own_1415288,Octavians V
own_159280,Duckhaven Stud
own_1079320,Michael Rembaum Michael Tuckey
own_1065016,Encore Racing
own_115284,J J May
own_1013244,Surefire Racing
own_960868,H J Jarvis Mrs P Jarvis
own_477180,The Secret Circle Racing Club
own_1347796,M Matthews S Hardman B Case
own_157508,Miss J C Blackwell
own_667708,Celtic Contractors Limited
own_1293796,The Backburner Syndicate
own_1412924,Ursa Major Partners
own_1332636,Ralph Leonard Barton
own_1266000,Will Simmons
own_1348780,Cavalry And Guards Racing
own_621976,William Bates
own_1352576,Bevis Houghton
own_224796,Les De La Haye
own_1207216,Sturminster Newton Building Supplies Ltd
own_1412420,J Preston And C Cox
own_1257448,Robert And Sandra Davenport
own_128476,Mrs Rosemary Gasson
own_1395096,Edmunds Racing Club
own_904388,Roger Teal
own_1360128,P J Vogt And Bryan Drew
own_1378316,G C Stevens And Mrs C Fry
own_982576,Andy Bell Fergus Lyons
own_950612,Neville Reid
own_816076,The Eton Ramblers
own_1408092,Savoy Developments And Mussell Evans
own_1411236,Ms Susan Evans
own_1422496,Price Walters Pearce Mcnally
own_1284948,Elizabeth Gifford And Bernice Walter
own_1419772,The One Eyed Squirrel Syndicate
own_352260,Mrs S M Trump
own_697220,S R Whistance
own_344236,Barry Baroness Noakes
own_1351260,Not One But Two
own_1339492,Vivid Racing
own_1265232,Jonathan Richard Dean Burnside
own_985256,West Racing Partnership
own_1075500,Glassex Holdings Ltd
own_1407832,Derrick Mayes
own_748756,Riverdee Stable
own_170744,Wayne Clifford
own_1422516,Chris Lane Alan King
own_1407700,Bien Pour Vous
own_1409328,The Adaay Dancing Partnership
own_1416980,Mrs Jane Batson
own_1023500,The Ipsden Invincibles
own_1407704,Owners Group 140
own_1232708,Aura Racing
own_1309348,Four Gents
own_1336224,Orbital Racing Group Miss E Donnelly
own_838420,Homecroft Wealth Racing
own_1189576,The Roaming Roosters
own_1074336,East India Racing
own_501120,The Reserved Judgment Partnership
own_898580,Sullivan Bloodstock Limited
own_389512,Mrs Diana L Whateley
own_407716,Century Racing
own_491720,R Kingston
own_51360,P J H Wills
own_1316660,Not Another One Partnership
own_199308,The Auld Alliance
own_1410656,E Murchan K Mcconnell A P Shaw
own_1406796,Oap Iv
own_1422520,Katies Legacy Syndicate
own_440288,Mrs Caroline Beresford Wylie
own_1019072,Mrs Fay Kempe
own_677628,T G Leslie
own_1300144,Cape Farming Bloodstock Limited
own_214452,Will Ramsay
own_1100956,Miss Lucy Brown
own_1132688,The Hope Springs Syndicate
own_1314684,The Salmon Family
own_1405444,Three Oaks A Rose And An Acorn
own_907568,The Cant Say No Partnership
own_1378628,Easy Parking Solutions Ltd
own_8040,Robert Kirkland
own_1312680,Foxtrot Racing Sound And Fury
own_1050664,Ashgill Stud
own_1070072,The Monday Club
own_824412,Mrs D W Davenport
own_848348,Dalwhinnie Bloodstock Limited
own_913768,West Loudoun Racing Club
own_1334284,Mrs I C Sellars And Miss D C Sellars
own_1372064,The Spotted Dick Partnership
own_1357996,Joanna Wellesley Nicola Turner
own_1037380,Ladies In Racing
own_869268,Bob Barrett
own_1242012,The Boondogglers
own_1405432,Moorland Racing Bill Ransom Steve Day
own_1349892,Gibson Annett And Mandle
own_1308280,Hargrove Parker Rafferty
own_749440,Fresh Start Partnership
own_902168,Mrs Robert Watson
own_90132,Ian Hamilton
own_1240888,Mrs Anne Dawson Partner
own_1011096,Dennis J Coppola Mrs Dianne Sayer
own_1364128,M Buckley A Speelman
own_508448,Mrs E J Wills
own_1368236,Anthony R Hunt Dan Leach
own_950920,Malcolm Olden
own_394576,The Large G T Partnership
own_1346700,Only Here For The Beer
own_1298064,Adams Graham Mcpherson
own_1242040,Poplar Cottage Racing Club
own_54632,Steve Mcintyre
own_1253708,Accurite Racing
own_1376988,Lynne Maclennan John J Murray
own_440616,Mrs A Ellis
own_1297024,Spinners Winners
own_864876,Andrew Phillips
own_1414668,G W Bell
own_112868,Malcolm B Jones
own_636256,G H Bell
own_92140,Mrs S F Dixon
own_1193092,Exors Of The Late Mr J D Gordon
own_1418048,The Sage Green Partnership
own_1120264,Hp Racing Hms President
own_848804,Miss A B Hyde
own_982452,The Nigel Jones Roy Ovel Syndicate
own_204504,First Chance Racing
own_1108036,Whites Property Limited
own_1174128,Martin Redman Maurice Thomas
own_1314380,Jopla Racing
own_827680,Simon Munir Isaac Souede
own_488296,R J Hewitt
own_859324,Michael Lady Jane Kaplan
own_1360332,Phil Ellerby D Pollitt Partners
own_1407984,The Happy Monarchs
own_898104,The Lucky Seven
own_1065736,Premier Plastering Uk Limited
own_603228,David Gibbons
own_252856,The Dregs Of Humanity
own_1422356,Old Gold Racing 29
own_1020944,Eddie Melville Kenny Haughey
own_1169488,Nigel Dunnington David Shaw
own_459932,Mrs Allison Stamper
own_1418028,Hambleton Racing Xxxix The Fab Four
own_913484,Tarzan Bloodstock
own_893860,Mrs Christine Graves
own_113916,Mrs J Jones
own_1337808,Reality Partnerships Xix
own_1350464,Ali Kinge Nicky Hodge
own_1346488,Resdev Partner
own_331432,T Jackson
own_43924,R Burridge
own_1405976,The North West National Hunt Racing Club
own_728632,High Five Racing
own_1363752,Bob Sandra Blyth
own_1326004,Ms Ciera Mckeown
own_333200,M Ng
own_1414716,M Robinson Guy Dunphy
own_790572,Sarabex
own_683736,Only One Bid Partnership
own_866092,John Joseph Smith
own_1189224,Sam Tingey Charlie Tingey
own_1287144,J Machale S Tucker S Jewell
own_1361356,Dave Tonge Steph Collins Andi
own_925640,Threes Company
own_1375664,Equestrian R Infinity Ltd
own_1205456,The Hidden Brace
own_706560,P C F Racing Ltd
own_936256,Patrick Owens
own_1048844,Eclipse Sports Racing Club
own_1362340,Richard Hannon Racing Syndicate
own_1314940,The Horse Watchers 11
own_580396,Sultan Ali
own_1410112,At The Post Racing Club
own_1238276,Middleham Park Racing A Haynes
own_681616,Longview Stud Bloodstock Ltd
own_1416280,Mrs Walter Paine
own_1411248,M I Pattinson Racing 3
own_1090216,The Kevin Frost Racing Club
own_181412,Andrew J Martin
own_1092900,Jordan Souster
own_1371620,A Bangs Miss J A Challen
own_1417324,Jake Holman
own_1411244,La Bosh
own_1295432,R Speakman
own_1380688,Hamdani Racing Partner
own_359920,Thistle And Rose Racing
own_1339512,Gary Gillies
own_1047984,Dr H Tayton Martin
own_517592,J W Parry
own_764940,Laurence Bellman
own_173408,Crown Racing
own_1123464,Mark Aljoe
own_1422936,Expert Witness Partnership
own_184612,A Killoran
own_1404928,Mrs Zee Thompson
own_203424,Windsor House Racing
own_1340136,David Edwards Arthur Hoyle
own_1109100,Paul Turner
own_1365980,Pontoon Racing
own_456600,C J Murfitt
own_866420,Robert Moss
own_1054920,Khalifa Saeed Sulaiman
own_448960,Mrs Fitri Hay
own_150092,Sheikh Marwan Al Maktoum
own_787956,Eclipse Thoroughbred Partners
own_1392556,Guy Pariente Hold Tars Farm Equestrian
own_155912,D Morgan
own_1390344,Steve Bradley Harraton Court Stables
own_1306360,Nick Bradley Racing 19 And Partner
own_1359304,Lpog
own_77220,M Dunne
own_665736,Mrs M E Wates
own_1175880,Mrs Julie Parkes
own_1092468,Marco Polo
own_1260456,Bart Ryan Beswick Warwick Ryan Beswick
own_819532,Miss M P Bryant David Eileen Bryant
own_851944,R Stephens
own_874836,Newmarket Equine Tours Racing Club
own_1422504,Ms V A Browne
own_797324,Paul Clare Rooney
own_1349732,Dr James Barry Johnson
own_1421560,Fishwick Aim Equestrian Ltd Russell
own_1202136,Finian O Toole
own_973812,Mrs Julie Lloyd
own_1422508,R W The 8 Amigos Burns Austerfield
own_1339524,The Cat And The Mag Partnership
own_940516,Hamilton Racing
own_1350500,Suman Hedge Bs Woodside Bs D Redvers
own_147928,Whitehills Racing Syndicate
own_1404104,Pritchard Chesneaux Littmoden
own_1258688,Blake Coombs Dellar Giles Merritt
own_1394420,Wedo Business S Radymski
own_1360864,Mrs Ros Marriott
own_1223444,Middleham Park Racing Lxxxi E Burke
own_718444,Mohammed Al Suboosi
own_1287536,R A Fahey And Partner
own_889324,Laurence Okaneharrowgate Bloodstockltd
own_1398416,Upton House Stud Chris Stedman
own_1213568,Mrs Jacqueline Jones
own_459800,Mrs J K Buckle
own_1405472,Miss Courtney Carter
own_1104420,Willy Twiston Davies
own_1286224,Miss K Croft
own_1255680,Miss Susannah M L Parden
own_202996,T Ellis
own_160532,P Dando
own_1357704,The Minions
own_1350584,Tommy Ware G L Moore
own_1206064,Sjs Racing
own_1094008,Kevin Anne Mark Glastonbury
own_899952,Michael Geoghegan
own_1402760,Blacklock Simpson Fagen Marks
own_1039868,Mrs M Nicholas Chris Grant
own_598160,Ken Mcgarrity
own_1214616,The Racing Suite
own_1020948,Quandt Cochrane Lysaght
own_1291732,Fools Who Dream Partnership
own_452948,J W Hazeldean
own_516952,Jon Glews
own_1240892,Mrs Janet Lowther
own_1358212,Gemmell Horn Morris Morris
own_1293256,The Williewin Partnership
own_388932,Hurst Farm Racing
own_767876,John B Ohagan
own_1046476,Reality Partnerships Xii
own_609128,S A Mares
own_1324640,The Coleuses Partnership
own_1246212,The Horse Watchers 8
own_1332624,R Lane L Watson J Langridge
own_1244988,The Circle Of Five
own_1299912,Michael Wigham Id Heerowa
own_1322484,M B Clarke Partners
own_1420204,Spencer Herbert Herbert Mcpherson
own_1027088,Lee Davies
own_1034460,Clan Mcneil
own_456620,E A R Morgans
own_587820,Miss Hannah James
own_1127020,John Manogue
own_1418032,Mf Partnership
own_1346984,Four Candles And Partners
own_995736,Gordon Su Hall
own_1256284,The Hanseatic League
own_1202004,Hands And Heels
own_972996,Roberto Syndicate
own_1248136,Tsm Racing Syndicate
own_1349432,Ken Mcgarrity Walkerwheelerwheeler
own_1417396,Amicita
own_1237152,J Ponting
own_1008844,King Power Racing Co Ltd
own_501324,White Beech Farm
own_1319328,Shylock
own_1317172,Ian Bullions
own_1353936,Conyers Oreilly Clerkson Zeffman
own_1397396,The England Family
own_448456,Jim Tew
own_247044,Brian Davies
own_909028,Babbitt Racing
own_969084,N T Griffith H M Haddock
own_615764,Mrs Angela Yeoman
own_142876,R W Devlin
own_1192020,Normans Ramsay Tufnell Bishop
own_1138712,Mrs H Kelly
own_1408764,J Scott G Gibson
own_406400,Alexander Family
own_1341460,Robin Hood Little John
own_199164,S Coltherd
own_358564,Brian Ellison Racing Club
own_1404952,Oakleaf Lads Syndicate
own_1299024,The Horse Watchers 9
own_731440,William Stobart
own_1212972,Scuderia Sagam Srls
own_59124,Sheikh Ahmed Al Maktoum
own_715316,Mrs W Miller
own_937196,Chris Van Hoorn Racing
own_1031016,Aidan J Ryan Partner
own_1395976,Upton House Stud
own_1405140,Acorn Builders Dorset Ltd David Tye
own_1415040,Treasure Hunters
own_1409664,Richard Bailey And S J Mattick
own_1402768,Justonemore Racing
own_349320,N G H Ayliffe
own_893836,Guy Sainsbury
own_1382884,Mrs J Davies
own_1381364,Annabel Waley Cohen Family And Friends
own_957476,M Doocey S Doocey P J Doocey
own_1405480,The Amantes Syndicate
own_1423056,Rc Syndicate Ii Mr Gary Gillies
own_1402552,North Meets South
own_1405436,Mick Oboyle
own_1264012,Overbury Stallions Ltd
own_501664,Mrs Jan Johnson
own_1255752,Buckingham Ritzema
own_1303364,The Nostalgics
own_1400936,Ian Turnbullandybellmikeseverscorbett
own_791788,Drew Ailsa Russell
own_1399420,W G Young Jnr
own_832392,4 Left Footers A Blewnose
own_1349744,Turcan Dunning Stewart Borwick Robertson
own_1295404,Foxtrot Anti Bridgie And Dreamweavers
own_809684,Semore Kurdi
own_1364732,The Million Dollar Syndicate
own_491616,The Magic Circle
own_1241060,The Horse Watchers 1
own_1375992,Adam Spratt Partner
own_966744,China Horse Club International Ltd
own_387128,Berkeley Racing
own_182284,Ambrose Turnbull
own_950308,Sayed Hashish
own_899244,Jp Murtagh Racing
own_41328,Michael Pescod
own_661680,Kristian Strangeway
own_1417080,Pugs Paul And Mayhem
own_519880,Geoffrey Bishop
own_1410100,Red Black Magic
own_998604,Simon Lisa Hobson
own_1205700,Nathan Pyne
own_1378716,Springtime Friends
own_1414340,Mrs Pamela Deal
own_1414480,Martin Vaughan And Nikki Evans
own_83980,T Murray
own_99336,A Evans
own_904532,Mrs Barbara Hester
own_207292,P J Vogt
own_708056,Caveat Emptor Partnership
own_1407640,S T Racing   Knickerbocker
own_1297864,Mr Mrs P Carter J A B Old M Sanders
own_81096,Patrick Doyle
own_619568,John White Anne Underhill
own_822920,J D Neild
own_1294260,Butler Langford Paterson Tory
own_1079816,The Plumpton Party
own_908964,O S Harris
own_1236540,The Hardy Souls
own_174564,Mrs B Ansell
own_568952,Mark Blandford
own_1404324,Mrs L Reid J Hazeldean
own_71764,R Michael Smith
own_1021956,The Kestrel Partnership
own_1358044,Ursa Pollitt Ellerby Partner
own_1255972,Mrs Fiona Telfer
own_1289132,The Evron Experience
own_1412776,David Roseby
own_571692,Mrs Susan Carsberg
own_1349424,Happy Valley Partnership
own_1412416,Collison Luck Orr Rowley
own_1373356,The Shepherds
own_1374544,Highclere And The Followers
own_1167248,Alan Rogers
own_1403556,Bryan Drew And Partners P J Vogt
own_1405476,Owners Group 138
own_874812,Andy The Frisky Fillies
own_899528,James Summers
own_1315780,Breakfast At 10 Syndicate
own_1130592,Jane Nuala Cartwright
own_1339500,Crest Racing Vi
own_1364124,Anthony Peter Fowler
own_1033268,Scott Lowther
own_811596,Frank Bird
own_1363504,Dodds And Robinson
own_792952,Ms M L Peterson
own_39892,D I Bare
own_1240904,Fusion Racing Club
own_1333944,Lost In The Summer Wine 2
own_917092,Oaktree Racing Club
own_615768,Michael Harris
own_943664,Simon Hunt Jack Hunt
own_590540,Miss Rebecca Curtis
own_1418396,Maddox Langdon Johns Connors
own_1290920,Our Flying Angel Partnership
own_1202920,The Group Of Otters
own_1167272,The Fat Jockey Partnership
own_1408156,B Marsh
own_1409300,Rockerfellers
own_469220,M Kehoe
own_1413836,Keith F J Loads Harry Redknapp
own_394224,Lets Get Ready To Rumble Partnership
own_882304,Mrs Angela Clark
own_1393256,Cassie Clarkson Shiels Wilson
own_1413500,Rb Racing Syndicate
own_1313672,Ruth Carr Racing Club
own_1389544,Middlehamparkracing Partner Pg Upton
own_92264,Keith Brown
own_1005160,The Rebelle Boys
own_1296792,Benjamin Atkins
own_59172,J A Moore
own_1167716,Bond Thoroughbred Limited
own_1376168,Oakfield Racing Horse Watchers 9
own_48152,Mrs H I S Calzini
own_1379532,Tyke N Wear Racing
own_764984,David Yvonne Blunt
own_1418888,Uppingham Special
own_464436,Alan Peterson
own_499440,Highbeck Racing
own_1359208,Crystal Clear Racing 2
own_1419520,Mrs Hazel Mccracken
own_1177992,Colin Dorman And Tommy Dorman
own_873008,Richard Fahey Ebor Racing Club Ltd
own_926704,Patrick J Mckenna
own_895780,J Toes J Oloan
own_214592,Frank Brady
own_1358136,Ursa Major Racing Ltd And M Dods
own_1207552,Conor Mckenna
own_1331736,Ownaracehorse O Pears And Tt Racing
own_1401136,Its A Journey
own_1018772,The Gosden Mob
own_335552,Mrs Sarah Ling
own_1018764,Miss Jane Edgar D V Gardner
own_1346952,Beard Beard Hill Langford
own_90164,Mrs J Stuart
own_1383096,The Burling Family Associates
own_1358224,Roger Frank Barbery
own_583360,Mrs E D Shepherd
own_1404512,Shropshire Wolves Mill House Racing
own_867988,Richard Chapman
own_849716,Mrs Jayne Sivills
own_994168,A Tattersall
own_1325744,Gunalt Optimists
own_1186592,D Broadhurst
own_1419320,Potassium Partnership Clarkson Rutherford
own_983488,Mark Barlow
own_1349384,All Play No Work Syndicate
own_1238216,Blue Circle Racing
own_959508,Mrs Karen Spark
own_213520,Mrs S Irwin
own_843368,Mrs S Barker
own_877620,Mrs J M Dodd
own_1194584,Scott Townshend
own_1001884,The Golden Cuckoo
own_1375716,Edward Philipson Stow
own_1409340,Miss F Bramley
own_1416704,Mrs Sarah Shields
own_1282764,Mrs M C Litton
own_1328492,Ben Thomas And Michael Harley
own_895376,Mrs C A Wyatt
own_1292188,Sam Quigley And Denise Smith
own_1142540,The Exmoor High Hopes
own_1235836,Talking Horses
own_1418212,Willis And Tucker Partnership
own_897668,Clear Racing Partner
own_478256,J M Dare T Hamlin J W Snook
own_1025652,Shire Dreamers
own_1295724,One Step Beyond
own_1352432,Legends In Disguise
own_573880,Mr Mrs Duncan Davidson
own_17924,W Jeffrey
own_977316,Bowen Nicol
own_1075784,Chiefs And A Dragon
own_1414204,Oliver Ryan Jim White
own_663400,Mr Mrs K B Snook
own_246760,Winterfields Farm Ltd
own_1023920,George And Glenda Giles
own_1010724,T Hywel Jones Racing
own_1393076,South West Rail Solutions Limited
own_380300,Miss Jayne Brace Gwyn Brace
own_781160,Stephen Clarke
own_917324,Ms G E Morgan
own_781180,The Isle Of Frogs Partnership
own_1412932,Mrs A Marshall D Swindlehurst
own_1350468,Carnaby Thomson Smith
own_623372,Riverside Racing
own_230212,Kinneston Racing
own_1392804,Kit And Roly Partnership
own_1354684,Donald Jordison
own_1416368,Rees Green And Partner
own_1346968,Richard Johnson Racing Party Vibes
own_1026760,T C Mckeever
own_1291892,Fakenham Race Club
own_1345936,Foxtrot Racing Easy To Follow
own_701352,J H Frost
own_1263832,Mrs D Robinson Mrs Mrs Livesey Van Dorst
own_21716,P Moore
own_1402536,The Hatos Syndicate
own_249816,K A Nelmes
own_1348724,Matterson Maclay And Warre
own_1262756,Green Spittal And Smith
own_848324,Lamont Racing
own_934068,Girsonfield Racing Club
own_1401604,Mrs Michelle Charlton
own_1294980,Craig And Dave Wordsworth
own_1293276,C Nightingale Hold My Beer Partnership
own_1258144,Noel Fehily Racing Syndicate Major Fortu
own_1095776,Knowle Racing Stables Limited
own_1235936,Foxtrot Racing King Arise
own_1302776,Dr Richard And Anne Rowland
own_1315296,Lake Side Racing
own_1348148,The Cornish Storm Partnership
own_1346664,Bond Thornton Manhole Covers Ltd
own_1202624,Mrs P Bunter
own_496080,Mighty Macs Syndicate
own_1178428,John Nicholls Racing
own_1290360,They Are Never At Home Partnership
own_1371584,Gerry Mcgladery Fraser Mcclung
own_1101752,Raymond Cooper
own_638436,J Sheard
own_456024,Tillyrie Racing Club
own_1249876,Wendy And Teresa Wesley Nick Kent
own_631008,Michael Hawker
own_910640,All Stars Sports Racing
own_1255100,Matt Fitzgerald And The Songsters
own_1191428,The Danum Partnership
own_1026828,The Autumn Partnership
own_1409516,Up In The Air Syndicate
own_1072356,I F Gosden And Dj Coles
own_1221284,Ben Lund Racing Club
own_923584,The Alyasan Partnership
own_1356448,Mrs Helen Moger Mrs Diana L Whateley
own_179952,J Hales
own_156020,Mrs Deborah Potter
own_1203960,A Leach And D V Gardner
own_1359112,The Best Kept Secret Syndicate
own_995732,The Eagle Partnership
own_1383092,Deva Racing Tdm
own_1250168,Mrs Wilma Duffus
own_1293420,P And F Racing
own_1422352,N D Skinner
own_1304524,Mrs Samantha Dunn
own_790496,Moorland Racing P R Whilock
own_213076,Stephen Mcconville
own_1298844,Maddox Langdon Johns Tickle
own_1234324,Vale Racing 1
own_1247580,Stevie Fisher Friends
own_1264676,This Time Next Year Maybe
own_1091128,Walters Plant Hire Potter Group
own_1375660,The Helen Harriet Partnership
own_1079484,The Geezaaah Partnership
own_1290092,A Grimshaw Mrs J Grimshaw
own_179596,J S Goldie
own_51880,P J Makin
own_172652,B Smart
own_1333616,Racefield Racing Club
own_1214076,Hard Held Partnership And Angus Racing
own_79828,D Omeara
own_330092,David L Bayliss
own_1396892,Kevin Fisher Partner
own_1229312,Devauden Court Racing Club
own_1008072,Northern Water Services Graham Lund
own_1263792,David Swales And Grant Tuer
own_1422272,Ursa Major Racing I Jardine
own_889288,Alan Gray
own_481496,Village Racing
own_894536,Mrs Rita Baker
own_241968,A Rice
own_1326388,The Unlucky Rovers
own_993276,Ontoawinner 8
own_1278012,J C G Chua And Partner
own_775568,J C G Chua
own_1374924,Gts Racing
own_748420,Highbank Stud
own_1048088,Jo Co Partnership
own_1143280,Salem Rashid Bin Ghadayer
own_359968,Clarendon Thoroughbred Racing
own_1150328,Gordon Bulloch
own_1359672,Chris Housego
own_1393956,Always Optmisitic
own_1256480,Making Headway Racing And K Scott
own_714616,Johnnie Delta Racing
own_1422268,Old Gilroyders And Mrs R Carr
own_1330360,Duke Of Appletreewick
own_1372552,J Fyffe A Edmondson L Mcgurty
own_17532,Northumbria Leisure Ltd
own_1405272,R Teatum And P Dixon
own_1070608,Carl Emma Pyne
own_1125176,Robin Dickin Racing Club
own_1235952,Robin Gillard And Rory Gillard
own_1361288,R De La Haye
own_1074008,The Fob Racing Partnership 4
own_581920,Miss Jane Nicholls
own_1327916,Noel Williams Racing   Saisissante
own_982108,Phill Meaden
own_849108,Alex James B J Llewellyn
own_1347576,Kelly Langford The Hecks
own_499268,John And Heather Snook
own_1345940,Noble Sovereign Racing
own_1205464,Jo Davis And Chris Butler
own_1081596,S Cross
own_609612,E J M Spurrier
own_1027092,Mrs B Tully And R Lock
own_1188560,Sams Crew
own_65264,F A Clegg
own_1300116,The Bm Partnership
own_365892,The Fountains Partnership
own_1076176,Jokulhlaup Syndicate
own_1407440,Simonell Racing
own_504972,Mrs S J Humphrey
own_1416556,Tim Richardson Partners
own_1090576,Richard Evans Bloodstock
own_1017840,Richard Mrs Carol Cheshire
own_7812,Mrs J Young
own_1401472,Will Simpson
own_1079812,Pink Birds
own_1126560,Jerry Hinds Ashley Head
own_686172,Ham Manor Farms Ltd
own_1408464,Ferguson Mason Hales Hogarth Smith
own_1351976,James Barnard Derek Coles
own_1316664,Olly Watt
own_1420384,The Ftc 2 Syndicate
own_1346300,M L Darley
own_1017616,Bonita Racing Club
own_1393708,Exors Of The Late L Gilbert
own_1187304,4Racing Owners Club
own_1083584,The Willow And Bridle Partnership
own_735268,Jacobs Construction Holdings Limited
own_2656,Alan Hill
own_1420540,Mr B Walsh
own_583988,Mrs Joanna Peppiatt
own_625124,Simon W Clarke
own_380404,Mrs Kathy Stuart
own_1256928,Matt Hoskins Julie Roche
own_1286212,John Christopher Drake
own_1352888,Mrs Sarah Johnstone   Cooke
own_1366940,Harry Fry Racing Syndicate Miss Goldfire
own_1370524,Thompson Musson
own_647672,Mrs J M Abbott
own_851072,J C S Wilson
own_998732,Mrs J A Thomas Ms K J Austin
own_461940,Fighting Chance Syndicate
own_870932,Kate Andrew Brooks
own_681808,A Selway
own_1021072,D A Olver
own_1407284,Octavians Iii
own_1127436,Blue Starr Racing Fob
own_1422544,Mares In Motion David Tye
own_850492,D Stevens Mrs S Stevens
own_1130204,The Unforgettables
own_1381560,Anthony Honeyball Racing Club
own_830996,Ann Tony Gale
own_1202744,Lady Price C Shaw C Boylan I Tagg
own_934924,Past The Post Racing
own_1194956,Samuel Sutton
own_1036476,Mrs C New
own_1241864,Gillards Transport Ltd John White
own_1307320,Woodhayes Racing Club
own_643696,Riverdance Consortium 2
own_1343104,The Ella Pickard Racing Club
own_621996,Donald Bell
own_997940,Sunville Rail Limited
own_1240016,The Highland Walkers
own_605288,Martyn And Elaine Booth
own_1018424,The Ben Pauling Racing Club
own_142880,R W Huggins
own_1237164,Whytehall Partnership
own_1268320,South Downs Super 6 If Only Partnershp
own_1414696,Mrs Lynne Webb Partners
own_1366040,L N P Grant
own_1383912,John Panvert Ian Moss
own_1312784,D Lovatt C Bacon
own_1215876,Little Staughton Farms Ltd
own_1003056,Charlie Rosier Mrs Julia Rosier
own_1173452,Nic Brereton
own_387864,Buxted Partnership
own_1415452,Kenyon Van Der Horst
own_705820,Level Par Racing
own_1420528,Stuart Banks David Evans
own_590392,Phil Cunningham
own_1292440,Oakmere Homes
own_1405792,Nick Bradley Racing 1 Partner
own_1149712,The Four Adaay Syndicate
own_577388,Mrs E Evans
own_1260036,Tje Racing
own_1201000,Rj Rexton And Cd Dickens
own_777588,Martin Valerie Slade Partner
own_1422084,The Dark Dreamers
own_222876,Middleham Park Racing Iii
own_886680,Martin Hughes
own_1306392,Sdm Partnership Partner
own_66628,S Dow
own_605448,R Moore
own_348548,The Royal Ascot Racing Club
own_588420,Ermyn Lodge Stud
own_384388,Mrs Paul Shanahan
own_1367604,D Donohoe
own_584584,G Hall
own_54676,P G Shorrock
own_1413648,Teme Valley J Harley T Jacobs G Moore
own_772492,Ever Equine
own_1413320,The Eco Friendlies
own_1008036,D M James Steve Jenkins
own_1419364,Mrs P Clark Partner
own_1410240,Nick Bradley Racing 25 Dunlop
own_1285596,Mrs J Morley Regents Racing
own_1216280,The Fat Gladiators
own_488436,Mac Racing
own_666780,Coombelands Racing Syndicate
own_1336752,Martin Hughes Partner
own_899976,David Lowe
own_1334544,Milan Racing Club Partner
own_879796,Miss M Bishop Peck
own_52052,R Barnett
own_866660,Jeremy Germaine Hitchins
own_1366244,Roudee Racing 12
own_1366188,The Glass Half Full Partnership
own_1387992,C J Murfitt Les Boyer
own_1379908,Middleham Park Racing Xxxvi Partner
own_1366332,Hvo Property Investments Ltd
own_1143436,Purplenblues
own_1386448,Martin Downes
own_1414436,Pat Cronin
own_583824,If Only Partnership
own_1418884,Mildmay Racing Partner
own_1252408,J Sarkar D Sarkar O Sarkar D Sarkar
own_1360584,The Poor Sexy Farmers Club
own_953420,The Mark Usher Racing Club
own_1362236,Psc Racing Club
own_973216,Timothy Johnson
own_1419776,Miss Olive Nicholls
own_458984,Norman Sanderson
own_984732,Rabbah Racing
own_1413656,Dennis Brocklesby Partner
own_1306200,G A Racing
own_928772,Paul Hunt
own_740124,Hills Angels
own_1148684,Abdulla Mohd Jaber
own_1359284,Nigel Scandrett Shane Buy Karen Jankel
own_1391360,Midnight Velvet Racing
own_1389100,Elb Bloodstock Ltd Partner
own_961692,Eric Griffiths P D Evans
own_1399048,Dare To Dream Martyn Cruse
own_834184,Paul L Drinkwater
own_1379536,Lady Emma Oshea And A Carson
own_1182052,Mulligans Racing Club
own_1398436,S Geraghty
own_359684,Mrs Angela Mary Leggett
own_1343580,Church Farm Racing
own_1409808,Mrs D Chapman Mrs E Quinlan
own_1187676,The Haydock Park Racing Syndicate
own_1274248,John Cornforth And Peter Rawcliffe
own_1277840,Bankhouse Thoroughbreds
own_1244448,A E Tasker
own_1355580,The Jo Cool Syndicate
own_658340,Kingsclere Racing Club
own_632212,The Patient Partnership
own_1416436,Homecroft Wealth Racing Wh Stables
own_815984,J L Rowsell
own_1422080,L Lillingston M Dixon
own_602220,Douglas Livingston
own_1089732,Mrs K T Carter
own_1035768,Dave James
own_1355528,Mrs S Metcalfe
own_1409168,Mrs Heather Ann Chakko And Simon Dow
own_1400552,Betchworth Pin Seekers
own_996952,David Klein
own_1350492,Martyn Cruse Mrs Lynda Cotton
own_1043620,6 Bit Racing
own_952936,Raypasha
own_629448,Clipper Logistics
own_1379688,Jastar Ltd M Khan And Partner
own_1373084,Highclere Thoroughbred Racing  Goldfinch
own_1285584,Stoneleigh Racing Partners
own_686380,Vefa Ibrahim Araci
own_66092,J C Smith
own_1219956,Matt Watkinson Racing I
own_1363428,Ryan Flannigan
own_1055092,Tom Gretton Racing Club
own_236048,Hogarth Racing
own_1108828,Simon Harrison White
own_1102208,A Searle
own_1389320,Peter Crate And Gallagher Bloodstock Ltd
own_63392,Mrs P J Sheen
own_1021468,Miss Paula Smith
own_1422076,Ayresome Angels
own_1239068,National Hunt Racing Club
own_1387088,Opulence Thoroughbreds Garry Gilroy
own_1346940,Canning Owen
own_1389312,Mrs Christine F Young
own_818748,Ms Karen Gough
own_1419932,Rupert The Prince Partnership
own_1367768,Wernham Hogg Taylor Clarke
own_1388276,K N Waite Construction Limited
own_1373208,Billingtonmerseyracing
own_1145692,Eamon Mcelligott
own_1326920,G P S Heart Of Racing Ltd Partner
own_1419372,I Scott Jolley Sowray Neville
own_709688,Another Bottle Racing 2
own_1167760,Mrs Hugo Lascelles
own_1228728,Richard L Page Luke Dace
own_459224,Middleham Park Racing Xxiii
own_1391064,Steele Going Strong Syndicate
own_1312452,S A S Thoroughbreds
own_632060,The Attwater Partnership
own_1407128,Clearwater Stud Partner
own_1394984,Quest Thoroughbreds Dylan Cunha
own_1305668,Forest Farm Racing
own_1227472,Scott Turner
own_119080,F Butler
own_1167252,B Lindley
own_373004,Gordon Mcdowall
own_44936,R S Brookhouse
own_503668,Tick Tock Partnership
own_1204220,The Unlikely Lads
own_1359880,Fitorfat Racing Partner
own_1240548,The Horse Watchers 4
own_1317692,Middleham Park Racing Barry Obrien
own_1384100,Stack Partnership
own_1389524,John Hall And A Haynes
own_65696,Lee Turland
own_1409852,Sitting On Fence Racing Club
own_641352,Mick And Janice Mariscotti
own_1351440,White Birch Farm M Tabor
own_1389536,Stay Foolish G Moss
own_1348700,Heart Of The South Racing 137
own_1024472,G Chesneaux N Littmoden
own_1365344,Songsters Two
own_1000900,Mrs J A Ashley
own_1360716,Richard C Pearson
own_474452,Mrs J Morley
own_1266444,Paul Corrigan
own_1307288,John Matthews And Partner
own_918012,Rp Racing Ltd
own_974964,Nick Bradley Racing 23
own_1405560,Gary Marney Mrs Senel Marney
own_869468,Khalifa Dasmal Partners
own_1393080,Syd Hosie David Keith Tye
own_1383400,Breese Child Partnership
own_17496,W A Bethell
own_401240,Mrs F Denniff
own_1252372,Great Western Racing Ii
own_1352360,Lord Bowman Partner
own_1052296,Mrs Melissa Anne Cooke
own_705736,John Berry Gwent
own_1143420,The Wild Rovers
own_579432,Mrs C A Arnold
own_588776,A N Hollinshead
own_1134532,Richard Kent Richard Pam Dawson
own_743860,M K P Turner
own_489428,Burns Farm Racing
own_1309288,Nigel Sennett Ivan Furtado
own_1170236,Swanland Partnership
own_1006192,Mr Mrs R Sage
own_1297172,Noel Fehily Racing Syndicate Carrigmoorn
own_868140,R G Robinson R D Robinson
own_1398816,Lds Bloodstock Ltd
own_577436,Derek Iceton
own_190704,Ziad A Galadari
own_1134736,Mrs Suzanne Williams Partner
own_1012168,B Keane S Nugent
own_1087372,C Massie Pj Mcbride
own_654784,Mrs Ruth A Carr
own_1353716,Purple Reins Racing
own_1418052,Paul Demilow Partner
own_1306380,Fred Archer Racing   Ormonde Ii
own_1334868,James M Flaherty
own_1408680,Jb Harper And Cavalry And Guards
own_635736,Middleham Park Racing Xlix
own_1299840,Srw Partnership
own_1383072,Ph Moorhead J Collins And S Piper
own_1313976,Crest Racing
own_455400,M H Dixon
own_1391352,Michael Oflynn John Nesbitt Partner
own_984164,E Hughes
own_1373760,Salhia Stud Limited
own_1337268,Park Lodge Stables Ltd
own_162692,Mrs C E Dods
own_961988,J S Wainwright Peter Clarke
own_178504,Mrs S Cunliffe Lister
own_1228732,Paul Musson Antony Brittain
own_1422004,Perseverance Partnership
own_1330356,Deva Racing Se
own_1400076,Stewkley Racing Syndicate
own_1283696,New Vision Bloodstock G B Walford
own_1408100,The Nolly Syndicate
own_791416,Sandy Seymour
own_1178116,M A Reay
own_1353704,Kykie Allsopp Cousins
own_552792,Ron Hull
own_1213588,The Wolf Pack 2 And Partner
own_1285232,Mad 4 Fun Paul Williamson
own_1241756,The Chancers
own_1333952,The Lads United Syndicate
own_576300,Crossed Fingers Partnership
own_855924,Andrew Gough
own_886336,Merriebelle Irish Farm Limited
own_1244676,Dave Matt Slater
own_1023204,Tim Syder Martin St Quinton
own_1409524,D Stone Rjh Ltd Partner
own_929000,Cragg Wood Racing
own_1387712,Rknightsnicoltocher Cleevely Barclay
own_1409688,Patrick J Mckenna Emmet Mckenna
own_402800,Lael Stables
own_669356,P J Proudley
own_53016,P Bowen
own_1403540,Owners Group 135
own_1114140,Craig Laura Buckingham
own_1383108,Always Horsin Around Syndicate
own_1226008,Berkshire Parts Panels Ltd No1 Fanclub
own_459996,Peter Timmins
own_68232,Saeed Manana
own_1239992,M J Gaskell
own_1374424,Three Saints One Sinner
own_1292608,Andrew Gemmell Richard Lavelle
own_1408664,S W Campion
own_37788,Terry Pryke
own_1403336,Tony Smith Paul Demilow
own_1143348,Allan Kerr Partner
own_1373044,Tomlinson Racing 2023
own_1305892,Worksop Manor Stud
own_1372540,Habton Racing
own_1373560,D Caslin P Wilcock
own_1385940,C Latham Racing
own_1297008,5 Oclock Somewhere Partnership
own_1136116,Readers Wiggy The 8 Amigos J Burns
own_1405780,J E Harrison Mrs S Case
own_1246704,The Percy Veras
own_674108,Dan Gilbert
own_924204,Middleham Park Racing Cxix
own_1178956,D F Bourke
own_1255756,Mrs Linda Chester
own_1390332,Mrs S M Maine The Cross Racing Club
own_42248,R A Popely
own_1358012,Stable Silks Investments Limited
own_869700,K Senior
own_1269076,P T Evans Partner
own_637984,John Ryan Racing Partnership
own_1312604,Lpog 22
own_1168112,C Woodhouse
own_1198552,Ian Furlong Partner
own_31788,A C Birkle
own_1341660,Alan Appleton The Coz Syndicate
own_635084,Derbyshire Racing Ii
own_1385380,Mrs Karen Cooper
own_144900,P D Evans
own_1263804,N J Dalgarno W R Ellis
own_38220,Helena Springfield Ltd
own_158360,P J Mcbride
own_971836,W Prosser
own_1359288,Great Western Racing Iii
own_1359176,Up The Racing Team 4
own_1217972,Jackson Xv
own_1366240,R Sankey S Hoyland
own_1192332,J W Parry And Mrs C Shekells
own_1321960,Nikki Turner
own_137496,Bradmill Ltd
own_1252584,Deva Racing Db
own_1381812,Ajbb Construction Ltd
own_1120968,Saain
own_573512,Mrs J Porter
own_1410924,The Go Ronnie Syndicate
own_233532,Alan Baxter
own_1406232,Andrew Parker Partner
own_1399400,S Smode
own_1399612,Ben Turner Racing And Laplaces Daemon
own_1113496,The Ed Chester Partnership
own_893924,Mickley Stud Derrick Mossop
own_331636,David A Hunt
own_683828,Mrs Julien Turner Andrew Merriam
own_1408800,The Picnic Party And The Tiptop Team
own_1011900,J A Swinbank
own_1318556,Garry Kevin Thexton
own_1302892,Sandfield
own_1370516,Deva Racing Jh
own_786596,The Lam Partnership
own_354172,Mrs Susan Keable
own_143524,F J Brennan
own_1368336,Sas Logistics Contracts Ltd Nikki Evans
own_1058916,Chelsea Banham Pre Training Ltd
own_1380992,Adam Jeavons
own_1351456,Noel Fehily Racing Syndicate   Jasmine B
own_1311168,Dash Grange Stud
own_370464,C B Brookes
own_1376996,Magic Dreamers
own_521228,John Goodman
own_887780,Steve Murrills
own_863376,Dd Armstrong Ltd
own_1397728,Thackray Ogilvy Arthur
own_115028,Harry Redknapp
own_590040,Portlee Bloodstock
own_1251544,The Busby Partnership
own_1198524,Hill House Racing Club
own_1291588,The M Team
own_1400064,Mark Liz Thomas
own_1399300,Wymer Kehoe And Garner
own_1299692,Geoff Lansbury
own_1410252,Sb Squared
own_873548,Nick Carter
own_906608,Mark E Smith
own_1298032,Evason Hewitt And Walsh
own_1401124,Rhs Ltd
own_195508,N M L Ewart
own_187464,P Kirby
own_1327392,The Cool Cats
own_1412428,Paddy Brennan Racing Syndicate Jack Hyde
own_1306208,Surrey Racing Sl
own_1051968,Think Big Partnership
own_502988,Countess Cathcart
own_1412424,Pjs Solutions Ltd
own_1420592,Owners Group 129
own_739552,Mrs V J Morse
own_1316824,Rl Mcculloch D Crawford
own_1173440,G Malanga
own_1249596,John Burnett
own_604208,Stephen Sinclair
own_1421572,Mrs Camilla Murphy
own_1307472,Nathan Richards
own_998844,Daniel Cherriman
own_1421568,Mrs A Brotherton
own_47104,Mrs R C Hayward
own_1174140,Mrs Simon Clarke
own_1416432,Victoria Sollitt And Sue Sharratt
own_1222584,Joelor Racing
own_1018696,John Birtles And Bill Allan
own_716772,The Border Racers
own_1323008,Racing To Profit Syndicate 2 Partner
own_1347168,Old Gold Racing 18
own_1343808,The Dark Edge Partnership
own_1366736,Rainton Construction Scotland Ltd
own_998592,New Vision Bloodstock
own_1182444,The Stagger Inn
own_638940,Simon Hunt
own_1143104,The Farming Boys
own_1020088,John Coates Richard Smith
own_205632,Miss Alison P Lee
own_1408356,Mrs Susan Monkland Dr A Fowlie
own_587144,Mike And Eileen Newbould
own_1239288,The Team Kirby Partnership
own_700588,Mrs A J Boswell
own_502904,Mrs J M Walton
own_1370852,Powerhub Solutions Limited
own_1254788,Philip And Nicola Tyler
own_1238924,Geri And The Pacemakers
own_1290476,Baker Burford Haynes Plumb
own_1352924,Both Ways Partnership
own_1411112,Spectre Racing   Jeffreys Cross
own_1347328,Bowen Boyes Coxon Haycock Smith
own_249316,Mrs C S Wilson
own_178984,George Moore
own_1382824,Patrick Neville Racing Syndicate
own_868356,Mrs B Ewart
own_1176336,Geoff And Elspeth Adam
own_232392,Chris Grant
own_1421564,Reveley Racing 1 Miss G Boanas
own_636348,Dermot Hanafin
own_1023936,B J Painter
own_1421316,Ballaskiggs Racing
own_1004092,Mrs C Antcliff
own_902356,Hopeful Travellers
own_401844,Graham Lynn Knight
own_997760,Miss Jane Goddard
own_1211148,Martin Lynn Jones
own_1404336,The Full Shilling Syndicate
own_488380,The Sky Partnership
own_1419108,Mrs Denise Wilkinson
own_24232,N A Twiston Davies
own_1149960,Coln Valley Partnership
own_1421304,Adams Cope Graham Mcpherson
own_60972,Robert Waley Cohen
own_1296476,Fine Claret Racing
own_1420392,Sendemon Ltd
own_28732,R W Metcalfe
own_682776,Mrs Peter Bond
own_1414792,Stephenson Washbourn Woodward
own_1422128,These Girls Can Syndicate
own_1368176,The Thirsty Boys
own_1374932,Martin Keighley Racing Partnership 20
own_1410384,Frn   Bita Craic Club
own_1062836,Premier Thoroughbred Racing Ltd
own_1402036,The Cracker Star Partnership
own_1407804,Marbro Contracts The Ocean Partnership
own_1301612,Deva Racing Gz
own_1299712,O Williams
own_1262376,Conde Hanger Jones Noone Noone
own_1294664,Heartful Racing
own_920252,The Shinton Family
own_1379432,Steel Partners
own_634680,The Code Breakers
own_1175816,P W Omara P Winks
own_1208644,Arnold Lukas Leitao And Wrigley
own_1409520,Value Racing   Dibble Decker
own_1308960,Rio Grandees
own_1202288,3 Sons
own_169148,Ian Lawrence
own_1361188,The Posh Pundit Racing Club Limited
own_1204396,Simon Boucher
own_832400,S W Racing
own_1276500,Mark Harrod Bryan Agar Nicky George
own_1401796,M Baker K Ibberson And H Pearman
own_1150512,Mrs N Kappler
own_159676,N Sutton
own_1126908,Sam Allwood Racing Club
own_1349448,Have A Go Harry Syndicate
own_862532,Middleham Park Racing Lxxv
own_1405440,Noel Fehily Racing Syndicate   Sergeant
own_1321684,Pant Y Gerdinen Equine Ltd
own_464420,Mrs J May
own_1369532,Peak Racing
own_9840,Miss S Pilkington
own_1314140,Henfold Rockers
own_1349208,Pep Partnership
own_1134296,Chris Butler
own_164596,R J Armson
own_980552,Martin Keighley Racing Club
own_216292,Michael Oshea
own_630076,Paul Downing
own_1411084,Bartlett Carthy Speelman
own_1170212,The Rogues Gallery
own_1237464,Maries Dream Team
own_780740,Mrs J A Benson Miss S N Benson
own_834248,Mickey Bowen
own_1417084,Cartwright Tootell Tomkies Tory
own_228788,Miss V M Williams
own_892456,S Such Cg Paletta
own_1375468,Highclere Thoroughbred Racing   Warhol
own_1413840,The Agra Jewels
own_1268896,Law Fertilisers Ltd
own_1404672,Bill Ransom Steve Day
own_1417904,Run Like A Girl
own_1166180,Middleham Park Racing Lxxxii Partner
own_1178900,The Racing Emporium
own_1206664,Cognition Land And Water M Clarke
own_1380540,John Kelly John Mcneill Kevin Mowatt
own_1376228,Jones Mccarthy Owen
own_1405784,G4 Contracts
own_1328904,Ursa Major Racing Ltd And Partner
own_1236856,Racing To Profit Syndicate Partner
own_1404508,Lonely Island Partnership
own_1392144,Paul Will United
own_1342136,Adrian Walton
own_617288,Redhotgardogs
own_1309284,Dixon Wylam M Baldry Js Harrod
own_1199756,The Unraceables
own_724172,Percy Green Racing 2
own_886760,M J Macleod
own_1390276,The Eden Storm Partnership
own_1278740,Wrenegade Racing
own_1290124,L Browne Mrs Monica Cogan
own_1037784,D Morgan And K J Parris
own_1278252,Danny Ablott Olly Williams
own_1042852,Laura Mason Syndicate Racing
own_1418800,Lets Be Lucky Racing 35 Adam Scott
own_1330728,Miss K D Lippiatt
own_575188,The Fatalists
own_1347968,Ontoawinner 9 Julie Camacho
own_582736,Anthony Bithell
own_734752,Miss Hazel Roberts
own_1335300,Ms N Race And G Lavery
own_1321824,Calcutta Dream Partnership
own_1010984,Frank Reay A D Brown
own_1124812,Rocky Mountain Partnership
own_1209752,Shadwell Estate Company Ltd
own_1310704,Hm The King Hm The Queen
own_869064,Fishdance Limited
own_1228064,Cayton Park Stud Limited
own_473640,Donald M Kerr
own_1038796,Dave Stone
own_1328928,The Horse Watchers 12
own_176172,Elite Racing Club
own_1354700,Fortnum Racing 2
own_1252340,Fitorfat Racing 1
own_108836,John Omulloy
own_1401320,Oakleaf Racing
own_1406696,Quest Thoroughbreds   Asgards Captain
own_1173132,Paul Stewart Jim S Goldie
own_1255504,Owners Group 096
own_1306388,Adnan Bahbahani
own_1388280,Mohammad Bin Owaimar
own_1308956,Mrs Diana Gardiner
own_1237444,Dr Paul Kelly
own_573432,M Stavrou
own_1413828,Lpd Demolition Ltd
own_165972,A W K Merriam
own_1366376,Old Gold Racing 23
own_1265100,Racing To Profit Syndicate
own_1333620,Foxtrot Racing Mumfords Magic
own_1329764,Mrs V Owen I Owen
own_780096,Eventmasters Racing
own_591236,John And Anne Soul
own_1343812,The Lakota Partnership Ii
own_1404680,See The Green Partners
own_1057300,Kestonracingclub
own_2617192,Mrs Nicola Bulgin
own_981700,Pangfield Racing V
own_901800,Bearstone Stud Limited
own_1294956,Nick Bradley Racing 21 Partners
own_1219032,The Crick Girls
own_901648,Apple Tree Stud
own_1094140,Cp Racing
own_1262572,The Bench
own_1312164,Middleham Park Racing Cxxii
own_1418204,The Listowel Harvesters
own_1352280,Swanland Keatley Owners Group
own_1351644,Lovell Okninski Walsh
own_163440,Michael Mullineaux
own_1126264,Hedgehoppers
own_1405960,Cummins Civil Engineering Ltd
own_1407672,Value Racing   Walden
own_1252412,The Pals
own_1183828,Mrs C Brittain
own_925332,Middleham Park Racing Lxxi
own_1246388,B M Pallets Ltd
own_1390244,S Chappell R Teatum
own_1178320,Ownaracehorse Ltd Keates And West
own_1299528,Owners Group 074
own_1352588,Mr And Mrs Garner
own_332952,Mrs S P Davis
own_1407004,Cardwellcoxoncurranmitten Dudgeons
own_1374540,Foxtrot Racing Eaton Anne
own_1183852,Jersey Racing Friends
own_830808,The Knights Of Pleasure
own_1417812,Roger Wj Davis
own_1225696,Summerstorm Bloodstock Ltd
own_1360192,Jayar Investments
own_612648,Dr V M G Ferguson
own_1413288,Turcan Dunning
own_1319872,Chris Lowther And Friends
own_1207164,R Whitelock L Clemitson R Jefferson
own_496052,Million In Mind Partnership
own_1208656,J Fyffe S Townshend
own_1295192,Noel Fehily Racing Syndicates Kamsinas
own_1298040,The Keysoe Partnership
own_1238088,The Isle Of Blue And White
own_1417596,Dozen Dreamers
own_1249348,Culverhill Racing Club V
own_1291944,Highclere Thoroughbred Racing   Balko
own_1353608,Mrs C Hinks Lewis Nettley Racing
own_1294816,The Jolly Good Partnership
own_1258964,Cottrell Conway Cottrell
own_1402864,Kevan Leggett Susan John Waterworth
own_93012,David Brace
own_1359608,Stephenson Byrnes Law Pallas
own_1203048,Salvo Alex Giannini N Farrell
own_972040,J D Wright Mrs S Wright
own_1327944,Mrs A Williams And A Badri
own_53108,Robert Gibbons
own_1306776,Fight Club
own_1241696,Dan Gilbert And Andrew Bruce
own_1174344,Hold My Beer Syndicate
own_1049484,Lf Infrastructure Ltd
own_1371808,Bills A Gent Syndicate
own_1195068,Goodwin Racing Ltd
own_1249164,Michael Ariss
own_1363840,D Mann Mrs W Duffus
own_1238256,Mrs David Coltman Mrs J Douglas Miller
own_854992,Mrs Ann Leftley
own_1035000,D Owens
own_1403152,Walsh Denny Manhole Covers Ltd
own_1259260,Jimmy Susie Wenman Edward Jane James
own_1303328,Jonathan Gregory
own_864492,Mrs Georgia Morgan
own_1262324,S Beetham And Dpl Fab Ltd
own_1402156,Carl Hinchy Mark Scott And Nigel Horler
own_1296108,The Rhino Syndicate
own_1369152,Olbg Racing Club
own_142564,Mrs J Carrington
own_1421292,Fyffe Walkingshaw Russell
own_1421288,Aisling Byrnepaul Raleighm Cunningham
own_13752,J Law
own_1344660,S T Racing   The Founders Syndicate
own_227444,Eric A Elliott
own_473152,Ray Grehan
own_1421296,The Fast Cast
own_718388,Brook Farm Bloodstock
own_1047560,Abigail Rugg
own_1202296,The Nevers Racing Partnership Ii
own_991060,John J Reilly
own_1238920,Buckingham Chapman Kingston Langford
own_1289648,Clova Syndicate And P D Niven
own_1261388,Pay The Bill Syndicate
own_1136884,The Preston Family Friends T Jacobs
own_1308224,Michael Davies And Peter Davies
own_1317292,Andrew Lays Legacy
own_724188,Options O Syndicate
own_84660,J Scott
own_1044592,H Posner
own_682304,P G Atkinson
own_1353256,Noel Fehily Racing Syndicate   Ace
own_36328,Mrs A Dawson
own_1402380,Thunder Holdings Milne Russell
own_1314188,Turcan Dunning Black Elles Mcintosh
own_1241860,Anthony R Hunt Drinkwater Family
own_740112,Michael F Broderick
own_1411616,Mrs Lindy Ohare
own_1332324,G C Myddelton V E C Taylor
own_1368880,Noel Fehily Racing Syndicate   Star
own_879628,Julian And Karenina Morrison Bell
own_1339528,Tony Head And Gary Moore
own_1359980,The Pant Wilkin Partnership 002
own_1001584,Sax Purdie
own_684788,D J Dyson
own_1409672,C J Norton Esq
own_1275624,The City Rollers
own_1314928,The Tuskars
own_22328,J R Cornwall
own_881120,Miss J Hosgood
own_145220,Neil King
own_1404120,Lawson Lewis Macadam Duerden
own_1057992,Miss Emma Forman
own_776548,Mrs Kathy Day
own_1400336,The Buster Syndicate
own_1405416,The From Day One Syndicate
own_1188532,Red Rum Racing 2
own_1404344,The Exors Of T C Frost
own_1211188,Potwell Racing Syndicate Ii
own_841196,Burnham P D Ltd
own_957052,Ms Sharon Kinsella
own_1097344,Decimus Racing I
own_856112,Mark Glastonbury
own_1291936,County Set Five K Hunter
own_1299924,Noel Fehily Racing Syndicates Helnwein
own_170232,Mrs S C Welch
own_848328,Two Black Labs
own_488120,S Waugh
own_1269376,J Blackburn Partner 1
own_1041728,Mrs D Dalby Partner
own_208088,Mrs Christine Dunnett
own_757684,The Ten Fools A Horse Partnership
own_199380,Godolphin
own_1247452,Valmont
own_1418232,Blue Candi Lab Ltd Julie Camacho
own_221344,Sheikh Mohammed Obaid Al Maktoum
own_23892,A E Oppenheimer
own_1277784,Ellipsis Ii
own_1419048,David Bayliss Olly Williams
own_1208284,Middleham Park Racing Cxxiv
own_1056256,The Future
own_1051824,Ne Chance
own_1089064,Mrs Lynne Webb And Partner
own_1335380,Heart Of The South Racing 129
own_10372,D A Poole
own_1149696,Mereside Racing Limited Partner
own_1382140,S Chappell R Teatum Partner
own_1374660,Grundy Carswell Studholme
own_850800,Chola Dynasty
own_516168,David Fravigar Kathy Dixon
own_1353972,Mrs H Lloyd Herrington Partner
own_88876,Mrs Monica Cogan
own_1351784,Bradley Holder
own_1359216,Highclere Thoroughbred Racing   Robin
own_122088,Mrs Nigel Elwes
own_847920,Robert Allcock
own_920400,Daniel Macauliffe Anoj Don
own_1310600,Iain Service
own_1121944,Michael Blencowe
own_1334856,Apollo Horses I
own_1320800,Nickbradleyracing45 Alfa Site Services
own_1366264,Moulton Racing
own_986984,Sheep As A Lamb Syndicate
own_1404116,Hawkstone Racing 1
own_1306972,Plumbing World
own_1138448,Stuart Mizon
own_1134824,Trevor And Ruth Milner
own_578288,Michael Ocallaghan
own_1252420,Mrs B Austin Partner
own_1115736,Ecurie Ama Zingteam
own_1378200,Commercium
own_1350296,Ryan Kent
own_472648,Newsells Park Stud
own_1376032,Kingsley Park 39   Gold
own_1391356,Barber Parry Racing
own_1397736,Miss C Dolan
own_1259704,Damree Developments Ltd
own_572688,Gamesters Partnership
own_841860,Chris Pugsley Nigel Skinner
own_998196,The Garratt Family
own_898280,Richard J Bandey
own_1263496,C B Compton L Di Franco
own_997140,Mrs Jenny Gordon
own_912440,R Stark Mrs J Williams
own_728068,The White Hart Company
own_179532,David M Williams
own_664668,Mrs T P James
own_100092,Mrs C Williams
own_1128388,Aled Evans Tommy Williams
own_1345848,The Chancers Partnership
own_1348284,Ryan Waterhouse Partner
own_1415576,Crest Racing Vii D A Olver
own_1252524,The Horse Watchers 5
own_1354136,Mrs Angelica Spence
own_1185340,Nigel Hanger Eric Jones
own_1413824,Kingsley Park 43   Ready To Run
own_1335616,Alto Equine Building Solutions
own_1317300,Middleham Park Racingsimonles Wood
own_552780,Woodcock Electrical Limited
own_91500,M M Foulger
own_1326968,I Madueke
own_1023620,S And S Racing
own_720436,Kevin Price
own_1260040,Highclere Tbred Racing   The Tempest
own_1421184,John And Marion Terry
own_1348464,The Honourable Protagonists Syndicate
own_23360,H Jones
own_1072360,Racing For Fun
own_1349948,The Cotswold Strollers
own_1253692,From Little Acorns Partnership
own_63544,S R Counsell
own_1269308,Steven Packham Gary Moore
own_1353600,Smash Racing
own_568912,T Faulkner
own_865276,Bowes Lodge Stables
own_981828,Matt Sally Burford
own_1377004,The Ludorums
own_1419044,D White W Byrne
own_491816,G L Moore
own_1327924,Toni Dai
own_102056,Mrs N Unsworth
own_984020,Venetia Williams Racehorse Syndicate Iii
own_1202756,Foxhills Racing Limited
own_920960,Tony Cromwell Partner
own_658732,Recycled Products Limited
own_1300352,Wathnan Racing
own_1007720,Marian Lyons Patricia Zanelli
own_1216824,Nigel Scandrett Shane Buy
own_1416716,Banks Evans And Partner
own_1225172,Barratt Racing
own_445804,Middleham Park Racing V
own_1262316,Gwent Holdings Limited
own_174672,Mrs C J C Bailey
own_1416428,S Packham The Dubai Five
own_948644,The Aldaniti Partnership
own_1104416,R J Gambarini Racing
own_240416,Nick Shutts
own_1401460,Honest Partnership
own_1379396,Moores Racing Booth Steed Bengough
own_1391344,Carbine Of London Racing 5
own_1169440,Opulence Thoroughbreds
own_1366196,Two Plus Three Two Plus Four
own_1108792,J Kirkland
own_1380988,King Abdullah Bin Abdulaziz Sons Stables
own_1278004,Omar Jackson
own_1418320,Millsy Dans Partnership
own_1334696,Simon James Partner
own_224452,The Affordable Partnership
own_1001692,W J Evans Racing
own_1417088,Just One More Thing
own_1021512,The Dttw Partnership
own_874228,L H Evans
own_517776,R E R Williams
own_1229476,Sigsworth Partners
own_351824,The Musketeers
own_1055064,Anthony Lyons
own_1422024,Turf Club 2024 St Albans Bloodstock
own_874772,John Odonnell
own_1414576,Jpr Investments
own_1334852,Wellbelove Williams Partners
own_1097084,El Jefe
own_369168,The Arthur White Partnership
own_1318052,Kennington Reed Sharp Goodsir
own_1176008,Stephen R Hodgkinson Partner
own_1372316,R Key
own_1240324,The Cob Nuts
own_378176,The Bears Syndicate
own_483924,P Wheatley
own_1290924,Enigma
own_1366488,The Property Investor Partnership Ltd
own_608124,K Snell
own_1011020,Spiers Hartwell Ltd Mrs E Evans
own_1335392,Nick Bradley Racing 48 And Partner
own_909308,J Mitchell
own_1264840,Laurence Holder
own_1178920,Capture The Moment Vii
own_1318236,S Hassiakos M Wigham David Dixon
own_1370648,Exors Of Serafino Agodino P J Mcbride
own_1246196,Westminster Racing Syndicate
own_975268,A M B Watson
own_320532,Mr Mrs G Middlebrook
own_878492,Shinco Racing Limited
own_100392,J Gallagher
own_1408796,The Birthday Angel Partnership
own_507080,Radlett Racing
own_1247448,Mrs Angela Stokes
own_881308,L M Atkins
own_1413652,Ag Racing
own_950084,Mrs K B Tester
own_19548,John Wright
own_814716,Mrs Claire Goddard
own_1375340,Asgard Thoroughbred Racing Partner
own_1380676,A140 Self Storage Club
own_1343204,Day Dreamers
own_1404372,Smith Pickett Spore Scott
own_515528,The Sultans Of Speed
own_1347964,Mildean Racing Rachel L Field
own_819920,Resdev
own_1392256,Clare Hobson Racing Partnership
own_1409344,Watson Taylor Whelton
own_156424,Mrs M Elliott
own_58556,Mrs I A Balding
own_990104,David N Reynolds C D Watkins
own_1415456,Brian Toomey
own_814288,Ismail Mohammed
own_1257084,The Horse Watchers 6
own_1357852,Alan Christine Bright And John Henwood
own_1300236,Deva Racing Sv
own_810780,Martyn Cruse
own_1171912,Mrs Diane Ellison
own_758284,John Marsden
own_909148,Michael Heather Yarrow
own_1363644,The Kirtling Collective
own_861424,Middleham Park Racing Lxxii
own_1375668,Alan Gove Craig Lidster
own_691636,Elliott Brothers And Peacock
own_1201004,Hambleton Racing Ltd Xlv Partner
own_1394444,The Galivanters
own_874432,A M Balding
own_173988,Mrs Wendy Jenkins
own_1421048,All For One Racing Vi And Partner
own_1286200,Tp Racing Syndicate
own_1245176,Nick Bradley Racing 41 And A Haynes
own_1359168,Horton Racing Ltd
own_1394968,Alan Herbert
own_813788,Ian Slatter
own_1319512,Facilities Management Solutions
own_1240932,Lland Af Cwrw
own_1324260,The Mischief Makers
own_579948,Lost In The Summer Wine
own_1420208,Toni Dai Griffiths
own_18620,F Watson
own_1003972,Mrs Suzanne Kirkup Kevin Kirkup
own_219676,Mrs Mary Davies
own_1414424,Myddelton Family
own_118292,Mervyn Jones
own_53048,Will Roseff
own_1358956,C M Marles Partnership
own_1347976,David W Jagger Mrs Belinda Clarke
own_1420364,Cahill Hosie Van Der Horst
own_1403188,The Tennessee Ten
own_1017264,Mr Mrs Ben Houghton
own_797020,Mrs Jane Gerard Pearse
own_35584,Mrs M S Teversham
own_1007728,Allerton Racing G Tuer
own_1234912,Graham Cardwell
own_965904,Dick And Mandy Higgins
own_1133384,A Lees
own_125732,A H Harvey
own_1185704,And So Say All Of Us Partnership
own_1070436,Awtp Racing Partnership
own_925812,Isa Salman Al Khalifa
own_1046912,Miss S E Hall C Platts
own_247052,Mohammed Jaber
own_33404,M Sawers
own_1297424,Chase The Dream And Mrs R F Knipe
own_1242540,Strachan Corbett Salwey Inkin Griffith Graham
own_406860,Gumbrills Racing Partnership
own_1319216,Racehorse Rascals Syndicate
own_1378052,Chris Tory
own_141088,Orion Racing
own_1275208,Oceana Racing Partner
own_1403560,House Family Partnership
own_172896,Mrs Jill Dennis
own_611060,Ceffyl Racing
own_123468,S Bell
own_1188012,Holmfirth Racing
own_1227108,N Boyden And C Harrold
own_1284832,R W Hislop
own_1359156,Moores Racing
own_1385400,Dfa Racing Rodney
own_1187292,Mrs H Munn R E Good B Case
own_388516,Brian Derrick
own_916396,The Glazeley Partnership 3
own_347284,The Rudimentals
own_1192324,Anne Broom And Wendy Carter
own_1324072,Hyde Frobisher Waters Hyde
own_1344248,Stable Silks Inv Quest Thoroughbreds
own_1344524,Ian James Christelow
own_1259624,Miss Emily Boultbee Brooks
own_1367524,Prof C Tisdall J White A Underhill
own_86896,G Hannon
own_975692,Gl Racing
own_108544,Lady Gibbings
own_1241484,The Derbyshire Optimists
own_891428,May We Never Be Found Out Partnership 2
own_1413484,Spectre Racing   Spectre One
own_1219916,T Lewis
own_813320,Tony Brimble
own_1300232,B Wright
own_1401180,Sue Howell Partner
own_355156,Peter Shaw
own_452432,Nicholas Teehan
own_1256932,N Tucker
own_1355748,The Hopeful Jokers Racing Club
own_383424,G T Lever
own_1090572,Mrs Diana L Whateley Aiden Murphy
own_1413844,Francome And Dando
own_1322440,Nick Bo Wilson
own_1316840,Quieter Than A Mouse Syndicate
own_849148,David W Thompson
own_1207808,The Jelly Boys Brian Rothwell
own_1089764,Lets Get Racing Ltd
own_1088860,The Red And White Stripes
own_1364000,Mrs M Rooke And Hard Held Partnership
own_165396,T Cox
own_1197404,Lee Craze
own_901836,Dynasty Racing
own_1343712,Paul Goonan
own_1382288,Beckett Churcher Harris
own_901072,S Mullins Racing Club
own_1180948,J Palmer Brown Partner 2
own_1105500,Crimbourne Bloodstock
own_1400084,Gee Gees Racing Club
own_1403332,R W Huggins Partner
own_1380548,P Cook P Merritt T Verrier
own_1417076,Gary Gillies Team Valor
own_1050384,The Likely Lads
own_1374588,The Old Studs
own_1097076,W Enticknap B Ralph
own_1050360,D Lowe S Hoyland
own_1420932,Pompey Ventures 15
own_1266548,Beryls Bunch
own_1374944,Old Gold Racing Cottier Hills
own_857464,Mrs Jo Brisland
own_447608,Gold Syndicate
own_1009540,Mrs Pao Stafford Tucker
own_1205220,Khalifa Dasmal Bryan Payne
own_1221528,The Marquess Of Zetland
own_1410260,Brownsbarn Maxwell Thoroughbreds
own_911464,The Spartans
own_1417404,Exors Of The Late Adrian Mcalpine
own_970016,Dave Emma Evans
own_678064,R J Rexton
own_1381728,Sleeve It Ltd And Partner
own_993864,Al Mohamediya Racing
own_1330508,Baileys Horse Feeds F H Nash Ltd
own_1393968,Racing Dames
own_1410664,Parallel Corporation Partner
own_1360420,The Towcester Three
own_1257072,Les Petits Coquins
own_1378588,Getaway With You Partnership
own_1400940,J Scarrow I Barker S Turner
own_1017300,The 25 Club
own_1188536,Shaw Racing Graeme Mcpherson
own_1409704,The Magnolia Partnership
own_1347552,Mrs Jennifer Sword
own_943860,Raymond Treacy
own_1199764,Hambleton Racing Ltd Xliv Partner
own_1362244,The Lexies Moon Syndicate
own_1351996,Always Trying Syndicate
own_1395404,D Macauliffe A Don Lds Bloodstock
own_1394440,Symphony Racing
own_1067968,F Morley
own_1354524,Ms D Ashcroft Fielding
own_573380,Mrs Belinda Clarke
own_895184,Mr Mrs G Calder P M Warren
own_1177996,Coltherd Racing Club
own_1086768,Emma Bishop Racing Club
own_1311192,Strutting Cockerels 2
own_1215264,The Soldiers Of Fortune
own_1417808,Opale Partnership
own_448732,Halfway House Syndicate
own_1305220,Mrs B Butterworth Mrs Jackie Holliday
own_804164,N Mechie
own_1195540,All Or Nothing Racing Club
own_1319864,Hambleton Racing Xxii Jinky Farms
own_1327060,J A Osborne And Partner
own_1413848,Jane Arnold And Rene Foulquies
own_1399616,Christopher Trigg
own_390736,A J Wall
own_1267128,Club Racing Curley Partnership
own_1082624,Tracy Waggott And Sally Booth
own_1350936,Samantha Toomes
own_801696,Mrs Suzy Brown Peter R Brown
own_242864,K Hunter
own_1202720,Up4B
own_164360,Mrs C A Waters
own_990624,Birkdale Bloodstock
own_27688,Roger Obyrne
own_893936,Alan Andrew Turner
own_1401752,Racing To Profit Syndicate Partners
own_974960,Mrs B M Lofthouse
own_1342896,Mt Hughes John Lawson Stephanie Kaye
own_375840,Miss Maria D Myco
own_1297448,Scene One Partnership
own_1345580,Old Gold Racing 17
own_1056772,Hft Forklifts Limited
own_612396,Glass Half Full
own_1295720,J Sword Russell Bristol Boys
own_1225388,Peter Bowen Racing Group
own_1319212,North South Flyers Syndicate
own_1418208,Turf Club 2024
own_1401456,Dean Gallis Willetts Vernon
own_1407716,Sir Bob Stowe Racing Friends
own_1347172,Cemp Construction Mozola
own_1358616,Ferguson Mason Hales Done
own_1407460,Ira Hayes Partnership
own_1415036,Jdj Racing
own_1410108,J Lund
own_1399620,Lrk Racing Willy Twiston Davies
own_340016,C J Tipton
own_1405968,Jamie Rock A Lewis M Howell Partner
own_834156,Miss Jean Balmer
own_1404360,Johanna Adams Partner
own_592188,The Well Oiled Partnership
own_1407280,Perfect 10 Racing
own_1420420,Foxtrot Racing Jon Beese
own_1413300,Falcon Line Racing
own_1405428,Martikas Soldiers
own_1236124,Mrs M Chapman Mrs R Carr G Shields
own_1321020,Paul Corrigan Miss L A Perratt
own_929068,Ingleby Bloodstock Limited
own_518404,Star Alliance
own_1416796,G Dunphy Mrs R Field S Holden
own_1214272,Mrs J Hampson
own_899136,Jamie Rocke
own_1379672,P G Shorrock Partner
own_163324,Mascalls Stud
own_1005592,Sf Racing Club
own_163656,E H Jones Paints Ltd
own_1379840,D J M Rees
own_1043560,Julie And David R Martin And Dan Hall
own_853672,Maverick Racing
own_1082264,Christopher Wright David Kilburn
own_1415196,Nick Bradley Racing 4 Hunscote Stud
own_1043444,Victorious Racing
own_1394580,On The Bridle Racing
own_1080264,Mojave Thoroughbred Partners
own_1295428,Ian Gray And John Whitworth
own_703496,F Michael
own_1202628,Lockdown Racing
own_1405576,The Super Highway Syndicate
own_1216848,Paul Simmons
own_899736,Nikki Evans Racing
own_1120752,Miss C Tinkler
own_1294420,The Iveragh Syndicate
own_1292208,Kevin Boothby And John Lynk
own_1040168,Ursa Major Racing Ltd Partner
own_1297748,Samantha Toomes Mrs Susan Corbett
own_1363996,M Blades Craggs Clark And Cambridge
own_1126900,The Yorkshire Puddings
own_123144,Mrs E A Verity
own_1379888,Melissa Cooke And Danny Kearns
own_1358580,Mezzone Family Dan Skelton
own_1080752,Terry Warner The Mcneill Family
own_1379936,The Fernie Dingley Syndicate
own_803468,David Kemp
own_68572,D A Malam
own_885524,Sjd Racing Dianne Sayer
own_1033100,Byrnes Bloodstock Limited
own_475464,John C Mcconnell
own_1325212,Julie Lloyd And Victoria Bewley
own_122320,R C Pudd
own_509532,J T B Hunt
own_483084,F A Hutsby
own_1349656,Classic Maestro Partnership
own_59244,P J Andrews
own_142336,A E Price
own_1187296,The Harlequins Racing
own_1401312,Jonjo Aj Oneill Racing Ii
own_1314164,Martin Keighley Racing Partnership 14
own_1404664,B Hague P Neville
own_882012,D R Passant Hefin Williams
own_1412604,Miss H Shields
own_1014284,Mrs Samantha England
own_813088,M H O G
own_854980,C R Hirst
own_1401748,Humphreys Brown Rose Racing
own_1416724,Raceshare100   Spaceport
own_172796,Edward C Wilkin
own_354680,The Southwold Set
own_813108,R D Potter
own_1348744,Ms C Davis
own_1364724,Charles Sarah De Rohan
own_13688,Mrs S M Newell
own_6688,Lady Susan Brooke
own_1211604,Smartwater Utilities
own_1374112,James Proudfoot Mrs Sue Murtagh
own_795220,Mrs J Micklethwait
own_32112,M G Jones
own_831292,Pams People
own_1420832,Paddy Brennan George Houghton
own_1378024,Be The Difference Partnership
own_983372,Donald Mccain Racing Club
own_1269780,Tweed Valley Racing Susan Corbett
own_1259476,The 1997 Partnership And Rhd
own_898592,Dave Carter
own_1111868,The Real Quiz
own_1050744,Mrs Phillippa Taylor
own_649168,Ollie Pears
own_1282444,Ian Gray Sara Moore
own_1351292,P Brierley Partner
own_1228460,Keep Kicking Racing Partner
own_1409164,J Tomkins H Williams
own_1397380,Geoff Hill Derek Wellicome
own_15208,Mrs Doreen M Swinburn
own_1410552,Rectory Farm Racing Partnership
own_581864,Middleham Park Racing Xlv
own_1054468,Withernsea Thoroughbred Limited
own_1143224,Hambleton Racing Ltd 2C Partner
own_1265136,The Regal Eagles
own_925656,Victoria Taylor Family
own_1389116,Orourke Racing Ross Harmon Fj Cassel
own_87256,P G Murphy
own_615280,Castle Farm Racing
own_1367756,The Daring Leader Syndicate
own_887092,Ian Williams Racing Club
own_388860,Michael Wigham
own_124104,T J F Smith
own_1359876,Mrs Edelle Logan
own_1163156,Teme Valley Racing
own_1415044,Hambleton Racing Xxxvi E Burke
own_1416236,Roger Cox And Partner
own_1206680,Gullwing Enterprises W L L
own_1360884,Martin Wintle
own_1415728,The Teddy Boys
own_520564,S R B Crawford
own_1403572,S Mcmillan F Reay A D Brown
own_730060,In It To Win Partnership
own_679624,Northway Lodge Racing
own_1416240,Roger Teal And Partner
own_1326404,K Stewart Partners
own_210556,Ronald Lilley
own_19272,Mrs Ann Starkie
own_1134648,Coltman Cundall Matterson And Stephenson
own_1315688,John F Doyle Dee Lestrange Weld Spec Glasgow Ltd
own_913488,R B H Young
own_1413480,Martin St Quinton Theyesnowaitsorries
own_647168,Distillery Racing Club
own_1399292,Raceshare 100   Marlacoo
own_859948,Clan Gathering
own_688064,The Ormello Way
own_213660,A Gilchrist
own_1077024,A Kerr L Kerr
own_1406688,Value Racing   Ballydisco
own_1258620,Kb Harding Ak Thompson
own_1249888,The Wellfed Boys
own_1416228,Clontyseer Racing Ltd
own_900328,Khdrp
own_750436,David Maughan
own_950480,Mrs K Hawke W Simms
own_985856,Oliver Greenall Racing Club
own_1420368,Franklin Gurney
own_1346312,The Morestead Augean Stables Syndicate
own_627040,Martin Jocelyn Steve Broughton
own_981824,Crawford Smith Family
own_592364,Mrs Sally White
own_1067276,Thomas Gaden
own_1348940,The Shropshire Dreamers
own_1074148,Moorland Racing And Mark Hammond
own_1253732,Wallace Racing
own_1212484,I M Lewis
own_883220,J Pike
own_1306616,Colony Stables Bunch Dicks
own_1326028,Ts Equine
own_1273044,Mrs T Cass
own_1238472,Fs Consultants Ltd
own_1105836,L Tomlinson
own_189312,G L Porter
own_917788,Paul Bowtell Jonathan Shinton
own_1000768,Cs Partnership
own_1081948,Lycett Racing Ltd
own_1351448,Crowd Racing And Partner
own_1293236,Arthurs Party
own_181516,S G Allen
own_402692,B J Goldsmith
own_1346936,Gallimore Haring And Mitchell
own_1359976,S Packham A Austin And B Austin
own_1411224,Jakemanchapmanmasonroberts Morton
own_607612,Mrs Jean Sillett
own_1235976,Mark Maria Adams
own_216584,Francis Mahon
own_1349200,Keith Graves
own_716544,Mrs Johnny De La Hey
own_1420372,Swrsl Dep
own_1306176,Mrs E Ball
own_1215036,R L Baker R Lee
own_986236,L J Burden
own_502520,Gale Force One
own_1235964,Mrs Andrew May And Mrs Mark Bentley
own_1189040,The Sundowners
own_945928,League Of Nations
own_1190840,Chris Trigg Rer Williams
own_1370860,Affiliate Racing Sullivan Bay Syndicate
own_401472,Miss S Troughton
own_1420412,Heart Of The South Racing 143
own_1380412,Ballantine Bloodstock
own_1177884,Gallaghers
own_1277796,Platinum Partners
own_1337000,Forces Unite Partnership
own_1286580,Tony Perkins Friends
own_831076,Ms Fiona Donald
own_1333344,Miss C Malpas
own_1396896,Quest Thoroughbreds   El Bufalo
own_1269396,Diomed Racing And Partner
own_1265492,Veljko Jovanovic
own_1043624,The Marina Partnership
own_1419120,David Orr Miss L A Perratt
own_58688,North Cheshire Trading Storage Ltd
own_1378572,Michael Wood And Mathew Wood
own_403984,Law Abiding Citizens
own_1378300,Mrs S Hibbert Foulrice Park Racing Ltd
own_1416508,Mark Wellbelove Partner
own_1282208,Carl Appleton Peter Edwards
own_1242176,Enduring Love Syndicate
own_1207904,Hambleton Racing Ltd Xxxiii Partner
own_1305876,Good Day Out Syndicate
own_1305052,L Westwood Partner
own_885144,An Geall Is Fearr Teoranta
own_1185144,Dove Valley Holdings Ltd
own_1209296,Peter Done
own_1249364,Two Nicks And A Mick
own_1284452,Mike Humphreys Mark Usher
own_47536,P Cook
own_1221628,The Go Betweeners
own_1413496,Pegum Palmer Partners
own_380412,John Connolly
own_1387996,Pip Partners
own_1323244,David Fravigar Sam Jones
own_1405404,Middleham Park Racing Lxvii And Partner
own_1344880,Tanzanite
own_459700,Winterbeck Manor Stud
own_1371232,Raceshare   Robusto
own_1283812,Deva Racing Km
own_199660,Ballylinch Stud
own_1420408,Gianluca Consonni Les Boyer
own_1359248,Blackhurst Racing
own_386156,Wood Hall Stud Limited
own_1414108,Ben Perry Partner
own_580244,Derrick Smith Mrs John Magnier Michael Tabor
own_584008,Ben Sir Martyn Arbib
own_1267620,Multiple Sclerosis Borders Racing Club
own_181996,H L Thompson
own_1318564,Ms Helen C Gordon
own_1399412,Ms D Morley Partner
own_1416988,R P Mayland And Partner
own_1419036,Alexander Bruce Cundall
own_1420396,Turf Club 2024 Racing
own_190472,Dab Hand Racing
own_750416,Patrick B Doyle Construction Ltd
own_1311828,Rjh Ltdfacts Figures
own_1370624,H Redknappb Sheering Obrieng Byrne
own_872824,Middleham Park Racing Xcix
own_1403144,Farnhams Rymers Streets Locketts
own_365944,Pertemps Group Limited
own_1420380,Peter And Diana Williams
own_1331708,Forty Winks Racing
own_585320,Mr Mrs Christopher Harris
own_1407680,Lets Be Lucky Racing 37 David Carroll
own_629172,Middleham Park Racing Xx
own_1394400,K Nicholls N Baines Partners
own_1379836,White Hart Racing
own_817224,Sheikh Rashid Dalmook Al Maktoum
own_1107048,Michael Owen Racing Club
own_936812,Don Sebastiao Partnership
own_1403792,Tim Vaughan Racing Club   Ultimate
own_1351252,Bm Partners
own_1417096,The Ds Partnership
own_1256460,Mark Timothy Davies
own_1142980,Case Racing Partnership Anita J Lush
own_459436,P E Truscott
own_1354768,R W And Mrs Mitchell D V Gardner
own_1169400,D P Howden
own_7296,Mrs J Fowler
own_1182944,W Pope E Legg M Green T Swaffield
own_1276052,Geegeezcouk Om Partner
own_237372,Mrs Mary Devine
own_1130232,Mrs Suzanne Lawrence
own_1321888,Mrs C Hanbury Mrs H Mackenzie Smith
own_1004740,J Blackburn Racing
own_716452,Incipe Partnership
own_977792,G R Orchard Mrs J M Gray
own_1409308,A Baxter S Sowray K Ward
own_1412432,Miss E Quayle
own_637488,Merry Fox Stud Limited
own_169344,Paul Farrell
own_669148,Houghton Bloodstock
own_1317344,Craig Lidster Racing
own_1418384,Wyniers
own_195348,C E Handford
own_1079624,Gethyn Mills B J Llewellyn
own_1195572,Sir A Ferguson G Mason J Hales J Diver
own_44296,Keith F J Loads
own_713768,The Ten From Seven
own_1418548,Gary Winter
own_1343376,The Morestead Pres Partnership
own_1267776,G Critchley
own_240120,The Caledonian Racing Society
own_1254168,Noel Fehily Racing Syndicates Tahmuras
own_1344436,Exors Of The Late N W Lake
own_1347580,A Scrimgeour Mrs V Shaw
own_1218780,Ms J Bennett
own_837500,Bryan Drew
own_1280524,Isa Salman Abdulla Al Khalifa
own_716832,Martin Hughes Michael Kerr Dineen
own_25164,P W Harris
own_1396520,Hill Top Equestrian Centre Ltd
own_156040,Mrs Jane Chapple Hyam
own_1252588,Haigney Bloodstock Ltd
own_1296488,Holtmacnabbrobinsonmiltontuckerweedon
own_344188,Andy Peake
own_1247568,Ismail El Magdoub
own_1222780,D Hague
own_8344,Mrs E Roberts
own_453148,The Rockbourne Partnership
own_1244972,Anwar Badri
own_1349652,The Oas
own_101740,Mrs P Sloan
own_1303356,Fine Claret Racing T S Ingham
own_710884,Oliver Greenall
own_196644,Mrs J Morgan
own_896584,Eddie Melville
own_1210148,Daniel Shapiro David Clifford
own_240656,Middleham Park Racing Viii
own_982116,Nick Bradley Racing 2 Mrs E Burke
own_1260896,Amo Racing Limited Giselle De Aguiar
own_1162664,The Dilinquents
own_1201120,Keep Kicking Racing
own_934840,Ingleby Bloodstock Ltd The Ivy League
own_1383032,A P Challoner
own_1212324,Buckingham Chapman Langford Ritzema
own_1404320,Middleham Park Racing Mrs D J Brown
own_1019164,Nigel Hawke Racing Club Partners
own_1254780,Owners Group 099
own_1414568,Mal Bloodstock Ltd
own_834920,Andrew Sarah Wates
own_1250164,John And Yvonne Stone
own_1242364,R Peters And T Ford
own_1298068,Gouldenhopgood Gilliesmethvensanderdson
own_1399600,John Elliot Partners
own_1255968,Kehoe Wymer Russell
own_853152,The Mount Fawcus Partnership
own_821760,Ken Lawrence
own_1258376,Jackdaws Antiques
own_980708,Slater Stockwood Nicholson Partnership
own_151948,G C Myddelton
own_1253432,Dont Hold Me Back Syndicate
own_1168044,The 119 Partnership
own_51112,David M Richards
own_105760,R M Penny
own_1374656,The Day Dreamers Partnership
own_795092,Sarah Wayne Dale
own_1402024,Brendan Mcmanus
own_1130036,Bullen Smith Faulks
own_1351460,Richard Johnson Racing Imperial Saint
own_168696,Diarmuid Horgan
own_1353948,Keatley Racing Owners Group 1
own_619164,Gay And Peter Hartley
own_1385240,Del Boy Partnership
own_363144,Richard Berry
own_1416712,Pay The Bill 2
own_1414756,Price Walters
own_648172,Andrew Gemmell
own_1407444,The P B Partnership
own_1400720,Stoneacre Racing
own_451608,Midd Shire Racing
own_724852,The Brambles
own_1052660,David Lockwood
own_1312352,Heart Of The South Racing 132
own_1407152,Value Rater Platform Limited
own_1257068,Gun Dog Gin Limited
own_1377352,The Pp Partnership
own_3888,Mrs Helen Hogben
own_1398424,Mrs P Johnson Partner
own_1353264,A Baker D Slack M Wilson Partners
own_1407016,Value Racing   Devasboy
own_1258816,Aire Valley Campers Ltd
own_920268,A C Cook
own_1265912,Scott Paul James Dixon
own_34412,J H Widdows
own_1410560,Value Racing   Cairn Gorm
own_1309768,Jim And Claire Limited Partner
own_173404,B J Meehan
own_747356,T A Rahman
own_894440,Brightwalton Bloodstock Ltd
own_1235352,Alan Barbara Brown
own_1403312,Colbert Stud
own_182820,Whitestonecliffe Racing Partnership
own_1364904,The Legacy Group Racing Club
own_1377852,Dan Donoghue Hilary Pridham
own_1420196,Johnson White Racing   Idaho Bridge
own_718532,Adam Clare Signy
own_1419768,Exors Of The Late Mr A Rutherford
own_829908,Pillhead House Partners
own_1347352,Hour Of Glory
own_1373552,Running For Fun Partnership
own_1362352,Hicky Parmar Racing I
own_2648,B E Nielsen
own_1301896,The Applejacks
own_1086656,Millingbrook Racing Partners
own_898036,Mrs Bridget Henley
own_1405176,C Spencer Herbert M Herbert
own_1403172,Noel Fehily Racing Syndicate   Claim Du
own_1352916,Gordon Clements
own_1410652,Sussex Farmers Racing Club
own_1215328,Canter Banter Racing 2
own_2164,J R Salter
own_390096,Mrs J Way
own_1401608,Price Walters Woodborne Pearce
own_1404132,The Ladies Gents Syndicate
own_1403980,Kevin Pickard John Middleton
own_1309472,George Bamby
own_986876,Michael P Tudor
own_838364,Mrs V James
own_643428,The High Altitude Partnership
own_1351992,Livin The Dream
own_1372852,Tom Omalley
own_631456,Lady Caffyn Parsons
own_1270172,Khalifa Aldoseri
own_1417400,Brownsbarn And The Jmr Partnership
own_1384176,Miss Emily Carroll
own_1381548,Georginio Rutter Jinky Farms
own_1305240,Beyond Redemption Syndicate
own_1354972,Iwec Electrical Racing
own_835128,T W Johnson G Maxwell
own_1294296,Mrs L Nixon
own_208100,Henry T Cole
own_1414804,W Watt And J Lalor
own_864188,Easy Going Racing
own_1290328,Fwittery Racing
own_1077504,K Mckenna
own_1126280,Canter Banter Racing
own_1022436,The Culverhill Racing Club
own_1191548,Rskm Bloodstock
own_1350564,Miss G Tuck
own_1201396,Graham Clarkson Andrew Smelt
own_1067980,Mrs Giles Pritchard Gordon
own_1366636,Mtrc And Appleton Racing
own_1385960,The Paradise Mob
own_1189244,Doyoufollow Partnership
own_1241708,The Cool Runnings Syndicate
own_241656,Mrs Helen L Stoneman
own_1331316,Stockley And Partners
own_1299844,T Acott L Cross Sean Cross P Johnston
own_1110928,Alastair Ralph Racing
own_1369632,Mrs Mona Ann Masterson
own_1297168,Micro Managers
own_1256444,Geoff Nicholas Susan John Waterworth
own_1236320,Sailing To Byzantium
own_1013140,Greenfield Racing
own_1305696,Len Jakeman Mrs Jane Williams
own_1142796,Charles Pelham Henry Pelham
own_1206536,Having The Craic
own_1174120,A J Wall Briton International
own_53980,G B Barlow
own_538332,Charles And Rachel Wilson
own_133548,Mrs T Brown
own_1407808,The Old Guard Syndicate
own_572824,Samuel Jefford
own_1364136,The Lee Family A Stennett J Wright
own_507784,O C R Wynne Mrs S J Wynne
own_1137588,Oliver Signy Racing Club
own_1414660,South Omo Zone Middleham Park Racing
own_1218160,Premier Thoroughbred Racing Ltd Partner
own_1278248,360 Racing Club
own_1179088,The Meagher Family
own_938392,Dave Redfern
own_954572,The David Dennis Racing Club
own_1134460,My Racing Manager Friends
own_1316052,Bishop Kench Croothymas Scholefield
own_1271296,Kettledrum Racing
own_1420092,Nathan S Mill
own_1411360,Blubloodstock Racing Club Poc
own_781112,Ontoawinner 1
own_1400512,John Murphy Miss L A Perratt
own_1259824,Rjh Ltd And D Padgett
own_1327860,Ms Janelle Cao Ross Harmon Partner
own_941168,Ray Flegg John Bousfield
own_1092236,Iain Jardine Racing Club
own_1366224,Middleham Park Racing Ii And Partner
own_1342788,Linda Perratt Racing
own_1087144,Ontoawinner 8 And Partner 4
own_1380680,Dydb Marketing Briton International
own_1354072,G Grissell Mrs A Lynch P Edwards
own_954408,Fitorfat Racing
own_1364768,The Sypel Partnership
own_826800,Mrs H Plumbly J Trafford K Deane S Holme
own_574912,Mrs Zara Tindall
own_1407024,The Raspberry Ruffles
own_1130884,L Gill
own_1383416,Charlie Huggins
own_109480,Mrs V Palmer
own_802836,Mareildar Racing Part 1
own_779776,Simon Christine Prout
own_1363528,The Panhandlers
own_1253948,Hale Sargent Evans Clifton
own_1363772,Alex Hales Racing Club
own_450216,Homewoodgate Racing Club
own_1416544,The Hayes Sports Partnership
own_705364,W G A G Vestey
own_1322804,Albermarle Racing
own_1025412,Mrs I Hodge
own_125052,Mrs R Jowett
own_1408784,Only Racing Fans
own_1404328,The Carlton Racing Syndicate
own_1410376,Burrishoole Boy Racing Club
own_1259636,Gavin Teversham
own_1393380,Hold My Beer B Hague Partners
own_490060,Anthony Ward Thomas
own_1242024,Foxtrot Racing Bolintlea
own_1366980,The Dominae
own_1415564,Surrey Racing Spg
own_1077280,Mrs Emma Palmer
own_1296348,Gmg
own_586500,The Somedays Here Racing Partnership
own_1366944,Harry Fry Racing Syndicate Hello Cello
own_1410104,Richard Bailey And Max Comley
own_1401792,Foxtrot Racing Varinia
own_1408276,Owners Group 119
own_1079016,The Burling Family Ltd
own_1135164,Kingswood Stud Limited Hants
own_1420088,Ladies Wot Race
own_1143488,J Drake
own_1407708,Glassex Turner
own_1401468,The Bellamy Quintet
own_1322768,D Charlesworth D Turner
own_1192120,Ledwardian Legacy Partnership
own_1322592,The Gustoso Partnership
own_1289276,Betfred
own_1251244,Tynewydd Investments Limited
own_1138208,Lady M Pritchard
own_334080,The Seasiders
own_1302028,Clive And Sue Cole
own_1349920,Pimlico Racing   Fitzdares Cotswolds
own_1307928,Mrs C Marsh
own_1347792,Baker Cartwright Langford
own_1265744,Street Wise Syndicate
own_1307680,Mrs C S Muddle
own_1210488,Friends Of Ebony Horse Club
own_1416364,K Loads T Ellis
own_32664,B Dowling
own_1238484,Team Burton Ray And Warburton
own_1237176,Green Team Racing
own_1391716,Pompey Ventures 4
own_1134452,John Cook Partner
own_1046792,Mrs R J Mccreery
own_1389332,Miss Eleanor Wellesley
own_1405376,Phil Cox And Partner
own_357900,Sir Alex Ferguson
own_746540,John C Davies
own_1378340,Melissa Cooke And Laurence Bellman
own_1372560,Pompey Ventures 5
own_1100716,Weathercock House Partnership Partner
own_1247696,The Lovat Family And Partner
own_1055852,Twenty Four Carrot Racing
own_1105572,Solario Racing Ashridge
own_371280,A M Pickering
own_1409676,Champagne Boys
own_1206684,Juddmonte
own_1369852,Mrs Daphne Finch
own_1389556,Pompey Ventures 6 Partner
own_1419340,Mohamed Saeed Al Shehhi
own_75832,R Cotter
own_516076,J Stevenson
own_1131556,Co Foundations Ltd
own_1238464,A V John
own_521244,D V Stevens
own_1416972,Charlton Haynes
own_1237460,Julia Mansfield
own_1239080,The Brave Bunch
own_1341008,Racing Knights And Liam Murray
own_1414292,The Two Sisters
own_598896,Martin Broughton Friends 1
own_1368884,Jos Lovegrove Fielden
own_1365672,The Hck Syndicate
own_494448,Gary Hopkins
own_1419928,Newstead Priory Racing Syndicate
own_1290868,Ms Gwendoline M Clarke
own_1364512,The Close Shave Partnership
own_741940,D W Fox
own_173728,The Winning Team
own_481420,Paul Riley
own_1272008,M Greaves
own_1318056,M S Cresswell
own_1240436,The Franglais Partnership
own_58476,W J Evans
own_1260400,Maughan Redknapp Ryan Salters
own_813528,Ms G Howell
own_1361580,Mrs L Hughes
own_1345924,Botticelli Racing
own_1358640,Touchwoodexpress Syndicate
own_474432,R N Bevis
own_967368,Catch Twenty Two
own_1372568,Martin Keighley Racing Partnership 21
own_360196,Mrs Norma Harris
own_893012,R L Baker
own_1392492,Paddy Brennan Racing Syndicate
own_1300112,Sharon Nelson Vicki Robinson
own_890200,Middleham Park Racing Xciv
own_1233808,Liam Murray
own_1264188,Mrs K Elliott
own_1293404,Dudgeon Loudon Monroe Morris
own_646420,The Adlestrop Club
own_71356,J M B Cookson
own_1315216,Steven John Matthews
own_365796,Ludlow Racing Partnership
own_1234524,W Corrigan Racing
own_337244,Middleham Park Racing Xvii
own_1337264,Ursa Ellerby Partner
own_1241048,Highclere Tbred Racing   Snowy Clouds 1
own_1295172,Hip Flask Racing Mr
own_522508,West Coast Haulage Limited
own_1362644,Halsall Jensen Lukas Purves
own_1384624,Roger Harrison
own_1321212,Letsgiveitago
own_1216696,Mrs Louisa Talbot
own_1407696,Team Antonio
own_852064,Ms Victoria Cottingham
own_1364004,Newton Ldp Ltd
own_1406664,Old Gold Racing 26
own_602056,Mrs D J Ralph
own_1126072,Peel Racing Syndicate
own_938016,Mr Mrs Mark Laws
own_949080,B Jones Son
own_802780,R M Brilley
own_187428,Ian Muir
own_1419788,Elliot Graham And Tristan Davidson
own_815400,Ian Furlong
own_1367872,Douglas Boddy
own_878648,Middleham Park Racing Cii
own_1398544,Mr Mrs Wf Ainscough
own_1378352,P Trainor And Mrs G Rowland Clark
own_613656,John Stocker
own_896400,The Harefield Racing Club
own_1384628,The Barbury Lions 8
own_110788,Rae Guest
own_1376960,Keatley Racing Owners Group L
own_795088,Shawthing Racing Partnership
own_243604,Stewart Andrew
own_445076,Adrian Butler
own_696304,Andy Parkin
own_649164,John H W Finch
own_1412268,The Late Sir T Pilkington Mrs S Rogers
own_1224376,V7 Recruitment Ltd And Partner
own_1397392,Summer Rain Syndicate
own_1417900,Mcneill Family Paul Nicholls
own_722880,Miss S Mcqueen
own_618424,A Honeyball
own_1419780,Mrs Donna Shurmer
own_1365348,The Golden Roosters
own_1241904,Racing On Together Club
own_1065996,A S Associates
own_605284,Mr Mrs R Scott
own_474852,Foursome Thoroughbreds
own_1181152,Owners For Owners Luttrell Lad
own_868284,Mrs E Weld
own_1326808,Neil Smith Alfie Smith
own_1188164,Susie Bob Frosell
own_1112984,Mrs C Casterton Mrs J Morgan
own_936344,Mmg Racing
own_713404,Mrs Janet Cooper M E Sowersby
own_1188564,Sophie Pauling Les De La Haye
own_336792,Malcolm Berryman
own_1345628,West Country Hillbillies 1
own_1347992,Midlands Quintet
own_1188528,Owners Group 057
own_645160,Mr And Mrs Paul Chapman
own_1176952,Mrs Marina Kent
own_1410256,The Caulkheads Partnership
own_1401464,Owners Group 137
own_1066228,Mrs L Osborne
own_1408808,Mrs Gabrielle Mcneela
own_878920,Helen Plumbly Kathryn Leadbeater
own_1373572,Affiliate Racing Camino Rocio Syndicate
own_398748,Terry Sarah Amos
own_798108,Chris Baldwin
own_1363648,Mrs Joanna Jensen
own_1390252,J Winfield
own_800460,Monday Boys Partnership
own_1345932,Dejeuner De Dames
own_952672,Sir John Timpson
own_1399628,The Pant Wilkin Partnership 003
own_613932,Mr Mrs Gordon Pink
own_228780,Ms Jane Southall
own_1399832,Jean Allen
own_1402872,Exors Of The Late Mr Mark Bradstock
own_915024,Northern Marking Ltd
own_1415460,Giddy Up You Good Thing Racing Syndicate
own_170512,Trevor Gallienne
own_198568,White Rose Racing
own_856076,Mick Appleby Racing
own_1239116,Katie Scott Racing Syndicate
own_889448,A M Caygill
own_1342504,Horn And Trumpet Lads S A Mares
own_1086424,Mrs B Chantler
own_964636,Nigel Franklin
own_1173260,Jamie Perkins Partner
own_1326548,Jayant Pindolia
own_1276664,Barker Creighton Davis Kent Partnership
own_1328180,Sbk Racing B J Parr Racing Ltd
own_474236,W P Flynn
own_1355536,Urloxhey Racing
own_702368,Denford Stud
own_178228,H Smyth
own_1306472,Rjh Ltd And Facts Figures
own_813052,Peter Mellett
own_1406236,Value Racing   Jack Hoola
own_1404908,Dan Skelton Racing Staff Syndicate
own_1322368,The Apaches
own_1360576,Randall Orchard Gary King Partners
own_1363620,The Nevers Racing Partnership Iv
own_892276,Hambleton Racing Ltd Xxxiv
own_827604,S J Cox
own_159724,R A Ross
own_1335016,Kennet Valley Syndicates I
own_1332904,J B Wallwin J B Barlow
own_1217240,The Zara Syndicate
own_1294292,Mike Izaby White Partner
own_1398408,Grey Gold Partnership
own_1363748,S Lowther D Mccready
own_1395604,F J Mills W R Mills
own_1229736,The Reel Wheelers And Dealers
own_1195552,Balkardy Breezers
own_1191688,A F Nolan
own_125624,Mrs Susan E Mason
own_1418896,Malcolm Jones And Partners
own_1410096,Le Pigeons
own_1406000,Funky Monk Essex Ltd
own_1361704,Old Gold Racing Tim Cottier
own_1412792,Racing To Profit Syndicate G Walford
own_1286220,Mrs F Hook
own_1150320,Jamie Hambro
own_1332776,On The Rocks
own_1403564,Kate Fisher Sally Hall
own_1365984,Premierplasteringuklimitedthemurphys
own_986244,Alan Udale
own_1407648,Tynedale Racing Partnership
own_878164,R M Howard
own_1409024,Nazare Racing
own_390572,You Can Be Sure
own_1409668,The Eternal Optimists 2
own_1364728,Susan Corbett Racing
own_1408668,Haydock Park Racing Company Limited
own_1294652,Greener Day Racing
own_1187312,Miss C Lees Jones
own_1239056,Martyn Royston Davis
own_1342884,Bedford Noel The Cant Say No
own_1297636,Money Down The River
own_661492,Kevin Anne Glastonbury
own_1293760,Mcneill Family Ralston Family
own_1312252,The Waterberry Partnership
own_643376,S A Harris
own_331048,Martin Tucker
own_1265240,D P Walsh A Barry
own_1365352,Trembath Nisbet Hughes Wright
own_1392500,Race4Fun The Nelson Partnership
own_710624,Mrs Barbara Butterworth
own_1404316,Kimos
own_1256624,Mrs J Walker
own_966544,Margaret Coppola Dianne Sayer
own_1256476,Ian Nicol Racing
own_1355104,Cakemuir Racing
own_1398404,Any Excuse
own_1419356,Jrfb Limited
own_367284,Inside Track Racing Club
own_1030696,Fillies First
own_1348716,John Faulkner
own_1419344,Ewart Drew Kesson Phillips
own_1417512,J Fyffe K Mercer
own_1010896,Mrs Margaret Coppola Mrs Dianne Sayer
own_1288012,The Jemsters
own_490448,Ms Michelle Harris
own_50500,J Daniels
own_985144,M I Pattinson Racing
own_1371072,Mick Wright And Partners
own_1065720,Cccp Syndicate
own_1409016,Wilkinson Garnett Mcmullan
own_1366976,Niall Halley
own_1352920,The Late Boumers
own_1225716,Nas Syndicate
own_1262392,Ms Caroline Instone J S Moore
own_822396,Mrs Barbara Coakley
own_1292588,Cragerhassiakosmoorheadcollins Ptr
own_744540,Epsom Racegoers No 2
own_1348452,Old Gold Racing 20
own_363400,Les Buckley
own_864472,The Rat Pack Racing Club
own_1872,V Thompson
own_1240884,Chicken Hutch Racers
own_1278104,Forever Amber
own_92624,F Willson
own_1403324,The Vernon Girls
own_1283692,Duncan Mccready
own_633148,Rug Grub Pub Partnership
own_1240504,Roundabout Magic Racing
own_970200,Mark Wellbelove
own_1352276,Garry Thexton Chris Grant
own_1381816,Mark E Smith And David Lestrange
own_1388668,Virtue Aerospace
own_811372,Arjun Waney
own_1258656,Akela Thoroughbreds Limited
own_864488,I J Jardine
own_1379852,Lady I Ms Catriona Good
own_1195772,Thomas Fearn
own_1374672,Rhona Erin Donnelly
own_1193068,What A Time To Be Alive 2 Partner
own_1392272,A Mithen A Rogers And Mrs S Rogers
own_1419352,Dancing Terror Syndicate
own_1312468,Michael Blencowe Partner
own_1265060,Hugh Connor
own_8032,Miss Julie Camacho
own_1262084,Liam Tougher
own_1206928,Roscourt
own_1391564,Darrell Torrens
own_1373764,Owners Group 126
own_1011700,Jonny Allison Partner
own_1419332,Frustration Racing
own_1348760,Varian Racing Ix
own_1388940,Teme Valley The Parmar Family
own_944792,Naser Buresli
own_18572,A D Spence
own_237888,Sheikh Hamdan Bin Mohammed Al Maktoum
own_1088100,Ms Leslie Clune
own_1167564,Mrs T Burns Emma Evans
own_1417936,Lee Bond Robert Matheson Partner
own_835388,A Dale
own_1334680,Bob Andrew Mcmillan
own_1386292,Simmonsfine Claret Racinga O Marnane
own_1389132,The African Warrior Syndicate
own_1372548,Harswell Thoroughbred Racing I
own_28292,Miss K Rausing
own_1409680,David Lestrange And Partner
own_1255264,The Cricketers
own_1409204,Noel Fehily Racing Syndicate   Jackie
own_1403180,E Knowlton
own_1418388,Paddy Brennan Racing Syndicate Blg
own_1410248,Ben Clarke Racing Ltd
own_1409200,Jones Racing
own_1419316,Thomas Gallagher Partner
own_1355572,Raymond Allen
own_159452,J J W Wadham
own_879164,Middleham Park Racing Cv Partner
own_1407308,Rc Syndicate X
own_585692,Mr Mrs K R Ellis
own_630348,Middleham Park Racing Xlvii
own_1295196,The Lunatic Partnership
own_1179156,Sir Francis Brooke
own_638560,Mr Mrs R Kelvin Hughes
own_937056,Norman Lake Susan Carsberg
own_1414308,Mrs Martine Scott
own_1411032,The Doublethetrouble Partnership
own_1409656,Chris Lowther Joseph Bell
own_1321696,Bob Bishop Simon Hunt And Family
own_721472,Mrs Lucie Botti
own_1419336,Miss Ellie Gardner
own_1305048,The Late M R Barnwell Mrs Cj Barnwell
own_1292176,Moger Woodhouse
own_1262592,Messenger Family And John Reed
own_1348764,J Saxby M Simmons G Yalbur
own_1300752,Youneverknow
own_1407652,Gary Allsopp Mark James
own_1361156,J Carthy Patrick John Obrien
own_1085832,Mrs E Avery
own_1405648,Dfa Racing Pinkedwards Sharman
own_1359104,Beard Beard Ford Langford
own_1297016,Foxtrot Racing Quick Sharpener
own_1287776,Old Gold Racing 14
own_1295972,The Val Dancers
own_1416248,John J Brennan Martin Hannan
own_710872,Mcneill Family
own_1351012,The Wise Guys Girls
own_1290880,Foxtrot Racing Snipe
own_12220,Miss P Morris
own_1292184,Pearsonjennerhawkingsdunfordharding
own_850684,M W Pendarves
own_590136,Bryan Philippa Burrough
own_1115132,Mcneill Family Ian Dale
own_1299916,Charlie Walker And Jonny Craib
own_1410380,Utb Racing
own_1401068,Will Davies Dr Tom Davies
own_1305396,Lady Sutton And Caroline Sutton
own_720616,Mrs C Knowles
own_1212136,Alexander Mcgarrity Morris Parker
own_196560,J M Tomlinson
own_1133872,Lady Cobham And Dauntsey Park
own_1127036,Mrs H Watson
own_1203176,The Welly Wobblers Club
own_1295408,Noel Fehily Racing Syndicates Hansard
own_1315300,The Optimists Syndicate
own_1413276,Raceshare   Gibbs Island
own_1406704,Billam Roe Swindell Wilson The Molds
own_682068,The Oakley Partnership
own_1318944,S Clare G Kennington C Knowles J Reed
own_1352580,Hot To Trot Jumping And Ffl Bloodstock
own_1145980,Manhole Covers Ltd
own_1195564,M Boothright R Lloyd
own_1184904,Ardroe Developments Ltd
own_858128,Langleys
own_1239592,The Winterlee Partnership
own_1352140,Harry Tincknell
own_1085844,Cw Racing Club Ursa Major Racing
own_1295164,Fifty Shades Ovhay Partnership
own_1354776,Sierra Pacific Pioneer Racing
own_1252116,Kevin Anne Glastonbury And Neil Bibby
own_784380,Ingram Racing
own_195868,The Knavesmire Partnership
own_737116,Matthew Taylor
own_109988,Ray Craggs
own_1343568,Carter Brae Racing
own_1383640,Claret Collective
own_469868,P T Midgley
own_1116044,Mrs Lauren Hart Partner
own_1378736,Mrs Karen Crawford Partner
own_1412444,Martyn Brian Clemence
own_1246336,Peter Adams Partner
own_1396536,J Kay T Goodair
own_1405456,Smash Gc Racing
own_1419116,The Imperfects
own_226828,The County Set
own_1416992,The Friday Lions D Tunmore
own_384360,Dr J Walker
own_1303360,Reiver Racing Syndicate
own_1415176,The Stay Between The Ditches Syndicate
own_973588,Belbroughton Racing Club
own_992184,Mrs Christine Osborne
own_16984,John Whyte
own_1410404,Value Racing   Counsel
own_1258836,Lpog21 Partners
own_1266384,R Nugent
own_1256296,The Escapees
own_336232,Aiden Murphy
own_1328408,Efex Racing Club
own_681328,Mrs R Gifford
own_1372340,Edwards And Spells
own_1353236,R Humphrey O Humphrey A Favell
own_1286252,Ron Ford
own_1352892,Owners Group 123
own_994764,The Friday Lunch Club
own_1246200,T Allan And Mrs H Allan
own_1368700,Keep It In The Family
own_985120,Robert P Clarke
own_365380,Steve Ryan
own_1319860,Macintosh Knaggs Partnership
own_1331832,P Merritt K Lawrence P Cook
own_1369172,Woodhurst Withernsea S Ryan
own_921664,Liam Kelly Mrs E Burke
own_1196964,The Seahouses Syndicate
own_1410916,Jimmy Fyffe Mrs Breda Keatley
own_1292320,Henrietta Knight Racing Syndicate
own_1065408,Mark Albon And Gary Moore
own_1195440,R P Holley
own_679984,Miss R E A Menzies
own_1409568,Mrs M Doyle And Partners
own_1004452,B Padgett Racing
own_1418892,Michael P Tudor Ballylinch Stud
own_1419124,Asgard Thoroughbred Racing I Partner
own_455844,Mrs Bettine Evans
own_1412936,Turcan Dunning Roll The Dice
own_1238244,Graham Christine Seward
own_1297176,Noel Fehily Racing Syndicates   Moviddy
own_1388372,Elb Bloodstock Ltd
own_1125172,Katie And Brian Castle
own_1301608,The Northern Racing Club
own_926860,The Oakwood Nobels
own_170240,Quicksilver Racing Partnership
own_205016,The Sheroot Partnership
own_628244,Mrs Rosemary E Hobson
own_667812,Mrs Lyndsey Shaw
own_1306396,Beccle Clay Fleming Partner
own_1321944,Johnny Hall And Mrs David Nutting
own_241696,Anthony Rogers
own_1215972,Stuart Bond
own_1415032,Liam Reidy John Mcenery
own_1419052,Tactful Finance S Roden T Solway
own_132928,Ms Rachel D S Hood
own_1076680,Gb Civil Engineering Leicester Ltd
own_160748,M Doyle
own_30488,T M Jones
own_1384084,Richard Crowe
own_638380,Robin Stevens
own_240924,Matt Bartram
own_788628,A Mills
own_1239760,Ruby Red Racing
own_1417520,Mrs C Wymer
own_1410532,M Mathews R Jefferson
own_363140,C N Barnes
own_1011728,Jacobs Construction J Harley
own_1178928,Nick Bradley Racing 38
own_1361600,The Gambie Gang
own_1419032,R Pallas
own_1375708,David Walter Heys
own_126420,G T H Bailey
own_1305352,Gane And Nicholls
own_1043564,J W E Bevin
own_1415172,Nk Richards Lb Doyle Mk Shore
own_31060,R Tate
own_1240584,T Acott L Cross S Cross
own_1028664,Alan Jamieson Site Services Ltd
own_997292,Alan Wight
own_107040,Evan Robert Hanbury
own_1324252,M Buckley C Noell
own_581204,Mrs Judith Ratcliff
own_159412,Denis J Barry
own_1413852,Mrs R M Serrell
own_1382156,Payne Bell Severs Moffatt Corbett
own_237064,Tees Components Ltd
own_1411604,Paul Bartlett Djm
own_1413224,S Russell
own_837116,Paul Collins
own_1400964,Mrs Helen Cole Racing
own_1419428,Capt Rupert Margolis Ra A Wiles
own_1419420,16 Regt Ra Capt Douglas White
own_1419424,47 Regt Ra John Nicholls Racing
own_1419432,Lbdr Sally Randell Ra
own_1363696,12 Regt Ra Rc Syndicate Ii
own_516240,P And Mrs G A Clarke
own_1233172,Misses P F Simpson
own_1350476,Turcan Dunning Adams Gilmour
own_1109612,Greenfingers Syndicate
own_796184,Walters Plant Hire Spiers Hartwell
own_1351284,Tina Taylor
own_1214640,Unique Financial Racing Partnership
own_1085564,Paul Byrne
own_1402048,Shake Hands Partnership
own_1365332,Wynnstay Wanderers Ii
own_861312,R Mitford Slade Lucy Johnson
own_1403988,Pepperdrum Racing Syndicate
own_977208,Dont Tell The Missus Partnership
own_1244928,B B Racing Club
own_1410892,P Jonathan Griffin
own_1140256,Weight Howe Oliver
own_1190472,Oap Ii
own_921492,Chris Mcsharry
own_828216,Alistair Price
own_1408460,B D Haynes Partner
own_1342116,Claymore Racing   King Of Answers
own_128864,J B Wallwin
own_1403156,Advantage Engineering Ltd Tas Wrr Uk
own_618452,Mutual Friends
own_1350024,The Norahs Legacy Partnership
own_1376616,Bbs Partnership
own_1348752,Blue Collar Partnership
own_719788,Mrs Anita Nicol
own_807172,Wackey Racers Harefield
own_1371804,The Capstan Partnership
own_697896,Jan Peter Hopper Michelle Morris
own_708964,Mrs Sue Teal
own_1325024,The Betty Channon Syndicate
own_1398432,Middleham Park Partners M Watmough
own_1399852,Mr Mrs S D Turner
own_1247468,Valmont Ballylinch Stud
own_1381748,Ian Wight Tony Lyons And Ptnr
own_95660,T Smith
own_1392132,Jolly Boys J S Moore
own_1378760,Mrs D Joly Partners
own_731104,S G West
own_1324084,Cambridge Racing West And Evans
own_1332764,Bolton Mill Racing
own_1025716,Swallowfield Racing
own_654252,Notre Cheval Partnership
own_976756,The Colin Tizzard Racing Club
own_135724,J Tierney
own_588348,Falcons Line Ltd
own_1304976,The Merry Makers
own_1408112,Nevers I And The Escape Artists
own_1243612,Mcneill Family Stone Family
own_88260,S Oliver
own_1402784,Richard Johnson Racing  Oh My Johnny
own_1370532,Nothingbutthetruth
own_246060,Mrs M C Sweeney
own_1369188,Hft Limted And P J King And Son
own_1300900,Fiona Alderson
own_1410536,Pompey Ventures 8 Partner
own_1384120,Martin Hughes And Bob Morris
own_1347336,Gillman Int Plywood St Quinton S Daniel
own_1291340,Mrs G Collier
own_568948,The Boot Inn Partnership
own_1402764,Gentech Mcleish
own_1086944,Max Comley
own_923036,Canard Vert Racing Club
own_629440,Hugo Merry
own_163952,Christopher Mchale
own_1416372,G Mason J Hales P Hogath Sir A Ferguson
own_1402880,Primitivo Racing
own_1021496,Jon Jacqueline Hughes
own_1037384,Mrs Beverley Bostock
own_1195768,Optimumracing Co Uk Andrew P Bell
own_175300,Mrs C J Dunn
own_777184,Mr Mrs D R Guest
own_1215888,Jastar Ltd Murt Khan Harry Wigan
own_1250320,Orchard Garden Syndicate
own_1408556,Andy Clarke Stella Barclay
own_381152,Five Go Racing
own_1299928,Surprise Syndicate
own_1265788,Dominic Griffiths And David Kavanagh
own_863648,Middleham Park Racing Lxv
own_1189272,Mrs Helen Sugden
own_587324,Odds On Syndicate
own_1344448,Rc Syndicate I
own_877636,Kevin Frost
own_1408988,A Barker
own_14500,Paul Thorman
own_1042912,Ms Charlotte Barber
own_252124,Clive Washbourn
own_881584,Withers Winners
own_859400,J N Greenley
own_1374128,Surrey Racing Ss
own_1409336,Mark Ashton
own_849100,Mark Albon Chris Stedman
own_1028536,Apache Star Racing
own_1242372,Hereford Racing Club
own_1214084,S Rain
own_16732,Tom Ford
own_1372332,W P Flynn Friend
own_31020,D J Oseman
own_727528,Gerry Dolan
own_1404940,Rc Syndicate Vi
own_1303664,Xenon Workplace Partner
own_1407012,Luke Oliver Vallance
own_1062620,Wintle Racing Club
own_1312340,The Horse Watchers 10
own_29460,P W Hiatt
own_234480,D Pipe
own_1289292,Darblay Partnership
own_1252740,Mtm Passive Fire Protection Ltd
own_1323236,Dalwhinnie Bloodstock R Kent Partner
own_1242216,Lets Be Lucky Racing 34
own_243900,Timothy Jones
own_577592,Trevor Campbell
own_1017288,David Kellett
own_1349944,Six Franks Racing
own_387504,The Yes No Wait Sorries
own_1370556,Mrs Sue Lowen Partner
own_53908,Prince A A Faisal
own_1393976,Rc Syndicate Vii
own_1407692,Martin Woods
own_28828,W M Aitchison
own_1238252,J Matterson J Douglas Miller
own_1193604,John Dickson
own_154312,M Stanners
own_1359460,Johnny Jump Up Racing
own_1286228,Burkes Syders
own_751236,Darren Langley
own_1298728,Land Of Burns Racing Club
own_1197244,Mousetrap Racing
own_1309748,Callum Whillans
own_1007808,Ladsdoracing
own_1270328,Mclaffertywhillans Topkapi Partnership
own_1402072,The French Link 2
own_1409312,The Conquerors
own_1233560,Glorious Days Racing
own_1375980,Ivinson Mandleannett And Gibson
own_1360708,Mark E Smith And Keith M Hawes
own_466068,Louisville Syndicate
own_1403328,Turcan Dunning Borwick Maclay Trotter
own_1029476,High Country Racing
own_1407008,Jonesnaylor And Jl Syndicate
own_195940,S Mcparlan
own_1196052,Richard Mrs Lisa Mcculloch
own_183996,Nick Elliott
own_1414672,Dr C Kesson N Ewart
own_1238052,Dont Mind If We Do
own_1414432,Owners Group 134
own_771404,Miss V Markowiak
own_451148,C Noell Iii
own_1347548,Greystoke Owners Iii
own_1370024,Noel Fehily Racing Syndicate   Malfoy
own_813512,Mrs Jackie Stephen
own_1105428,The Nelson Racing Partnership
own_1351956,Caherty Stables Racing Syndicate
own_1292808,Mrs E Quinlan
own_1138056,Td9 Racing
own_1264216,A J Graham S Hollinshead
own_1417072,Future Champions And Partner
own_831664,Six Pack
own_926732,Damien G Wingrove
own_1406460,Gee Gees Racing Dylan Cunha
own_1418224,The Little Soiree Partnership
own_175464,P York
own_7508,Don Cantillon
own_509760,Douglas Taylor
own_1418900,N Jolley J Barnard C Kennedy
own_1307088,Ms H N Pinniger And Partner
own_653444,Evan M Sutherland
own_1251600,Chasing The Dream
own_1294624,Paye Darsey Jamieson
own_340868,P J Cave
own_1249096,Tom Wheeler
own_1383668,Alwens Digweeds
own_1096600,The Wychwood Partnership
own_1370020,Maximum Racing  Haarar
own_22796,Peter Green
own_1257096,Mrs S D Pearson Ollie Pears
own_1289624,J Pfitzner
own_1220764,Marsh Kelly Meacham Davies Mordaunt
own_1345388,Noel Fehily Racing Syndicate   Melusine
own_1362240,S Harvey And M F Harris
own_1408096,Steven Mckay
own_1415468,Mrs D S Aldous
own_1410912,Hold My Beer B Hague M Lee A Duffus
own_1409544,M Buckley P Platts E Swires The Bfrp
own_694224,Hugh T Redhead
own_1186328,K M Harris
own_1237440,Cox Russell Lloyd Finnegan Scanlon
own_1416976,Louis Jacobs J Burrows
own_1408088,Ms T Roach
own_1400968,Nigel Sanders And Ella Pickard
own_624024,A Good Days Racing
own_138124,Mark Rimell
own_1312184,Dallyn De Wilde Haggett Metters Yeo
own_1098888,Mrs L Bowtell P Bowtell
own_1375996,Mike Mccormick
own_1322244,Geoff Kennington And Geoff Nicholas
own_1340760,The Chris Honour Racing Club
own_1129672,Venetia Williams Racehorse Syndicate V
own_1348776,Bbgg Racing
own_1316800,Make Mine A Largy
own_653656,Dr Mrs John Millar
own_1401308,Gabb Graham Daly
own_157576,G Thompson
own_11204,P J Hobbs
own_652696,Jimmy Susie Wenman
own_650556,The Pg Tipsters
own_1257280,Ottoline Syndicate
own_569556,Mrs G C Pritchard
own_1128656,Yes He Does Syndicate
own_1142312,The Dare Family
own_1245968,T Hayward Ogorman Walker Patersons
own_1054228,Mrs Marilyn Jane Martin
own_1178336,The Footie Partnership
own_1346260,The Dodger Long Partnership
own_993200,The Holryale Partnership
own_1405652,Value Racing   The Lord Maid
own_1370076,Richard Edward Pullen
own_1297856,The Laura Horsfall Racing Club
own_980260,Cole Gale Levy Mortimer
own_910652,The Tweed Clad Fossils
own_1418400,Mrs Con Okeeffet Osullivana Okeeffe
own_1405552,The Fabula Partners
own_1362356,Mrs Ellen Bate
own_1413820,Roe And Co Racing
own_1349196,Holt Macnabb Robinson Carpenter
own_1294760,David Barnard Nick Courtney Cillian Moran
own_1409536,A D Spence I Madueke
own_1356664,David Mcdermott
own_1417804,G Treacy
own_859740,Allen Monica Powley
own_1399836,On The Gallops 2
own_1336988,The Racing Co Op
own_1202368,Hp Racing Mount Olympus
own_1179368,Martin Webb Racing
own_1418380,Mrs Christine Hopper Ged Shields
own_1413640,Gallus Racing
own_501848,Red Star Racing
own_1383056,Ms Aljazi Althani
own_914312,M Scaife R A Fahey
own_1220708,Chappell Dixon
own_1027452,Spencer Coomes
own_162864,Miss Lucinda V Russell
own_1132360,The Strattonites
own_1335120,R J Ward
own_1406700,Jane Davis And Sara Mould
own_1408780,Noel Fehily Racing Syndicate  Baron Noir
own_1409720,Moores Metals And Philip Moore
own_1418376,Rc Vip Syndicate X
own_1293432,Owners Group 108
own_920984,Royston Morgan Evans
own_1361724,Greystoke Owners Ii
own_252368,Darren Annaley Yates
own_1416548,Quantum Leap Racing Vi Partners
own_1019984,Welfordgolf Syndicate
own_1020332,Walid Marzouk
own_1403168,Mrs Miranda Johnson
own_879812,Andy Sharon Measham
own_1012824,Pitchall Stud Partnership
own_353236,V Scudder
own_1418392,The Gone Girl Syndicate
own_707064,Martin Broughton Racing Partners
own_1310500,The Brooks Stewart Families
own_1294984,Gale Force Wins
own_1273872,Hobbs And Mulholland
own_928332,Gary Ryan
own_12132,Saeed Suhail
own_1010736,J Fyffe J S Goldie
own_1063628,James Fyffe Scott Fyffe
own_1249900,Sir Martin Broughton Friends 8
own_1222320,W Jones
own_15688,Mrs M D W Morrison
own_1031172,Michael And Mrs Norma Tuckey
own_510280,Martin Broughton Friends
own_990856,Robert Abrey Ian Thurtle
own_903364,Mrs Aafke Clarke
own_1243808,Gaskins Family
own_1201848,Derby Bar Syndicate
own_943400,Graeme Moore Kate Andrew Brooks
own_1405964,Exors Of The Late Sir Chips Keswick
own_1190764,Mason Hogarth Ferguson Done
own_1190708,Carl Hinchy Dr Emad Hussain
own_941856,J P Romans Terry Warner
own_478156,Toby Cole
own_1237448,Duck Jordan Wright Dellar Doel Woodward
own_78988,P Hickey
own_1350580,R J Hodges Mrs S L Hobbs
own_911384,Friends From Insurance
own_243624,The Stablemates
own_684784,Fsf Racing
own_1405548,Ferguson Hogarth Mason Mcgoff
own_148876,The Wide Awake Syndicate
own_948632,Peter Beadles
own_1404920,The Odd Couple
own_320564,Gdm Partnership
own_107908,G Fierro
own_1296024,Stowe 100 Club
own_1410540,Richard Swift Arthur Rhodes Partner
own_1171044,My Vein Clinic Syndicate 1
own_1418228,Benjamin Buckley
own_1333044,Ck Racing Trevor Kilbey
own_1329112,A Baker P Dixon
own_1383876,Al Shaqab Racing Partner
own_1374840,Ironhorse Racing Stable Harlow Stables
own_1195060,G B Turnbull Ltd Julie Camacho
own_328292,Anthony Hogarth
own_715464,John P Ferguson
own_1358628,The Dalby Family Partners
own_639516,Crone Stud Farms Ltd
own_837732,Mrs Heather Kemp
own_1117940,Mrs Sallie Lloyd
own_1195216,Stella Barclay Racing Club
own_857612,Charlie Pigram
own_1241488,The Young Bruiser Boyz
own_1318952,Suzi Prichard Jones
own_29264,Sir David Seale
own_1206920,Martley Hall Stud Ltd
own_1410400,Lets Go 365 Club
own_799088,Coldunell Limited
own_1129076,Four Counties
own_1307908,Hollinshead Moulson Silk
own_590140,Ross Harmon
own_1251744,Owners Group 091
own_1007456,D F L Bishop Partner
own_1418220,L Hunt M A Middleton J P Romans
own_1078644,Kayley Woollacott Racing Club
own_1143696,Mrs C D Poulton
own_614664,F J Allen Partners
own_1294280,John Mcgeady Ltd
own_1352452,The Buzzard Syndicate
own_1204388,Mike Green Sally Beech
own_1386740,Trinity Racing Bloodstock
own_699392,Mrs Olivia Hoare
own_1204400,The Winter Partnership
own_1372164,M Hammondmoorland Racingmenzies Am Ltd
own_14732,Richard Lee
own_1373584,Mrs Elizabeth Bingley
own_1366972,Mary Doney Willy Twiston Davies
own_1416360,Exors Of The Late Sir Thomas Pilkington
own_1082812,The Salmon Spray Partnership
own_1239984,Highclere Tbred Racing   Blairgowrie
own_121932,Henry Daly
own_844012,Flaxman Stables Ireland Ltd
own_1312156,Lindsey Nash The Famous Five
own_584080,The Stewart Family
own_1292612,Cobbold Allen Ogilvy Shaw Morley
own_1190688,Sapphire Print Solutions Ltd
own_1131572,Rocking Horse Racing
own_955236,The Green Oaks Partnership
own_1187828,James Rimmer Chris Ames
own_455548,Brahms Liszt
own_1300784,Mark Sherwood Francis Reid
own_46488,Mrs S N J Embiricos
own_1317164,K A Lloyd
own_1243160,Brenda Ansell Jane Goddard
own_1355404,Martin John Hall
own_222944,Leith Hill Chasers
own_1019076,The Hon Lady Heber Percy
own_985276,The Raceology Partnership
own_24504,Charles Wilson
own_1368080,Mrs Debbie Rees
own_782400,Mrs J Thomason Murphy
own_520704,Alan King
own_1255568,Henry George Bailey
own_143360,B J Llewellyn
own_133820,Patrick Kelly
own_1072352,Giraffa Racing
own_1302320,Butler Langford Tootell The Hecks
own_1417800,Fiona Shaw And Heather Snook
own_1310784,Keiran Burke
own_1397092,Scott Mcmillan
own_665916,L J Vaessen
own_252380,E R Griffiths
own_1105840,David Edward Balfe
own_1187564,Max Young Racing Club
own_1400328,The Transparent Syndicate
own_1353448,Crest Racing Iii
own_1414664,Cavendish Gregson Royle Scouller
own_1319900,Scarlet Lady Partnership
own_1309280,Ms A Sargeant
own_1310700,Sir F Brooke Sir R Pilkington
own_607720,Forever Friends Syndicate
own_749444,Walid Paula Marzouk
own_1352292,Noel Fehily Racing Syndicate   Casual Ob
own_1316532,Foxtrot Racing Double Click
own_967920,The Saints
own_1418044,Oakman Racing Syndicate Five
own_977120,Promanco Ltd
own_173896,J Perriss
own_1190508,The Fob Racing Partnership 12
own_812812,The Astronomers
own_1017848,The Lavendon Partnership
own_1124632,David Bridgwater Racing
own_1371344,Rs Racing   Baileys Syndicate
own_799824,Imperial Racing Partnership
own_399184,D G Staddon
own_1052328,Mrs Elizabeth Gordon Lennox
own_1232804,Brides Hill Syndicate
own_1060084,Dr S P Fitzgerald
own_1395980,Off The Clock Partners Partner
own_1356668,Mrs Cheryl Burton
own_1099360,What The Elle
own_35872,P H Betts
own_1402576,Saltare Equus Partners
own_1347984,David Mason And Ginger Jonny Syndicate
own_1297000,M White J Frampton L Horsfall
own_1411076,M I Pattinson Racing 2
own_610888,Mrs L Greenway
own_1249872,Mrs L Pickard A L Holland
own_1348128,Cc Buckley Mark Buckley Carrie Wright
own_1367608,P Afia E Hobson A Pegley Cr Russell
own_962140,Matthew Coleman
own_1282204,P Deer
own_923312,K K Ho
own_1360336,S A Mares W Fisher Partner
own_1388248,Basher Watts Racing 2
own_237808,Michael Appleby
own_954844,The Nigel Bennett Partnership
own_735276,C E Weare
own_1417896,Mrs J Magnier Mrs P Shanahan
own_446676,Sheikh Mohammed Bin Khalifa Al Maktoum
own_1264036,Thurloe Thoroughbreds Liv
own_1415368,Russell Braem Bradley Waterhouse
own_364756,Only Fools Have Horses
own_974208,Martin Broughton Friends 4
own_1194960,John Sidebottom Mrs Kate Sidebottom
own_1355112,Cheltenham Boys Steve Chick
own_395596,Mrs I I Plumb
own_1350916,A Grand Day Out
own_1400956,Bomb Squad Syndicate
own_878936,Einsley Harries
own_1087688,Hardscrabble
own_859072,Northumberland Racing Club
own_923808,Andy Wilson
own_1407432,Menzies Asset Management Ltd
own_1135392,Christopher John Sprake
own_587516,Keith Stait
own_1366380,Satchell Moran Solicitors Limited
own_1410920,K Everitt Tristan Davidson
own_1286568,S Hollings Mrs Susan E Mason
own_896464,J Durston N Harris
own_1361284,Len Jakeman Jane Williams Jan Rees
own_515344,Thomas G Kelly
own_950364,Mrs H N Eubank
own_77536,A Metcalfe
own_1362456,Two Sisters
own_833096,The Craig Farm Syndicate
own_1408672,Driving Down Ltd D Pollitt
own_1019956,The Yorkshire Racing Partnership
own_1105564,Newton Barn Racing
own_1229256,D L Dunbar
own_1356440,The Red Sash Racing Club
own_1415028,Laravie Partnership
own_1396544,Sycamore Gap Racing
own_237736,Miss Helen E Cuthbert
own_1393072,R Teatum And Steel A Win
own_336432,G A Harker
own_1401800,Mr And Mrs J Rogers
own_521096,Andrew Cocks And Tara Johnson
own_1315776,On Business
own_1049052,Daniel John Bourne
own_1247440,Asj Shawe
own_1376560,Louise Kemble
own_1128736,Mrs S Lee And E Lee
own_1070720,The Henry Daly Racing Club
own_1302036,Morris Morgan Racing
own_1294996,The Cheltenham South West Racing Club
own_1208304,N J Hussey
own_1399608,Resident Property Software Ltd
own_1203764,Martin Gowing And Paul Booker
own_957340,Alan Jones
own_692004,Withyslade
own_449424,Mrs M J Wilson
own_927960,Michael Lesley Wilkes
own_41692,T J Houlbrooke
own_1401140,One Four One
own_1351004,Pat Edward Dolan Abrahams
own_1388532,G T Racing Club
own_630352,The Giddy Gang
own_990060,Kingston Stud
own_643664,Masterson Holdings Limited
own_1347332,G Mason Sir A Ferguson C G Barber
own_1129108,Ian Murray And Dave Smith
own_74300,P J Green
own_1417348,The Castle Daragh Syndicate
own_1417092,Only Here For The Beer And Keiran Burke
own_1405260,Derek Miles And Oliver Bogue
own_1309744,Barbara Alex Faulconbridge
own_496364,J Lee
own_1267624,Foxtrot Racing Socialiser
own_1351972,The Eagles
own_1253704,N Farrell C Hodgson A King
own_1217952,Its Only Money
own_1346308,P Arms And S Harvey
own_617412,This Time Next Year Partnership
own_1292180,Owners Group 107
own_1374420,The Pragmatists
own_678904,Graham Brothers Racing Partnership
own_1374564,Mrs Rachael Beck
own_1098588,J Greaves R Willcock Ruth Carr
own_1373696,Rc Vip Syndicate Iv
own_508440,R E Kavanagh
own_1318948,Mrs S Bullock
own_1402172,Quest Thoroughbreds   Patrol
own_1405808,Rc Syndicate Ix
own_1234336,Mrs Michelle Morris
own_1359252,T A Rahman R Gray
own_250092,W R Muir
own_1359268,Roudee Racing 16 And Partner
own_1005504,Harbour Rose Partnership
own_1149316,Miss Jean Matterson
own_1408444,J Stenhouse The Dixon Family
own_1409184,W Butler
own_1121936,Bob Wilson
own_1201996,Dave Skeldon Clive Storey
own_756216,Quandt Cochrane
own_486248,Alan J Brown
own_479524,Dig In Racing
own_1257424,Mrs H Allan Mrs L Meagher
own_1401448,Chase The Dream And Partner
own_405108,Northern Lights Racing
own_1418200,Horsemen Of The Apocalypse
own_840624,Equi Ex Incertis Partners
own_1211180,Stephen Sugden
own_1282376,S Townshend S Lowther
own_1206544,M Dunlevy And Mrs H Mcguinness
own_1350304,Mrs A Maundrell D Smith
own_1403192,Up The Wall Racing
own_1416536,Jrb Williams Jane Lewis
own_1379816,D Brereton
own_1403164,E Shervington
own_121392,Miss S J Turner
own_1352712,Hb Racing Limited
own_1415188,Owners Group 141
own_483752,D R E E Brown
own_1414428,James White
own_1086552,Ms S Howell And Partner 1
own_1293280,Coral Racing Club For Colleagues
own_1345836,Mills Racing Syndicate One
own_1242004,High And Low
own_1204756,Ms J Mccain
own_701488,P G Stephen
own_88272,Mrs E Allen
own_1289116,Foxtrot Racing Rajjamataz
own_1400080,The Menzies Family
own_1349904,Mrs Joanne Bilsland
own_1417588,The Sheldon Partnership
own_1318560,Owners Group 117
own_1291728,County Set Four L V Russell
own_1417528,Derek Thompson Partners
own_1332780,The Secrets
own_1195080,C Humphris Partner
own_946552,The Steel Bonnets
own_1079652,John Terry
own_1245844,Carruthers Drew Kesson Phillips
own_1414768,Ms L Phillips
own_1132280,Andy Ralph
own_1140916,Middleham Park Racing Xliv Aj Ryan
own_1254716,Turcan Borwick Dunning Elles
own_1374664,Mr John
own_1016932,Barbara Alick Richmond
own_47320,S Price
own_1217656,Surrey Racing Sq
own_1015444,The Fob Racing Partnership 2
own_868700,Lynne Angus Maclennan
own_1353420,Munster Van Centre
own_1300904,The Asta La Pasta Partnership
own_1287164,The Alien Storm Partnership
own_588124,Alan Halsall
own_1243816,Border Caravans Ltd
own_1344840,Thunder Holdings Ltd Russell
own_1207628,Owners Group 077
own_1294720,Gold Green Crowd And Camilla Poulton
own_1412088,Pauline Conlon Bk Vets Partnership
own_640016,M Mcgrath
own_1332380,Owners Group 121
own_1356032,Orbital Racing Group Partner
own_1285228,Palace Racing
own_1168140,L Bellman S A Mares
own_1064376,Shawthing Racing Partnership D Shaw
own_1362996,James Ross
own_1332392,Middleham Park Racing Paul Bamford
own_1417892,Miss H Thacker
own_1405572,The Cobhamites
own_1277528,J Gladstone Partner
own_1407132,G B Racing Syndicates
own_872796,Middleham Park Racing Xcvii
own_1370924,Annabel Neasham Racing Pty Ltd
own_1379524,Little Lymford Racing Partnership
own_1367164,Tkl Group Holdings I
own_606072,Ushers Court
own_578028,Barrie Kirby
own_1375648,Laurence Bellman Alan Sue Cronshaw
own_1142536,Ng Racing
own_1306428,Mrs G Rowland Clark J Oconnor
own_905888,Middleham Park Racing Xxix Partner
own_1381724,Raphael Escobar Freire
own_1120884,What A Time To Be Alive 1
own_781188,Wadacre Stud
own_1336900,Stratford Racecourse 4
own_1311680,Gerry Mcgladery Russell
own_1309592,Who Owns That Horse Syndicate
own_1359596,Owners Group 127
own_1412788,Caspian Racing Limited
own_1301160,Miss Lauren Frost
own_48540,J S Morrison
own_1409512,Frost Palmer And Wakely
own_1403804,Noel Fehily Racing Syndicate   Hurricane
own_1395660,Lord Ronaldshay Lord Yarborough
own_1283868,Sharp Hill Thoroughbreds
own_1407424,Gracehill Uk Partners
own_1185988,Hydesmcdermottspencerfrobisher Lee
own_1416380,Lawson And Lewis
own_1414684,Ricky Halton
own_1315676,H Ryall
own_1414676,Magnolia Stables Racing Club
own_1186128,Dan Walker
own_1315100,Geegeez Co Uk Xxii
own_1337940,Caolan Woods
own_470832,C R Leech
own_1276456,Dubai Cowboys Syndicate
own_1347540,The Steve Joe And Steve Syndicate
own_1296492,Hydeswatersfrobisherprowtingpalmer
own_1311196,William Woodhouse
own_946812,Martin Broughton Friends 3
own_1230592,Glenmore Goes Racing Syndicate
own_986140,Green Day Racing
own_1294532,Oakman Racing Club
own_1183184,Imperial Racing J Blackburn
own_1359452,Miss G M Richardson
own_1260792,Jones Spiers Hartwell
own_1376008,Castle Racing Sinclair Jardine
own_1301884,Ms N J Grieve C A Turner
own_681272,The Outlaws
own_695512,Martin Broughton Friends 2
own_332240,P Scott
own_1410676,Great Oakley Farms And Mrs Jane Fenwick
own_1065436,A Horabin
own_1343868,M Blades S Morrell K Hathaway
own_873468,Bovian Racing
own_219764,Mrs Sarah Faulks
own_400624,Mrs Sheree Tucker
own_700672,B Preece
own_1365056,Darren Croot And Mrs Zoe Croot
own_1247692,Djt Racing Partner
own_1340744,R Trew
own_1405788,King For A Day Club
own_1370868,Premier Thoroughbred Finch Chambers
own_1391704,Eurotrading Ireland Ltd
own_1372360,A Lewers D Shaw A Irvine
own_863448,Sue Clive Cole Ann Tony Gale
own_1169684,Sutton Veny Racing Syndicate
own_949768,Kapinhand
own_406580,Stephen Appelbee
own_1410392,The Upside Down Butterfly Boys
own_804908,Sheikh Juma Dalmook Al Maktoum
own_1392276,La Perigrina And Ballylinch
own_56564,J Duffy
own_1209976,Salvo Alex Giannini
own_757524,Hugh J F Lang
own_1314536,The Green Jackets
own_1040728,Mrs Lucinda Atkinson
own_336596,Richard Hobson
own_1353252,Mr Mrs Jw Dale Mrs Jdj Copas
own_1357860,Fairfax Favor Ltd
own_1399288,Nigel Kelly And Sara Spratt
own_251912,Miss Hazel Crichton
own_1238912,Fred Camis Ray Fielder Mel Clarke
own_138156,Mrs A G Kavanagh
own_1087136,The Black Dragon
own_1280816,Champagne And Dreams
own_1362620,Mrs Kate Kenyon Syd Hosie
own_1411232,Bloodstock 2 Smoking Barrels Syndicate
own_1415292,Paddy Brennan
own_1366460,Go Ahead Partnership
own_1062296,B Piper And Partner
own_1376884,Middleham Park Racing Lxxiv M Hulin
own_1417328,James Sweeney Graham Brooks
own_991424,Andrew Mcgladdery
own_1096124,Just Four Men
own_1413336,The Happy Taccos
own_1414104,Passion For Racing
own_1261432,Mrs Karen John
own_1374700,Sky Access Uk Ltd Hcs
own_1335416,Steve Bea Ryan Limited
own_388076,The Highrollers
own_1417316,Miss Elyssa Arden
own_1243616,Ajay Anne
own_1312576,Ffrench Nickers
own_498948,J T Davidson
own_1237388,Knights Of Ni
own_124740,S Reeves
own_1145776,Alexander Gibbons
own_1392156,Rc Vip Syndicate Iii
own_1414416,Acorn Builders Dorset Ltd Sl Racing
own_1206796,Great Western Racing
own_1174996,Andy Lizzie Cova
own_1001052,Solario Racing Berkhamsted
own_356772,Woodford Valley Racing
own_1015424,B Piper D Cobill
own_1332628,Austin Mccallum Holtby Clearwater
own_1246484,Hill Paine Partners
own_1332376,P Hart And R Cooper
own_1167600,Philip Banfield Dominic Ffrench Davis
own_1252428,Longchamp Racing
own_1412928,Chris Priestley Dave Flynn
own_1285720,Oak Lodge Racing
own_1384160,Bronsansyndicatesracingamyoliviamarnane
own_1360176,Middleham Park Racing Lxxvi E Burke
own_130728,N Pickett
own_1378568,Jim And Claire Ltd And Jon Kay Collins
own_912124,R Bruni Partner
own_1366204,M Blencowe Valmont
own_1380408,Brownsbarn Thoroughbred And Partner
own_1385392,The Five Partner
own_1402016,Muhannad Saleh Al Maskari
own_1417452,Steve Hall Nick Littmoden
own_1409176,Mrs Philip Snow Ed Babington Partner
own_34104,M Madgwick
own_69328,Gillian Lady Howard De Walden
own_1278344,Kenjiro Private Office Limited
own_1414764,D Edmonston T Helliwell John Moynihan
own_1410544,Middleham Park Racing Cxxi Partner
own_1072676,R U Miles
own_971488,Amy Murphy
own_988672,Marchwood Recycling Ltd
own_1040280,Aidan Cunningham
own_1391708,Hamdani Racing
own_1368624,The Non Profits
own_1335028,Khdrp5
own_1140756,Al Wasmiyah Stud
own_1360216,Carl Waters And Partner
own_641756,A S Machin
own_356808,E P Duggan
own_1413324,M Songer C Bailey M Dodd
own_700768,Richard Prince
own_798156,Southdean Racing Club
own_680612,Calne Engineering Ltd
own_1345556,Matt Fitzgerald
own_622544,G Kennington
own_1413308,T Carruthers
own_1021460,The Cheltenham Trail
own_1315668,Mrs Debbie Crawford
own_1351776,Torneo Syndicate
own_1323520,Brogan Group
own_1310492,Erik Penser G Lennart Perlhagen
own_1075988,The Cocoa Nuts
own_1297752,Hedley Little Tomkins
own_1346676,Roccos Rebels
own_1400948,The Jokers
own_918352,Jab
own_1407264,Allison And Bryant
own_913472,Mrs C H N Chamberlain
own_1236104,R M Levitt And A Bromley
own_1408440,The Supreme Partnership Miss G Boanas
own_1416984,Brian Rothwell Racing Ii
own_645964,Nick Brown Racing
own_1408108,Mania Racing
own_782024,Ian J Herbert
own_1348712,J W Parry Robert Levitt Partner
own_370340,D J Ffrench Davis
own_1391752,M Mccarthy P Cox
own_1384776,Pompey Ventures 10
own_975296,Nick Bradley Racing 13
own_96812,Markus Graff
own_1142616,A M Mitchell
own_965456,Sheikh Hamed Dalmook Al Maktoum
own_1209468,Owners For Owners Fortuna Ligna
own_1355120,Octavians
own_1047988,Ms S Exell
own_623500,Theakston Stud Syndicate
own_801432,Nick Gifford Racing Club
own_1360324,Bolton Mill Racing Ursa Major
own_1258952,He Who Dares The Hasty Enterprise
own_190760,Mrs S Stanier
own_1212144,Decimus Racing V
own_987788,Suiter Developments Limited
own_1408140,The Prospectors
own_1305896,Chris Roe And Andrew March
own_463224,D Mccain Jnr
own_1239344,Phil Ellerby
own_60704,Mrs E C York
own_982440,Fellowship Of The Rose Partnership 2
own_1217700,R Flower
own_1344428,Crowd Racing Noel Williams
own_700180,Anthony Ross
own_1405700,Exors Of The Late John Wade
own_1416552,Ktda Racing And Mrs Nicola Morris
own_1023060,Sam England Racing Club
own_1326304,Mario Stavrou Racing
own_1364524,The British Adda Partner
own_168888,Mrs S J Brookhouse
own_1187068,Mike And Wendy Yardley
own_1385396,Michelle Harris Lynn Cullimore
own_943672,The Edr Partnership
own_384652,The Fantasy Fellowship
own_1312312,Ed Mulligan
own_1082216,Ewan And Anna Hyslop
own_891400,Raed El Youssef
own_1370168,Rasio Cymru 1 Windmill House Racing
own_922160,Mohammed Bin Hamad Khalifa Al Attiyah
own_671420,Mayden Stud
own_846188,Hambleton Racing Ltd   Two Chances
own_1148552,Mrs Victoria Machen
own_1413492,Owners Group 110
own_1416532,S Brough
own_1409828,Ctl Bars Ltd
own_401768,Family Amusements Ltd
own_1325960,Mark Dobbin Partner
own_1130220,S Allwood
own_1120396,Niall S Farrell
own_1322956,Christine Teasdale And Partner
own_1368124,Mcneill Stevens Mckenzie Flowers Walsh
own_1407428,Les Bleus Fonces
own_1321920,Johnsons And Thwaites
own_927724,Miss Kate Dobb Stuart Dobb
own_990992,Sullivan Bloodstock Ltd Chris Giles
own_1297712,Salvo Alex Giannini A Gemmell
own_1190252,Harry Redknapp Sophie Pauling
own_1416524,J Carthy Mrs P Shanahan
own_933072,The Steeple Chasers
own_693904,Miss A M Reed
own_1402032,Stephen Bough Dan Skelton
own_1316084,Strachansalweygrifithgrahaminkinthompson
own_1316260,J Cotterill
own_1186284,Owners Group 044
own_440948,Graeme P Mcpherson
own_893232,Mighty Acorn Stables
own_1406788,K Dole
own_1416540,Moorland Racing Menzies A M Ltd
own_753360,The Bellamy Partnership
own_1365360,Giles Hogarth Mason Mcgoff Ferguson
own_1210184,Denise Smith Partner
own_219288,John Griffin
own_341568,Mrs Jonjo Oneill
own_195976,Mrs A E Lee
own_965044,Mcneill Family Niall Farrell
own_1313660,Noel Fehily Racing Syndicate   Ryans
own_1410388,Green Agri Land Ltd Racing
own_1405768,Mrs Ceri Fell
own_1016936,Bill Fraser Adrian Pritchard
own_1409192,Moore Racing Syndicate
own_134952,Mrs Elaine M Burke
own_1315888,Mark Albon Partner
own_1046904,A Watson B Malyon
own_1213208,Nicholas Jonsson
own_1378580,Racing Tv Club   Raceshare
own_1201212,Rebel Racing Premier Iv
own_1206736,Five Go Mad In Malton
own_1261772,Scuderia La Tesa Limited
own_1359256,Roger Cheetham Jane Maggs
own_1276648,David Ben Thomas Lockwood
own_1411260,The Queen Cody Racing Partnership
own_1011484,S P Hudson Brian Rothwell
own_1392528,The Wolf Pack 9 And Partners
own_1368084,Foxtrot Racing Typhoon Flyer
own_734956,Mrs Sarah Keys
own_1395656,Cheerio Partnership
own_1414800,Baker Lakin Cooke And Dodd
own_897172,The Gd Partnership
own_1352908,Lee Aldsworth
own_1290100,Heart Of The South Racing 130
own_43540,Mrs L R Lovell
own_1358764,Tim Lord Kc And G L Moore
own_1208652,S C Mcintyre
own_1321924,The Lockdown Syndicate
own_1191544,One For The Road Flower
own_1399304,Exors Of The Late Milson Robinson
own_840764,Douglas White
own_1360568,Rc Syndicate Ii
own_947608,G Stevens
own_341784,Mrs Mairead Liston
own_863916,Ben Turner
own_1344280,Robert Moncur
own_160760,Michael H Watt
own_807920,The Affordable 3 Partnership
own_1034224,Mrs V Sollitt
own_1347988,Johnson White Racing Syndicate
own_967584,Miss Sarah Hoyland
own_1121200,S W Banks
own_1394720,Stay Foolish Partner
own_162536,A Bowlby
own_1137864,Bostock Dunlevy Mcguinness Bradshaw
own_1299484,Richard Roberts
own_633240,D Steele
own_1191816,Joe Lane
own_352204,M J Caddy
own_1414484,D C Racing   Wannabeawallaby
own_1298736,Robert Waley Cohen Turf Club 2022
own_1414420,Gee Gees Racing Club Buccaneers Racin
own_1396248,Felix Racing Harraton Court Stables
own_1415732,Toby Cole Stars Of The Box
own_1358500,Pullover Partners
own_1401304,The Kingsmoor Partner
own_1391712,Lesley Bishop And Partners
own_599160,P K Gardner
own_1407252,Surrey Bloodstock Racing
own_1354996,Endless Possibilities
own_1367160,Tbt Racing Limited
own_1258804,Richard Fahey Ebor Racing Syndicate 2
own_1388648,Making Headway Racing Star Racing
own_1214036,Mrs M V Magnier Mrs Paul Shanahan
own_1367884,The New Zealand Racing Syndicate
own_1377480,Abc Racing
own_1372844,Manton Thoroughbreds Ix
own_821356,Zhang Yuesheng
own_1374828,The Athena Partnership
own_1025000,Paul Cairns Racing Limited
own_1293764,S Rushworth
own_920968,The Hon A Blyth
own_1361620,Mark Walford Racing Club
own_630868,Alison Walker Sarah Cousins
own_779784,The Macdonald Family
own_58952,Mrs M Cooper
own_1314384,Lloyd Bailey Jessup Proctor
own_1355008,Poplar Cottage Racing Club 2
own_348524,Trainers House Enterprises Ltd
own_1405148,The Sandmasons
own_1299852,Mrs L Finnegan
own_1308376,Trixothetrade Partnership
own_908968,Middleham Park Racing Cix
own_613092,The Sherington Partnership
own_958344,Keeping The Dream Alive
own_1351280,The Pour Decisions Syndicate
own_1390336,James Paul Services To Industry Ltd
own_1387124,Mrs Joy Maund Powell
own_949272,Coltherd Mcdougal
own_38848,Miss D M M Calder
own_1294628,Tom Bond
own_1320348,The Shamrock And Rose Syndicate
own_1361588,Spiers Hartwell Partners
own_446896,Lady Jane Grosvenor
own_1101084,Mrs Arnold Partner
own_96376,Mrs J M Mullins
own_184592,Lady Bamford
own_36492,J Palmer Brown
own_1392940,Adam Burton
own_1240376,Magna Carter Bloodstock
own_1299532,L Bellman Racing Facades
own_1414688,Mrs E Lucey Butler And Partners
own_1228892,Dodds Smith Farrell Hodgson Coupland
own_1360212,Deva Racing Som 1
own_912452,Beckhampton Racing
own_574684,R A Green
own_1149748,Rae And Carol Borras
own_1321524,M Morris K Breen
own_1329644,Glorious Racing
own_1118140,Drake Racing
own_361540,Yuichi Masuda
own_1416232,The Butcher The Baker Troublemakers
own_1221380,Mrs S M Rogers
own_1224484,Chris Grant Racing Club
own_1330052,J Blackburn Imperial Racing
own_1304528,Holmes Family
own_41604,Phil Kelly
own_1406240,Ian Barker Sue Smith
own_1236316,J H Graham
own_1388000,The Canny Heritage Syndicate
own_719916,Newstead Priory Racing Club
own_620108,The Foxford House Partnership
own_1391968,Banks Mccabe Evans
own_1246184,Helen Ray And Isabel Tebay
own_1393400,The Herkeios Partnership
own_1392268,Sangster Babington Westwood
own_128992,H J Shipton
own_1416224,Aisling Byrnem Cunninghamp Raleigh
own_177876,Miss Sheena West
own_1042032,Robbie Llewellyn
own_1393796,Foreseen Partnership
own_1377324,K Snell Partners
own_986456,D P Van Der Hoeven D G Pryde
own_1252284,D Bardsley Mrs E Burke
own_443044,P D Smith Holdings Ltd
own_1411228,J Munroe M Guy Racing
own_1411372,Townbraccan And Mrs J Sanders
own_1410372,Dr David Pickering And Partner
own_1202012,Making Headway Racing
own_1322604,R J Turtonracing
own_1335292,Loudoun Zebras
own_234200,A H B Hodge
own_597448,Flushfarm Racing Syndicate
own_105768,R Bewley
own_1396240,Total Asbestos Solutions Trisha Keane
own_707404,Reality Partnerships I
own_1187844,The Box 8 Partnership
own_774688,Jetmac Syndicate
own_1298048,The Forever Partnership Two
own_932800,The Neardowners
own_1195004,Alexander Baxter Jardine Paterson
own_1314208,The Encore Partnership Viii
own_249248,This Horse Is For Sale Partnership
own_1403548,S Dickin
own_1372028,The Bravo Charlie Syndicate
own_1415724,Dooneen Farm Limited
own_1264528,S Mccafferty
own_1399408,M Downing Hrl Maximum Racing
own_1136508,The Falcon Partnership
own_1408688,Wrr Uk
own_971072,Stephen Mcguinness
own_1174816,R Kent Partner 1
own_1386832,Foden And White
own_1403992,Galloway Stud Limited
own_1387836,Owners Group 112
own_1143216,Adrian Mcalpine
own_1286904,Muir Racing Partnership Newmarket
own_1320468,Maximum Racing And D Ffrench Davis
own_470616,Anita Wigan
own_42784,The Honorable Earle I Mack
own_1374816,M Cooke D Kearns Partner
own_1343560,Beaunus Hunters
own_1307304,Middleham Park Racing Lxiii E Burke
own_1362344,Ronnie Racing 2
own_650952,Miss E Johnson Houghton
own_1052784,The Endless Folly Partnership
own_896364,Grace Harris Racing
own_496892,Murphys Law Partnership
own_1313336,Mr Mrs C Horner
own_1310212,David Bingham
own_956096,John Chatfeild Roberts
own_1008768,Mo Construction Civil Engineering Ltd
own_1300528,The Going For Gold Syndicate
own_715660,L Fell
own_1136704,Philippa Downing Clive Dunning S Pitt
own_470612,Mrs Irene Hampson
own_641664,Mrs Doreen Carter
own_1136504,Mrs Belinda Wickens
own_1115360,Atlantic Friends Racing
own_784540,Mrs Ruth Arnold
own_1223628,Mrs Alexandra Matthews
own_1289780,Stratford Racecourse 3
own_1080800,Dale Brennan
own_1315680,Weld Spec Glasgow Ltd Dee Lestrange
own_1242540,Strachancorbettsalweyinkingriffithgraham
own_1344828,Firth Racing
own_1251532,The Red Shoes
own_1405540,Gilbert Russell
own_1400928,Beccle Sperling Allen Guerin Lynam
own_1415180,Mccormackflanniganhoward
own_1357272,The Acts Of Union 1707
own_517332,Moorland Racing
own_1320200,Jimmy Dalton
own_93224,B Healy
own_913796,A D G Oldrey G C Hartigan
own_1104044,Mr And Mrs Ben Herbert And Family
own_1403536,A Keaveney M Keaveney P Butcher
own_1310496,Glastonburys Valentine Bibby And Paget
own_1217648,Drinkwater Family Cheltenham Boys
own_829792,Galloping On The South Downs Partnership
own_1403568,Kilbrannan Racing
own_1204624,Racehorse Ownership Club
own_891068,The Ridgeway Racing For Fun Partnership
own_1357256,State Of Play G L Moore
own_1322480,The Parallel Lines Partnership
own_1351960,Adrian Lewers Dan Shaw
own_1226252,Alan Jamieson Site Services G L Moore
own_1175232,Ryan Kerins
own_608632,Joe Bear Racing
own_1080624,G Tann N Jarvis
own_460524,The Early Birds
own_1311968,Jack Jones
own_1358128,A K Hosie J P Romans W Van Der Horst
own_1368876,Milton Boy Syndicate
own_1359884,On The Gallops   Hermes Le Gris
own_1298840,Two Hendred Partnership
own_1254336,Paul Anthony Mann
own_895764,Thorne Farm Racing Ltd
own_1245576,Firefly Racing
own_1298576,Foxtrot Racing Up For Appeal
own_1183056,Hoe Racing
own_496156,Andrew Mitchell
own_1343108,Woolhope Hopefuls
own_1324276,Hp Racing Aston Martini
own_1349648,The 1Cp Syndicate
own_990052,Cracker And Smodge Partnership
own_1373580,Mrs Celia Djivanovic Ksb Bloodstock
own_1382880,Light Kenyon Romans Van Der Horst
own_1339516,Louisville Syndicate Platinum
own_516628,Miss E J Tanner
own_456000,Allan Stennett Terry Warner
own_1364036,Recommended Freight Mckeown Mcmillan
own_1403316,Fishwick Russell
own_1365872,Redknapp And Hill
own_1373200,Martin Keighley Racing Partnership 19
own_518644,James Drummond
own_801260,The Macaroni Beach Society
own_1341220,Tony Bloom Ian Mcaleavy
own_1228676,The Horse Watchers 3
own_1075324,M Scott
own_1201392,R J Bedford All Stars Sports Racing
own_134940,W S Watt
own_76524,C J Haughey
own_1415464,Anthony R Hunt Joe Sharon Tumilty
own_1311832,Turf Club 2022 Racing
own_602672,Jon And Julia Aisbitt
own_1253780,The Old Romantics
own_872696,J Camilleri
own_1410012,Wentworth And Partners
own_1241716,H Kobeissi
own_927412,Sabah Mubarak Al Sabah
own_1414288,Cheam Marketing If Only Partnership
own_328940,Country Lane Partnership
own_1278132,Victorious Racing Fawzi Nass
own_1383052,Hayley Burton And Ruby Red Racing
own_1382528,Ralph Hadley And Partner
own_1331516,David Anderson Partner
own_58748,Nicholas Jones
own_968168,Nick Bradley Racing 7 Partner
own_1391868,Pompey Ventures 7
own_1404516,The Laura Mason Syndicate L Westwood
own_1359484,Rc Syndicate V
own_346124,Mrs Susan Roy
own_1021788,C Reynolds
own_861316,The Hawk Inn Syndicate 3
own_1404916,The Kingstonians
own_1400332,Distillery Stud Alne Park Stud
own_1403176,Noel Fehily Racing Syndicate   Queen
own_186208,Bloomsbury Stud
own_634784,Chris David Stam
own_113100,T P Ward
own_884072,Middleham Park Racing Lxvi
own_1208648,R Broadley
own_790040,The Eyre Family
own_1366184,Hussey Owen Wholey
own_1416272,Rc Vip Syndicate Viii
own_1283660,S Obrien Darren Cahill
own_1239088,Paul G Jacobs And Wetumpka Racing
own_582876,Rupert Dubai Racing
own_923708,Premier Racing Club
own_1329100,George Waud
own_1373664,Mrs Sarah Llewellyn
own_1280516,Gary Allsopp
own_1358004,Hasmonean Racing Miss C J Mckeown
own_1404924,Miss P Wotherspoon Michael H Watt
own_1407136,North Farm Syndicate
own_895160,Mrs Veronica Gilbert
own_1306468,Alex Frost Mrs Julia Lukas
own_1395652,M W Lake Exors Of The Late N W Lake
own_1134832,O Signy
own_891792,Mel Mathias
own_575988,R Mitford Slade
own_1415192,Rathkenny Racing Syndicate
own_1394528,Chris May Mullin
own_1407644,The Hopefuls
own_1187668,Owners Group 060
own_949092,Mrs Celia Djivanovic
own_1359592,Mark Hunter
own_1299932,Mark Hough
own_1413488,Mrs K Elliott Mrs E J Quinlan
own_1353596,Noel Fehily Racing Syndicate Kadodejoie
own_1194356,Dunkley Gumienny Mackenzie Signy
own_1413808,Pipes Pots And Ponies
own_71916,F G Matthews
own_249480,M S Rose
own_499408,Paul Holden
own_1405484,The Soldiers Of Fortune Iii
own_521640,J P L Ewart
own_1363524,Philip Lathey
own_991888,Mrs A Travis
own_146896,Joe Buzzeo
own_1407144,Miss Maria D Myco John Johnson
own_1388256,Ontoawinner And Maria Lashley
own_1390876,Lordship Stud Malcolm Bastard
own_1258756,Magnier Magnier Shanahan Maclennan
own_778088,Mrs T Walker
own_1304868,Allan Keane
own_735012,Rockcliffe Stud
own_1410116,Clarendon Syndicate And Partner
own_1213940,Roger Mrs Suzie Beadle
own_480524,Killarney Glen
own_28888,R J Vines
own_1047748,Miss C Shipp
own_1145344,Ryan Bradford
own_1323268,Nicholas Baines Mrs Sallie Lloyd
own_1265092,Munster Heroes
own_1400516,Crest Racing 11
own_1348460,Gareth Michael Davies
own_1210768,Sir T Pilkington R A Pilkington
own_1132704,Holt Macnabb Robinson Jeffrey
own_1370412,Smith Hadley And Partners
own_1374820,Westlain Ltd
own_1235796,R Flower And Dajam
own_1343584,J Thwaite
own_1286232,Tom Swerling
own_1318340,Rakjam Ltd
own_1267796,S Kemble
own_220536,Barry Hawkins
own_1392536,Sheikh Khalifa Bin Hasher Al Maktoum
own_1389880,Moulton Racing And O Humphrey
own_329932,R Gurney
own_236816,Derek Cheryl Holder
own_737584,G Wilding
own_211152,Alan J Williams
own_1380704,D Mann Mrs C Hopper G Shields
own_214316,Mrs H M Whillans
own_1358140,Kenneth Mann And Kevin Kirkup
own_1409008,Paul Demilow Kings Bloodstock
own_1414772,Tynan Magniers Shanahan Maclennan
own_844096,Al Asayl Bloodstock Ltd
own_1380532,Kirkella Racing And Brian Rothwell
own_1411364,Capla Dev B Crew J Moynihan M Short
own_572120,James Mearns Long
own_515856,Dreams
own_1367488,Tsang
own_1393408,Nick Shutts Partner
own_42708,Mrs Jennifer E Pallister
own_940004,Khalifa Dasmal Partner
own_348112,Stuart C Williams
own_1413332,The Afillyeights
own_953856,Mrs C Hitch
own_1206324,Surefire Racing 1
own_1402776,Mrs S Godfrey
own_405480,Mrs Tracy Turner
own_1297568,Turf Club 2022
own_1130200,The Philip Hobbs Racing Partnership
own_1402184,Douglas Creighton Schwartz
own_476912,Paul Hancock
own_1316836,Brett Lawrence Robert Eddery
own_813872,Qatar Racing Limited
own_16852,Brian D Cantle
own_1400344,Philip Bamford   Osborne House Ii
own_1399860,Owners Group 136
own_1359152,Benevente Ii
own_1391068,Rc Vip Syndicate Ii
own_965388,Royale Racing Syndicate
own_1306444,Johnny Hall
own_1346708,Cherry Racing
own_1252356,Wolf Pack 6 Partners
own_1010368,Nick Bradley Racing 12 Partner
own_1407256,The Rhode Dogs
own_1281272,The Clarino Partnership
own_1402356,Dynacell Limited
own_1206840,The Muffed Punt Partnership
own_1169700,Miss D Finkler A Herd Dr P Holloway 1
own_1413856,Noel Fehily Racing Syndicate   Giants
own_1388948,Jerry Stevens Glyn Linder
own_1382828,Union Stripes
own_1405448,Adam J Spratt Racing
own_1392656,Davies Builders Merchants Ltd
own_997288,Ms Fiona Carmichael
own_7968,Mrs Denis Haynes
own_780176,Mrs G Davies
own_655068,Mrs P L Bridel
own_1404136,The Outnumbered Partnership
own_1049056,David Dando
own_1367476,Dont Tell Rita Partnership
own_1243168,Kenneth Mottershead
own_1047732,G Maidment Racing
own_1394728,Robin Oliver Partner 3
own_1410928,Ms Janey Smith
own_1283808,Coglan Kilcran
own_839252,Ian Beach
own_5516,Mrs P Scott Dunn
own_342988,Silent Partners
own_1374644,T Egan W P Flynn D Donovan
own_1338660,James Barnard And Partners
own_1104408,D J Jeffreys
own_1382912,Making Headway Racing Partner
own_1094300,The Oap Partnership Mr J Segust
own_1400532,D Hyman Olly Williams
own_919348,The Bean Club
own_1394384,Roger Don Gough
own_1392484,Agar Elias Montgomery Partners
own_1373360,Lauren Adams Christopher Petts
own_1254548,International Racing Club Partner
own_50636,K T Ivory
own_1307664,Ivan Furtado
own_1247488,Andy White
own_1337656,The Saddleworth Players Partners
own_1280832,Damien Moore
own_1406244,Mrs A Tait Jerry Stevens
own_1401600,Matt Broughton Hold My Beer Syndicate
own_788292,The Clueless Syndicate
own_366256,Harrowgate Bloodstock Ltd
own_1011696,Ambrose Turnbull Partner
own_1065888,Aleem Kanji
own_1000740,David Obrien
own_1331956,The Black And White Army
own_1414304,H J Pike
own_652828,Heath House Racing
own_944256,Chris Williams
own_1305244,The Oh Crumbs Syndicate
own_1298580,P T Andrewsm S Carroll
own_810244,K Nicholson
own_1339496,D G Staddon Paul Nicholls
own_650908,B S Racing
own_1373588,Mrs L Stokes
own_1404936,Legacy With Power
own_358012,Middleham Park Racing Xvi
own_1358008,Mostly Cloudy Syndicate
own_202784,Pierce Gerard Molony
own_712544,Robert E Tillett
own_73136,Miss Rita Shah
own_1042868,Steph Hollinshead Racing 1
own_1142636,Llewelyn Runeckles And Wetumpka Racing
own_903220,D A Smerdon
own_604396,Middleham Park Racing Xliii
own_1207884,Run Away Racing Galtee More Syndicate
own_1411240,Foxtrot Racing Grey Phoenix
own_1292468,Mrs I Corbani
own_1175772,Mrs Y Wallace
own_1038732,A Tattersall Partner
own_1405412,Mark Blandford The Montassib Partners
own_1408452,Ms E Reidy
own_1290892,J Munroe M Mchale R Wreglesworth
own_1332120,D Mullen G Barker And Partners
own_1304288,Mrs Jane Slough
own_1313184,Hot Air Dreamers
own_604256,T T Racing
own_1216580,Miss H Bethell
own_862120,Heather Michael Yarrow
own_1220588,Hambleton Racing Ltd Xxxvii Partner
own_1206648,Reliance Racing Partnership
own_1344420,Lets Be Lucky Racing 35
own_885412,Ontoawinner 10 Partner
own_1350532,Castle Lad Syndicate
own_1367472,Clive Dennett And A Carson
own_1184692,Tommys Boys Partnership
own_1394376,M Sample E Sample G Williams
own_772620,John Guest Racing
own_1199464,J Stevens
own_635952,Double R Racingcom
own_1314944,Tony Hession
own_1388032,Rise One Racing   Style Of Life
own_1389160,Alfa Site Services Mickley Stud
own_466920,Robert Ng
own_1326540,News Team
own_1317864,Silkstone United Racing Partnership
own_398768,R G Fell
own_1353612,Antram Pemberton Lancaster Jones
own_1359188,Thurloe Thoroughbreds Lv
own_1398880,Fhm Partnership
own_1316832,Ashley Curtin
own_985584,One Day Rodney Partnership
own_1363660,G Dunphy Mrs R Field If Only Pship
own_1323892,Racing Unity And J Ball
own_1410556,South West London Racing Club
own_907960,Miss Alice Haynes
own_1322608,R Teatum
own_705232,The Odd Partnership
own_1047520,Grange Park Racing Club And Ruth Carr
own_897556,Alfa Site Services Ltd
own_1401764,D Bardsley E Burke Partner
own_449512,Abdulla Belhabb
own_1310700,Sir Francis Brooke R A Pilkington
own_1384620,Robert Clarke And Clare Ellam
own_1176372,Max Young
own_1345400,J Kay T Goodair A Skelton
own_1320480,The Stars Of Little India
own_1403224,Dally Jock Tony Dah Racing
own_609616,Mrs M Chapman
own_1373048,Ursa Major Racing Ltd Julie Camacho
own_1262312,Crowe Brothers
own_142732,D G Pryde
own_1000244,Mount Pleasant Racing
own_1002592,Abbadis Racing D A Harrison Racing
own_667324,David K Barker
own_1201036,D Bardsley And M Dods
own_1386828,P Kirby Grant Harrison
own_898624,P A Clifton
own_790044,Barrels Of Courage
own_1225492,Martin Keighley Racing Partnership 10
own_1024896,Bourton Racing
own_360024,Miss E Hamilton
own_1001868,Milsom Baker Racing
own_856972,Mrs Marian Pepperdine
own_1413728,Ryan Chapman Robert Parks
own_1310484,Peedeetee Syndicate Partner
own_617480,Nurlan Bizakov
own_1182908,Morera Partnership
own_1413296,Crest Racing Viii
own_1402364,The Fforest Frankel Partnership
own_1409320,Crest Racing X
own_1413292,Chapman And Kingston
own_1408684,J Allday
own_1284232,Keatley Racing Doherty And Manson
own_1329108,Kieran Mccabe Paul Byrne
own_1048656,The Unscrupulous Judges
own_1196268,John Johnson John Wade
own_1395424,Carol Chris Jackson Henrietta Knight
own_1322436,Mrs G Van Geest M George
own_1258236,Louise Kemble And J J W Wadham
own_1337820,Stone Family
own_1404668,Widdop Wanderers S J Smith
own_1355392,In 4 A Grand
own_1223384,Ellipsis
own_1382160,Potassium Partnership 2 Irving Graham
own_1101120,Ruth Jefferson Racing Club
own_829100,Barrow Hill
own_1365512,The Dangeurous Devonians
own_1022428,The Farming Army
own_1031036,The Profile Partnership 2
own_1401612,S L Racing Partners
own_1019496,Galaxy Horse Racing Syndicate
own_795940,Frank Mcaleavy
own_1220264,Matthew Rogers
own_664392,T R Gretton
own_1407420,Foolswhodream Trading Products Pollitt
own_1409832,Howard Slater Camacho
own_1356940,The Adams Apples
own_734604,Neil Mulholland Racing Club
own_492948,J D Frost
own_351160,J H Young
own_1402868,The Legacy Partners
own_167528,T Egan
own_1339504,Mere Racing
own_1392496,K Jardine R Griffiths D Boyce W Duffus
own_1340740,Jayne Sivills Ian Nicol
own_1409316,Bob Frosell Sam Dunn Partners
own_1327152,John Edwards And Chris Richards
own_1410564,Mrs H Plumbly J Trafford K Deane
own_1413328,Noel Fehily Racing Syndicate   Rock
own_1383044,Rhys Flint
own_1366536,The Great Escape Three
own_1409208,The My Little Pony Syndicate
own_1257264,Littleoak Racing
own_1285588,G Habershon Butcher And D Pitchford
own_1319360,Rodney Nelson Jones
own_1284964,Craig Hayes
own_1390268,Quest Thoroughbreds   Mart
own_937736,M B Spence
own_1193584,Evason Harney And Greenall
own_1302048,Grandstand Stables Partnership
own_899708,T Spraggett
own_989552,Wardington Hopefuls
own_1349192,Ashley Brooks
own_878564,Empire State Racing Partnership
own_1056336,Havent A Pot D Macauliffe Anoj Don
own_1380972,Miss I Mathias
own_974248,The Syndicators 2
own_1086236,The Mighty Men
own_1039092,Stephen Sugden And Ryder Sugden
own_1403972,Ben Turner Racing Partnership 2
own_1374412,Lavelle Richardson Langton P Edwards
own_1325260,Ample Is Plenty
own_877368,Miss N R Jefferson
own_1326392,S Gardiner
own_1407272,Kennet Valley Syndicates Vii
own_1098892,Mrs Pauline Southerington
own_1192580,David Simkins
own_1404684,William Windsor Clive
own_647032,Miss Julie Hoskins
own_1345376,Fothergills Sparey Lewis And Phillips
own_225812,Mrs Amanda Perrett
own_1322600,Roudee Racing 7
own_1273544,Rupert Martin
own_1177448,Dawn Aldham And Wetumpka Racing
own_1323240,Everybody Racing Limited
own_1304272,The 19Th Hole Syndicate J S Moore
own_1378344,Spirited Racing J S Moore
own_1409848,Rivermonte Racing Nickalls And Pynn
own_1349924,Stone Mcneill Green Families
own_1069444,Johnston Racing Ltd
own_1167596,Pellon Racing
own_42192,J R Rowbottom
own_1061736,John Paul Stanaway Nicola Reed
own_1345928,David Purvis
own_1311676,Forest Three
own_1263508,Dfa Racing Anderson Edwards
own_1316512,Doubtfire Haring Thornton Davies
own_649064,Orbit Performance
own_632144,M C Fahy
own_1380712,Horizon Sunset Partnership
own_1252396,Peter And Liz Jones
own_49424,K Bishop
own_329952,W Frewen
own_1131780,I Wills
own_1351008,Sir Martin Broughton Friends 9
own_1364508,Sara Marchant Chris Pugsley Shaun Hearn
own_1404128,Old Gold Racing 21
own_999484,Caballo Racing
own_716264,Miss A C Bamford
own_21344,A M Thomson
own_1211280,Sendemon
own_1403320,M Mcpherson And Mrs Q Thomson
own_1309752,Kelso Lowflyers Russell
own_1407688,Yorkshire Moors Racing Partner
own_1046340,Saxtead Livestock Ltd
own_1211932,H R D Mccalmont H Lascelles
own_698348,T B Sheridan
own_1408448,Leitch Stephen
own_235472,Mrs C Cashman
own_1404108,Brownsbarn Thoroughbreds Xi
own_249440,M H Walton
own_687900,Mrs Penny Perriss
own_1347544,Claxby Co Russell Partner
own_1406684,The Getaways
own_1150508,Dan Astbury
own_1201492,B Mould Partner
own_1077020,Hook Lane Syndicate
own_747012,M J L A Taylor
own_1404356,Mildmay Racing Gary Gillies
own_1403796,C R Hirst M Owen
own_943668,Alec Leopold Ms Leanne Norman
own_1206724,Steve Bradley
own_1329620,David Balfe Partner
own_1149736,Mrs P A Johnson C H Stephenson
own_1392652,Dalwhinnie Bloostock R Kent Partner
own_1297020,Mrs C Voce
own_1391872,Michelle Connolly And A Haynes
own_1408804,Ellipsis And E Ware
own_1175428,Team Candy
own_994204,Ryedale Partners No1
own_1393392,R J Turton L Westwood
own_1297608,Syps Uk Ltd M Downing Hrl
own_491680,Miss T Waggott
own_646868,Macable Partnership
own_1299920,Mcneill Family G C Stevens
own_1348728,Mrs G Jenkinson And Mrs B Butterworth
own_1413476,Ktda Racing Nicola Morris
own_451512,Worcester Racing Club
own_1311068,The Fairfax And Favor Racing Club
own_1357240,Bolton Mill Racing Ii
own_393184,B I Case
own_1304864,My Racing Manager Friends   Mako
own_1402028,Noel Fehily Racing Syndicate   Hope
own_1297652,Pickard Racing Club
own_1325256,Michael Clent
own_163732,David Carr
own_1296652,The Risk And Reward Racing Syndicate
own_200888,The French Connection
own_1222592,Old Gold Racing 7
own_809204,Stephen Price
own_1348288,Buckett Lovell Snowden Stacey
own_1012088,P R Walker R Walker
own_509696,Zen Racing
own_1186332,Martin Hill And Partners
own_1409856,Ursa Major Mark Walford Racing Club
own_1108816,William Esdaile
own_1396524,Cheammarketing If Only Pshipacoupland
own_1401772,Three Sixty Racing Syndicate
own_1403812,Highclere Thoroughbred Racing   Barn Owl
own_322020,Lord Lloyd Webber
own_1359164,Jonathan Palmer Brown And Jim Horgan
own_679820,Ben Cm Wong
own_1002632,Done Ferguson Mason
own_1112136,Int Plywood Lmporters Ltd And C Mason
own_920000,J Hinds
own_1347532,Highclere Thoroughbred Racing   Grand
own_1346972,The Morestead Select Syndicate
own_882460,Mrs Sarah Leslie D Mccain Jnr
own_1178260,Ray Connolly
own_1412784,8 Amigos J Grindal W Hamilton J Burns
own_1211240,S Brackenbury
own_882656,Miss R J Smith Maxwell
own_1364916,Munster Van Centreseven Plus One Syndicate
own_1133060,Mcneill Family Patrick Scott Bryceland
own_1080364,Thesegirlscan Racing Club
own_1400100,Cheltenham Is The Target
own_1401444,The Cheshire Partnership And Partner
own_1397416,Highbourne Stud
own_1128908,Bernardine And Sean Mulryan
own_1246552,The Hhh Partnership
own_1253596,Farmers Friends
own_1289776,Daf Jones
own_1361568,O Eaton
own_960260,The Running In Rail Partnership
own_821240,Champion Bloodstock Ltd
own_1384956,Hot To Trot Racing 2 Henry Candy
own_1377740,Kf Racing Humphries Turner
own_701392,Mrs Mary Slack
own_1259464,Mrs Moni Williams
own_1312692,C Hazzard
own_1408180,Mrs K Browne Partner
own_251600,C L Tizzard
own_1306204,Eic Racing Table Five
own_246496,My Left Foot Racing Syndicate
own_1409020,Exors Of The Late F Baxter
own_1406668,The Pavenham Partnership
own_1388220,Jim Bracken Keith Hadwin
own_1407720,Value Racing   Lets Sail Away
own_1263140,I Holt
own_1268284,Howard Kingston
own_695492,Alastair And Rachel Bell
own_758996,Distillery Stud
own_1057560,James Finch
own_1260596,Lycett Wbb
own_1347856,Neville Mann Duffus Dennis Price
own_870868,Alain Jathiere
own_1241580,Andrew Peake Haras De Saint Voir
own_962748,Coxwell Partnership
own_1358636,Noel Fehily Racing Syndicate   Hidden
own_1319616,The Galloping Dentist At 45 The Green
own_118012,Peter Crate
own_1401436,Williams Partners
own_603624,Mrs Wendy Wesley
own_1334444,J Kimber Aura Racing
own_1189452,Gunalt Partnership
own_1080780,F Green And J Chinn
own_1412436,J Manclark
own_1333288,Dilhorne Fry And Kingham
own_1404968,Ursa Major Racing Beswick Bloodstock
own_1192936,Habton Racing Club
own_714828,Mrs S Such
own_1405464,Bryce Greatrex
own_1263620,Ursa Major Racing Cw Racing Partner
own_1343092,Private Harley Street Clinic Limited
own_1405264,Jumping For Joy
own_759608,C N Herman
own_1178764,Greens Racing
own_1294620,Oap Iii
own_905648,Richard Katherine Gilbert
own_1399796,Ursa Major Dj Goodman
own_1383392,Affinity Racing
own_950700,Ms G Gwilliam
own_1251572,Michael Scholey
own_50104,Mrs D Fallows
own_1334212,J Savory J Kimber
own_1329776,The Sixstablemates
own_1406676,Captain Syndicate And Nick Littmoden
own_1411620,Ross Burdon
own_1410396,James Finch And Steve Forbes
own_1068896,Ebury Racing 3
own_1402160,The Cc Partnership
own_1395292,Stquintonmauleintplywds Daniel
own_190432,Mrs Lydia Richards
own_444716,E A Condon
own_211696,Martin J Gibbs
own_1195560,K Brookes M Payne
own_1195896,P Long
own_1348772,Paul Davies John Raglan Beswick Brothers
own_1142960,Mrs Leslie Buckley
own_1395380,D Edmonston T Helliwell If Only Ptr
own_1219008,Future Champions Racing Syndicate
own_137968,Peter Ward
own_842472,Mrs Maura Osullivan
own_1325400,Teme Valley Aura Racing
own_851968,Whitcoombe Park Racing
own_1395308,S Thompson Mrs R Carr G Shields
own_1322360,Mrs Louise Whillans
own_1125224,The Pucka Partnership
own_1389128,Middleham Park Rond Point Partnership
own_236424,J Raybould
own_1111156,Mohamed Rashid Hamdan Al Saadi
own_1359120,Middleham Park Racing Xxxii Partner 1
own_43712,Khalifa Dasmal
own_1409012,L Holder Mrs T Brudenell
own_1329272,T Smith Partner
own_1294740,Angie Osullivan
own_1149456,David Clark And Partner
own_1001992,N D Kennelly
own_1411612,The Scrumping Jumpers
own_1346692,Mark Phillips The Late J H Gumbley
own_1361184,M Lee D Lee C Jolley P Neville
own_1409892,E J Leclerca Chaille Chaille
own_769956,Derek Kierans
own_367264,Andrew Wiles
own_1354804,Jane Graves Racing
own_1033084,The Jp Girls
own_1344872,Opd Group Limited
own_250612,Brian Eckley
own_1190712,Dydb Marketing Limited
own_707276,W A Thomas
own_1374664,John
own_1336240,Thp Racing D A Harrison Racing
own_1404140,The Snapper Partnership
own_1359624,The Double Bubble Partnership
own_886684,Zaheer Chaudhry
own_1360868,Nick Edwards George Lodge Ltd
own_1402008,Cope Slack Brennan Partner
own_1386836,Turner   Keeley
own_1184900,Gerry Mcgladery Jon A Thompson
own_26468,Henry Candy
own_851864,Mrs J E Wallsgrove
own_1240988,Saeed Sultan Al Rahoomi
own_1349020,Prof C Tisdall G Thompson
own_1341452,Bell Lyons James
own_1392660,Mrs D Dewbery Mrs D J Brown
own_1169972,The Covenanters
own_1306768,Pickard Racing Another Chance Syndicate
own_1352644,Mt13 Golf Classic Racing Club
own_1178100,Rupert Lowe
own_868636,Mr Mrs James Blyth Currie
own_1255844,The Gaelic Park Syndicate
own_1116288,Henry Candy Partners Iv
own_1314172,Sox Co
own_605884,Richard Frayne
own_1351452,My Louise Partnership
own_1212952,Jimmy Kay And Partner
own_1362232,Frn   Chepstow Club
own_1292328,The Good Racing Company Ltd
own_1119352,D F L Bishop
own_767648,Mrs Sarah Bryan
own_46132,P Venner
own_1319876,Owners Group 113
own_449144,Mrs E Lucey Butler
own_916504,David Skelton
own_783168,Christian Main
own_1396728,Morland Woodman Jones
own_886936,Brook Stud
own_1407124,C Sansom
own_247960,Mrs Edward Dunlop
own_1319884,D Macauliffe A Don Friend
own_1216796,Jon A Thompson S P C Woods
own_1406248,Mrs P Obrien
own_1225368,Mrs Wendy Edwards
own_1411256,Nasser Al Ansari
own_1176956,Mrs S Nicholls
own_1321028,T C Obrien
own_1409660,Owners Group 130
own_70812,C J Down
own_678120,Mrs Andrew May
own_758160,Warmwellcome Partnership
own_459032,The Butterwick Syndicate
own_1000736,D Summersby
own_1398664,Mark Hickling Laura Mason Syndicate
own_384716,J Rees
own_462108,R J Mrs J A Peake
own_1259324,Syd Hosie
own_1348000,Soldiering On Syndicate
own_1320840,Welsh Wizards
own_321940,John Brown Megan Dennis
own_1370540,Bromley Spampanato Partners
own_1372576,The Royal Jet Partnership
own_1314192,Conor Morris
own_1261764,Williams Powell
own_690928,Mrs P Bosley
own_1382508,Hugh Bricknell
own_1372848,Pant Y Gerdinen Equine Ltd And Partner
own_453884,Mrs D A Hamer
own_953144,M R Chapman
own_1351464,The Drifters
own_26392,Eric Jones
own_1111308,Hamad Ebrahim
own_1407148,Richard Johnson Racing  Hard Dealt
own_1390572,F Bandar
own_1400548,Diskovery Xii
own_1360156,The Freedom Spirits And B Smart
own_1282928,Among Friends Partnership
own_1134300,D B Clark H Candy
own_1411068,M Harvey
own_1274944,Dale Dolan Dooley Owen
own_357436,Imad Alsagar
own_1411072,Miss Elisabeth Tilley
own_380,P Winkworth
own_700948,Strawberry Fields Stud
own_1316960,Mrs M Hebbard
own_1345812,Haynes Of Challow Ltd
own_1402544,Jonny Allison Beppa E Gigi S R L
own_1319904,O R J Sangster
own_1325236,M Shiacolas
own_991904,Pegasus Bloodstock Limited
own_1403968,Awr Ltd Sperling Snowden Morley Stacey
own_1137020,Culverhill Racing Club Ii
own_1382116,N Considine
own_711240,Border Pointers
own_1409700,Peter Oppenheimer David Yeadon
own_1263332,Paul Reed
own_584248,Oliver Ryan
own_1089044,Midtech 2
own_1360724,The Jack Queen And King Syndicate
own_1319648,Ryan Leman White
own_639480,Five Star Racing Group
own_1188188,Hot To Trot Racing Robert Waley Cohen
own_1235668,The Culverhill Racing Club Iv
own_1407668,Value Racing   Jackstell
own_1411080,The Luck Family Friends
own_28172,N Bycroft
own_1012732,Pioneer Racing
own_1401292,The Jocks And The Geordies Ii
own_1336388,Clova Farms Ltd
own_1391576,Owners Group 139
own_1393420,Allison Watt Jenkinson
own_1360132,S Chappell S Dixon
own_1274008,A Rankin
own_189904,S Lamb
own_1376056,Elwick Stud
own_859996,Larkhills Racing Partnership Iii
own_1195556,Craig Pistaszczuk
own_692720,Patrick Neville
own_1379144,The Moab Syndicate
own_1409936,Brian Ellison Racing Club M Dale
own_1215684,The Cotswold Lockdowners
own_1358620,Iscott Jscott Jolley Sowray Neville
own_1251044,Middleham Park Racing Xxxix Peter Lamb
own_1199776,M H Racing Malina
own_1308472,Gary Downie
own_1353604,Hobbsons Choice
own_1395288,Greyland Ltd
own_1364900,My Favourite Sister
own_244472,Andrew F Sawyer
own_1239360,Martin Keighley Racing Partnership 11
own_1275348,Nathan Anderson Dixon
own_1316100,Mrs N Padgett
own_1074344,Orchard Racing
own_944244,Castle View Racing
own_1327156,Cdm Media Usa Inc
own_343004,S G Martin
own_877076,Andrew Buxton
own_676136,Ridge House Stables Ltd
own_1410660,D Smith Hudson Plumbing And Heating
own_15084,John Wardle
own_1258552,Herbert Bourchier
own_1220932,The Philip Kirby Racing Club
own_854628,Mrs Muriel Forward Dr G C Forward
own_1401776,Blue Starr Racing R Jelfs
own_1403964,Mj Connolly M Davis And Partner
own_652616,Ahmad Al Shaikh
own_1334232,Sir Thomas Pilkington Mrs S M Rogers
own_1405568,Steve Chick
own_1406808,Sarah Hoyland Whitsbury Manor Stud
own_1273836,Chris Mason Racing
own_1321468,Bendall Family
own_1349456,Tim Dr Sophie Leftley
own_788932,Fergal Obrien
own_1332908,Lpog 23 Nh
own_1297028,The Big Dog Partnership
own_1279356,P Morris R Watt P Emmett
own_1360732,The Luck Family
own_194528,M E Sowersby
own_1307668,Ee Williams Je Brooke
own_1408792,R Vaughan R Bisiker M Jones And S West
own_1191020,Party People 2
own_1077520,Silver Lily Bloodstock
own_1352436,Bryce Eynon
own_1297156,Bryan Drew Friends Chapman Kingston
own_364940,J P C Wall
own_1015440,Double Barrels Of Courage
own_1403552,The Royal Botanicals
own_500728,Michael Moriarty
own_1224492,The Fitzdares Racing Syndicate
own_1410580,T Rees And Partner
own_1388944,Bedford Noel
own_1407288,Teddington Racing
own_650332,Jb Racing
own_829896,Swanbridge Bloodstock Limited
own_1351772,The Desperate Dan Partnership
own_72864,Patrick F Kehoe
own_1354772,The Second Chance Partnership
own_720400,B J Millen
own_846172,P S Ryan
own_1336256,Anthony Wilding
own_1361812,Jordan Williams
own_871168,Ms Diane Carr
own_1410548,Old Monmothians And N Jones
own_1010880,T S Ingham Mrs Liz Ingham
own_1283076,The Chalk Mountain Partnership
own_1224248,Teme Valley Ballylinch Stud
own_964532,N Okeeffe
own_1002888,Mrs Christine E Budden Partners
own_1366344,Minster Paving Ltd
own_1339648,P Fudge
own_1109824,Judy Jamie Magee
own_1338704,David Kilburn Christopher Wright
own_1248656,Gordon Bulloch S Hardcastle D Szepler
own_1386824,John C Oxley Partners
own_1277236,Stall Perlen Ab
own_1340260,The Sundowners Partnership
own_577080,P Blake
own_1404056,S Mcmillan M Gabellone P Thompson
own_1238332,Miss A V Brann Catherine Gabbett Mrs Anthea Smyth
own_1292616,G Ashton
own_1349644,Roy Sally Green
own_650216,The Ladies Who
own_999504,D A Harrison Racing
own_1272684,Miss Valerie Renwick
own_948640,Bryan Drew And Friends
own_1198036,The Fob Racing Partnership 11
own_1263836,Golfcrest Syndicate
own_1173432,El Borracho Syndicate
own_932884,Neil Readman
own_1373212,Miss Emily Whiteside
own_1214632,Mason And Mcgoff
own_1399416,The Dancers
own_1192452,John Wade Chris Grant
own_1392488,Making A Pointe Partnership
own_1005008,T Hunter D A Harrison Racing
own_69588,Mrs Ian Mckie
own_1248668,Middleham Park Racing M S Watters
own_1354492,Miss M Austin
own_1379376,Martyn Butler David Geddes
own_1404520,Red Silks Racing Dr David Pickering
own_1407020,Value Racing   Elegant Call
own_1338128,Golden Equinox And Wendy Jenkins
own_1348756,D J S A Shewring
own_1369164,Miss Mj Connolly
own_1383236,Taylorhodgesmason
own_1307296,Tom Muir Colin Paterson
own_1324080,Chelsea Thoroughbreds   Sk
own_1379400,Opulence Ladies
own_1382752,Wessex Equine
own_452180,Celtic Connections
own_1409332,The Soldiers Of Fortune Ii
own_364648,M Mcevoy
own_250236,Mrs E A Kellar
own_1319516,The Preston Lodge Syndicate
own_1388268,Fdc Holdings Ltd Nwir Ltd
own_1298832,Lovell Massey Meads Smith Walsh
own_1374688,Guillaume Fabre
own_1025300,N Hartley
own_1246372,J Townson M Roche P Thompson
own_476404,Christopher W T Johnston
own_1404124,Mrs Laura Osborne
own_1018916,Plan B
own_1368696,The Ikigai Partnership
own_242644,Miss Jayne Brace
own_1250800,Imperial Racing John Blackburn
own_1343212,Ms Aisling Byrne
own_56152,Sir Thomas Pilkington
own_1183616,Ron Spore Dr C Scott
own_1395736,Miss K J Keir Partner
own_1212500,Mrs Pam Aitken
own_1201116,Austin And June Allison
own_1139932,The Sisters Of Mercy John Berry
own_35436,Alex Smith
own_1396244,Mrs R J Mccreery And Richard Craddock
own_1404100,Moir Murphy Rowsell
own_1012840,Manfredini Partner
own_446620,Around The World Partnership
own_1410264,Byerly Indians
own_1055640,Mrs T Whatley
own_1390896,Ties Across The Channel
own_1392796,Jack Thomasjames Sweeneygraham Brooks
own_1331624,Nigel Leech Peter Dyson Partner
own_1394368,D Tumelty G Obrien A Kerin B Sheerin
own_1400520,The Pour It On Partnership
own_1390272,Steel A Win Spring Cottage Syndicate 3
own_1167064,S G Clayton 1
own_1218196,Grange Park Racing Xvi And Partners
own_1302052,J J Potter Ltd And Kelvin Hughes
own_1089744,The Fob Racing Partnership 5
own_902836,Mrs A M Williams
own_1314160,Kevin Doyle
own_1074332,Colin Peake Julie Slater
own_250140,Mrs Sylvia Scott
own_663128,David Ward
own_927728,Two Goldfish A Balloon
own_347600,Lady Juliet Tadgell
own_1130196,The Fob Racing Partnership 8
own_1255564,Jerry Wright The Lee Family
own_503376,M V Coglan
own_838556,J M Basquill
own_1349404,Eventmasters Limited
own_883844,The Musley Bank Partnership Partner
own_1369864,Marcus Jordan
own_1346496,Heart Of The South Racing 134
own_1338228,Gee Tac Limited
own_866524,Frost Racing Club
own_758168,Dan Skelton
own_1315132,J Veysey
own_240644,Roger Peel
own_1334460,The Packham Boys
own_1173780,Border Raiders T Davidson
own_908864,Crowd Racing Partnership
own_998508,Y T Mehmet
own_1313176,A Cope B Roberts And J Biggane
own_1319856,Hambleton Racing Xxxvi Ltd Partner
own_837488,George Boughey
own_1359140,The Gene Genies Ii
own_1106876,Haxted Racing
own_576156,Lee Man Bun
own_1391696,Andrew Bengough And Mindy Hammond
own_1319420,Mrs Joy Hobby
own_1400712,Ms L G Robinson J D Gunther Partners
own_1391980,Reindeer Racing Club Partner
own_1410120,Newmarket Racing Club Hqvi
own_1401428,N Bradley 41 Mj Connolly And M Davis
own_1396688,Ms K Avison
own_1383088,Dalziel Family K Rogers D Vowles
own_363972,D Shorey
own_898604,Mrs J A Thomas
own_1178596,Didnt Cost A Lot Racing Club
own_1347152,Steel A Win Partners
own_1202140,Ian Charles Wilson
own_1299052,Rosie Robson Tinsley Phil Ba Harwood
own_1399848,Mechie Ccr Kerr
own_1341480,Harry Redknapp Karen Salters
own_1359668,Cowan And Drury
own_826180,Alison Mossop
own_1318060,Mrs Raqui Campbell Hill
own_1400932,Girsonfield Gowan Racing Corbett
own_1237664,Greystoke Owners
own_1164452,Aj Racing
own_1316976,Ryan Chapman Robert Parks Sandfield
own_1391584,Criffel Racing Kevin Elliott
own_1405156,Maurice Manasseh Et Al
own_1388216,Rosehill Racing Ii
own_1325924,John Cornforth Well Oiled Partnership
own_1378328,James Finch Sam Sutton
own_466784,Marchwood Aggregates
own_237684,Mrs Lisa Williamson
own_1350588,Carraway
own_1394372,Foxtrot Racing Strictly Tango
own_948908,Team Tuff
own_1240316,Mpb Contractors Limited
own_1308380,Velocity Racing Nh
own_192984,Nick Skelton
own_1400960,Fall From Gracers
own_643044,Michael Bringloe
own_1332384,Daryana Partnership
own_1277444,Newstartracingcom Club
own_990092,Mrs S Bowen
own_1063108,S Bishop And C Mason
own_1273056,Sean Barley
own_599840,The Reluctant Suitors
own_1393412,Park Lane Accountants Ltd
own_1389328,Basher Watts Racing
own_1357576,Mike Brennan Alfa Site Services
own_501196,Paul K Spencer
own_1294304,Ahmad Alotaibi Jane Chapple Hyam
own_1344088,Mps Racing M B Spence N Tinkler
own_464624,Denton Hall Racing Ltd
own_509536,D R Churches
own_632668,Tay Valley Chasers Racing Club
own_1377360,G Cross
own_240740,Red Neds Racing Club
own_1191012,Encore Partnership V11
own_1272668,Flying High And Blacklock
own_1237408,Owners Group 087
own_922108,Golden Rose Partnership
own_1409800,D R Kearns
own_1349228,Dream Boys
own_1261796,Badjams 5 Syndicate
own_1077032,Sandys Angels
own_1315120,Thomas Robson
own_1295716,Tootell Tomkies Tory
own_717444,The Venetian Lad Partnership
own_1199760,Giraffa Racing   Bh
own_172444,Charles C Walker
own_252464,N Tinkler
own_1288812,Mrs H Harris
own_1184404,Nicholas Peacock
own_200876,Star Racing
own_1230396,Eclipse First Racing
own_868616,Middleham Park Racing Lxxvii
own_1060648,R R D Saunders
own_1409528,Mathis Ae Frost Fellowes Partner
own_1103632,Tony Perkins Partners
own_1279596,H E Redha Munfaredi
own_1383100,The Childe Of Hale The Good Racing Co
own_1405152,Tom Goodair Jimmy Kay Partner
own_1409532,The Rogues Gallery Partner 2
own_1021872,N R Kelly
own_1187108,C Honour
own_1406800,Tony Louise Fear And Mike Naomi Roe
own_1368096,The Bonefish Bubble
own_1386296,Tekhi Subsea Limited
own_1377336,Rcj Associates Ltd R Mb Limited
own_1409304,The Belpasso Partnership
own_1320344,Matt James
own_1229752,Julian Hui
own_1360872,Spencer Coomes Partner
own_1199768,Foxtrot Racing Bali Body
own_1409508,Andrew Coade
own_1369192,Middleham Park Racing Cxv C Barclay
own_989044,Charles Dingwall
own_670652,Peter Conway
own_1346696,Miss Kylie Chase
own_403140,W De Best Turner
own_907764,P J Mcburney
own_1384400,Small Fry Partners
own_1409540,K Waters M Barnes
own_1268060,Howard Lupton Christine Dunnett
own_1334160,Silver Ring Syndicate
own_1276980,Bfp Racing
own_405676,Miss K A Bartlett
own_1393984,Newsells Park Stud   Ww Syndicate
own_1335580,Miss Tracey Mann John Pinckney
own_1322612,Keith Mark Hickling
own_966936,Keaveney Butcher
own_1191572,Zavier Austin
own_933380,Roberto Favarulo
own_1390736,Odds Odyssey Partnership
own_1409324,O J Burrows
own_1402368,The Time On Our Hands Boys Syndicate
own_1211184,A Walk In The Park Partnership
own_864684,Ak Ecofilm Ltd
own_1351656,Katopop Partnership
own_161764,Exors Of The Late Donald Smith
own_848568,Mrs G Welch
own_1012152,Mrs Greta Sparks Andrew Sparks
own_913468,Anne Harriet Lucinda Bond
own_1312548,Austin June Jonny Allison
own_1404144,A J Wall Briton International Partner
own_1409724,Jakeman Mason Roberts Brookes
own_1367096,C Randall
own_1190848,Lui Carenza
own_1382876,The Holt Fleet Hot Shots
own_1280132,Ryder And Alex Sugden
own_1319044,Jaraz Enterprises Gmbh Co Kg
own_1008112,2 Counties Racing
own_467300,Absolute Solvents Ltd
own_1379132,A Coupland If Only Partnership
own_1313520,Keatley Racing Owners Group D Moore
own_1277020,Middleham Park Racing Xxv Michael Lai
own_1272680,Nick White Mrs E Burke
own_676344,Mrs S Conway
own_39432,Salah Fustok
own_602684,S R Hope And S W Barrow
own_354724,Lordship Stud
own_1268280,B Lynam
own_1338856,Mrs M C Sweeney Alan King
own_1143476,Nat Rothschild
own_601284,P C J Dalby R D Schuster
own_1178932,Quantum Leap Racing Iv Partner
own_167024,The Fairy Story Partnership
own_891692,Chris Priestley
own_887792,Muir Racing Partnership   Windsor
own_970980,J Palmer Brown Partner
own_1406816,The Quiet Gents
own_1386480,Crest Racing Ix John Porter
own_1270588,The Thoroughbred Racing Corporation Ltd
own_879172,P Mitchell Mrs S Davis
own_1407140,The End R Ways Partnership Partner
own_1279616,Jastar Capital Limited
own_756676,The Fops
own_1045432,Ms Jo Bridel
own_974944,Roy Louise Swinburne
own_161516,R Sparks
own_1216724,Eclipse Sports Racing Club Partner
own_733408,Malcolm Alicia Aldis
own_1280108,Roberto Favarulo Gerald Chesneau Nick Littmoden
own_1349908,Off To The Races Syndicate
own_1142432,Jean Matterson J Douglas Miller
own_1405980,Value Racing   Only The Bold
own_1280092,J Lonsdale And Partner
own_593204,Fortnum Racing
own_922116,P K Siu
own_1353712,Noel Fehily Racing Syndicate   Ski Lodge
own_680200,Miss Jennifer Dorey
own_1336684,Akela Thoroughbreds Ltd Partner
own_377956,Mr Mrs G Calder
own_1409196,Mrs Simon Marsh Hon Mrs Peter Stanley
own_1402548,Pershalla Partnership
own_650392,Bobby Flay
own_1367844,James Dellaway
own_1395088,D Oneill N Roach
own_1409188,Jolly Jem Syndicate
own_796120,Mrs Y Mullin
own_1314936,M Gilgeous C Seeney G Harker
own_1373776,Royale Racing Alfa Site Services Ltd
own_1359244,Kingsley Park 38
own_1378600,Qatar Bs China Horse Club D Howden
own_1394396,Halo Racing Services
own_332088,Mrs Doreen Tabor
own_1049084,Mrs Christina Dee
own_1221396,Ian Richard Goatson
own_1373080,D M James Partners
own_443036,Jedd Okeeffe
own_956344,Reality Partnerships Vii
own_956276,Graham Henderson
own_1404348,G J Clarkson
own_1403544,P C O Neill
own_1401452,Dave Cooper
own_37480,Paul Murphy
own_1217892,M Warner
own_1252352,David J Keast Mrs Wendy Soliman
own_147148,Paul G Jacobs
own_1402040,Martin Keighley Racing Partnership 15
own_1373624,Derek G Williams
own_1224840,R Mills And Partner
own_1402068,Mcleish Partners
own_1382120,Thats Fine Syndicate
own_1326408,Katherine Stewart Partners
own_1250804,Owners Group 098
own_830532,David Henery
own_1378752,Deva Racing Cc 1
own_732624,R F Haynes
own_1281940,The Family Affair
own_751124,International Plywood Importers Ltd
own_1072336,Ursa Major Racing Ltd
own_1388492,K Breen Partner
own_1052800,Mrs Jill Phillips Graeme Mcpherson
own_1384096,S Radymski Partner
own_1397084,Capla Developments B Padgett
own_1394964,J A Grimes Mrs C Lacey G Lacey
own_1366268,Family Amusements Ltd D P Moss S Day
own_1394716,K Cogan J S Moore
own_884452,Midtech
own_1254776,The Good Old Days Racing Partnership
own_487788,Mrs Sarah Metcalfe
own_947400,The Forever Partnership
own_1147548,P Mcgee
own_1296364,Winterfields Farm Ltd David Scott
own_1358276,Stone Familymcneill Family
own_1374668,Mrs D A Whitaker And Ben Normile
own_367400,M F Harris
own_35424,Brian Robinson
own_1192588,Noel Fehily Racing Syndicates Teddy
own_1345832,K Jardine R Griffiths D Boyce
own_1293800,The Jolly Farmers
own_1403976,J Hankinson P Hanson R Pipe And T Pipe
own_679828,Jon A Thompson
own_1265272,Lucky In Life Syndicate
own_1255768,J Reed R Caddick
own_1396656,In It For Fun Partnership Partner
own_1349928,The Ballee Syndicate
own_1325740,John P Mcmanus Mrs John Magnier Mrs S Ricci
own_1019384,Catchtwentytwoandyfreight Holdingsltd
own_1138200,Mrs Nicola Morris
own_1408696,Chesneaux Littmoden
own_993196,C W Rodgers
own_1402044,Old Gold Racing 24
own_1361072,Mrs Kate Young And Clova Farm
own_1408456,Ms Saorcha Fitzgerald
own_1349664,Sharing The Dream Syndicate 1
own_485048,Allan A Grant
own_201756,Sean Maguire
own_1402376,This Hapy Life D Hughes Partner
own_843404,Miss E Dunkley
own_907116,Sean Sweeney Kieran Ohare
own_1313012,Kimberley Meehan
own_1399404,C M Clark
own_474356,Mrs Elizabeth Ferguson
own_1337260,Jonathan Poulter
own_1012280,Miss H M Mcmahon
own_1296000,Mrs Helen Moger
own_1301880,Mrs S Ponting
own_1311836,On The Case Syndicate
own_1156600,Garrett Meacham Woodhall
own_707628,Culm Valley Racing
own_788920,Paul Bowtell
own_796256,Michael Park
own_1175336,Yermanmilan Syndicate
own_1340416,N Mcallen
own_352264,Mrs J M Owen
own_112292,Dr Anne J F Gillespie
own_1366468,Middleham Park Xcv M Harris
own_1303320,Cashel Sarsfields Syndicate
own_1138188,Mount Pleasant Racing Partner
own_1295188,Noel Fehily Racing Syndicate   Top Kap
own_1352428,Claymore Racing Ltd Russell
own_1408704,T Rees And M Green
own_1077508,Mrs N Turner Mrs E Fenton
own_804364,Ap Partnership
own_147680,Miss J Du Plessis
own_26248,L J Williams
own_1408104,D R Makin
own_1186644,The Cod And Chips Twice Racing Syndicate
own_1194772,G Saville
own_995988,Carole Daly Partners
own_1384940,Lady Godiva Racing Syndicate
own_476088,Hush Hush Partnership
own_1258364,Roger Gould
own_1090784,Far Bihoue Partnership
own_1013488,C R P Williams
own_860804,Mr Mrs S C Willes
own_1214228,Pete Wordingham Charles Pogson
own_1407980,John Blackburnimperial Racing Partner
own_1393532,The Soldiers Of Fortune Iv
own_1338708,F W Dronzek C Chell
own_1356676,Secret Sauce Syndicate
own_1147524,Coniston Old Men Syndicate
own_1369844,C H Stephenson And Partner
own_1372012,Richard Pickup Harry Pickup
own_1299060,The Chicago Gal Partnership
own_1213040,Back To The Track Syndicate
own_125872,A Slack
own_1368240,Dkelseyjlawsonm Thughescpogson
own_193216,Lady Sutton
own_1298592,Potwell Racing Syndicate Iv
own_1295160,Eddie And John
own_1238500,Eddie Whettam
own_1200976,Owners Group 064
own_1095576,The Second Chancers
own_131772,A J Norman
own_1404676,Paddy Brennan Racing Syndicate Our Lil
own_1388640,Croft Farm Juvenile Syndicate   Edna
own_1343084,Martin Cap Darrell Williams
own_1385388,Peter Timmins John Rhodes Partner
own_1390240,Mr Mrs Manchester N Wrigley
own_1043360,John Brown Partner
own_1263608,Kjb Racing
own_1374920,The Crown Inn Fc Racing Syndicate
own_875528,A Melville
own_714604,The Macdougall Two
own_1397044,G A Racing Emma Evans
own_1407676,C Ward B Kirby B Valentine
own_1334876,Middleham Park Racing Xxxiii Partner 1
own_695260,Kevin Quinn
own_1394712,Janetevansnorman Courtstudsusanbunney
own_1399592,The Bosphorus Rose Partnership
own_115880,Derek Thompson
own_1384180,Middleham Park Xciii Barry Obrien
own_1407684,Ms Nicola C Race
own_1370864,Manton Park
own_1404932,Emporium Interiors Ltd
own_1371068,Nrm Clark And K Scott
own_1321508,J Beamson P Harker
own_1097532,John Pyatt
own_211128,Miss J Feilden
own_1407660,Ms C Dziadosz
own_1255084,Paul Glass
own_1408144,Mills Smith
own_1250924,Foxtrot Racing Whizz Kid
own_1096448,Agv Karwin Stud
own_592636,Mark Mcdonagh
own_1328924,K I T Partnership
own_1178752,A J Russell
own_1292316,Acorn Builders Dorset Ltd
own_1334492,Owners Group 122
own_1331012,The Ice Cool Partners
own_1000316,S A Heley Partner
own_1374132,Windfield Partners I
own_1328632,N Cable
own_1363988,Newsells Park Stud Ardilesbrazilhoddle
own_47420,George Strawbridge
own_24980,C H Mcghie
own_886232,Mrs Sarah Pearson
own_25956,G B Turnbull Ltd
own_351260,J J Quinn
own_1407436,Mrs P Bond Magniers Mrs P Shanahan
own_1407160,The Make It So Partnership
own_1111096,Alastair Ralph
own_1399844,Swanbridge Bloodstock Alne Park Stud
own_1328184,Syndicates Racing I
own_359856,John Kenny
own_1264492,Strachaninkincorbetsalweythompsoncoltman
own_1049732,Mrs Sandra Champ
own_1401996,D Coles R Marker
own_1186796,Davids Partnership
own_1237468,Owners For Owners Duke Of Luckley
own_1399296,Smith Redknapp Pocock Lestrange
own_1307672,Ursa Major  England
own_1010496,Neil Arton Partner
own_1305492,Mrs Sarah Rising
own_892736,Mrs Judith Luff
own_1047288,Alastair Pippa Mcleish
own_681404,Chris Giles
own_1123216,Emma Berry
own_35936,Lord Vestey
own_1201032,Ahmad Bintouq Partner
own_1326780,Middleham Park Southbank Scott Westy
own_1269384,Phil Jude Jones
own_1380788,Tw Racing
own_1334532,Nibras Racing
own_1206532,Vantage Point Racing Club
own_853312,La Grange Partnership
own_1393804,T Redman D Turner And C Farrell
own_1399276,Roudee Racing 14
own_1360392,K Louch Partner
own_1239084,The Pink Purple Partnership
own_1011148,A Quirke Mrs G B Walford
own_441680,Normandie Stud Ltd
own_831516,Chasemore Farm
own_1262736,Amity Finance Racing
own_14696,Dr J A E Hobby
own_637712,Newtown Anner Stud Farm Ltd
own_786640,Jeremy Holt
own_1407292,Lordship Stud Newsells Park Stud
own_1403160,Muir Racing Partnership   Ripon
own_1366352,Rectory Farm Racing
own_1366360,Spiritedracingdbramhillmrs Bv Sangster
own_890256,Mrs Susan Bunney
own_459088,Mrs Paul Shanahan Mrs John Magnier
own_1407276,Melvin Haughey
own_101792,Brian Tetley
own_1225916,Neal And Sheralee Grayston
own_1246164,Thirsty Thursday Syndicate
own_1223560,Vice Royal Partnership
own_1372348,The Enchanted Ones
own_1043592,The Home Farm Partnership
own_1235468,A D Spence A J Pearson
own_1101004,Adrian Paterson
own_1249176,Mrs S Livesey Van Dorst
own_1390568,Ballylinch Stud Partners
own_1074768,Justwow
own_251524,R C C Villers
own_793048,Upthorpe Racing
own_850088,Mrs Hilda M Luscombe
own_177812,Albert Conneally
own_1404148,C J Edwards And Partner
own_1402888,Valmont M Blencowe
own_918892,Denis Quinn
own_1184800,Scott Thompson
own_1377560,Spirit Of Albion
own_1222312,Miss E C Lavelle
own_1405160,Miss Jade Ellen Gregory
own_1393404,W Brookshaw Central Facilities Haynes
own_1111496,H Frost
own_1405984,Austin Whelan Teme Valley
own_200200,Eamonn J Kelly
own_1173704,The Music Makers 2
own_1343112,Opulence Thoroughbreds Denise Woodley
own_1407156,Pimlico Racing   Collanisi
own_7148,Paul Waldron
own_1206068,T Hamlin And J M Dare
own_615344,Jonathan Martin
own_1098392,The Jury
own_22724,William Fisher
own_53052,David Bond
own_1265700,Gingearmy Racing
own_1271736,Annett And Mandle
own_1388232,S Bedlow
own_1350928,Mrs Tina Larcombe
own_123800,J Nixon
own_1368072,H Jenkins L Bearman C Flanagan
own_152628,Arashan Ali
own_1006320,Shirley Symonds Fred Camis
own_784064,Mark Harrod
own_1323792,Kevin Crawford
own_1175632,Edward Babington Phil Cunningham
own_1323320,Xenor Uk
own_1298268,Jonny Adams
own_1354312,Deva Racing Rg
own_1379128,Tunstall Annett Graham And Bewley
own_1398428,Ms S Fung
own_1255092,Andrew Clancy And James Colthart
own_1175760,Ebury Racing 5
own_1360852,The Horse Watchers Robin Oliver
own_1219696,Dark Blue Bloodstock
own_1258628,Jacobsconstructionholdings J E Harley
own_103604,Ian Robinson
own_1376156,The Ledj Partnership
own_1210876,Whitehills Racing Syndicate 3
own_1323256,J E Abbey And New Vision Bloodstock
own_1319848,Bedford House Racing I
own_1087268,John Rhodes Peter Timmins
own_1314408,Raceshare   La Pulga
own_1393980,Ms Sue Bradley
own_1399588,Hunscote Stud Ltd Darren P Bowden
own_582888,George Materna
own_1394976,R Barnett And Mrs B V Sangster
own_1393432,Rashid Al Saud
own_1223432,David Fish And Partner
own_506420,David W Armstrong
own_717368,Bg Racing Partnership
own_1188752,The Fob Racing Partnership 10
own_1346668,Jakemanmason Brookes
own_1017296,Skys The Limit
own_465772,George Houghton
own_1389352,Having A Mare
own_694376,Miss Katharine J Holland
own_1396472,Turf Wars Racing Club
own_1235656,Whitcombe Racing Club
own_1395300,Spectre Racing   Forever William
own_69808,C T Pogson
own_87852,John J Nallen
own_662172,James F Dunne
own_238604,Miss Jane Edgar
own_72880,Mrs A F Mee
own_1263392,The Turner Family
own_967244,Shane Francis
own_1212148,Mahler The Wailers
own_984740,Geoff Nicholas
own_1353616,Mr Mrs D Olver Mr Mrs N Burrows
own_965300,Pique Syndicate Partnership
own_692392,Mark Lavinia Sherwood
own_31504,M Channon
own_969832,Hjw Partnership
own_612572,Stuart Kittow
own_1330476,Dp Fabricators Ltd
own_1193592,Middleham Park Racing Cxxv
own_667332,Richard Taylor Philip Hebdon
own_1236836,Moment Of Madness 3
own_1383116,P Blyth
own_1389540,M Robinson If Only Partnership
own_1400508,Belgate Racing Limited
own_1201268,Thunder From Down Under
own_1025020,Newsells Park Stud Partner
own_1366256,S J Antram
own_1400976,The Aurelius Partnership
own_1198060,Dr David Pickering
own_1385252,Middleham Park X Simon Wood A Haynes
own_1168816,Mr Mrs Rj Manning
own_1406680,Stephen J Hine
own_1267900,In For A Penny Partnership
own_1378216,M Mchale J Munroe M Guy
own_1389884,Guerin Beccle Lynam
own_1389112,Up The Racing Team 3
own_1016048,Axom Lxxi
own_1009812,Sleeve It Ltd
own_1380384,Mrs A Phelan Mrs Bridget Beckett
own_1391204,Killeedylistowel Syndicate
own_1366260,The Marathon Partnership
own_869464,Al Shaqab Racing
own_1372588,Wear The Fox Hat Syndicate
own_1352996,Pnt Partnership
own_29892,Mohamed Obaida
own_1376,John E Rose
own_1339276,Kennet Valley Syndicates Xi Racing
own_609572,Alex Owen
own_1007504,N Rodway Partner
own_239140,The Jersey Syndicate
own_1255964,G Nicholson
own_1283664,In Bounds Syndicate
own_1301300,Paul Carty Natalie Gilligan Partnership
own_520060,John Heaney
own_519460,The Ferandlin Peaches
own_894028,Fabfive
own_1336360,Khdrp1
own_1022812,The Fob Racing Partnership
own_1306648,Spectacular Seven Syndicate
own_576068,Stephen Campion
own_1374440,Mrs P And Miss S Bailey
own_1263096,Barry Davis
own_52684,K C Bailey
own_876136,Colin Westley
own_982124,Woodham Walter Partnership
own_95764,Frederick Ellis
own_1407028,Dalwhinnie Bloodstock Ltd I Furtado
own_1335012,Tom Dascombe Racing Club
own_1401616,David Frame Partners
own_1331016,Mrs K Keane
own_1319108,Filly My Glass Syndicate
own_1184248,Tohali Partnership
own_1392628,Pimlico Racing Ireland R Dooly
own_1382500,Capp Powell Newman And Day
own_1355556,The Mustard
own_1404912,M Watmough
own_1378040,Rockstown Girl Syndicate
own_7916,Andy Taylor
own_1406872,Equotair Sarl
own_1140296,Mick Molly Syndicate
own_1129472,Kate Allisat Chris Ames
own_380560,D P Constable
own_1343588,Proper Mon Racing And Nick Carter
own_1406452,Mrs Elizabeth Harrison
own_508496,Ibt Racing
own_1294744,E Lynch T C Quinn John J Mcgrath
own_707824,Cj T Syndicate
own_1304132,Littlefoot Partnership
own_1332668,R L Davies
own_637368,Carol Bushnell Partners
own_1361360,Ricardo Napolitano
own_468552,The Fantasy Fellowship B
own_1348324,Eric Broadwith And Mrs Ruth Carr
own_733296,David Dorans
own_169684,S P C Woods
own_909948,Ron Spore P D West
own_779120,Muir Racing Partnership   York
own_1378564,J Tuthill Partner
own_591360,Carmel Stud
own_1359204,Martians Racing Partners
own_877392,Pcracingcouk
own_1011408,Mark Goldstein Mrs Wendy Jenkins
own_1398824,Ms Catherine Kay Cooper
own_1393704,Brownsbarn Shhaven Bay Tipsy Tipsters
own_1394724,D Fravigark Dixonand P Mcbride
own_1314176,National Infrastructure Solutions
own_942160,Douglas Bradbury
own_192064,Dajam Ltd
own_1402372,Paul Davies David Woodman
own_825352,The Jago Family Partnership
own_1027568,Jenny Perry And Celia Goaman
own_1397724,Harriet Dickin And Ursa Major Racing Ltd
own_746000,The High Kites
own_1265236,The 69 Racing Team
own_1214224,The Multifruit Syndicate
own_619076,The Stewkley Shindiggers Partnership
own_1057320,F Baxter
own_1236844,P Ziegler
own_1389888,James Robert Fisher
own_1406556,Capladevpropulsionracingjmoynihanmshort
own_1331492,Reality Partnerships Xx
own_1114636,Tom Bownes
own_1376012,M Peacock R Wreglesworth
own_1367760,Crowd Racing Es O Racing
own_574780,J N Blackburn
own_1016808,D R J King
own_1093552,Hot To Trot Racing Vi
own_1398820,Mrs Caroline Gregson
own_1399596,Lockdale Coins Ltd
own_1402788,Chris Page Partners
own_1400536,Gold Green   Victory Garden
own_686436,Keepers 12
own_1106240,Bb Thoroughbreds
own_943872,Miss K Mcneilly
own_788056,Dan Macdonald
own_800976,Mrs Mary Lewis
own_15296,James Wigan
own_1220616,Crispin De Moubray M L P Consultancy
own_1342124,Tony Killoran Tarzan Bloodstock
own_46048,Duke Of Devonshire
own_591340,Mr And Mrs David Aykroyd
own_1322216,Miss P F Okelly
own_1340084,Magnier Nagle Shanahan Sangster
own_1405972,Mark Oppermancomte G De Saint Seine
own_1094120,Trading Products Limited
own_1358272,Moss Llewelyn Runeckles Wetumpka Racing
own_1405992,Ed Ware And Partner
own_1247520,Team Valor Cayton Park Stud A Singh
own_205080,M J Hanrahan
own_1281620,Yorkshire Rose Syndicate
own_1222492,Smith Magnier Tabor Westerberg
own_1325224,Barnane Stud And Partners2
own_761192,The Clean Sweep Partnership
own_1093064,The Pretenders
own_882580,Oliver Jack Murphy
own_1345040,Gaze Partnership
own_1342496,C Benham L Quinn K Quinn
own_1328644,David Howden Partners
own_1170496,Aberdeen Park Partner
own_1369356,Tom Goodair Jimmy Kay
own_1258636,Recycled Products Limited Partner
own_1350496,Paul Inglett And Beckhampton
own_1385952,Fox And Badger Racing
own_1029076,Sullivan Bstock Merriebelle Irish Farm
own_927956,Muir Racing Partnership   Deauville
own_1373820,The Graham Lee Racing Club
own_804976,Pineapple Stud
own_1270808,Blythe Hill Racing 2
own_1356928,Andy Marsh Jack Lewis Partner
own_996732,B V Lund
own_1366372,Malcolm Hezel
own_142704,A Palk
own_1306480,Lady Cecil Family Friends
own_1187680,G Woods
own_1257272,Mrs Pauline Simpson
own_1351264,Shininmoon
own_1385408,Tim Moore Pat Murray Tq Fusion Limited
own_713184,Mrs B Russell D V Gardner
own_1259616,Daves Best Mates
own_1195892,Lorna Hardwick Bob Allum
own_1405776,The Wood Partnership
own_1009968,Ian Pattle P J Mcbride
own_1034440,The Dunnitalls
own_1369176,Hamilton Park Annual Members
own_1373372,Mrs Brigitte Goersch Joe Bear Racing
own_958232,Mrs Gill Shire
own_942196,Mrs H Lloyd Herrington
own_540632,Abdullah Saeed Al Naboodah
own_1386488,Andy Lizzie Cova And Partner
own_1361596,Georginio Rutter
own_1109268,Hot To Trot Racing V
own_1405564,John Manser Partner
own_1375300,Mayflower Racing Club
own_488500,Horsplay Syndicate
own_1225484,Dark Horse Racing Partnership Nine
own_862268,Langdale Bloodstock
own_1264416,French Connection Partnership
own_1362648,Hardwick Wright Richmond
own_1263504,Big Time Billy Racing
own_1405468,Foxtrot Racing Bryan Mayoh
own_1397964,The Common Potatoes
own_1405144,Furlong Friends
own_1351016,Young At Heart
own_1367092,All The Allowances Syndicate
own_1378708,Chris Trembath And Tony Outhart
own_1237472,The Front Ears
own_1405460,A Strong
own_1348280,Flower Abbott And Crofts
own_1399624,M F Fitzgerald
own_508484,Miss I G Tompsett
own_471156,J Maloney
own_1217228,Owners Group 076
own_1213212,Collett Morrison Partners
own_509540,Miss Caroline Scott
own_1360136,S Radymski Soldiers Call Partners
own_1390588,Middleham Park Racing L T Severn
own_1337464,Tip Your Hat Partnership
own_1009060,Shaikh Duaij Al Khalifa
own_1402792,S Corps Partner
own_1402360,Mrs Emma Middleton And Co
own_1121940,Clarendon Partnership
own_1131300,Tracey Bell Caroline Lyons
own_976564,A C Bound
own_1284532,Six Or Sticks Sixties
own_1350680,Gaelic Bloodstock
own_1376104,On Top Racing Ltd Two Brothers
own_1252400,J Carrick S Taylor
own_1373688,Aj Walls
own_768452,Pjl Racing
own_925824,Andrew Stonehill
own_853864,Glebe Farm Stud
own_1240864,The Stewart Family Dench Ferguson Mason
own_128712,T J Doran
own_1317280,Mrs Anne Gaffney Mrs T Gaffney Liam J Butler
own_1371392,Nick Bradley Racing 26 Julie Camacho
own_1210320,John Sagar And Dunham Trading Ltd
own_1134540,Owners Group 039
own_79176,F Mccarthy
own_1059676,S Chappell Partner
own_987408,S Bland
own_1405420,The Humble Syndicate
own_991304,The Goodfellow Partnership
own_758152,H W Turcan Sir Simon Dunning
own_1131128,Owners Group 030
own_1323276,Roddy O Byrne And Robert O Byrne
own_1329480,William Armitage Jwd Partnership
own_765136,Mrs Lynn Turner Guy Brook
own_1382548,Fine Claret Racingmrs Burke C Wood
own_676120,Ibrahim Saeed Al Malki
own_1029744,Go Alfresco Racing Partners
own_1276476,Huggymac Racing Ptnr
own_1218768,Mrs M Lingwood Tony Coyle
own_1087320,Reality Partnerships Xvi
own_482832,Ron Spore
own_1166192,Nick Bradley Racing 8 Partner
own_1209192,Dearing Plastics Ltd Mark Ingram
own_1386016,Tiger Horseracing And Brian Rothwell
own_1348428,Tykemeout Syndicate
own_1327180,The Invisible Man Partnership
own_994160,D J Metcalfe M Dods
own_707408,Reality Partnerships Iii
own_52936,David Tate
own_1372556,Peter Blyth Partner
own_1207816,J Saxby M Simmons Partnership
own_1304556,The Buddies
own_1398876,Mrs Joy V Slater
own_1397088,Exors Of The Late Mrs Kathleen Hall
own_1261368,Eddie And Fiona Carswell
own_1327540,Ownaracehorse K West And Tt Racing
own_1295732,Shaun Sowray
own_174848,Mrs M B Thwaites
own_1393808,Adam Hayes Helen Hayes
own_1348736,Warren Wright Cockcroftjervischapman
own_1294656,Holland And Bewley
own_1354764,Charles Dingwall And Neil Clyne
own_1391724,St Simon Partnership
own_625864,James Oleary
own_1393168,Nbr 15 L Boros
own_1331484,Bland Hall Camacho
own_1384044,M Redvers Woodside Miss G Harrison
own_1361612,Hession Mrs Foxon And Jones
own_1326380,Ms A Lau
own_955928,Nick Bradley Racing 5 E Burke
own_128084,M Mccarthy
own_345552,The Wedding Party
own_666368,Mrs Emma Kennedy
own_381656,Middleham Park Racing Xii
own_1368448,L Boros R S Marchant Partner
own_1319892,Ladyswood Ptnrs
own_1017224,The Spero Partnership Ltd
own_1262744,Miss G Tutty
own_1373768,Alfa Site Services Ltd Graeme Curnow
own_1311488,S Mallinson M Barker
own_1372544,Hadden Farm Ltd Partner
own_1050624,E A Al Afoo
own_1288052,Mick David Easterby 100 Racing
own_107316,Mrs Althea Barclay
own_1253936,Homecroft Wealth Racing Partners
own_1345056,The Stevedores
own_726548,Dark Horse Racing Ltd
own_1292824,The Golden Partnership
own_1367612,Pow Cheam
own_1379692,Ramp Bloodstock Ltd
own_1360580,Alan Byrne
own_1248160,The Brazen Racing Club
own_68620,Mrs R F Johnson Houghton
own_362796,J Staunton
own_1390040,Hp Racing Troy Story
own_1206748,Steven Rocco
own_1383408,Up The Racing Team 5
own_537408,A W Bult
own_956772,David Foy
own_909320,Mrs C T Bushnell
own_1375652,Premierracing Clubmarkrimell
own_186920,Mrs R Philipps
own_1400788,Clifton Matthews Miss L Allan
own_347248,Brian Jordan
own_1359144,Miss Elaine Nolan
own_1206780,The Obank Partnership
own_784068,Mrs Deborah June James
own_685096,Miss Yvonne Jacques
own_1392800,J P L Flavour Technologies Ltd
own_1397636,Fortis Racing
own_451792,Mrs Andrea Wilkinson
own_1008452,John Manser Simon Treacher
own_1348140,Clayton Manning S Morrell Hathaway
own_54712,Anthony White
own_1219952,Lets Be Lucky Racing 31
own_1397376,Duffymillssmith
own_1171904,A Whillans W Orr C Spark J Wright
own_962972,S Moloney
own_1210540,Fb Racing Club
own_1276984,David Jennings
own_1292620,G Freeman
own_1401144,Ballylinch Stud Mclaren Oppenheimer
own_645784,Andrew Tinkler
own_1404340,M Hughes Chelsea Thoroughbreds
own_1219904,Ownaracehorse And R Kent
own_1171900,County Charm Windows Conservatories
own_1382512,Claymore Racing Ltd
own_336028,Lovely Bubbly Racing
own_1228232,Red And Blue Alliance
own_1295632,D Shapiro D Clifford Blue Lion Rcg Ix
own_1111360,Ben Parish Clare Loughnane
own_1335976,Frieze Racing And Steven Dobson
own_1297060,Theoddsquad Syndicate
own_850092,Geegeezcouk Pa
own_1016296,Mrs Avril Lewis
own_1219984,The Lee Westwood Partnership
own_1137156,D B Mrs C Lamplough Partner
own_1383048,Stoneleigh Racing Iii Partner
own_1393972,Highclere Thoroughbred Racing   Jungle
own_610464,Mrs Camille Macdonald
own_737732,The Jolly Beggars
own_1383664,Racing Knights Syps Uk Ltd
own_1236100,Jolly Folly Syndicate
own_1244472,Dr Helen Crawford
own_1390028,Nbr 6Carrgill Partners
own_631112,Steve Dick
own_1279072,Racing Knights Ptnr
own_1054232,Mrs Pam Roffe Silvester
own_1395400,Vernon Phillips
own_1291332,Lightfoot Mussell Evans Peart
own_66332,A Robson
own_1030556,Gangbusters
own_1288056,Mrs K S Pratt P R Blackett M Dods
own_1318568,The Outrageous Partnership
own_1289808,Brooke Rankin Frost Hues Inglett
own_1404656,Matthew Reeves
own_1315904,Wolf Pack 7 Partner
own_1377096,Tim Cottier
own_693664,J I Barnett
own_1386452,A Branniff
own_1394960,Craven Surface Treatments Ltd
own_1392952,N Banks W Dodd D Stevenson A Gibson
own_16868,John Wade
own_1401784,Simon Bland Tony Coyle
own_1320680,Raceshare   Red Mirage
own_1210496,Keatley Racing Owners Group
own_1308656,Owners Group 114
own_1213196,Tg Racing
own_875408,Hambleton Racing Ltd Xxxii
own_576264,The Senators
own_1023480,J R Racing
own_1336364,Notalotterry 2
own_1359296,H Hurst R Sankey
own_1003264,Timothy Ogram Partner
own_899628,Derek Gennard Gillian Gennard
own_1116040,Reality Partnerships Xv
own_1059564,J Sagar And M Dods
own_20868,David Pritchard
own_213636,In The Pink Partnership
own_1217464,B Dunn Partner
own_1235676,The Oldcastle Racing Syndicate
own_1146760,Alaw
own_1038828,The Good Bad Ugly And Deaf
own_1393424,M Mchale J Munroe D Walshe
own_1099252,Hunscote Stud Limited
own_1397256,Opulence Thoroughbreds Ross Harmon
own_886200,Blythe Stables Llp
own_1404652,Dont Tell Bernie Syndicate
own_1405320,John James
own_1123816,Neer Do Wells Vi
own_1174640,Woodhurst Construction G Chrysanthou
own_874800,Lady De Ramsey
own_345636,George Darling
own_29804,D R Tucker
own_1392648,Harriet Loder Harraton Court Stables
own_1216840,The Coup De Force Partnership
own_1000268,Middleham Park Racing Cxvii
own_940648,Gallop Racing
own_1297584,Middlehamparkracingxl And Partners
own_1359276,The Waiting With Partnership
own_476140,Stuart Mcphee
own_1373804,No Fun Winning Alone
own_1369160,Landforce Group Ltd
own_1399872,Warren Hill Racing
own_1372172,Exorsofs Agodinoc M Budgettp J Mcbride
own_1405304,Winging It
own_1305044,Pury Racing
own_1349720,Ricki Vaughan R Bisiker Sheena West
own_1109184,Lady Thompson Julia Lukas
own_1044276,Milldean Racing Syndicate
own_1008752,Grange Park Racing Xiii Ruth Carr
own_1335960,Kon Wilton Wetumpka Racing
own_474404,Good Company Partnership
own_1382304,Bengough Treacher Tully
own_1388260,Adam James Spratt
own_1376232,Beechdown Optimists
own_239524,D B Roberts
own_1334208,Anthony Francis Mark Panozzo
own_1346284,Ms V Osullivan Crowd Racing
own_335420,Eric Gadsden
own_1347536,The Bold The Brave
own_1047752,Mr Mrs Norman
own_1213240,The Scout Syndicate
own_859124,Muir Racing Partnership   Ascot
own_915704,The Horse Watchers
own_1133680,Park View
own_1310588,Old Bloxhamist Racing
own_456004,The Kingpins
own_1398228,Tsj Partnership
own_822060,Mrs I Gansera Leveque
own_22852,Robin Mathew
own_1316104,Quest Thoroughbreds Jack Thomas
own_1292152,Kevin Byram
own_71288,A P Jones
own_1344452,The Plantation Racing Syndicate
own_835132,G1 Racing Club Ltd
own_62908,D H Gibbon
own_1303204,James Owen Racing Club
own_1384608,D Hewer
own_1379932,G Tunstall A Noble S Mcmillan
own_1300120,The Diamonds
own_1238668,David Hicken
own_1373928,Alfa Site Services Ltd Syps Uk Ltd
own_1177752,Marc Chan
own_1334224,Martians Racing Dylan Cunha
own_1212688,Owners Group 083
own_1395280,Raceshare   Buccabay
own_186576,C R Marks Banbury
own_724272,Miss J Deadman S Barrow
own_1390592,Chelsea Thoroughbreds Ballylinch Stud
own_1380728,Colvin Bradley Partner
own_1269288,Owners Group 102
own_1323652,Caught Short Partnership
own_1306368,Mrs C Campbell
own_472192,Ryedale Partners No 4
own_207772,Patrick Hale
own_1378304,Elwick Stud Partner
own_1367152,H Morriss Miss K Rausing
own_944148,A Hetherton
own_1188164,Susie Robert Frosell
own_1401440,Andrew Rosen Marc Chan Mrs S Rogers
own_1396652,Frost Acloque Lb Fw Clayton Godsal
own_664780,Paul Drinkwater
own_1319824,All For One Racing Ii
own_1295980,James And Susan Cookson
own_1312496,A Major Payne Partnership
own_1017868,Midnight Racing Club
own_69408,James Westoll
own_1224884,David Monaghan Adam Lord Paddy Monaghan
own_1378380,M Simmonss Woodcock And Miss Ld Sanders
own_471740,Pump Plant Services Ltd
own_1382284,Anthony Rogers Flaxman Stables Ire
own_1379684,Chelsea Thoroughbreds   Ce
own_1388208,Capture The Moment Xiii
own_681432,Trebles Holford Thoroughbreds
own_1239336,Montgomerie Mandle Annett And Davidson
own_1396236,Jones Keane Kryswicki Kf Racing Club
own_1342112,Das Racing Limited
own_1010732,D A West Partner
own_1349640,Noel Fehily Racing Syndicate  Hell Hound
own_1056516,Hot To Trot Racing 1
own_1388252,J Hopperton Mrs L Colegate
own_1398548,Tactful Finance S Roden Partner
own_1373096,Totaii Limited
own_1243196,Middleham Park Racing Xix Partner 1
own_1235784,R Mrs J E Huin
own_1225192,Newroc Partner
own_1327396,Grid Iron Racing And Mrs J Spivey
own_1000908,Bryan Hirst Jane Chapple Hyam
own_1308652,Julia Venvell Drinkwater Family
own_1377008,The Ravenswell Ladies
own_1394568,E Hughes P Riley P Makin
own_1387492,Old Gilroyders And Ollie Pears
own_1305672,Miss N Miliam
own_1115976,Guaymas
own_1215540,The Red House Racing Club
own_1349440,Newmarket Racing Club Hqv
own_578308,Mrs L A Ivory
own_1190268,Red Rum Racing 1
own_1054224,Mrs Joanne Boxcer Partner
own_1392956,Mcnamee Hewitt Harding And Rice
own_33388,John W Ford
own_1353952,Nawton Racing Club
own_1374120,O Humphrey
own_946872,Paul J Smith
own_1010172,Peter Gleeson
own_1373800,Hot To Trot Racing 2 And The Hoppers
own_1353460,S Hubble M Doocey P Mayling
own_1296508,Ms Rachel Oneill
own_1307656,Ms Diamond Owen Promotions Ltd
own_1047120,Its All About The Girls
own_1379368,Corn Hall Racing
own_1341832,Akela Thoroughbreds Ltd Jinky Farms Ii
own_1378712,Coley Exall Porter
own_1393416,Paul Withers
own_1344080,Edison Kent Partners
own_34212,J E Burrows
own_14964,Brian Chambers
own_1329624,Hp Racing Stash The Cash Ptr
own_1404096,Hood Philipps Wrigley
own_1331488,Keep Kicking Racing Les Boyer
own_1250204,Total Asbestos Solutions Ltd A Frost
own_1207640,Simon Skinner Partner
own_1378728,Tony Smith A Pollard
own_830356,Mrs C M Clarke Foulrice Park Racing Ltd
own_181208,Abdulla Al Khalifa
own_1374640,Beckhampton Stables And Fittocks Stud
own_1380980,The Kimber Family Clare Hobson
own_1258740,Bronte Collection 1
own_1215548,Nick Bradley Racing 30 Partner
own_782968,Heather Yarrow Lesley Ivory
own_885880,Mrs Michelle Morgan
own_1011476,Miss Vanessa Church Toby Brereton
own_1388412,Whitsbury Ix
own_1391060,Mauchline
own_1180908,Moir Murphy
own_1000376,The Shimplingthorne Syndicate
own_250708,Andrew Davis
own_1169680,Stephen Bean
own_1403960,Daniel J Stewart Brook Stud
own_1211044,Cypress Creek Equine Llc
own_1399268,Graeme Moore   Osborne House Ii
own_1353960,Kaygoodaircartercoatesmcmann
own_1348316,Eric Jones Partners
own_1403984,No Actors Here Syndicate
own_1058904,Jonathan Thomas
own_1381720,Owners Group 131
own_1290324,West Ilsley   Platinum
own_1370536,3Dtrangascoignedeaconvincent Archer
own_1000584,H Jones Mrs E Evans
own_1223300,Miss F L Thomas
own_1211352,Howard And Shirley Symonds
own_366492,The Good To Soft Firm
own_1103948,Cherrybank Crusaders
own_1242484,David Tomlinson
own_349588,D Rees
own_1387112,Whitsbury Viii
own_763164,Mrs J Hitchings
own_1383672,The Kandm Racing Partnership
own_1302024,Gary Allsopp And A Haynes
own_994164,Harry Demetriou
own_1336228,Wayne Clifford Alexander Miller
own_1307920,All Weather Racing Club
own_1402772,Adams Coates Goldsmith Jones Mapp Scott
own_738932,W H Simpson
own_1374584,Mrs E Bickerton And A Streeter
own_1376152,Skw Racing Partnership
own_140896,Frank Hutchinson
own_844836,Cavendish Bloodstock Racing
own_1310472,Peregrine Racing Sir Mark Lady Todd
own_1220968,Ignited
own_1306452,The Raffles Syndicate
own_175604,Mrs J Wood
own_1403800,Old Gold Racing 25
own_1391972,Mrs P Shanahan And Jastar Ltd
own_1167236,Bermuda Racing Limited
own_1114388,Westerberg
own_768512,Mrs Jane Newett
own_1385944,The Angelica Bay Partnership
own_79996,Mrs Annette Ocallaghan
own_101988,Mervyn Ayers
own_1395724,The Freedom Bay Partnership
own_1402384,Tactful Finance And Associates
own_1391732,Bob Lisa Pain
own_1087340,The Fitzrovians 3
own_853980,Hambleton Racing Ltd Xxix
own_1354688,Gordon Macintosh
own_1103188,Ryedale Partners No 14
own_1100720,B Cooney
own_1172484,Miss Tracey Ashbee
own_710332,Allan Belshaw
own_1332604,Roudee Racing 8
own_1009568,Hambleton Racing Ltd Xlvii
own_1401756,The Ringers
own_1393164,Helen Loggin A Gemmell A Stennett
own_927512,C A Gledhill
own_404200,Burns Partnership
own_150760,P Winks
own_1372836,Exors Of The Late F Gillespie
own_1382360,Ms J Bianco G Wood
own_913704,Rmt Holdings Limited
own_1187076,Ian Jones
own_1380416,Ontoawinner Alfa Site Services Ltd
own_1312420,Sbs Uk Ltd Owen Promotions Ltd
own_1384048,Nawaf Almutairi
own_1373592,Twelfth Man Partnership 8
own_352172,W A Bromley
own_1322312,M Dalby
own_1117428,Ambrose Turnbull John Cruces
own_1221132,Nick Bradley Racing 20
own_1370916,Capla Development J Nordoff L Westwood
own_1344424,Lets Be Lucky Racing 36 David Carroll
own_871904,Mark Dunphy
own_777796,Ron C Williams
own_1235928,Obrien Porter
own_1042484,W H Mrs J A Tinning Mrs C Wallis
own_1255508,Ben Turner Racing Partnership
own_580868,O T I Racing
own_869592,Valueracingclubcouk
own_1393792,Ck Racing And Ursa Major Racing Ltd
own_789512,Mrs Ailsa Stirling
own_203396,Mrs Karola Vann
own_1378720,The Sea Warrior Syndicate
own_1237456,Got There In The End Partnership
own_1133676,Dr T Fielding
own_1217632,Verity Pritchard Simpson
own_883296,Grange Park Racing Vii
own_1348432,Ed Ware Partners
own_1306356,Quadrille Partnership
own_1286572,Elaine Banks Sam Lambert
own_24556,Mrs R E Barr
own_788188,Y T Szeto
own_1366288,The Gathering And Partner
own_1377488,A Smith K Lawrence
own_1097540,R N J Partnership
own_1360200,Future Champions Music History
own_1380696,The Jocks And The Geordies
own_1383660,M Mchale And J Munroe Racing
own_1396160,The Helston Dance Partnership
own_1291348,The Olliers Stewart Perkins
own_748444,Frank Lowe
own_1321908,Mps Racing The Ayrshire Tradesmen 1
own_459140,Mrs P E Hawkings
own_1266440,The Weighting Game
own_1013284,V Spinks Partner
own_1330856,John Sugarman
own_1048388,Middleham Park Lxvii Phil Cunningham
own_954140,Justin Byrne
own_587048,L M Rutherford
own_1384068,Stowe 100 Clubc Wright E Asprey W Carson
own_1333500,Deva Racing Sl 1
own_1389324,Three Earls Of Barrowford
own_1392532,Bellydoyle Buddies
own_1075292,Mrs H Allanson And Partner
own_1325032,The Lucra Iv Partnership
own_859136,Johnstone Partnership
own_833056,Alan Baxter Brian Hall
own_1372828,G Mcgregor
own_1319828,Artis 2
own_1250192,Miss P A Carnaby
own_1377544,Nelson Mandela House
own_1373684,Solario Racing Newmarket
own_24408,Times Of Wigan
own_1396528,S Hollings M Bannister Capla Devment
own_533292,Mr And Mrs T P Winnell
own_1384604,Raceshare 100   Ann Terry
own_1283084,Peter Jeffers
own_1088720,Highbeck Racing 4
own_1223640,Faihan Faisal Almandeel
own_1065772,The Three Gen Partnership
own_1251720,D Odonohoe S Delchar P Jack S Nelson
own_126228,Mrs C M Dickin
own_1324096,Hm The Queen The Late Sir Chips Keswick
own_1204008,Mrs H Mcburney
own_1109960,The 2 Under Partnership
own_937456,Homecroft Wealth Racing Viii
own_1202376,Runfortheroses
own_1371784,Bccs
own_957268,3 Batterhams And A Reay
own_1362748,Kingsley Park 40   Ready To Run
own_1218460,Ajt Group
own_1343116,L Barber
own_1328432,D Fish And Mrs J Aldridge
own_1266280,J William Rowley S P C Woods
own_580896,Andrew Rosen
own_1282380,F Lowe And M Dods
own_1319888,Brady Mckibbin Partner
own_504876,Clear Racing
own_70772,N A D Thomas
own_1327276,Cottier Racing Breaks Old Gold Racing
own_204788,Ray Bailey
own_872876,Middleham Park Racing Xc
own_1379136,Anne Elliott And M Dods
own_1390340,Heart Of The South Racing 139
own_231712,Middleham Park Racing Iv
own_1206688,Heath House Optimists
own_17588,David Dunsdon
own_669580,Miss S Sharp
own_986360,Mrs Karen Drinkwater
own_1372320,Anthony R Hunt Joe Tumilty
own_1371356,Windmill House Racing Rasio Cymru
own_1325584,Aura Racingcastle Down Racingj Kimber
own_1373076,Csk Services Limited
own_238540,Laurence Okane
own_1375676,Reindeer Racing Club
own_1291904,Ontoawinner Andy Finneran Racing
own_1360860,Ontoawinner And Partners
own_1399272,P S Bryceland Townbraccan Partner
own_1402876,Newsells Park Stud   Bloodstock 24
own_1228724,Nick Allhusen Selwood Bloodstock
own_251376,B Mannion
own_1147672,Gavin Cromwell Racing Limited
own_1385580,Baker Longden Lambert
own_1384172,Connect Oil Limited
own_19064,Allan Mcluckie
own_850652,Middleham Park Racing Lxx
own_813556,The Pickford Hill Partnership
own_612764,Patrick Sheanon
own_957092,Preston Lodge Stud
own_240332,Middleham Park Racing Vi
own_1207616,Adam Tucker
own_1284820,Heart Of The South Racing 131
own_1339032,All For One Racing Iii
own_1216536,Newmarket Racing Club Hqiii
own_102420,W M Johnstone
own_1343216,Quantum Leap Racing Xiv
own_1247492,Qatar Racing Ltd Ms Rachel D S Hood
own_935900,Lit Lung Lee
own_238840,The Stargazers
own_1378348,The Ffrench Revolution
own_1340404,Pompey Ventures
own_1178612,Francis Mangan
own_1331024,Rachel Carthy
own_1331692,Nameless Shameless Partnership
own_1273584,D C Racing
own_709548,Silverton Hill Partnership
own_1403584,Ben Arbib Sir Martyn Arbib Aziz Kheir
own_21388,Lord Carnarvon
own_1177892,Old Stoic Racing Club Partner
own_1247480,Highclere   George Bernard Shaw
own_1378336,Mark Venus Peter Chapple Hyam
own_1384104,Ken Mcgarrity Hanniganwheelerwheeler
own_54440,Foster Watson
own_899984,H D Atkinson
own_877084,Abdullateef Al Zeer
own_1025868,John Gunther
own_1000308,Whitsbury Manor Stud And Mrs M E Slade
own_919596,Box 41 Racing
own_880444,T J Ward
own_469580,Orphan Girl Syndicate
own_1358220,Roll The Dice
own_1378576,Wild Horses Racing
own_1041680,Marvmichael Syndicate
own_1356212,Bootlegger Syndicate
own_1333332,Steve Wright Jack Thomas
own_1335376,Hasmonean Racing Ai Racing
own_1005016,Phil Evans
own_1359292,The Twilight Zone Syndicate
own_1400096,Shelmore Bloodstock And Partners
own_1106884,The Tod Partnership
own_1388264,Bb Racing Club Skinny Malinka
own_1333448,The Thistles The Roses Partnership
own_1337856,Clara Stud Stu Graham
own_1074124,A Morse Stittenham Racing
own_578580,Michael H Sly Dr T Davies Mrs Pam Sly
own_1252456,Sir Mark Todd
own_69744,Christopher Wright
own_766652,John F Doyle
own_996928,Power Geneva Ltd Partner
own_1265032,Brian Mould Richard Kent Partner
own_1256472,Owners Group 100
own_1393800,Highclere Thoroughbred Racing   Buzzard
own_1399584,The Merry Pranksters Partner
own_1402892,A Stennett G Kennington C Hodgson
own_1402896,Ursa Major Masters Budden Griffin
own_1386820,Crest Racing Viii Partners
own_1389108,Miss G Rushworth
own_1202372,F Ibragimov
own_1166496,Reality Partnerships Xvii
own_1287140,J D Partnership Gary Black
own_952360,Miss Pauline A Conlon
own_1335324,Mrs H I Jinks
own_786012,Delancey
own_925980,The Agincourt Partnership
own_15456,R Greenwood
own_1287788,D K Kelly
own_1321916,M M Racing Paul Byrne And Partner
own_1390036,Highclere Thoroughbred Racing   Heron
own_1402884,Richard And Alexia Howes
own_718616,Phil Slater
own_880748,Judy Richard Peck
own_757724,The B Lucky Partnership
own_1238528,Hows Your Father Syndicate
own_838324,Shy John Partnership
own_1298256,Declans Bar Syndicate
own_1401296,Owen Daley
own_853136,Middleham Park Racing Lxix
own_824488,Paul Wildes
own_1383252,Newsells Park Stud Waldmark Syn Verrier
own_1206820,Jack Berry And John Matthews
own_1122936,Doug Graham Ian Davison Alan Drysdale
own_81228,Joseph Smith
own_1364020,Owners Group 128
own_1319816,The Buckingham Partnership Ii
own_1371228,Opulence Thoroughbreds Partner
own_1211000,M H Dixon J L Rowsell
own_1333460,Anthony Ramsden Nigel Skinner Ron Hull
own_769752,Reality Partnerships
own_1397640,Andy Finneran
own_1366276,Whitesock Racing
own_847384,Mr Mrs R M Gorell
own_990392,H Yamamoto
own_652024,P J Mrs J P Haycock
own_1367880,Paul Sally Flatt Childwickbury Stud
own_1392136,Darcy Moody Corps
own_1373016,S Mondair
own_1270584,Surrey Racing Sc
own_1227100,Jim Biggane And Partner
own_1402856,Caolan Brendan Woods
own_1357580,Mike Cross And Partner
own_580548,Castle Down Racing
own_1371404,Edwards Zerdin George Lodge Ltd
own_1166224,Whitehills Racing Syndicate 2
own_1340772,Middleham Park Racing Lxxiii Partners
own_1374124,Ray Sharman
own_1327176,Opulence Thoroughbreds And Partner
own_746436,The Paradise Partnership
own_1367876,Ownaracehorse Neil Rough Ollie Pears
own_1343388,Maximum Racing And D Mccready
own_1218956,P Harrington
own_1337292,Wayne And Sarah Dale And Ian Foster
own_1239320,Paul Catriona Brocklehurst Bloodstock
own_1284236,The Penhill Stud Syndicate
own_783516,D R Passant
own_1124060,Quantum Leap Racing Vi
own_1392792,Michael Blencowe Partners
own_925956,Eventmasters Racing J S Moore
own_949716,Mr Mrs N Wrigley
own_701288,Colin Stirling
own_1402168,Beswick Brothers Well Oiled Partners
own_2068,J H Richmond Watson
own_334152,J A Griffin
own_76860,Mrs M Chance
own_1399284,The Trip To Syndicate And Partners
own_854256,Promenade Bloodstock Limited
own_1374116,Goff Walsh Zerdin Sweet
own_1379140,Syps Uk Ltd Partners
own_964540,Nick Rhodes
own_738184,Mrs Lynn Cullimore
own_895932,Middleham Park Racing Lxxxv
own_1286196,Ownaracehorse And Theakston Stud
own_718432,Mohammed Sultan
own_958376,Rowdown Racing Partnership
own_633264,Team Spirit
own_1271324,E W B Williams
own_1227476,Ms L G Robinson
own_1277808,James Marshall Freya Marshall
own_1377344,The Firgrove Syndicate
own_1366312,I Davison
own_409104,The Adbrokes Partnership
own_1261380,Annett Mandle And Davidson
own_1251424,Dalwhinnie Bloodstock Ltd Richard Kent
own_1385404,Spectre Racing   Absolutely Fine
own_1248480,Middleham Park Racing Lxi Peter Lamb
own_1316652,Chris Housego Dylan Cunha
own_389000,The Potassium Partnership
own_1294272,The Dennis Family Dominic Reilly
own_1369868,Kenyon And Romans
own_1366484,Ms Beverley Coult
own_669860,Steve Jackie Fleetham
own_1271756,John Matthews Partner
own_67152,A Nicholls
own_1371888,The Not So Smart Partnership
own_1402780,Mrs V Perchard
own_1388024,P Stacey
own_1251804,Pyne Swinburne Partnership
own_403024,The Magic Partnership
own_74336,Mrs P Doyle
own_1307100,Middleham Park Racing Xv And Partner
own_1331716,Quantum Leap Racing Xv Partner I
own_584736,First Tuesday Syndicate
own_1312536,The Ten Club
own_1390248,Exors Of The Late Mr Tony Cocum
own_1306456,Derren Woods
own_1273524,Tucker Stafford Pao Mccormack
own_1111948,Geegeez Co Uk Ma
own_1307268,Set The Pulse Racing
own_1394560,George Baker Racing International
own_1174496,Mrs Sandra Windus
own_1337480,Hrh Prince Faisal Bin Khaled Najd Stud
own_1396156,Lilly Hall Syndicates
own_1361068,Diamond Racing Howdale Bloodstock
own_663864,Thomas Friel
own_575284,Mrs John Magnier Michael Tabor Derrick Smith
own_747056,Trailer Resources Ltd
own_1390596,Returnedwithahorse
own_1385948,The Ecology Partnership
own_1175000,Anthony Pye Jeary And David Ian
own_635912,Mrs A Cantillon
own_1366236,D Redverswoodside Bloodstock Partner
own_1352144,Top Of The Pops
own_1308088,Three Men The Filly
own_1394076,Valmont And Ellipsis Ii
own_1397104,White Birch Farm Fittocks Shafrazian
own_1366192,M Cox And K Lawrence
own_1023212,Emirates Park Pty Ltd
own_1065728,Hot To Trot Racing 2
own_949220,Tom Chadney And Friends
own_508176,Nicholas Mustoe
own_211620,C Gordon
own_1040000,The Fob Racing Partnership 3
own_123892,Paul Nicholls
own_1375444,The Pant Wilkin Partnership 001
own_1327280,Pineapple Stud Richard Kent
own_1402872,Exors Of The Late Mark Bradstock
own_1095564,The Cyclones
own_457572,Andrew Julia Turner
own_1233824,Julian Reed
own_1397100,Zoe Scott Chambers
own_1133252,The Sea Prince Racing Partnership
own_1350088,The Redmonds Syndicate
own_1401316,Michael Geoghegan Et Al
own_1373344,Henfold Harriers Ii
own_775364,Dr John Wilson
own_1339456,S Pedersen S Mcmillan A Brown
own_1312612,James Finch And Partner
own_1038784,P Bamford Ms J Bianco
own_1311820,Buist Crowther Shields
own_1273072,Santry Racing
own_1249128,G Vasey
own_1400524,C Wright D Kilburn A Dick And P Snook
own_350280,Park Lodge Racing
own_1103432,Qatar Racing David Howden
own_1318956,Adrian Whittingham
own_1367460,Chris Lowther The Gilberts
own_1029292,The Narc Partnership
own_1046448,Ed Babington
own_1187124,Nigel Jones Paul Bowden
own_1305360,Thurloe Royal Marsden Cancer Charity Ii
own_1342560,Flying Spurs Partnership
own_1315916,The Ed Dunlop Racing Club
own_1128220,The Three Cabelleros
own_1365864,Bluestarr Racing Partner Ii
own_1093564,T J W Bridge
own_1124416,Sheikh Mana Bin Mohammed Al Maktoum
own_74908,H R D Mccalmont
own_346624,E A L Dunlop
own_1055864,Bratwa
own_667832,Arthur Clayton
own_1212320,Andrew Mcgladdery And Park Lodge Stables
own_1337288,Nicole Hutchings
own_1220736,Martin Adams Neil Arton Partner
own_855236,M Rozenbroek
own_470360,P Donovan
own_1379848,J Blackburn M Mcwilliams
own_1306348,Matthew Webber Toby Ward
own_1313668,Turf Club 2022 Partner 1
own_114088,Timothy J Rooney
own_1401148,Qatar China Howden Newsells
own_1326924,Barry Gordon Taylor
own_1319880,Newsells Park Stud   Waldmark Syndicate
own_1174384,La Pyle Partnership
own_1382888,The Pink Taitties
own_1395972,Ralph Barton And Partners
own_1008076,Colne Valley Racing Partner
own_1228456,Carol David Whymark
own_1370000,Fine Claret Racing And Mrs R Carr
own_987460,Twenty Stars Partnership
own_1180712,P Duffy D Semmens V Williams R Harper M Loveday
own_1339956,Capture The Moment Xi
own_871388,Paul Inglett
own_617520,Mrs H Steel
own_1143128,Fred Archer Racing   Galliard
own_1341644,One More For The Road Ii
own_1389104,Mo Plant Ltd
own_355868,J L Flint
own_810228,The Golf Partnership
own_840644,Mrs T Burns
own_1380424,Ursa Major Ellerby Pollitt Partner
own_46448,M Brown
own_678080,Derek J Willis
own_26072,M S Saunders
own_1391364,Ontoawinner Maria Lashley Breitmeyer
own_1379860,Studart James Bloodstock
own_1394068,J Rayment J Stephenson R Eddery
own_1343368,Morestead Team Abc
own_1358700,Molen Ball Judd Malone White
own_1270620,Primavera
own_1371816,Family Amusements Ltd S Day
own_1366280,S R Hope S W Barrow T Clover
own_1384396,The Horse Watchers 13 Partner
own_816940,Dahab Racing
own_1376164,Nick Bradley Racing 49
own_1393700,Giselle De Aguiar A Haynes
own_666684,Steve Wynne
own_1173192,The Mcmurray Family
own_1245604,Paul Bryan
own_1316092,C Main T Barton
own_342892,Andrew Nicholls
own_385056,The Three Amigos
own_1138776,A Shiels Donal Gavigan Niall Reilly
own_1311188,Mason Hogarth Ferguson Done Mcgoff
own_1389356,Miss J I Bedi
own_1293792,P L Conway T B P Cottrell Racing
own_1326412,Mrs N Unsworth Assocs
own_618832,Mrs Harry Dunlop
own_1336896,W B Hawkins
own_1330172,Rob Burrow Racing Club
own_1312172,C Humphris D Howard
own_1396532,Adam Virgo
own_1355524,Attwater Partnership Peter Dee Airey
own_1369184,Fellowship Racing Diskovery
own_1326740,Kingsley Park 37   Gold
own_1332396,Newsells Park Stud Merry Fox Stud
own_653832,Mrs Janet Williamson
own_139096,Mrs D Joly
own_902804,Simon Earle
own_615400,J J Davies
own_1240596,Chris Cleevely Racing Knights
own_552876,The New Century Partnership
own_1212068,Auld Pals
own_641556,Mr And Mrs A E Pakenham
own_1399052,Underthehammer Capla Dev G Kelleway
own_1388404,Provence Syndicate Godstock Limited
own_1402140,J S Mitchell
own_1169476,Doug Grahamian Davisonalan Drysdale 1
own_199604,The Smart Set
own_994216,Reality Partnerships X
own_1316076,Toimy Son Partnership
own_1252384,Rosehill Racing
own_966680,Gary Davis
own_661640,Kevin Blake
own_915696,Norman Carter
own_1334276,Mrs Danika Faulkner
own_1290464,Sons Of Stirling Ltd
own_1266380,Ms Austerfield 8 Amigos J Burns
own_15004,H H Aga Khan
own_1383248,Bertrand Milliere Partners
own_1214032,Westerberg Mrs J Magnier M Tabor D Smith
own_1236052,D Smith Mrs J Magnier M Tabor Westerberg
own_815852,On A Mission
own_320928,Mrs Gill Summers
own_835700,Reality Partnerships V
own_954556,Team Valor International Llc Gary Barber
own_1374964,Quantum Leap Racing Viii Friends
own_575044,Michael Tabor Derrick Smith Mrs John Magnier
own_1377984,Peter R Bradley Iii Scuderia Scolari
own_1156612,John N Bourke
own_888684,Amedeo Dal Pos
own_866728,Mr Mrs P Ashton
own_848336,Julie Martin David R Martin Partner
own_1233364,Brian Yeardley Partner
own_187620,Mrs P K Cooper
own_1368728,Rosegreen Partnership
own_1211084,Jurgen Sartori
own_1332640,Tars Farm Equestrian Stud
own_1191328,Mrs John Magniermichael Taborderrick Smithwesterberg
own_1401780,Gerard Louis Roger Augustin Normand
own_1336408,Philippe Allaireharas Detreham
own_1313400,The Montassib Partnership
own_1175872,Highclere Tbredracing Adriana Zaefferer
own_382392,Middleham Park Racing Xviii
own_1071364,Charlie Bit Me Syndicate
own_1171956,Venice Consulting S A Gilberto Gambini
own_521868,B M G Group
own_1177292,Lord Torranaga Partnership
own_1364748,The Numbers Men
own_1166460,Evan M Sutherland Partner
own_398416,A M Hales
own_1272932,Moyglaremagniertaborsmithwesterberg
own_1143148,Elbashir Salem Ab Elhrari
own_1333628,Brantmagniertaborwesterbergsmith
own_1025104,Thurloe Thoroughbreds Ireland Limited
own_1264488,The Olliers
own_731708,Mrs Liz Ingham
own_1333436,Grid Iron Racing And Partner
own_1071932,Alexander James Bogle
own_1029020,Nick Bradley Racing 25 Partner
own_1399280,Mrs Toni Marley
own_1366324,Mcgrath Sherry Whearty Partnership
own_1401768,David Kilburn Mrs Corbett Chris Wright
own_975072,Heart Racing
own_1397960,Hcbarrettarmstrongbennettgermanmetherell
own_1374832,Crest Racing Vii
own_1389340,Goodracingcopaulhanaganalfasiteservices
own_1374596,D Stone J Scott
own_1243340,Juxtaposition Records
own_1335092,Kingsley Park 34   Gold
own_370612,John Pearce Racing Ltd
own_1212788,Mrs Sally Doyle And Mrs Ruth Carr
own_1312608,Highclere Tbred Racing   Michelangelo
own_964640,Grange Park Racing Viii Mrs R Carr
own_767464,B M R Haslam
own_1325036,Beaudesert Racing 1
own_1395748,Biker Group Yorbus Syndicate
own_1401788,Yorkshire Moors I Hzs Stainless Steel
own_1266276,Caroline Gregson The Gd Partnership
own_1011136,Ownaracehorse Ltd Ollie Pears
own_1383888,Medallion Aldabbagh Weston
own_1390892,John Noel Mcgivney
own_1360184,The Donny Rocket Syndicate
own_1051668,B Valentine Partner
own_1387920,A Haynes And T Edwards
own_1393788,The Wolfpack 10 Partner
own_1362064,Banjos Bandits
own_1393716,N Sutton And Eddie Benson
own_1252464,G Budd
own_1366228,P Good M Owen
own_1213192,Grange Park Racing Xviii Ofo Partners
own_1398420,Mrs M Lingwood Kaine Wood
own_1393396,Slaters Arms Racing 2024
own_1276272,Peter Lindsey
own_1291900,Michael Watt And Brett Watkins
own_1338672,Middleham Park Lxxxiii Mrs Maria Gill
own_881924,Middleham Park Racing Lxiv Partner
own_1312568,Top Barn Syndicate
own_1264468,Bruce Jamieson Ruth Carr
own_1319984,Muir Racing Partnership   Spotted Dog
own_1378724,Evan M Sutherland G Tuer
own_1237040,The Yorbus Syndicate
own_185684,Cleartherm Glass Sealed Units Ltd
own_995364,Shamrock Thoroughbreds
own_1187684,John Connolly A D Spence
own_1256456,Flying High Syndicate Sir Oliver
own_629176,Middleham Park Racing Li
own_1388016,Harry Whittington Partners Iii
own_943296,St Albans Bloodstock Limited
own_1366316,Middleham Park Racing Cxviii Partner1
own_1221392,Mrs A Althani
own_897184,Team Dunn
own_1326364,I Massheder G Shields Sandfield Racing
own_58896,R J Manning
own_1025536,Hearty Racing
own_1245584,Noel Fehily Racing Syndicates Stormin Cr
own_1359600,The Kings Eight
own_1186368,P And Mrs L Rowe And John Turner
own_1398248,P Harrison D A Harrison Racing
own_1402196,Orchard Mania Mcmillan
own_707080,John J Murray Niall Farrell
own_884900,Harrier Racing 2
own_1349188,Scg Flooring Farm Fencing Ltd
own_863684,Noel Williams
own_1258644,Optiva Securities Ltd
own_1345852,Mrs Tina Larcombe Mrs Susan Roy
own_1319524,Nicholas Hoare
own_961836,Never Say Die Partnership
own_861052,H Stephen Smith The Gabbertas Family
own_1386584,Yerbol Zhaxylykov
own_1389892,T G Roddick W P Churchward
own_1313320,Mrs Sara Sutton And N Sutton
own_650432,Howzat Partnership
own_1366296,Tim Cottier Clark Spence And Fellowes
own_1220252,Mrs Benjamin Newton Friends
own_1338052,Pineapple Stud And Miss C Douglas
own_1401952,Minnie Wildes Partnership
own_1279076,Norman Court Stud Susan Bunney
own_1395276,Qatar Racing Ltd A Regan Resolute
own_1261188,Apollo Racing Opulence Tbreds
own_1329640,Gail Brown Racing Xvi
own_1339792,Owners Group 124
own_876412,Seventh Lap Racing
own_1395744,Quest Thoroughbreds And Michael Cox
own_1401432,Stuart Goodwin Christopher Vasey
own_1359272,Cartwright Harris Saunders Candy
own_1400324,Lilywhite Racing Stuart Lake
own_1401424,Innovate Racing Ii
own_1266116,Mrs Tabor Mrs Mv Magnier Mrs Shanahan
own_516904,Saeed H Al Tayer
own_1378744,Aurelius Racing
own_1397384,Rosehill Racing Ii Partners
own_1013884,Colin Alton P T Midgley
own_1401420,Halo Racing And N Greenhalgh
own_1277844,J Maldonado
own_1391964,Ian Banwell   Osborne House
own_1290488,The Dancer Quartet
own_1397684,Where It All Began Paul Hanagan
own_1139700,Daniel Blake
own_1148588,M Webber M T Ward Schiff Family
own_1379380,Nbr 15 Sambor
own_1373668,B Parker Partner
own_190172,Harold Nass
own_335976,Eden Racing
own_1388392,D J Mackay West Shaw Farm
own_1306316,The Trading Partnership
own_1384040,Clay Paton Smith And Stewart
own_1334392,The Champs
own_372412,P J Turner
own_1360172,Roudee Racing 13
own_1372156,Dunchurch Lodge Stud Company
own_1193264,The Tequila Tipplers
own_489632,The Originals
own_720752,Andy Pittman
own_482520,C B Compton
own_497448,Fools And Horses
own_925088,Mrs Amanda Harrison
own_1319844,Kingsley Park 33
own_1384952,Roldvale Ltd W Salthouse E Babington
own_1212352,Foster Partner
own_1263796,Hart Inn Leisure
own_1348828,Vaibhav Shah
own_1219000,Stuart Howard And Gb Horseracing
own_1387108,Paul Inglett Beckhampton A Bengough
own_1380420,Trevor Cook
own_595116,Mrs Eimear Mulhern
own_1320668,Teas Lads
own_1003452,S Barry
own_830536,Rob Grice
own_1061624,Syps Uk Ltd Partner
own_1387120,Ian Hamilton Partner
own_1264032,Edward Ware Et Al
own_1183844,Danny Oneill And Gary Moore
own_1015432,Crown Connoisseurs
own_1334096,G J Styles S Fruci Partner
own_999320,Ahmad Alotaibi
own_1267140,Foxtrot Racing Tiger Orchid
own_1388644,R Greenwood John And Peter Seabrook
own_1382520,Hicky Parmar Racing Ii
own_865328,The Firebirds
own_27332,Mrs J M Plummer
own_1359172,Miss Hayley Burton
own_1098748,Riverside Racing Syndicate
own_847680,The Hecklers
own_1284080,Sideways Racing Xx
own_1388928,Dean De Zoete Inglett Partner
own_1395728,The Laura Mason Syndicate
own_881560,Peter Onslow Mr Mrs Gary Middlebrook
own_1396672,Washpool Syndicate
own_1316812,8 Amigos Readerswiggy Grey Horse Syn
own_1319728,Kingsley Park 36
own_111060,Brian Hall
own_1306344,Hold Your Horses Racing Partner
own_869052,Mrs A M Swinburn
own_1175768,M Sinclair Partner
own_383520,D A Thorpe
own_1322620,The Cartel Syndicate
own_633144,S Emmet And Miss R Emmet
own_1350028,Rc Syndicate Iii
own_1222924,Mrs T North
own_610032,Moores Metals Ltd
own_844336,Dr S P Hargreaves
own_1397096,The Honorable Earle Mack Racing
own_1384792,Iskander Kei Partner
own_32776,T A F Frost
own_1329096,Clay Fleming Gadd Hartwell Rayner
own_1124408,Marc Middleton Heath
own_1194600,One More Moment Of Madness
own_1396704,Noel Paul Charles Ocallaghan
own_1388396,Greenall Huddlestone
own_1371348,Bull Construction And Partner2
own_61984,J Thompson
own_1306064,Hot To Trot Racing 1 J Fill
own_517336,Justin Dowley Michael Pescod
own_928452,Alastair Macdonald Buchanan
own_1339656,Ayr Cricket Cauld Pals
own_1288136,Naughty But Nice And Ours For Life
own_1372832,Paul Corrigan Natasha Corrigan
own_1380776,Miss Lucy Kim Barry
own_1384964,Howell And Johanna Jenkins
own_851936,Hughes Scott
own_1000760,G E Bassett P R Chamings
own_1313180,Middleham Park Racing Xlviii And Partner
own_1348124,Bamford Russell Baker
own_1351472,John Roger Dai
own_1319244,Evan M Sutherland David Omeara
own_1322240,Foxtrot Racing Galata Bridge
own_1339288,Blazing Blues And Twos
own_1106388,Swales Fell
own_1218192,Barraston Racing J S Goldie
own_193976,W J Laws
own_1394980,The Hot Shots Syndicate Ms C Musgrave
own_1364756,David Lipsey Opd
own_1307284,David Ellis
own_452148,Mrs B Watson
own_1336248,Rjh Ltdfacts Figuresruth Carr
own_1347004,The Cant Take It With You Syndicate
own_402268,Lord Blyth
own_1277832,Happy Families
own_698936,John Zoe Webster
own_195748,Salvo Giannini
own_1306652,Salvatore Giannini Tony Lagan
own_1373556,R Murfitt And Partner
own_1316096,David Kilburn Chris Wright
own_173320,P J Woolley
own_1015952,Al Rabban Racing
own_1395084,A Bintouq C Fahy R S Marchant
own_1347972,Troubridgemailergregsongreenwoodbudd
own_1319380,Manton Thoroughbreds Viii
own_1319260,M Hankin C Noell K Stuzin
own_883492,Sparkling Partners
own_1332404,Ballylinch Emmet Inglett Partners
own_1328556,Ms Diamond Owen Roberton
own_1353452,Philip Booth Kevin Bailey
own_1330060,Rocket Roy Partnership
own_1323656,Centurion Racing Syndicate
own_1393960,Mrs M Gander
own_1252360,Pmg Partnership
own_1172940,Owners Group 052
own_1341472,G Wilson E A Condon
own_1211864,Mrs M Lingwood And S Bland
own_1182660,S Bulmer P Hebdon R Taylor
own_1029212,Hornby Hornets
own_1400972,A Barnes Partner
own_1344752,Surrey Racing Sfe Partners
own_733256,J Sagar
own_1268500,Hot To Trot Racing 2 Mrs A G Kavanagh
own_935624,Middleham Park Racing Cxxi
own_1387916,Goodracingco Paul Hanagan Simon Mapletoft
own_1317168,Clive Brandon Henry Candy
own_1179252,Mrs R G Hillen And Partner
own_1381716,D Fravigar
own_1208048,Elsa Crankshaw Gordon Allan Partner
own_576296,Lord Leigh
own_1216128,Linkenholt Racing Partner
own_997764,The Beverley House Stables Partnership
own_1305676,Surrey Racing Be
own_869024,Paul Robert York
own_1225704,Geordie And Taffy
own_1332388,Ladyswood
own_1393784,Pimlico Racing   Antonin Dvorak
own_1344832,Spectre Racing   The King Of Ryhope
own_1400944,Ken Mcgarrity Quona Thomson
own_1097848,Bet Small Win Big Syndicate
own_573260,Top Of The Hill Syndicate
own_779004,Mr Mrs John Kelsey Fry
own_1321000,Badgers Set Iii
own_39296,Lady Blyth
own_1388728,Easyfix
own_926932,E J Lawson Maher
own_827508,Mondial Racing
own_880776,Hussain Alabbas Lootah
own_1359128,Keatley Owners Group Finneran Moore
own_1293260,Coolmorewesterbergmrs A M Obrien
own_1401476,Mrs Anne Dawson
own_1388932,Marc Chan Chelsea Thoroughbreds
own_1344300,M Tabor D Smith Mrs J Magnier P M Brant
own_1334448,Kennet Valley Syndicates Iv
own_1047128,P M Brant Mrs J Magnier M Tabor Derrick Smith
own_1390564,Too Soon Partnership
own_1380544,The Milford Partnership
own_1389528,Moulton Racing And T Severn
own_1321936,Ford Owen
own_1285704,The Sussex Syndicate
own_1389344,Myracehorsepartner
own_1325928,Newsells Park Stud J Barnett
own_1048588,Mohamed Fahad Al Attiyah
own_1375464,Whitsbury V
own_174892,Mrs J Fanshawe
own_1381360,Summer Of Fun
own_1185996,Opulence Thorougbreds Nh Partner
own_1283256,Marc Chan Andrew Rosen
own_1297032,Kenneth James Farmer
own_868568,Dunham Trading Ltd
own_1270340,Andrew Rosen And Barry K Schwartz
own_94932,Ali Saeed
own_1118984,Top Hat And Tails
own_1288140,Lord Snootie And His Pals
own_1282492,Miss E Nolan And Paul Hancock
own_245076,C L A Edginton
own_1343208,Goodwood Racehorse Owners Group 29
own_1347356,Hp Racing Due To Henry
own_1329668,Oti Racing Bronsan Racing
own_1319920,Roudee Racing 10
own_1258632,Isa Bin Haider
own_1095568,The Wayfinders
own_359040,Roddy Owen
own_1044672,Ventura Racing Copper Partner
own_1325384,D Caslin P Wilcock M Cantillon
own_962844,Flaxman Stables Mrs Magnier M Tabor D Smith
own_1298036,Fortune Nfame Fillies
own_1396660,Rc Syndicate Viii
own_1239580,Forever Gold Syndicate
own_407432,Mrs J Ryan
own_1379668,Kingsdown Thoroughbreds
own_1374916,N Skinner D Jenkins T Goodair J Glover
own_1176784,Hisaaki Saito
own_477200,Gary And Linnet Woodward
own_1350308,J Gompertz P Milmo Partner
own_1344864,Collett Lund Morrison Scott
own_1223400,Cornthrop Bloodstock Limited
own_671884,Fittocks Stud Andrew Bengough
own_1360160,Stratus9 Consulting Limited
own_1394708,Eurotrading Ireland Limited Partner
own_918964,Chi Un Fred Ma
own_1320688,Saif Mohammad Alketbi E Burke
own_75676,M A Begley
own_1102712,East 11 Limited
own_1219704,The Running Order Partnership
own_1087164,Alderson Burke Francis
own_1391572,Rockin The Boat
own_1399868,Mr Mrs Dowling And Mrs Marney
own_1331836,R Souza
own_1353968,London Design Group Limited And Partner
own_1021840,Fm Bloodstock Limited
own_1354968,The Thick As Thieves Syndicate
own_1321956,Mrs M Slack Mrs T Brudenell
own_1269020,Mrs I Corbani And Partner
own_252744,R J Creese
own_1354708,Nick Bradley Racing 52 And Partner
own_1206024,Miss Annabelle Sowray
own_1312596,G Horsford Partner
own_384264,Deauville Daze Partnership
own_471876,Fawzi Abdulla Nass
own_1324928,The Minnie Mouse Partnership
own_1213632,D Ellis And Partner
own_1265684,Mrs G J Davey
own_1366248,A Boyd Rochfort And D Russell
own_1400544,Mrs Michael Bletsoe
own_1400540,Miss E J Stephenson
own_1006312,Racing For A Cause
own_1097072,The Champagne Poppers
own_778872,Edwin S Phillips
own_1384960,Champion Of The Thames Racing
own_1323804,The Crown Lunatics D Bell K Elliott
own_1223128,Anthony Ross And David Lumley
own_1317596,M Hebbard L Blackmore
own_1270824,Atomic Racing
own_1387092,Thurloe Lvi Keeley Fellows Turner
own_1266544,Lets Be Lucky Racing 29
own_489484,Ryedale Partners No 6
own_1184796,The Oriental Spirit Partnership
own_1350572,Graham And Laura Glendining
own_675136,Mrs Grainne Colville
own_1065404,Arcane Racing Partnership
own_1269296,R Saundersg Thompsoni Davison
own_1232040,Michele Craig And David D Smith
own_1391700,E Duffy B Taggart Nj Clayton Js Moore
own_1373036,Mythical Phoenix Partnership
own_1169504,Sekura Group And John Burns
own_861436,Be Hopeful 2
own_579744,Middleham Park Racing Xlii
own_652632,S Stuckey
own_1247744,Barford Racing
own_1075400,Kingsbere Racing
own_1057456,Jackie Du Plessis Sarah Pridham
own_1383104,The Horse Watchers 3 Robin Oliver
own_1394364,T Jacobs G L Moore
own_1396664,The Woodpecker Syndicate
own_1187832,Lets Be Lucky Racing 30
own_1302064,Martin Keighley Racing Partnership 16
own_1307248,The Beechdown Sparklers
own_1301152,Myracehorse Partners
own_1325028,The Leek Peak Racing Partnership
own_219708,Scuderia Archi Romani
own_1327848,Chelsea Thoroughbreds   Nkr
own_1301876,Fire Plus Security
own_1334236,The Antiguan Family Syndicate
own_1379844,Highclere Thoroughbred Racing   Falcon
own_1375460,The Lovestruck Romeo Partnership
own_1087256,Mainline Racing
own_754324,Mohamed Saeed Al Shahi
own_1334452,Kennet Valley Syndicates Xiv
own_1392680,Spencer Brown Tyson Fury
own_1030896,J Gould
own_1334464,Hasmonean Racing Marnie Cleary
own_1325164,Power Geneva Ltd R Windridge Partner
own_113288,Paul Smith
own_1400320,Laurence Bellman Likely Lads Partner
own_1400348,Mike Paul And The Reserved Judgments
own_751120,John Reddington
own_1395284,D French
own_1105100,Mrs Christine Rabbitt
own_1390932,Christmas Party And Michael Watt
own_606084,Stuart Wood
own_1284824,Mrs Kathy Carter Mrs Margaret Elliott
own_998760,Hambleton Racing Ltd Xxxv E Burke
own_1378764,Richard Kent Partners
own_1388272,Trap 1
own_846872,T Gaughan
own_1211620,The Malpas Syndicate
own_404304,Dr Jamal Ahmadzadeh
own_95532,John Nicholson
own_1386040,Philip Wheatley
own_198944,Fittocks Stud
own_1382744,Pitchall Stud Partnership Pat Toye
own_496056,The Tyringham Partnership
own_1236312,Alne Park Stud
own_1291736,R Hewitt G Malanga
own_1320352,Youlneverwalkalone Racing Syndicate
own_1049724,4 The Fun Partnership
own_940336,The Maple Street Partnership
own_580872,Con Harrington
own_822188,Mr Mrs N Welby
own_1383828,Vml Partnership
own_1366744,Whitehills Racing Syndicate 4 Ruth Carr
own_364820,Mark Tamburro
own_1400792,Sara Spratt And The Tim Club
own_774940,Ian Oconnor
own_881008,Wardley Bloodstock
own_635820,Robert Nina Bailey
own_573396,Simon Chappell
own_1288048,Kate Barrett Partner
own_772860,Rwh Partnership
own_776796,D Tunmore
own_1173156,Andrew Bell And Michael Wright
own_1289112,A C Bound Mrs C J Djivanovic
own_1133884,The Atkin Family
own_815228,Mezzone Family
own_620884,Ba Racing
own_120772,B R Millman
own_1397260,Dr G Bloomfield
own_1400088,Joe Cunningham Partner
own_1230760,Brownsbarn Thoroughbreds
own_1367104,R Wadey
own_1400092,Hot To Trot 1 Mrs R Pease
own_1370544,Ian Higginson Amanda Turner And Partner
own_1376172,The Holbrook Partners
own_1186372,The Good Reason Partners
own_1322636,Ruffles Racing Club
own_1391720,R Chandler
own_581448,Middleham Park Racing Xlvi
own_1235956,The Old Deer Racing Partnership
own_620392,Eden Racing Iv
own_1074748,The Sharnbrook Partnership
own_1360208,Up The Racing Team 2
own_879124,A Star Recruitment Ltd
own_351084,Mrs Jane Dwyer
own_1392264,Patrick Thompson Partners
own_1380528,Brian Hastie
own_1339036,The Sarkar Family Newsells Park Stud
own_1328448,Fine Claret Racing Partner 1
own_1381540,Fred Archer Racing   Nellie Rose
own_1392128,E S O Racing Club And Partner
own_1392524,Highclere Thoroughbred Racing   Osprey
own_1223540,Jacobsconstructionholdings E Kelly
own_1039260,Business Moves Group And David White
own_1150052,Ontoawinner And B Keatley
own_631560,Crossfields Racing
own_721100,Wayne Brackstone Steve Whitear
own_1175756,Dan Maltby Bloodstock Limited
own_1181788,D T Carder
own_988692,P Appleton Mrs Anne Elliott
own_1381352,Jim And Claire Limited And John Oconnor
own_1353456,Surrey Racing Fc
own_1148568,Mrs B Keller Mrs E Burke
own_1327564,Richard Howes And Wayne Pentelow
own_1320456,Alex G Fowler Alex Waller
own_1390124,Highclere Thoroughbred Racing   Skylark
own_1400316,J Dollar Kr Mustoe B Barclay C Goldsmith
own_1399840,On The Gallops 3
own_1393432,Sheikh Rashid Al Saud
own_1171040,The Agincourt Partnership And Other
own_1377100,Elizabeth Twibell Partner
own_1316524,R Chapman G J Daly R J Parks
own_1201048,The Woodway 20
own_1382816,A Lofts C R Russell Ommm Mousehf
own_1374848,Peter Savill Partner
own_1049800,Reality Partnerships Xiii
own_1260460,Mitchell Hunt Racing Club
own_1346976,Unicorn Racing Ventures
own_372948,Michael Baker
own_1337252,Bewley And Montgomerie
own_1348768,Jardine Griffiths Duffus Tomlinson
own_1238704,Seamus Devlin
own_1191536,Clouds Of Orton
own_1250092,Mark Kelly Racing Syndicate
own_1275620,Mrs R White M Lambert B Wright
own_709456,Paul Damato
own_1335552,Paul Riley Aidan Oryan And P Makin
own_1029320,Blue Starr Racing
own_1333488,Declan Levey
own_1394732,Screaming Eagle Partners
own_1390740,S Jones L Donaldson I Jardine I Codd
own_1393384,City Slickers Racing Club
own_1383644,Hadden Farm Limited
own_841884,Hambleton Racing Ltd Xxv
own_813912,Muir Racing Partnership   Newbury
own_1336540,Alison Swinburn And Mark Sartori
own_1281700,The True Acre Partnership 1
own_1348304,Maranto Manor 1
own_128552,Beckhampton Stables Ltd
own_1224980,J Glover R Odonnell J Short N Skinner
own_1264016,Richard Mustill 1
own_1285000,Menir La Voie
own_1337280,Puella Law Syndicate
own_1386024,Munir Souede Levitt Bromley
own_1215524,Lycett Racing Ltd I Jardine
own_1265900,Always Smiling Partner
own_1380996,Lovat Madueke Russell And Sportsdays
own_1386032,Lady K Partnership
own_512444,Dr Ali Ridha
own_1266388,Mps Racing Ltd The Ayrshire Tradesmen
own_118236,George Murray
own_1388004,Mcozi Racing   Manton
own_1397388,Family Amusements Ltd Dbs Partners
own_1392560,The Vizzavona Lady Partnership
own_1335548,Valmont Obank Partners
own_1323676,Julia Scott Fred Ma
own_1388936,Moulton Racing And C J Murfitt
own_746608,Sekura Group
own_1312588,John Brown The Owens
own_1276268,J Allison G C Stevens
own_1343544,Mclaren Horse Racing
own_1206404,Mrs F Cotton Mr Mrs P Conway
own_330124,Middleham Park Racing Xi
own_900032,Hambleton Racing Ltd Xxxviii
own_402532,Middleham Park Racing Xxiv
own_1010460,Lady Halifax Lord Halifax
own_1369180,Hot To Trot Racing 1 And Mrs David Egan
own_1325592,Alvediston Stud Miss Saba Bannatyne
own_1212340,Horniwinks Racing Syndicate
own_1327560,Opulence Thoroughbreds Teme Valley
own_1321216,Uk Farming Renewable Energy
own_1370928,Nick Bradley Racing 33 Burke Partner
own_365388,Mrs Patricia Hunt
own_1111716,Mrs Paul Shanahan Mrs M V Magnier
own_1264004,Four Juniperus
own_981696,Middleham Park Racing Cxii
own_1355532,Sas Logistics Contracts Ltd
own_1377556,Coombs Candy Poland
own_1359280,Bev Hendry
own_1359236,Roudee Racing 15
own_1258788,Ludgershall Racing
own_1332944,Vincent And Russell Ward
own_1368332,Team Valor International Llc J Fairhurst
own_1324608,Linden Bloodstock Ltd
own_24896,T A Scothern
own_1396700,Alan Harte Keatley Owners Group
own_489084,R S Cockerill Farms Ltd
own_1170508,The Gorijeb Partnership
own_1349460,Nicole Hutchings G Augustin Normand
own_1375288,The Wisper Partnership
own_1342528,Newsells Park Stud Redvers Beckett
own_1371616,Buist Shields Thompson And Mrs R Carr
own_10988,A Boyd Rochfort
own_1264480,R S Cockerill Farms Crawford Society
own_1220988,H Bradshaws Ltd Coligone
own_1266556,Mps Racing Partners
own_900064,Hambleton Racing Ltd Xxxix
own_1211588,Game On Racing
own_915348,Lets Go Racing 2
own_1394572,D Fowler
own_458364,B Dunn
own_1297600,Annett Richardson Eales And Todd
own_1308952,Deva Racing Ga
own_1359136,Mrs L Jackson
own_1382820,W G A G Vestey E Gerber And P Inglett
own_1252280,Norfolk Thoroughbreds
own_1300132,Middleham Park The Cheltenham Trail 7
own_135364,Perspicacious Punters Racing Club
own_873112,Harlequin Direct Ltd
own_1384416,Richard Abbott Racing
own_1082256,Tim Bunting   Osborne House Iv
own_952944,Gary Satchwell
own_1385248,Todd Atkinson And Bewley
own_1252316,Dylan Cunha
own_1230412,Prof Di Lawrence Watt
own_1366956,Middleham Park Racing Xcvi And Partner
own_1279348,Archwill Bloodstock Limited
own_831720,Brian Valentine
own_1220404,Middleham Park Racing Cxxvii
own_738804,Mubarak Al Naemi
own_728808,Hambleton Racing Ltd Xvi
own_467576,The Highlife Racing Club
own_148788,P F I Cole Ltd
own_1049808,Gb Horseracing
own_889744,Chris Stedman Mark Albon
own_1382516,Gerard Brogan Partner
own_1334240,Saeed Sultan Al Rahoomi Partner
own_1383692,Ne   Chance And Partner 4
own_1176392,Danny Fantom Racing Ltd
own_490376,Franconson Partners
own_1399648,John O Donnell Michael Jones
own_1143172,The Smart Emblaze Partnership
own_1370568,Tom Goodair Jimmy Kay John Beamson
own_472088,G Morrill
own_1187652,Quantum Leap Racing Ii Partner
own_1121700,S Macauley
own_1184560,Twiston Davies Equine
own_1322808,The Gentle Victor Racing Syndicate
own_1393064,Cambrianway Ltd
own_1366304,Hpb Racing   Hilguy
own_1300084,The Picnic Party Awr Consultancy
own_237116,David Parry
own_1327172,Markus Graff Partner
own_1327932,Chelsea Tbreds Nc Ballylinch Stud
own_1371412,Syps Uk Mrs T Burns
own_650444,Mounted Gamess Assoc Syndicate
own_739740,Robert Aplin
own_1312476,Owen Heffer Barnane Stud
own_1242760,Mrs P Bunch
own_1300104,Owners Group 065
own_520488,The Dragon Partnership
own_1330516,The Calvic Partnership
own_1374572,The Jm Syndicate
own_986536,Barrett Meredith Panniers Wilde
own_515804,David Mason
own_1348936,Paul Taiano Michael Nixon
own_1394564,Valmont M V Magniert Magnier P Shanahan
own_1346296,J Allison Knightriders Ii
own_680740,The Happy Hoofers
own_1312564,Bedford House Racing Ii
own_771556,Miss Catherine Loder
own_68400,Michael Payton
own_1307264,Roldvale Ltd C Bloor W Salthouse
own_1339280,Martin Hughes And Partners
own_1331540,One More Moment Of Madness Partner
own_1399120,Carter And Capture The Moment
own_499452,J Macleod
own_1391568,Guy Pariente Holding Associate
own_882020,The Dirham Partnership
own_408860,Spring Cottage Syndicate
own_1170216,Alison Johnson
own_1167076,Ian Christine Beard Family
own_147504,Red Rose Partnership
own_1318152,Escrick Environmental Services Ltd
own_1395740,Mrs R F Greener And North Farm Stud
own_1341216,Keatley Owners Group Porter Finneran
own_1028932,Keith Breen
own_1333040,A J Smith
own_1361736,The 2024 Partnership
own_1194952,Hothersall West
own_1110316,D Shapiro Mrs Anne Haslam Partners
own_1386308,Middleham Park Racing C Partner
own_1373756,Barmyblades
own_1373088,Mrs B Green And Mrs Michael Bell
own_960432,Rhd Ruth Carr
own_1214196,Hard Held Partnership
own_1379560,The Tetrarch Racing Syndicate
own_1382524,Jinky Farms Partner
own_1087376,Reality Partnerships Xiv
own_1385368,The Summer Nights Partnership
own_1371240,Peter Clarke Racing Faulkner Partners
own_941108,Ben Pay
own_1238960,B Jordan Brian Jordan S Jordan N Mcconnell
own_1379364,Mrs Michele Craig Jim Goldie
own_847692,Maybe The Last Time
own_919600,Pat Hancock Eric Jones
own_1347156,Fitzgerald Raybould Radymski
own_1216072,Foxtrot Racing Beholden
own_1352932,Jfa Group
own_1333336,Peter R Ball Gentech Ltd Partners
own_1271604,The Fearless Partnership
own_1265484,The Sonning Syndicate
own_1320796,Millennial Racing
own_1359192,The Speed Of Sound Chris Wright
own_1016216,Graham Lund And Dianne Sayer
own_1334840,Kennet Valley Syndicates Xiii
own_1306376,Quest Thoroughbreds
own_1366960,Mrs Christine Jordan
own_1116712,N Byrne
own_1323808,A Selway P Wavish B Hawker
own_1379880,J Berry J Butler
own_1350556,Andy Marsh Partner
own_1267308,Ownaracehorse And Ross Deacon
own_890244,The Calculated Speculators
own_693032,Six Too Many
own_1168792,C Priestley M Hammond
own_1172960,A D Spence John Connolly
own_1385384,Nick Bradley Racing 37 Et Al
own_958640,Chris Napthine
own_721124,Trendy Ladies
own_1180344,Hambleton Racing Xlvi Partner
own_219148,Paul J Dixon
own_1345396,Philip Afia And Matthew Cottis
own_1290104,Oti Racing Ballylinch Stud And Partner
own_1288000,Quantum Leap Racing I Partner
own_868360,Homecroft Wealth Racing Partner
own_345804,Mrs Julia Scott
own_1302184,Kpf Bloodstock Ltd
own_810992,Mrs Marie Mccartan
own_1383728,David Howden Partner
own_1379876,D I F M Russell
own_1383404,Pollyanna Gredley
own_1378776,The Enchanted Syndicate
own_482336,Wentdale Limited
own_1368456,S Taylor
own_1323336,Halleymccalmontosullivan And Sangster
own_1385216,Ian Oconnor The Fox And Hounds
own_35792,Philip Newton
own_1217108,John H W Finch Rockbourne Partnership
own_1369156,Gd Thoroughbreds
own_240880,The Serendipity Partnership
own_1240880,T J Kent 1 Graphite
own_1187868,Mrs B V Sangster Jane Chapple Hyam
own_1386300,Miss J Jones
own_1325392,Whitsbury Iv
own_1112096,Ms Fiona Carmichael Ballylinch Stud
own_1056152,Dubelem Racing Limited Partner
own_773088,Eden Racing Club
own_1265068,Paul Reed G L Moore
own_446396,C A Hanbury
own_1359588,D Al Mudallal
own_1399056,Robert Bonehill
own_6748,N J Hitchins
own_1119688,G Owen
own_204916,J R Shannon
own_1271164,Ursa Major Racing Ltd And G Tuer
own_1376900,Gousserie Racing Mme Sandrine Gavrois
own_1384616,P Hickman And Nicholas Jones
own_1386036,Palmer Dulverton Redvers Wall Ford
own_447972,Martin Sheridan
own_1275896,Chelsea Thoroughbreds   Og
own_1336688,Carson Frost Warnock Wright
own_1184060,Ball Hodkinson Malley Ptr
own_918896,Middleham Park Racing Cxiii
own_1264224,T Arnott And W Bethell
own_1258772,Pete Sue Maguire
own_1344856,M J L A Taylor M Bastard
own_1063680,K Dhunjibhoy Z Dhunjibhoy
own_1398552,Mmm Racing Partner
own_1392140,N Pickett And Other
own_1395100,Tcf Racing
own_1246660,Hurworth Bloodstock Ltd
own_492812,Weldspec Glasgow Limited
own_251480,The Eclipse Partnership
own_139480,D Mead
own_1318148,D Menuisier
own_1393156,C Munro Mrs M Gander And Partner
own_1282452,A Fraine M Fraine S Windle R Porter
own_1384088,Ringfort Stud Ltd Crowley Omalley
own_1109820,Jan Mead And Sally Paton
own_1350480,David Ward Chasemore Farm
own_357840,Anamoine Limited
own_863564,Sandie David Newton
own_1383412,Stuart Dobb Kate Dobb 1
own_1378204,Michael Blencowe Eve Lodge Racing
own_607476,Ryedale Partners No 9
own_1024412,Mrs Shauna Kelly
own_73356,Moyglare Stud Farm
own_1216540,M Matsushima Mrs J Magnier M Tabor D Smith
own_1291584,Tgm Maiden Syndicate
own_1291556,Rmt Holdings Limited Neville Ender
own_998440,J Laughton Mrs E Burke
own_1378768,Stuart C Williams And Partner
own_1167228,John Knotts Partner
own_1218952,Taphouse Syndicate
own_1174820,C P Norbury Tarzan Bloodstock
own_998532,Raymond Hui
own_498104,Last Day Racing Partnership
own_1377832,Brian Rothwell Racing
own_1265688,Laura Mason Syndicate Julia Lukas
own_144016,M Ward
own_1359320,R W Hayward Mrs B Wakelin
own_1273844,Srds Racing
own_1327936,Dr John Wilson And William Prosser
own_1206676,J Sullivan W Salthouse
own_1181668,John And Peter Seabrook
own_1391876,Highclere Tbred Racing   Nightingale
own_1104436,Mike And Michelle Morris
own_1043376,The Haroldians
own_1201236,Matthew Webber
own_1326752,T Johnson Newsells Park Stud Ltd
own_1333600,A Nicholls Bob Joy
own_1304896,Exors Of The Late W G Young
own_27640,Stephen Smith
own_1384052,Nbr 6 And Partners
own_1383240,Ms H N Pinniger Partners
own_1396152,Breen Lambert Walsh Wright
own_1379596,Mondial Racing Mrs L Alexander
own_1048604,J Soiza
own_1328480,G Scott
own_1317308,Strange Coalition Syndicate
own_705536,Chris Wright And Andy Macdonald
own_1379556,Sys Partners
own_1317680,J Widdows Partner
own_1349436,Mrs Diggy Rodber
own_1366948,Kennet Valley Syndicates Viii
own_1209040,Dr M Voikhansky Mrs S Voikhanskaya
own_1014476,Quantum Leap Racing V
own_1310004,Guy Pariente Holding
own_1383688,S Bulmer Partner
own_1373808,Antico Alliance
own_1382300,Yorlinc Racing
own_1382532,Shane Wood
own_1320452,A Cooper D Barratt G Harker
own_1334484,Birkett Sadler Partner
own_1366328,Winning Post Trading Limited
own_1397956,H Wheeler
own_1108196,M Johnson S C Hawkins
own_1388204,Boston Clover Partnership
own_1386304,Edward Cassie And Katie Scott
own_1292628,The Hill Barn Syndicate
own_1102140,Harswell Thoroughbred Racing
own_1059864,Talking Pictures Tv Limited
own_749392,Blue Lion Racing Ix
own_1337232,Michael Harley And Ben Thomas
own_1320488,Chugg Fowler Skelton
own_782264,Eagle Racing
own_743036,The Valentine Partnership
own_1295416,Rees Partners
own_1354316,Jg Richards
own_1321208,David Swales
own_1387856,Landowners Richard Hawker
own_1361292,Strictly Come Racing And T Crowe
own_1382132,Nbr 17C Wade And Partner
own_1129468,C P S Syndicate
own_1378308,P W Clifton
own_1211152,Owners Group 080
own_1277836,A Jenkins
own_1310240,The Glenbuchateers
own_947100,Keiran Johns
own_1379540,S J Harroddixon Piper
own_1346944,Catch Us If You Can Racing Dylan Cunha
own_1385000,H Maye
own_1391960,Ainsley Moore   Osborne House
own_970024,Emdells Limited
own_1348732,Townshend Lowther Hay
own_743044,Lance Bloodstock Limited
own_1335284,Fell Birkett Goodall
own_846216,Hambleton Racing Ltd Xxvii
own_1276444,Asap Racing
own_1136132,David Orr
own_1210880,A J Pegley
own_1380700,The Old Firm
own_1249360,Opulence Thoroughbreds Nh
own_1382920,Richard Fahey Racing Club And Partner
own_1126048,Bruce Susan Jones
own_1180092,Miss Sarah Harrison
own_1324912,Eurolindy Partnership
own_607052,Badgers Set
own_1235944,The Heatherdonians 1
own_1296112,Catch Us If You Can Racing
own_588164,Philip D Gilmore
own_1008760,S Fyffe
own_1382872,Stable Silks Inv D Burns
own_771944,Graham Jones Partners
own_1276480,The Sportsmans Syndicate
own_1360164,Osullivan Osullivan Rayner Ivory
own_1213652,Nick Hughes Owen Promotions Ltd
own_1358416,D Omeara Partner
own_1307260,The Gene Genies
own_1389532,Bruce Gillies And Smith
own_1317416,Made In Thailand
own_402044,Lets Go Racing 1
own_1378772,T R Lock Partner
own_1360188,Hewitt Burns Studholme Owen
own_1367452,Mrs M Roden Mrs R Nolan
own_1194344,G Bishop And A Kirkland
own_915652,Sunderland Holding Inc
own_1349216,Tactful Finance S Roden H Rosenblatt
own_741740,R P Gallagher
own_1268648,Life Of Bryan Partnership
own_966720,Nasir Askar
own_812932,Epsom Racegoers No 3
own_1271360,Mrs P Goodwin
own_1332916,Michelle Hancox Robin Mcentee
own_777052,Mrs F Shaw
own_687180,The Pick N Mix Partnership
own_1245572,Eynon Bryce Rowley
own_1249100,Barratt Signy Spiers
own_84044,Mrs Frank Barry
own_1382496,Pompey Ventures 8
own_1278476,Resdev Lee Westwood
own_1347360,Redknappdonellygardinerorbital Racing
own_1289136,Baxter Charnley Jones Prosser
own_1358492,Duckhaven D Kenealy W Sprigg M Sprigg
own_1321036,Mrs Rowland Crellin
own_187276,M Madden
own_35728,C J Harper
own_883480,Debbie Hodson
own_1366308,Abdulrazaq Mohamdi Mrs E Burke
own_884480,Middleham Park Racing Lxxxiv
own_662428,Middleham Park Racing Liv
own_1385372,Alan Kelly
own_1319356,Mrs Helen Bament
own_482096,Mrs Jane Williams
own_1384784,Formulated Polymer Products Mrs R Carr
own_1366216,G Doyle K Lawrence P Merritt F Young
own_1360152,Teme Valley And Austin Whelan
own_1331712,Boanas Raw
own_1387260,B A Malcolm And C R Hirst
own_1383848,Diskovery Xi
own_1252416,Fred Archer Racing   Grandmaster
own_1349952,Rc Syndicate Iv
own_1393056,Craig Chesson Syndicate
own_1330724,A Cope P F I Cole Ltd
own_234960,Miss E Johnston
own_1306364,Crystal Clear Racing
own_1012424,T A Scothern Partner
own_1306484,Rathmoy Racing Ii
own_1319852,Doug Graham And Damian Flynn
own_1335096,Manor House Stables Syndicate
own_1383084,D Sewards
own_355680,Raeburn Brick Limited
own_1319052,Gee Gees Wine Bar
own_1388212,My Future Champion S Liyanage
own_1359228,Linkenholt Racing Two Partner
own_781008,Michael Moses Terry Moses
own_1274256,Chris Priestley Ged Shields
own_801836,Graeme Vipond
own_1397080,Gibneys Racing Syndicate
own_1109816,Miss C Mccracken
own_1268068,The Rise One Partnership
own_952372,Mrs Nicola Thorne
own_1125312,S Goodwin
own_1233200,William Crager
own_1179472,Sallys Angels
own_240220,Niarchos Family
own_1376772,Miss Amy Milburn
own_1103976,Dr Jamal Ahmadzadeh Mrs D Swinburn
own_1177408,D Padgett
own_190980,Koji Maeda
own_966252,Mrs Susie Hartley
own_514648,Middleham Park Racing Xxix
own_247824,Katsumi Yoshida
own_205528,Mohammed Al Nabouda
own_1271812,Honorable Earle I Mack International
own_1397528,S Windle Racing
own_1375360,Mps Racing Ltd Ben Haslam
own_1212076,Fell Windress
own_1392252,P Hickman And Westerberg
own_1382892,All For One Racing V
own_1272204,Owners Group 097
own_1210748,C T P Rasio Cymru Northern Monkeys
own_1266976,David Tate Daniel Lawson
own_1320792,D Sturdy D Lumley Partner
own_1330712,Susan John Waterworth Partners
own_1388020,John Phelan Partner
own_1397648,P W Clifton And Miss L Allan
own_1337860,Green Racing
own_1212380,Simon Bryan Shaw Ronaldson
own_1334872,Kingsmead Bloodstock Limited
own_1292148,Richard Christison
own_738740,Shapoor Mistry
own_1228464,Baileys Horse Feeds Partner
own_1279528,Mildmay Racing Aura Racing
own_1054584,Bernard Hoggarth Racing
own_803564,Jamie Railton
own_1373680,Mrs S Scott Flint
own_1397620,Robert Pocock Harraton Court Stables
own_154984,Richard Dean
own_1371596,N Browne B Garvin Partner
own_941524,Tim Bunting   Osborne House Iii
own_1367960,Greg Stone Chelsea Thoroughbreds
own_1047764,Mrs U M Loughrey
own_1362624,N Stockley
own_1395396,Mrs L Maclennan
own_39964,H James
own_1274244,Foxtrot Racing Night Fever
own_1120536,Deerfield Syndicate
own_1243624,The Yippees Partner
own_1309904,Moigne Combe Racing
own_1083616,Jack Racing
own_1373328,Hurdwell Langley Cox Partners
own_1380856,D Howdenqatar Bloodstock Monceaux
own_1260272,Owners Group 101
own_1396648,Hart Inn Leisure Partner
own_940716,Russell Jones Partner
own_1068212,Harry Wigan
own_1366740,The Grant Family The Reluctant Suitors
own_1247804,Hannah Jones
own_1066184,K W Sneath
own_1106532,Richenda Ford Racing Club
own_1342632,John Carrick And Partner
own_1225480,John Blackburn Partner
own_905028,Dave Harris
own_1372328,Middleham Park Racing Lix Mizonhdr
own_1396540,Unencumbered Pastoral Uk Pty Ltd
own_2792,A S Reid
own_765144,Mrs E Oleary J S Moore
own_1366348,Alan Sue Cronshaw And Route
own_611988,Brian Goodyear
own_33212,W F Perratt
own_199880,Collins Chauffeur Driven Executive Cars
own_109904,J Holcombe
own_1006880,The Hon Mrs J M Corbett C Wright
own_1329260,Fruci Pakenham Walsh Partner
own_1396900,V7 Recruitment Ltd
own_53956,R Cooper
own_1315648,Ian Pam Bendelow
own_1237376,D Elsworth Partner
own_26092,P Trant
own_1312508,Raceshare   Treasure Time
own_1109108,The Other Club
own_1321504,Fishlake Commercial Motors Ltd Partner
own_1266288,D Stone Mrs C Dods
own_219964,Highgreen Partnership
own_1372324,Christopher Wright George Brooksbank
own_702220,Sexy Six Partnership
own_472416,James Kerr
own_1351432,Simon Munir Isaac Souede Partner
own_1237812,Owners Group 092
own_1388408,The Shalfa Partnership
own_239628,Trevor C Stewart
own_1094980,Julian Nettlefold
own_118616,The Rumble Racing Club
own_1389316,Guy Pariente Holding Qatar Racing Ltd
own_1178360,M Tabor D Smith Mrs J Magnier Westerberg
own_1371416,Valmont Newsells Park Stud Bldstk 24
own_197036,Teruya Yoshida
own_1245836,From The Clouds Partnership
own_1394380,Karl Thorntonjoan Smyth
own_1029184,Saeed Bin Mohammed Al Qassimi
own_1384660,Paul Dean Partner
own_340092,The Smith Partnership
own_1333480,D Coles P Moore
own_1227088,Moorgate Racing Limited
own_1213628,N Derbyshire Partner
own_1374600,East 11 Limited And Darren Gill
own_966760,Woodhurst Construction Ltd
own_1381108,Gail Brown Racing Xvii
own_1366320,Syndicates Racing Ii And Partners
own_1335884,Kennet Valley Syndicates Vi
own_1395720,Middleham Park Racing Civ Partners
own_1306320,A Barnes M Hulin
own_1073028,Singula Partnership
own_511788,Middleham Park Racing Xxvii
own_1366284,J Blackburn J Matthews
own_1383652,Lnjgaineswaychappelleves Partnership
own_1373368,Michael Rembaum Tanya Rembaum
own_819816,Sheikh Abdullah Almalek Alsabah
own_1379904,Empire State Racing No 2
own_1394972,Osullivan Osullivan Partner
own_892296,Hambleton Racing Ltd Xxxv
own_1061876,Miss Rebecca Dennis
own_1276484,Woodlands Racing 2
own_1339260,Exors Of The Late Lady Oreilly
own_1256488,Simon Silcock
own_1312540,Innovate Racing I
own_637812,M E Harris
own_1390560,Dougie Livingston Partner
own_1217476,White Birch Farm Sc
own_1319520,Fred Willson And Richard Kent
own_632880,Team Valor
own_643040,Mrs Barbara M Keller
own_1137148,Foreign Legion
own_1170492,Team Valor Llc Gary Barber
own_1389136,Uk Lift Escalator Company Limited
own_1384612,Antram Pemberton Lancaster Harrod
own_1387496,Highclere Tbred Racing   Swallow 1
own_1375536,Ebury Racing 2
own_340496,Frank Murphy
own_1301176,Breen Equestrian Ltd
own_716384,Mrs Diane Dewbery
own_50288,R M E Wright
own_502820,Touchwood Racing
own_1384420,Tigers Racing
own_842604,High Hopes Partnership
own_1386732,Mrs S Goddard And Partner I
own_1348456,Sperling Field Allday Worcester
own_1384092,South Pole Partners
own_552688,J D Spensley Mrs M A Spensley
own_844320,The Roses Partnership
own_1395732,The Pistachio Partnership
own_1325904,Tipman Gold Green Sarah Harrison
own_1321680,Wrigleys And Bethells
own_91236,S Hussey
own_1149684,T A Frost Simon Broke Partners
own_1360144,Fred Archer Racing   Atholl Daisy
own_1006328,The Q Party
own_1376160,John Toes George William Bailey
own_1331108,Lady Bamford And Mrs Collins
own_94156,T Hartley
own_365516,Joli Racing
own_243132,Paul Naughton
own_1383844,Miss Serena Brotherton
own_1274260,Gove Shaw Racing 03 Partner
own_248340,Mrs F Cumiskey
own_581656,James W Power
own_1117856,Little Emperor Syndicate
own_1046728,Multiple Sclerosis Borders Racing Club 1
own_965120,David Batten
own_1021948,Greenlands Racing Syndicate
own_596756,Clive Dennett
own_1299488,Fortuna Racing
own_1363744,J Bedi P Ellerby And Partners
own_1204764,P L Polly
own_1373376,Thorpe Henwood Regan Mrs J Blake
own_1394360,Smith Sowersby Moniyan Edwards
own_915632,Around The Fire Syndicate
own_1261944,Old Gold Racing 4
own_1396228,Geraldine Clohessy Fergus Galvin
own_243176,Philip J Reynolds
own_503372,D M I Simcock
own_506960,Stowstowquickquickstow Partnership
own_1353940,Mick Fitzgerald Racing Syndicate 2
own_1041536,Goodtimes
own_1395388,Davies Brown Govier
own_1186928,P Robson
own_1376800,John F Doyle Dee Lestrange
own_1306424,Whitsbury Iii
own_1267292,The Oysters Catchers Partnership
own_1320684,S Windle G Routledge
own_1119356,Golden Equinox Racing Partner
own_746116,Asaad Al Banwan
own_1348708,Noel Fehily Racing Syndicate   Guivinec
own_1252516,Browns And Hornbys
own_1388244,The Diamonds Are Forever Partnership
own_989148,Mrs Susan Hadida
own_1091104,Proudley And Whymark Partnership
own_1246192,J Paxton
own_1313528,Dave Flynn Chris Priestley
own_632840,The Exmoor Partners
own_1280040,Eamond George Murray
own_1211600,Linsey Ian Pallas
own_1348608,Carter Lofthouse And Capture The Moment
own_1002616,Best Foot Forward
own_1360564,Syndicates Racing 1 And Partners
own_943288,The Blind Squirrels
own_1350672,Khdrp6
own_1338664,K Jefferies Partner
own_1322340,N Plumb
own_1352284,Down The Card
own_1394392,Exors Of The Late Alan Mason
own_1249884,Rathmoy Racing
own_1383128,Dan Astbury And Partners
own_719932,A G Greenwood
own_1332332,Knights And Kings Racing Stable
own_1253072,Michelle Morris Jan Peter Hopper
own_1374948,Bronsan Racing Exors Of The Late Mrs Theresa Marnane
own_1378324,Highclere Thoroughbred Racing   Picasso
own_1395296,Alfa Site Services Ltd Wendy Oleary
own_1324620,Family Amusements Ltd J Botton
own_21760,B Haggas
own_167256,The Equema Partnership
own_245796,Noel Reynolds
own_1238672,Sir Martyn Arbibben Arbibchris Budgett
own_1366200,Jinky Farms And Partner
own_1074768,Justwow Ltd
own_1377300,Bull Construction Ltd And Partner
own_1190060,Quantum Leap Racing Xii Partner
own_998940,Thoroughbred British Racing
own_1297648,Ontoawinner Andy Finneran Richard Porter
own_1386484,Tactful Finance Tony Solway
own_1178164,Eric Chen
own_1062616,Dr E Robson
own_1144580,Miss Mollie Chaston
own_1290884,J Mcavoy C Lowther Partners
own_1337840,The Ibiza Rocks Syndicate
own_1247484,Varian Racing Vii
own_628904,A J Mrs J Ward
own_1224848,Claire Wylie
own_487288,Mrs R G Hillen
own_644760,Kevin Flook
own_1052900,Simon Edwards
own_1374856,Alan Lowry
own_1206012,Doudes Partnership
own_49548,John Brown
own_1390092,S Rimmer L Taylor Mrs R Carr
own_1315112,Luck Of The Draw Partnership
own_1353008,Caius Dolan
own_1003060,Kingsdown Racing Club
own_1169416,Mrs Hilary R Townsend
own_403144,M Duthie
own_366360,Mrs Mary Anne Parker
own_1351984,Blu Bloodstock
own_1272412,Ronald Henry Fields
own_1242032,Jastar Ltd Harry Wigan
own_1306336,Tactful Finance And Partners
own_1299544,The Roof Partnership
own_771592,N Dyshaev
own_1380536,Mrs Jackie Teal
own_482420,Fishlake Commercial Motors Ltd
own_1312480,Highclere Thoroughbred Racing   Van Gogh
own_1385232,Sir Jock Bennett Racing Club
own_1342224,Jastar Ltd And Murt Khan
own_664000,Middleham Park Racing Lii
own_1312560,Normancourtstud Mrs Susan Bunneypartner
own_1342932,V Phillips
own_1387104,John Michele Frampton Giles Wates
own_857548,Mondial Racing Robert Haim
own_633600,Ryedale Partners No 10
own_1385220,Mrs C Mason Amity Finance A Morse
own_707440,Mark Mcallister
own_1338852,D James Partners
own_1258824,Tom Chadneys Flat Mates
own_192660,Miss Louise Allan
own_1110120,The Burke Family
own_1363848,Skepper Family Syndicate
own_939840,Ms Christine Thomas Jim Hoyland
own_1223428,5 Wise Monkeys Club
own_1386728,Harvey Sowden Freddie Sowden
own_1253264,Ian Clements Julie Camacho
own_1087368,Ms H N Pinniger
own_1149640,R J H Limited And Ruth Carr
own_1382296,Propulsion Racing Chillout Syndicate G Kelleway
own_860816,Robert Houlton
own_164628,T H Chadney
own_1387844,Ahmad Alsana
own_168220,Saif Ali
own_1175188,Lady Prosser
own_717232,Oceans Five
own_1392152,Opulence Thoroughbreds Partner Ii
own_1372312,Cope Slack Wylam Partner
own_1389548,Mrs J A Wakefield Richard Hughes
own_1382900,Ms Monica Josefina Martinez Trumm
own_1366272,Middleham Park Racing Cxxvi
own_1375032,Baker Ogorman
own_1264692,The Wilsley Partnership
own_1339024,Fountain Thoroughbreds
own_1253696,Humphry Solomons
own_1321940,Hp Racing Gold Minx
own_1330152,Houghton And Lang
own_1326960,R Jarrett
own_1227164,The Horse Watchers 2
own_1288532,Newmarket Racing Club Hqiv
own_1326768,Highclere Tbred Racing Agnes Martin 1
own_591284,The Eight Of Diamonds
own_764944,P B Moorhead
own_1219028,Mrs J Iddon
own_1390752,Timlin Titans Syndicate
own_1179836,Ms Imelda Coakley
own_1386312,Vj Al Phillips
own_1387840,Ro Ro Rowtheboat
own_69632,Milson Robinson
own_735408,B Padgett
own_1386736,The Legend Lives On
own_1083676,Multi Nationals Syndicate
own_1252392,Freetodream Partnership
own_1383060,Pompey Ventures 3
own_1105576,Guy O Callaghan
own_1372396,Trixie Club
own_634964,Theme Tune Partnership
own_897872,Mrs Rolline Ocallaghan
own_1316036,Eco Events Ltd
own_73108,I J Keeling
own_1326764,Eco Events Ltd And Partner
own_1115940,James A Oldham
own_1359132,Carl Waters And Partner2
own_1201588,John Gardener Torben Hughes
own_1091096,Coles Smith Mcmanus And Broughton
own_660736,Twenty Four Seven Recruitment
own_1123472,The Idle Bs Sue Teal
own_1317872,Mr Mrs T Shepard
own_1380552,N Banks W Dodd J May
own_512908,M J Wasylocha
own_1350912,Mrs N Mccreevy J Mccreevy P Mccreevy J Mccreevy
own_1390880,Valmont Ballylinch Ecurie Des Charmes
own_1104732,Miss H Dickin
own_1317268,Patsy Sheehan
own_619584,Mary And Billy Evans
own_1373196,Stuart Boyd Niall Okeeffe
own_1334536,Joss Coward
own_1085036,Simon Hunt And Bob Wilson
own_735520,Mrs Lesley Ellen Awdry
own_1016984,Keith Mary Trowbridge
own_832472,Robin Oliver
own_1241312,Mrs Heather Royle
own_1354692,Martin Keighley Racing Partnership 12
own_1106400,Mrs Siobhan Mcauley
own_345280,Mrs Christine Barron
own_1242008,Potwell Racing Syndicate Iii
own_1277780,Owners Group 103
own_1387084,D Howden J Hornby Partner
own_34164,Mrs K R Smith Maxwell
own_1310796,The Lsrfc Salvps Partnership
own_1221548,Martin Breeze
own_1236760,Glenn Thompson And Partner
own_1338140,Pursuit Racing
own_896452,Miss A Finn
own_1337248,Sideways Racing Xxi
own_1206860,Miranda Duchess Of Beaufort
own_39224,Vijay Advani
own_30588,Mrs Josie Ridgers
own_1227736,Mrs Maria Gill
own_1197176,Hasan Mefareh Alajmi
own_1270552,Ask Dot Syndicate
own_1081336,Fahad Abdullah Al Harthi
own_1372536,Pompey Ventures 2
own_349440,M P N Tregoning
own_1342132,G Routledge Racing
own_1335964,Rory Orourke Mps Racing Partners
own_1319336,The Harrow Racing Club
own_1306412,What A Time To Be Alive 2 Les Boyer
own_1380708,S T Rainford L Westwood
own_1224476,Keith Till
own_1373568,Mrs Kathleen Hall
own_1316520,J Kay T Goodair A Skelton C Johnson
own_1392244,Jj Culhane Mrs E Oleary
own_1373796,David Metcalfe And Whitsbury Manor Stud
own_8432,Brian Williams
own_1271136,Blue Moon Racing
own_1340248,Sneaky Blinder Syndicate
own_1070712,Strictly Fun Racing Club
own_1237428,P Hickman And D King
own_1068456,J Musgrave Partner
own_1197264,M J Refrigeration Transport Ltd
own_1258248,Mrs Victoria De Sousa
own_1333440,Highclere Thoroughbred Racing Matisse 1
own_666668,Seaton Partnership
own_335004,Vale Racing
own_1307252,Jj Culhane
own_1393812,Swords Bloodstock D Fagan
own_1366000,S Thompson And Mrs R Carr
own_822976,Lead The Way Syndicate
own_1355564,Mike Paul
own_595468,S F Barlow
own_1367868,Roberts And Myddelton
own_1258776,Thompsonsaundersdrysdaledavison
own_949684,Reality Partnerships Vi
own_1392664,T J Mrs H Parrott Partner
own_219604,R J Francome
own_761336,Foxhunters In Mind
own_1317868,Twenty 2 One
own_126296,Mrs D Monteith
own_1386456,Allan Stella Stennett
own_1365892,Tusk Racing
own_117724,Richard L Page
own_1384412,P Urquhart
own_1198204,St Quintonmauleintplywdvordermans Daniel
own_1391556,Exors Of The Late Ray Styles
own_1285416,Le Soleil Racing
own_1353240,Rebecca Ross J S Moore
own_1284524,Eic Racing Ltd
own_1354520,Bill Liz Bailey
own_349456,P T Mcguinness
own_899108,The Up The Glens Partnership
own_508700,Sylvester Kirk
own_94520,Mrs P B E P Farr
own_1210080,R Wardlaw Partners
own_1322812,Carolan Duffymillssmith
own_1137596,The Dakota Partnership
own_664172,Mrs June Watts
own_1355760,Ms M Bourke Siggins
own_1204420,Rockview Stables
own_1353588,Dangerous Brians Syndicate
own_1382112,A Park T Park And R Arden
own_1301864,Wright Choice Autos Ltd
own_1364024,Mas Kitchen Syndicate
own_1388240,Mrs A Wheeler
own_1242352,I T Buchanan
own_1308420,Thomas Gardner
own_855220,K Bowron
own_640140,Mrs L J Mongan
own_1249624,H S Hutchinson And W Glass
own_1274236,D F R C Shedden Partner
own_1282744,Oakwood Racing
own_974996,Veni Vidi Vici
own_1388228,Mrs C Clark D Mullen Partners
own_1355992,Purosangue Racing Syndicate
own_1312464,Austin Moran Rowlands Mccallum
own_506320,Dave And Gill Hedley
own_1178580,Barry Walters Farms
own_1355860,Miss M Brims
own_212296,Mrs Karen Bowen
own_1337008,Just A Hunch
own_1389348,Croft Farm Juvenile Syndicate Aaron
own_707260,Reality Partnerships Ii
own_1388036,S Jones And Partner
own_1382308,The Wild Tempo Partnership
own_1390260,Mrs R G Hillen Partner
own_787820,Robert Pocock
own_1320328,A G Pollock
own_1013764,Ross Harmon Partner
own_1374876,Refai Alghraiban
own_1388488,Nas Syndicate 2
own_874824,The Beer Stalkers Ruth Carr
own_35156,Mrs Evelyn Slack
own_1332592,Mills Racing Syndicate Two
own_1300136,Batters Passant Owen
own_1334288,Castle View Racing W F Corbett
own_1264464,Mrc International
own_1052772,Racing In Furness
own_1317408,Clive Cox Racing Whitsbury Manor Stud
own_974236,Patrick Scott Bryceland
own_1386272,Stawomir Pegza
own_1277776,Neil Boyden
own_1162708,Relentless Dreamers Racing Partner
own_1179680,Sarabex And Aragon Racing
own_1169940,Tom Gerry Met Mickey Syndicate
own_1370188,Quest Thoroughbreds And Partner
own_1057996,Mowbray Park
own_1221612,Chelsea Thoroughbreds   The Big Bear
own_898400,Blessingndisguise Partnership
own_1352896,Port Antonio Syndicate
own_1194980,P Booth
own_1275152,Starglazing Ltd
own_1259328,Surrey Racing Sm Guy Pariente
own_1263816,Scott Fyffe James Fyffe
own_1379372,Kennet Valley Syndicates Xv
own_1393160,Silent B Partnership
own_1384772,Ms Sally Hamilton French
own_1350504,The Master Toney Partnership
own_37988,Lord Halifax
own_1269284,Highclere Tbred Racing   Jane Addams
own_993772,Noor Elaine Farm Pty Ltd
own_987108,Dr Eva Nieslanikova
own_1301172,Miss Kate Mcgivern
own_1353228,Cottier Fitzdares And Old Gold Racing
own_1349936,Sharon Kinsella Partners
own_1381356,John Wallinger Partner
own_1143248,Richard Cheadle Partners
own_1335100,Tony Farmer
own_1173172,Dreamers Alliance Syndicate
own_518340,Middleham Park Racing Xxx
own_872700,Michael Kerr Dineen Martin Hughes
own_1343120,M Buckley Mrs E Oleary And Partner
own_1075412,Masaaki Matsushima
own_1364944,George Turner Clipper
own_97832,Pat Garvey
own_1277204,Middleham Park South Bank Racing
own_1338400,Hambleton Racing Ltd   2C Partners
own_1376524,Steph Pitt Clive Dunning
own_1038692,Jane Newett And Dougie Livingston
own_1377312,Valmont John Gunther
own_1178120,The Hawkins Partnership
own_894148,Ms Gill Langford
own_784536,Mrs K B Gunn
own_237640,Mrs S Kelly
own_1327160,Bonnie Blandford Quartet
own_1276196,Lloyd Webber Tactful Finance S Roden
own_1000720,Chris Clark Daisy Hitchins
own_1191240,Culverhill Racing Club Iii
own_1393084,Hold My Beer M Broughton T Elphick
own_1360140,J Bromfield The Mustard
own_1306312,D Macauliffe A Don D De Souza
own_1391756,Rc Vip Syndicate 1
own_1312556,D Bevan And Mrs D Bevan
own_1282936,Andrew Rosen And Marc Chan
own_1296800,The Old Stag Racing Sy Partnership
own_1373676,J Crossfield
own_902020,Off The Clock Partners Dr Rdp Newland
own_1285972,Ovia Racing Group
own_1117576,Capla Developments G Kelleway
own_1253524,Mrs L J Newland
own_1384944,The Escape Artists
own_1383852,The Houndsworth Partnership
own_1240004,Owners Group 081
own_1380060,The Otterburn Racing Club
own_1289788,The Morestead Remount Syndicate
own_1240364,The Race4Fun Syndicate
own_217952,Mrs U Odonnell
own_1324060,Ms S Johnstone W M Johnstone
own_370036,Carrot Farm Co Ltd
own_1376200,Ecurie Benaroussi Sofianeharasdetreham
own_1321436,Smithmagniertaborwesterbergbrant
own_122340,Steve Macdonald
own_1331352,Chris Mullins
own_1331748,Y O R C Syndicate 1 Partner
own_1316136,Stuart Banks Partner
own_1306644,Giselle De Aguiar
own_1328160,Muhannad Al Maskari Mohamed Al Saadi
own_86876,Mrs J Moore
own_1387832,Moorhead Dodds Smith West
own_1390900,Walter Moraes Racing
own_1383076,Paul Inglett And Partners
own_1317852,Racing To Profit Syndicate 1 Partner
own_1338696,Mrs N Sage
own_1322764,The Royal Arion Club
own_1206876,Carroll House Racing
own_1375308,Galway Bay Racing
own_1195088,E Williams Partner
own_1240560,Balmer Farm Racing
own_1276652,The Songo Partnership
own_1302768,Laura Newland And Chris Stedman
own_1039644,Mrs Kayley Woollacott
own_1320504,Miss Clare Odonnell
own_1252320,Paul Buist Mike Taylor
own_1229472,D Sj Barker
own_1299520,Maughan Parry James Thackray
own_1236744,Old Gold Racing 9
own_651644,M Bar O Llc
own_1361616,J S Morrison Ms Carol Morrison
own_1177872,Clara Stud
own_888300,Faith Hope And Charity
own_1370564,Mules Racing
own_340116,H Hurst
own_1319812,Precision Facades Farrell Owen
own_1327544,Dont Stop Us Now Partnership
own_1113000,Karl Thornton
own_933024,Raymond Scullion
own_812548,Rodney Arthur
own_133936,Mrs M Mccrudden
own_879180,Ayrshire Racing Partner
own_69740,Mrs T R Kinsey
own_1218456,High Horse Syndicate
own_1382152,Brian Ellison Racing Club G Preston
own_1336680,Mount Farm Stud
own_1345392,The Golden Syndicate And P Davies
own_114020,Mrs Barbara Facchino
own_1334692,Greenhalgh Timms Tighe Townbraccan
own_1387508,P M J Mcalister
own_1381708,Thorne Farm Syndicate
own_1348444,Apples Destiny Syndicate
own_110148,R Gibson
own_774144,M F Wills
own_74436,John Murphy
own_1251048,Hambleton Racing Ltd Xviii Partner
own_44820,Robert H Goldie
own_924776,Miss G Boanas
own_1321516,Highclere Tbred Racing   Nelson Mandela
own_1275440,Robin Hood Racing 2022
own_1367632,Charles Ward
own_1262380,Family Sly
own_1366300,Alan Mason
own_1381704,Paul Birley
own_1294964,Peter Davies Sons Limited
own_1059576,Muir Racing Partnership   Saint Cloud
own_1129476,Peter Trainor
own_1392248,L Benoit
own_1328188,Chelsea Thoroughbreds   Whispering Royal
own_1258244,Carl Pye And Gary Prescott
own_1387500,Ms T Copley
own_1044116,Artemis Thoroughbred Racing
own_1392240,Boucher Kay Owen Ramsden Wholey
own_738640,Rathordan Partnership
own_1009296,Ringfort Stud Ltd
own_404852,A Carson
own_1354064,John Storey
own_1270816,Peter Brookes
own_1383068,Mythology Bloodstock
own_1058464,Kieran Yates
own_1354516,Beckenham Equine Partnership
own_1178248,In The Mix Racing
own_1234504,Mrs Gill Austen Smith
own_1359196,My Future Champion Mrs E Burke
own_1354828,Exors Of The Late Mr Mike Roberts
own_1063236,Team Kraka
own_1386020,Mrs J E Oreilly D J Todd
own_1371820,Paere Dansk Ltd
own_1342544,Ms Kate Conlon
own_100236,J P M Oconnor
own_1370548,Saoirse Racing   Baltimore Boy
own_1299020,Brendan Doorly
own_1318580,P Duffyd Semmensvwilliamsrharperjdeer
own_1385376,Barry Logan
own_1233812,Peter Trainor Partner
own_1008228,Craig Wilson Partner
own_1352884,Mark Devlin Philip Smith Nigel Ohare
own_1183276,Red Cow Racing
own_1310460,Mark Devlin Nigel Ohare Philip Smith
own_1388028,Bb Racing Club Jonny Garlic
own_1321368,Rimellkillickhoney
own_126292,Mrs C A Coward
own_1391864,Cartwright Harris Mccormack Candy
own_1110308,D De Souza
own_1220768,Sir John Ritblat Suki Ritblat
own_1373792,The Fitzrovians 5
own_592976,C Waters
own_1361296,Lycett Racing Ltd J Scott
own_1319820,D Stone D Neale And J Sagar
own_1360204,Wheres The Picnic
own_1209188,Gary Jon Rutherford
own_204864,Alan Dean
own_1334888,The Starship Partnership Iii
own_984656,Melton Mowbray Bowls Club
own_1350688,Mrs Lynne Webb Box 9
own_1128356,Sba Racing Limited
own_1060636,Thorney Racing Partners
own_1271740,Davenport Elsworth Ten Green Bottles
own_628096,The Vital Sparks
own_1337236,Olympus Racing
own_1225312,The Cheshire Partnership Partner
own_226836,D J Newell
own_1384992,Gary Downes And Miss T Jackson
own_1377104,J N Blackburn S Winter
own_196884,Girsonfield Ltd
own_1312356,Hunscote Stud P Humphreys J Sweeney
own_878652,Mrs H Varian
own_1169696,Ian Farrington Partner
own_1391560,Uk Farming Renewable Energy Racing
own_1312428,Rogues Gallery And Partner 3
own_1366384,Clipper
own_1082560,Park Hill Racing
own_1335020,Kennet Valley Syndicates Iii
own_1303340,Mrs Clodagh Lacy
own_42508,Mrs P T Tellwright
own_1358576,D Mrs S L Robinson
own_1388012,Mrs M V Magnier S E Sangster
own_191020,Paul Dean
own_933364,Yenilecas Syndicate
own_1370160,Pompey Ventures 1
own_1181884,Penton Hill Racing Limited L Okane
own_911588,Richard Mcnally Leo Walsh L Murrin
own_904668,Mr Mrs Leonard Bird
own_876380,Richard Galway
own_1391256,Julie Frankham
own_979780,David C Mead
own_1380684,The Spring Leaf Partnership
own_1239348,Daley Racing
own_1373648,Manton Park And Partner
own_1325060,The Dukes Of Harzand Partnership
own_1020348,Mrs C L Smith
own_1381104,Apollo Horses Peter Dee Airey
own_1381000,The Trip To Syndicate
own_1378332,Living The Dream Partner
own_1388008,Mr Mrs B V Sangster J Chapple Hyam
own_797016,Redgate Bloodstock
own_1366232,Grande Motte
own_493956,The Links Partnership
own_1341640,Buntingosbnewsellsnewenglandstanleyhs
own_65380,B Homewood
own_952484,Miss R Woodman
own_1180348,Julia Rayment Robert Eddery
own_1322776,Tim Mollitt A Crook
own_1378396,Rebeccas Girl Partnership
own_982832,Mrs Jean Stapleton Rob Wilson
own_953860,Tom Malone
own_994268,Imperial Racing Pship J Blackburn
own_1248104,K A C Bloodstock Limited
own_1270168,Hasmonean Racing
own_1372168,Exors Of The Late R A Gander
own_1283060,D Fravigar K Dixon R Mitchell
own_136020,Alan Kerr
own_1272024,Ricky Martin Phillips Jim Morris
own_1098080,C Acheson
own_739432,Woodford Thoroughbreds Llc
own_1384948,Andrew Barnes Niall Obrien
own_1373564,Mrs Anne Atkinson And H D Atkinson
own_996248,James Stewart
own_815828,Curry House Corner
own_198720,D Boocock
own_356896,William Arblaster
own_1325380,Patrick Thompson Partner
own_1332652,Cali Racing Partner
own_38528,P Bamford
own_1390936,Mr T Cox
own_1328808,C Gardiner And Miss E Donnelly
own_944144,Steve Jolene Delemos
own_1315320,Knobel Mcgrath Partnership
own_1263344,Norman Court Stud Partner
own_1373672,Faim Syndicate
own_1380780,Dean De Zoete Inglett Jones And Rees
own_1162648,Halcyon Thoroughbreds
own_1377316,Aura Racing J Kimber J Savory
own_1270832,Al Shiraaa Racing Limited
own_916412,The Sweet Partnership
own_1267640,Whyte Hickey Rafter Kilkenny Syndicate
own_1107052,The Makyowners
own_786576,Mark E Phelan
own_1329688,Real Horse Degen Club
own_1343124,Ms K Avison
own_593200,Weatherbys Racing Club
own_1332748,R Kent Miss Kate Mcgivern Josh Schwartz D A Creighton
own_1388636,Mark Rimell King For A Day
own_1384780,Boucher Crane Owen Ramsden Wholey
own_1385420,Al Shaqab Racing Jean Pierre Dubois
own_1387716,Capture The Moment X
own_848784,Australian Bloodstock Stable
own_1371264,Star Amusements Limited
own_1380076,Allsopp And Co
own_1333264,Highclere Thoroughbred Racing   Dali
own_1378616,Resoluteqatar Regan
own_1306464,The Consortium
own_367036,Ms Julie French
own_178588,Mrs Bernice Cuthbert
own_380944,Chris Wright The Hon Mrs J M Corbett
own_1357224,The Positively Winsome Partnership
own_1176824,D Thomson C Barr
own_1328100,Morris And Partners
own_730116,Guy Brook
own_644020,Team Valor International
own_1376528,Barry Fowler Steven I Weston
own_1344520,Sangster Babington
own_735404,Reality Partnerships Iv
own_1024576,Mrs C C Diamond
own_1243204,G F Mugleston
own_994240,Daddies Girl Partnership
own_557292,Box 41
own_1225504,Strawberry Fields Stud And Mrs S Dwyer
own_1316672,The Denis The Menace Syndicate
own_1374580,Mrs Alison Thorne
own_1359220,Jads Virtue Partnership
own_994144,The Jam Partnership
own_1338048,Kennet Valley Syndicates V
own_1306624,M Pickett A Smithmiss G Kelleway
own_1339892,Sam Mencoff Tony Smurfit
own_1383272,Middleham Park Racing G Griffiths
own_1329628,Team Valor International Steven Rocco
own_1373032,K J Mccourt Racing
own_1264524,Toudo Llc
own_1136100,The Emily Charlotte Partnership
own_1373816,The Green Bar Owners
own_127424,Mrs S Frank
own_1381100,B J Philip Walker
own_1383892,A Mellah
own_1186392,Sean Mahon
own_1361572,Highclere Thoroughbred Racing Constable
own_958168,Reality Partnerships Viii
own_1092660,M Goggin
own_1379696,Gentech Fothergill Ralph
own_938124,Mrs Sian Mccain
own_859260,Mrs Sophie Pauling
own_208,Mrs D Ritson
own_1203164,Gin N It
own_1377484,Howard Jones Racing
own_518512,Yeo Racing Partnership
own_67132,H Morrison
own_1323492,Chefs Do Party
own_855172,Michael Baldry
own_476900,D Allen
own_832948,Atlantic Equine
own_1386468,Mcnamee Hewitt Rice Harding
own_1382144,Simon Andrews
own_1352352,Thrive Racing
own_1242568,John C Davies And Partner
own_1389308,Brownsbarn Thoroughbreds And Partner
own_1385964,Cmon Reds Racing
own_1293464,Sbk Racing Ltd
own_1365880,John Exley
own_1358572,The Loyals
own_1307256,We Do Racing Whitsbury Manor Stud
own_489024,Ryedale Partners No 8
own_1224392,Philip Baron Von Ullmann
own_1378624,Qatar Bloodstock Ciaron Maher
own_1312484,Highclere Thoroughbred Racing   Da Vinci
own_1182492,By The Way Partnership
own_1383080,The Falcon Syndicate
own_201512,Major P H K Steveney
own_880028,P Stokes S Krase
own_1374936,Peter Oppenheimer Constellation
own_1238064,Silastar Racing Syndicate
own_968068,Harry Hobson
own_1361828,Farrer Newton
own_754388,Mrs J M Edmonds
own_90812,G Watson
own_1374396,D O Chapman Mrs R M H Chapman
own_493016,Mrs Jackie Cornwell
own_1371788,Best Foot Forward David Jennings
own_18164,Miss H Knight
own_1312176,Bagels
own_1091712,The Lucky Lovers Partnership
own_1342880,Winter Gold Racing 3
own_1368692,Coxon Dunlevy Mcguinness Ogden
own_756684,Hamad Rashed Bin Ghedayer
own_1388724,Racing Knights A Burton
own_1331112,Jon Button
own_1241324,Pimlico Racing   Mourzouk
own_1363516,Terrahawks
own_1272516,Dream Team Partnership
own_394636,Total Recall Racing Club
own_363776,Iraj Parvizi
own_1278028,C Priestley M Hammond D Flynn
own_1229268,B Sheerin
own_1285128,Thomas J Oconnoradrian Mcguinnessshamrock Thoroughbreds
own_1381092,Ed Babington Phil Cunningham G Hearn
own_1338680,Miss Becca Shepherd
own_1328444,Paul Platten Partners
own_1234160,David Keith Tye
own_899760,The Knot Again Partnership
own_152032,Mrs S M Farr
own_242060,M Munrowd
own_1222580,Joe Tickle Racing Club
own_1136980,Tom Ward
own_1381544,Magniers Shanahan Maclennan
own_867588,Adrian Hosie
own_1206888,Anaco Racing Partnership
own_1375644,John Barker Radymski Wedo Business
own_151216,Ray Styles
own_1347364,G And E Arrowsmith
own_1348004,Maximum Racing Miss J Gittus
own_1224348,Ceramic Tile Merchants Ltd
own_1323504,W Brookshaw Central Facilities Services
own_1215676,S J Edwards A G Ash
own_1349748,Nick Bradley Racing 14 Partner
own_1369840,Amy Murphy King For A Day
own_1192360,The Greenacre Partnership
own_1354496,Mrs M V Magnier Mr S P Shanahan J Carthy
own_734648,Imran Butt
own_1334688,Exors Of Mr Jp Carrington Partner
own_1331320,Ian Brown Phil Donnison And Mildmay
own_1214932,Five Gates Stud Farm
own_1062268,Paul George
own_699908,Neale Dalton
own_1217248,Ms J M D Williams
own_1381508,Pour Me A Drink Partnership
own_1337004,Joan Keaney Dempsey
own_955388,Jfw Properties Ltd
own_1306476,Another Point Partners
own_239172,Michael Williams
own_1383112,J L Day Somerville Lodge Ltd
own_1380432,A Hughes M Broughton T Elphick
own_404100,West Ilsley Racing
own_1379832,Highclere Thoroughbred Racing   Kestrel
own_1386256,Mckenna 2 Partnership
own_1267780,Mr And Mrs M Mcpherson And Mrs Q Thomson
own_1238284,Racing Knights
own_507992,Geoffrey Ruddock
own_1265696,Francesca Poste
own_1355756,Mrs Jacqueline Mansbridge
own_493432,Mrs M Gittings Watts
own_937872,G Hitchins
own_18816,Unity Farm Holiday Centre Ltd
own_1027796,Victoria Greetham
own_1241200,In This World Syndicate
own_780160,Ontoawinner
own_1242532,Geegeez Co Uk Ki
own_1240592,The Ftc Syndicate
own_1229748,Yorkshire Horseracing
own_1336528,Deva Racing Cp
own_1196528,Mrs Elizabeth Anne Elliott
own_161788,M Hoskins
own_1306780,Hawke Simms Phillips
own_185796,Michael Gates
own_1233792,Lady Bamford Mrs J Magnier M Tabor
own_1384408,Hot To Trot Racing   Jennifer Wren
own_1066364,Diego Dias
own_1346236,Mr Mrs J D Cotton Partner
own_1149964,Rebel Jumping Ii
own_1358756,Glory Hunters Syndicate
own_1377088,Jane Allison And Normandie Stud
own_1195916,Rockview Racing Syndicate
own_7104,Evan Williams
own_1188704,Ben Halsall
own_1387116,Gallop Racing Gary Downes
own_1354336,Jan Johnsonyor Gunna Be Lucky Syndicate
own_1381304,Giles Gilbey
own_617348,Heard It All Before Syndicate
own_1384936,Robert Dooly
own_498080,Robert Frosell
own_1138204,The As You Like It Syndicate
own_1239804,Ecurie Mrs Lynne Maclennan
own_1230400,Future Champions Racing Regional
own_1336220,Martin Peyton
own_1383704,Blue Starr Racing Keith Breen
own_1314216,Miss Sophie Bell
own_1292812,The Daylight Robbers
own_637800,Middleham Park Racing Liii
own_1317284,Nigel Oharejohn C Mcconnellmark Devlinphilip Smith
own_1174980,D Orr Mrs A Frost
own_1302424,Charlie Walker   Osborne House
own_1273888,Memento Vivere Racing
own_1025636,John Gunther Tanya Gunther
own_582248,Mrs Jo Lambert
own_1187088,Capla Developments Racing
own_1327864,The Royal Arion Club Whitsbury Manor
own_1292324,Kevin Frost Racing Club David Orr
own_1370880,C Munro The Late R Gander And Partner
own_795916,Paul Hothersall
own_1319348,G Beilby
own_1294992,Pat Murray Martin Redman Maurice Thomas
own_1066232,Mrs Polly Walker
own_1346432,Jenny Perry Victor Goaman Syd Hosie
own_1115968,Million Dreams Racing
own_842872,Philip Rowley
own_30412,M Baker
own_1335320,Heart Of The South Racing 136
own_1331120,Aura Racing Barratt Racing
own_1346252,Beau Stevens
own_1335972,Adams Laws Graham
own_1213408,Paul Stewart
own_1387848,Tadgh M Osullivan
own_1372344,J G Butcher
own_575292,Wayne Brackstone
own_1377320,C Fahy M Bringloe R S Marchant
own_1371016,West Country Wales Racing
own_1374432,Angus Lowe
own_579668,Keith And Sue Lowry
own_1177900,A Bell M Hammond
own_1002916,Mrs Lesley Field Aiden Murphy
own_736228,Oceans Racing
own_1221268,Earl Of Ronaldshay
own_1378592,Ha Racing
own_855224,Mr Mrs J Harris
own_247476,N J Hawke
own_664048,Miss Sarah Jayne Davies
own_1270600,Colin And Kay Taylor
own_1248112,David Coates
own_842512,Jakes Family
own_1108664,John Henwood Partner
own_1355844,Gee Gees Wine Bar Dylan Cunha
own_1374872,Westgate Racing
own_1384800,King For A Day Partner
own_1276144,Craig Lidster
own_1381556,S Mannion A Heaton And C Burnet
own_1034688,Elysees Partnership
own_4984,D C Obrien
own_1252868,The Pipa Dobson Syndicate
own_1327388,Catch Us If You Can Racing Cunha Nel
own_648052,Ged Mason Sir Alex Ferguson
own_1359160,Ms E Banks Partner
own_1327248,M Gates
own_1376776,Blue Point Ensemble
own_1347520,Fox Hound Racing And John Wainwright
own_1387916,Goodracingco Paul Hanagansimon Mapletoft
own_1312528,S Radymski We Do Racing
own_1123480,Thethrillofitall
own_1286216,Nobody Else Would Have Us
own_1385956,Jardinegriffithstownshend Smith
own_1309148,Owners Group 111
own_1313324,Adam Lucock
own_940508,Newroc Co
own_996752,Yorton Racing
own_1326572,Dr Tom Davies Steve Merry Tim Wright
own_862760,North Star Racing
own_1246688,Ms P Hassett
own_1325764,Whitehall Racing Syndicate
own_934912,Mr Mrs I P Earnshaw
own_1104404,Bellys Heroes
own_1325912,Blue Candi Lab London Ltd
own_1342556,Breitmeyer Watson Finlaggan Turner
own_1384064,Resolute Qatar Racing
own_1059856,Richard A Murray
own_1328156,Moores Racing Brownsbarn Thoroughbreds
own_1280840,Taborsmithmagnierwesterbergbrant
own_1360700,The Cashmere Club
own_1319532,Jonssonmagniertaborfittocks Stud
own_1317404,Capture The Moment Carter Lofthouse
own_1387096,Varian Racing X
own_1038688,Sean Jonesdavid Sprattmrs Lynne Lyons
own_1384192,Gai Waterhouse
own_627928,Mrs Donna Hopkins
own_1379680,C L A Edginton A J Niven
own_1274272,Miss Alice Haynes And King For A Day
own_1375672,Luck Is For The Mediocre
own_1281056,Dermot Kilmartin
own_1342940,Medallions Westonb Fowlerreeves Tbs
own_1052992,Scott C Heider
own_1333100,Mutual Admiration Society Partnership
own_1323660,James Parry And Partners
own_1166968,Qatar Racing Limited Fergus Galvin
own_1385604,Lindsay Larochedunphy Family Syndicate
own_383488,Mrs R Pease
own_1312712,Tim Porter
own_1332932,Nick Bradley Racing 47 Mrs W Oleary
own_1319744,D Lowe M Cantillon Syndicates Racing
own_1370392,Scuderia La Tesa Limited Vaibhav Shah
own_880184,Hambleton Racing Ltd Xxxiii
own_1268644,Westerbergmagniertaborsmithbrant
own_385256,Gremlin Racing
own_1291928,Mps Racing Stewart Pals
own_993052,Reality Partnerships Xi
own_1330716,Chelsea Thoroughbreds   Cadg
own_1363640,N G H Ayliffemrs S M Maine Partner
own_1377980,Mildean Racing Southdown Super 6
own_897548,Ms E L Banks
own_1370004,M White Mrs A Gillies And Partner
own_205900,A Whelan
own_1366292,Hp Racing Forever My Prince
own_1246664,Leigh Taylor
own_1324308,Derek Lovatt Colin Bacon And Partner
own_1345044,Team Turf Racing Club
own_918368,T C Dawson
own_1313168,The Bella Madonna Partnership
own_909460,Judy Craymer Nick Skelton
own_853708,Mccarthy Berry
own_1122952,Foxtrot Racing Muldoon
own_506160,Gethyn Mills
own_1384788,Pompey Ventures 6
own_1381116,Jorge Lopes
own_1282360,Ed Babington James Barnett Partner
own_1329280,Quest Thoroughbreds   Makuri
own_1341648,Oti Racing Lofts Hall Stud Partner
own_1197128,Stockton Hall Farm Racing
own_1222844,R J Mccormick
own_1041404,Matt Watkinson Racing Club
own_1336992,The Vital Sparks David D Smith
own_1386580,Rs Racing   Sparkys Syndicate
own_1386840,Legacy Group Partnership Racing
own_173324,P W Chapple Hyam
own_212288,Gwilym J Morris
own_893304,The Englands And Heywoods
own_1358000,Ms K J Austin J Snowden
own_822808,Mrs S Longsdon
own_1346316,Clova Farms And P D Niven
own_1126696,Nmus
own_1371852,Stephen E Mccarthy Mrs Paul Shanahan
own_1281560,Mrs J Mairs And T S Mairs
own_1331952,T Slater
own_1131576,The Blakesley Racing Club
own_1279472,S Almutairi
own_353284,J A Young Leicester Ltd
own_500244,The Rum Partnership
own_1327556,Robert Johnson Roldvale Ltd
own_1358748,Oti Racing Partners
own_1371796,Cadland Ladies
own_1345912,Sullivan Bstock Morrin Whitehead
own_1261400,The Inver Park Partnership
own_515500,Middleham Park Racing Xxviii
own_1133244,Hankers And Maccas
own_724204,John James Cranborne
own_1373772,D Bishop P Robinson S Bland T Coyle
own_1374136,Al Riffa Syndicate
own_1306384,Benevente
own_1334560,Kennet Valley Syndicates Ii
own_963416,M M Stables
own_1143416,Grange Park Racingxvii
own_1342536,St Albans Bloodstock Fittocks Stud
own_1348944,Red Post Racing Johnson Partners
own_1056960,P Hickman
own_1317020,Turf Club 2022 St Albans Bloodstock
own_1318704,Miss J Gittus Mrs G B Walford
own_1382504,Couragegriffithslightvan Der Horst
own_1076360,The Fob Racing Partnership 6
own_1330512,Mares In Motion
own_1246652,R W Huggins M Bisogno P Williams
own_399972,Darren Coombes
own_1203964,Come Dancing Partnership
own_1333256,Mrs J Cestar Partner
own_370104,Miss Vanessa Church
own_1385936,Five Arcs And A Covenant
own_402360,Miss A H Marshall
own_1130704,W Patterson
own_1297052,Private Equineity
own_993536,K S Ward
own_1363424,Coltherd Racing R Powell
own_922500,The Warriors
own_1212328,Donal Devereux
own_1385968,Jon Thompson Buccaneers Racing
own_1271780,Exors Of The Late Mrs C Mcalister
own_1345844,The Borders Bunch
own_1204744,Ben George Crawford
own_1293008,Michael Buckley China Horse Club
own_1143156,Offthebridle Podcast
own_1381712,B E Pain
own_1366212,Six Or Sticks Tdh
own_700188,Champagne And Shambles
own_1333352,Robin Oliver Partner
own_1264472,James Adams
own_987312,Reality Partnerships Ix
own_1386252,G Routledge P Wild S Windle
own_1358784,Paul Hanagan Tgrc1
own_1375656,Steel A Win And Miss J Macey
own_1074848,Mrs Zoe Stock
own_1376520,Stratford Racecourse 2
own_925396,Middleham Park Racing Cxvi
own_1250208,Actionclad 2001 Ltd
own_1260024,The Strollers
own_1374836,D Edmonstonacouplandj Danielsn Mandry
own_1237028,Elite Racing 002
own_1066360,The Murhib Partnership
own_1252508,R Hardgrave Partner
own_1319832,Timmins Rhodes Burke
own_190192,J D Cotton
own_1025428,Patrick Thompson
own_1318048,Princess Nieve Partnership
own_1335404,Beaufort And Friends
own_1353268,C Rosier Mrs Julia Rosier Partner
own_1146232,M Seedel
own_879156,Love To Race Partnership
own_1301604,Noel Fehily Racing Syndicates  Easter Ju
own_212360,W H Carson
own_1369860,Freeman Gentech Lloyd Frith
own_1147352,Red Rum Racing
own_1282232,Gold Green Scott Shearsmith Crowd
own_1300128,Imperial Racing Partner
own_1292632,The Royales
own_1263600,Decimus Racing Xi
own_1251596,Baker Dixon Chappell Cope
own_90596,Mrs R Vaughan
own_1096596,T Crowe
own_1346484,Tooting Irish Racing
own_1185992,Michael Oflynn And Delancey
own_1086940,Brendon Sabin Partner
own_1340960,Cian Collins
own_1303324,Cleeks Racing Syndicate
own_1137000,C M D Syndicate
own_1256644,Pony Sopranos Syndicate
own_1053108,Mrs D F Turner
own_1373544,Cartmel Racing 1
own_1385244,Mrs C Clark D Mullen Mrs E Quinlan
own_117368,W Ward
own_996500,Poetry In Motion Syndicate
own_1296796,Liz Reid And Partners
own_1258360,Dy Simpson N F Syndicate
own_1233800,Dene Rowe
own_1249136,Jim Bracken Keith Hadwin Djm
own_1325748,Mrs E Vyner Brooksdaveyvonne Simpson
own_1054784,Walter Moraes
own_241188,The Three Wise Men Syndicate
own_355284,Mrs T Channing Williams
own_1323680,Savernake Racing
own_1385224,Red Sky Racing
own_1062632,M M Franklin
own_1297196,S A Mares S Turner
own_1342668,Z Vigh Anthony Okenabirhie
own_1380772,M Aljodaiby
own_240068,The Buckingham Partnership
own_1237324,Walsh Okeeffe Partner
own_1194792,D Sherlock
own_1286564,Out Of The Shed Racing
own_958356,Jack R Barber
own_1374340,Out Of The Woods Syndicate
own_497972,The Wadeley Partnership
own_1305496,Withyslade And A Newman
own_499280,G P Keeley
own_887644,Newtown Anner Stud Farm
own_1350684,Keatley Owners Group A Finneran
own_1328076,Highclere Tbred Racing   Vermeer 1
own_870768,Michelle Harris Deberah Lawton
own_988648,Bb Bloodstock
own_1374608,Keaveney Butcher Partners
own_224832,The Vilprano Partnership
own_521284,Alex And Janet Card
own_1039116,Nick Bradley Racing 44 Partner
own_1345424,V A Phillips J Martin Bowen Group
own_1231908,S Murrills J Ewart
own_1331700,Quantum Leap Racing Xiii
own_1382292,Daniel Creighton And Partner
own_1285988,Exors Of The Late Mr A Lister
own_1245716,Rockview 119 Partnership
own_1332632,Mocroft Waste Ltd
own_639388,River Racing
own_1353232,Millennial Racing 1
own_1321688,Aura Racing Partner
own_1333248,Carmel Stud Partnership
own_781556,Howdale Bloodstock
own_845032,Hillwood Racing
own_1266004,Jcg Chua Akela Thoroughbreds Limited
own_1350596,Nick Bradley Racing 41 Trevor Edwards
own_582404,Simon Pearce
own_1368920,Mcozi Racing
own_649476,Paul Charlesworth
own_1362376,Team Best If Only Partnership
own_1003096,Amy Murphy Racing Club
own_1358736,D J Mooney Barry J Doyle
own_1239968,The Bruiser Boyz And Partner
own_1273352,Dean Gerber Inglett And Partners
own_971076,Max Plapp
own_1001752,B V Sangster Mrs B V Sangster
own_1382756,Deva Racing Db 1
own_1264812,Middleham Park Racing Pg Upton
own_866280,Miss Sarah Carter
own_1145332,Dalziel Family T White J Inverdale
own_1150588,C Griffiths
own_1374568,Nigel Kelly And These Girls Can
own_894828,Middleham Park Racing Lxxx Partner
own_1287772,The La Mujer Partnership
own_1147116,Whitehouse Stable Syndicate
own_1384404,E S O Racing Club And David Taylor
own_680940,Taylormaid
own_846436,Mrs A E Willes
own_1189048,M E Tucker
own_131676,Mrs Margaret Geake
own_959980,Smlc Racing
own_728220,Mrs Sarah Leslie
own_1370528,Mrs A Salter
own_351360,R J King
own_35016,John A G Pearn
own_1274224,Maranto Manor
own_1353244,Red Post Racing And Partners
own_397664,Colin Bryce
own_742028,Middleham Park Racing Partner
own_1334440,G Manchester N Wrigley
own_1076880,Edergole Thoroughbred Ltd
own_1378356,All Fit Radymski Raybould Wedo
own_1353720,Wolfpack 5 Partner
own_1169432,David A Jones And Partner
own_1371340,Allan Mcwilliam Miss L A Perratt
own_758820,Winks Racing
own_1316540,A Kavanagh M Downey
own_1329132,Ian Turnbull And Susan Corbett Racing
own_1317336,N Shucksmith Mrs H Lloyd Herrington
own_871828,Ronald Davies Mrs Candida Davies
own_1105568,Hunscote Stud Ltd Mrs Lynne Maclennan
own_1303660,Venice Consulting Dascanio Gambini
own_1316072,Steel A Win
own_1319836,Highclere Thoroughbred Racing   Degas
own_1381700,Mrs R G Hillen And Brendan Holland
own_62764,Peter Jones
own_345632,Miss K Scott
own_1267232,Kyle Browne Mcguigan
own_1378740,Mrs Riona Lynch
own_1057124,Highbeck Racing 2
own_477084,Anthony Knott
own_1383708,Noel Mcdonnell
own_1336376,Mrs John Magniermichael Taborderrick Smithpeter M Brant
own_1263552,Valmont P F I Cole Ltd
own_1384388,F Ibragimov E S Racing
own_1266184,Magniertaborsmithwesterbergbrant
own_1383064,Hurn Racing Club Partner
own_1362276,Homecroft Crampsie
own_896524,John Lavery
own_452488,Mrs Richard Henry Mrs John Magnier
own_1325404,Joanne Lavery John Lavery
own_1243184,Paul Kwok Ms Angel Li
own_1366968,Paul Morrison David Metcalfe
own_1332752,Hasan Mefareh Alajmi Fawzi Abdulla Nass
own_1307300,Middleham Park Racing Lxxviii Partner
own_1065600,Barnane Stud
own_1384060,Babington Lef St Elias Hudson Luxus
own_849312,Middleham Park Racing Vii Partner
own_1384428,Teme Valley C Maher
own_1379404,Shocker Partnership
own_1340984,T A Rahman S Siddiqui R Gray Partner
own_1384424,Miss Louise Allan King For A Day
own_1319808,China Horse Club Qatar Racing
own_1045124,Final Reminder Syndicate
own_1375688,E Babingtona Hoyeaun Holmes
own_1376212,Ecuries Serge Stempniak Mme Pia Brandt N P Gill
own_1335032,Highclere Thoroughbred Racing   Monet
own_976200,The Pant Wilkin Partnership
own_1384208,Geoff Wilson G Waterhouse A Bott
own_343804,John C Oxley
own_1177316,Wear A Pink Ribbon Syndicate
own_1187836,Oisin Fanning
own_1186280,Bennett And Obrien
own_1129492,C Coley D Porter H Redknapp P Smith
own_1367156,Infinity 9 Horsesc W Knok
own_1332220,Gousserie Racing Jean Etienne Dubois
own_636500,Triumph In Mind
own_490396,I Barran
own_1384196,Mrs Bv Sangsterjustin Casse Dr J Berk
own_1371372,Mrs M V Magniermrs P Shanahank Maclennanj P Magnier
own_1327664,Emmet Mullins Paul Byrne
own_851092,Hat Creek Racing
own_1243604,M B Thwaites G Halder
own_1374844,M Robinson Mildean Racing Syndicate
own_1084544,Rashed Al Kamda
own_1296016,Sportsdays Racing John Shand Partners
own_1329128,Ballylinch Stud Ss Partners
own_1202636,R Wherritt And Partner
own_1379124,Jack Thomas D C Racing
own_1011776,R Pattenden Partner
own_1380120,A Dond Macauliffe
own_1383840,Stonestreet Stables Llc Partners
own_1312472,Eq Racing
own_588548,Ms Amanda Torrens
own_1173984,D Smith Mrs J Magnier M Tabor Peter M Brant
own_1384124,Exors Of The Late Mrs Anne Cowley
own_1290352,Go Racing Limited
own_1342072,J Halley Mrs Ciara Hogan
own_926660,Andy Claire
own_379304,Barry Taylor
own_1185756,Peter M Brant Mrs John Magnier Michael Tabor
own_1383832,Eclipse Tbredexors Of Albert Frassetto
own_879840,Dubelem Racing Limited
own_1093516,Peter Timmins John Rhodes
own_1277536,The Ney Partnership
own_1225692,Matt Watkinson Racing Ii
own_1345916,D Noblett D Tompkins
own_670116,Soldi Stable Llc
own_1366756,Resolute Racing
own_1383656,W Stroudsmart Choice Stableocean Reef
own_1280544,Mr Greenfingers Syndicate
own_396932,Dubai Thoroughbred Racing
own_736296,S E Sangster
own_1191028,Mark E Phelan S P Oconnor
own_332396,Middleham Park Racing Xiv
own_1335420,Gousserie Racingec Gribomontf Delaunay
own_1120284,Yeguada Centurion Sl
own_1010760,Hh Sheikh Zayed Bin Mohammed Racing
own_1373748,Sights On Gold E S Racing
own_1366032,Westerbergcoolmorebrantdubois
own_1383648,For The People Racing Llc
own_237512,The Storm Again Syndicate
own_141652,I B Barker
own_234868,The Rumpole Partnership
own_155464,Miss J A Challen
own_848156,Nigel Holder Peter Glanville
own_32084,A White
own_926320,Niall Michael Earls
own_1104024,Jayne Mcgivern
own_1248544,Dan Kiely Rob Kearney
own_869200,Patrick K Mccarthy
own_353432,Formulated Polymer Products Ltd
own_1200436,Mrs Jennifer Pitman
own_1212156,The Philip Hobbs Racing Partnership Ii
own_1319764,Al Shaqab Racingcoolmorewesterberg
own_1326848,Jean Etienne Dubois Haras Detreham Et Al
own_1326376,Daij Al Khalifa Khalifa Aldoseri
own_1077472,Ryedale Partners No 11
own_1329156,Amo Racingmrs R Ocallaghang De Aguiar
own_1383396,Stonestreet Stables Llcj Oxleyt Farmer
own_1287124,Dan Kiely
own_687000,Middleham Park Racing Lx
own_1374416,P Rowley And Miss D Cope
own_1383424,P Balding
own_1363180,G Steed The Bumblebees
own_994272,Middleham Park Racing Cxv
own_1318584,Trish Colin Fletcher Hall Partner
own_933848,D J Mackay Mrs E Burke
own_881384,The Punchestown Syndicate
own_1380968,Qatar Racing Club 26
own_1315652,Ian Quy
own_635544,Over The Moon Racing
own_1061408,Michael H Sly Mrs Pam Sly
own_1217636,Mrs M A Scott
own_635072,Optimumracingcouk
own_655152,Charles R Clark
own_1230144,First With Mortgages Dl Adams Ja Adams
own_1212468,Beechfield
own_1341068,S Bromley C Mcsharry
own_895420,Ms D M Mcguire
own_1344272,Cold Beer Sports 100 Syndicate
own_1365524,D Lees D Pollitt Driving Down Ltd
own_868528,Middleham Park Racing Lxxix
own_1383636,Derek Shaw King For A Day
own_158924,Mrs G Hourigan
own_1024572,Laurence Bellman Partners
own_985132,K Mccabe
own_1049092,Mrs Melanie Dixon
own_175936,Miss J Short
own_1239284,Raymond A Green Patricia Manclark
own_1297152,Bristow Crofts And Flower
own_1181144,Aircraft Tool Hire Ltd
own_596408,The Profile Partnership
own_600484,The Thrill Seekers
own_1376000,Molony Racing Ltd Bolingbroke Sutton
own_1312524,Ian Davison Geoff Thompson And M Dods
own_1334456,Mrs E Avery J Moore
own_1320056,Raceshare   Scampi
own_1344848,Chris Smith Partners
own_1349444,The British Adda Partnership
own_1358496,Paul Hanagan Simon Mapletoft Tgrc 1
own_1373040,Syps Uk Ltd Ollie Pears
own_1383268,Gay Kellewaysmithedwardsmoynihan
own_1337852,K L Fitzsimons Partner
own_1332660,Dudley Hill Farm Ltd
own_1134664,Jago And Allhusen
own_1301012,Mr Mrs Ward Jamie Snowden Racing Club
own_1204568,Mr Mrs J J Barber A Norman
own_1294436,Winterfields Farm Ltd M Burton
own_1306196,Hawke Simms Capps
own_926016,A J Mcnamee L C Mcnamee
own_1285976,Lady E Oshea
own_1312504,J Harron Racing Pship
own_91012,Mrs Susan Scargill
own_614196,Ferrybank Properties Limited
own_1307612,Philip Liu Chun Hang
own_242848,The Plum Merchants
own_1324636,Rosehill Fillies Partnership
own_1338700,Amazing Racing Partner
own_1348108,Acorn Builders Dorset Ltd Partners
own_1382740,Hhp Partnership
own_1205596,Miss Elizabeth Feakes
own_678076,Graham Lodge Partnership
own_362752,John A Duffy
own_323140,P A Jones
own_1361728,Hold My Beer A Duffus P Neville
own_522024,S F Benton
own_1339464,Cold Beer Sports Hold My Beer Hague
own_1258708,David Bannon And Partner
own_1378756,Micky Ray And K Green
own_1007092,Ebury Racing
own_1277552,Morecool Racing Andy Barnes
own_1327164,Charlie Parker
own_775944,The Ascot Colts Fillies Club
own_714952,Graham Truscott
own_1072324,Peter Bowen Racing Club
own_90952,E G M Beard
own_737248,James J Reilly
own_1268892,Daffodil Racing
own_1378556,G King Cillian Moran
own_1356184,Dn Syndicate
own_1371588,Ursa Major Racing Craig Farm Hughes
own_1339960,Escape The Grape Syndicate
own_1374928,Kennet Valley Syndicates Xii
own_540564,David Cohen
own_583348,R R Evans
own_1377856,The Spanish Buttons Partnership
own_1334540,Ladyswood Stud And Partners
own_1322496,The Only Way Syndicate
own_1225980,The Cosy At Home Family And Friends
own_1328636,Santry Racing Ii
own_1382124,Miss Eleanor Hallam
own_1149752,Healthy Wood Ltd
own_1190832,Owners Group 066
own_1193636,Tomas Mccabe V R Walsh
own_1149968,The Lygon Lot
own_54000,Colin Moore
own_1320332,Chucklebrothers
own_1382128,Rancho Temescal Partners
own_1377636,Gary Devlin Paul Heatley
own_830728,Trevor W King
own_176212,Charles Dixey
own_1271768,Whitsbury I
own_1346492,Ursa Major Racing D Pollitt Partner
own_1379592,K Blakemrs E Palmerm Wilsonn Luck
own_1378012,Alex Smith Partners
own_1329752,D Tierney J Portman
own_1177620,Viscount Astor
own_249280,Middleham Park Racing X
own_1280268,Miss Samantha Elliott
own_1246700,The Goodies Tricksters D Gillett
own_627988,Michael Marsh
own_1141412,Air Water Treatments Ltd
own_1351648,Alistair Sutcliffe Partner
own_1288500,Mrs K Young P D Niven
own_1275184,Slaters Arms Racing Ged Shields
own_1099516,South Bank Racing
own_1360400,The Front Runners Network Limited
own_590444,Andy Irvine
own_1006912,Les Boyer Partnership
own_1312696,I Patten
own_1314540,Andy Mel Phil Kaya
own_1077076,Dean Willetts And Vernon
own_1336420,Valmont The Sunshine Partnership
own_1302056,J R Lavelle And Paul G Jacobs
own_1311840,Howell Jenkins
own_1266032,Michael Fennessy Jnr
own_1331720,Teme Valley And Opulence Thoroughbreds
own_1335384,Kennet Valley Syndicates X
own_1319040,T Scothern D Stone Partner
own_1312520,Michael Pescod And Partner
own_1357260,Owners Group 125
own_1250180,N Turner C Schicht
own_1210068,Proceed Nominees Pty Ltd
own_924780,J Collins C Fahy S Piper
own_49836,T C Frost
own_166952,L Gilbert
own_67860,P A Tylor
own_1063884,Bellies Syndicate
own_1349940,Chris Giles Barber And Roger Eddy
own_1199040,Cotswold Stone Supplies Ltd
own_1023208,C S Norman
own_1278736,Newstart Partnership Com
own_1315116,Miss S Klug
own_1136696,In It For Fun Partnership Dr R Newland
own_1381348,Ed Ware Ed Babington
own_996736,J B Harper
own_1242056,Four Hens And A Cock
own_111640,D F Orourke
own_1377308,Jamie Railton And Landford Bloodstock
own_16668,Lady Halifax
own_1218476,Kumar Rummun
own_1366480,Keeley   Fellows   Turner
own_1372840,Gallagher Bloodstock Ltd And Partner
own_518868,Kevin A Quinn
own_1341232,Smith Bernal Verrier Lewis
own_1330064,Barry Mcgleenon And Thomas Mcalister
own_1038376,Wright Morgan Ltd
own_1104400,Hot To Trot Jumpingmrs E Gordon Lennox
own_894548,Beautiful People
own_1321204,Trisha Keane Friend
own_1125308,Tim Syder Hungerford Park Partnership
own_1348788,Ms Kimberlea Mcconnell
own_706956,Mrs Anne Cowley
own_1356672,S Dodd
own_1376516,Foxtrot Racing Wales
own_1258132,Cool Jazz
own_1377548,D Redvers Woodside Miss G Harrison
own_1048532,Wilfstoreyracingclub
own_1096936,Racing Link
own_905840,Middleham Park Racing Cxi
own_1370612,Mark Daniel Racing Limited Deirdre Cotter
own_473884,Mr Mrs James Wigan
own_1343100,The Cheshire Partnership
own_235956,M A Scaife
own_1377304,D Howden J Hornby D Redvers
own_1258848,Julian Sherriff
own_1380792,Christopher Mark Clarke
own_773520,Alastair Crow
own_1202540,Stephen Corbett
own_43952,J F Symes
own_1146744,Richard Cranfield
own_10076,Mrs Ann Taylor
own_998312,The Signy Marriage Families
own_1362968,P W Mullins Paul Kelleher Cian Kiely
own_1377872,D Scott Resdev Capla Dev L Westwood
own_169368,Mrs A D Williams
own_1363432,Miss Hannah Roach
own_1374864,Sayed Hashish And Hana Refai
own_1360796,Biddiscombe Rousell Rogers Barber
own_883732,Gunshot Paddocks Racing Club
own_1363844,Captain Biggles Syndicate
own_41800,N W Padfield
own_1313332,James Stride
own_73252,N R W Wright
own_1280648,G Smith  Bernal Anthony Verrier
own_1338716,S L J Lawson
own_1330028,Anthony F Ocallaghan Sabina Kelly
own_1325360,Magniertaborsmithbrantwesterberg
own_1333260,Seaward Syndicate
own_1141248,Matt Batters
own_872772,Middleham Park Racing Ciii
own_1343264,Godfrey Pritchard Hoyland
own_385180,Ecurie Jean Louis Bouchard
own_1378732,Mike Moulds
own_1347980,Mechie Ccr Kerr Tate Lawson
own_1302328,Harrow Whillans
own_329016,The Eternal Optimists
own_1348740,Got The Game Sewn Up
own_1291896,The Sanguiners Mrs G Redman B Painter
own_833080,P W Mullins
own_1348720,M Dunphy Mrs J Williams S M Williams
own_1099024,Miss Amy Aldworth
own_1346704,West Country Hillbillies 2
own_1215688,The Ocean Partnership
own_1044484,The Jockey Club Haydock Park Racing Club
own_870776,James Latham
own_59108,R D E Woodhouse
own_1366472,Mrs Amy Fife
own_949332,R Wilkinson
own_1348676,Mark Devlin Philip Smith Nigel Ohare Claire Wylie
own_1317152,Dark Horse Racing Tarzan Bloodstock
own_1284108,Monica Martinez Trumm
own_850792,James Tate Racing Limited
own_1361152,The Fleet Street Partnership
own_1361076,Golden Equinox Racing Urloxhey Racing
own_1330872,Creeses Comrades
own_1300100,Mrs Jennifer Irish And Paul Nicholls
own_1229560,Tina Jackson
own_1381080,Couragelightvan Der Horst
own_183784,Peter Wragg
own_1377332,Propulsion Racingsmithedwardsmoynihan
own_1330184,Nick Bradley Racing 6 And Ollie Pears
own_43676,Richard Swift
own_480472,Homebred Racing
own_1195580,The C Level Partnership
own_521560,I W Harfitt
own_1110112,Ne1 Racing Club
own_874792,Rioja Racing
own_808248,Mrs Margaret Ferguson
own_1291540,Morrisonpickfordanglisscollettmalcolm
own_1087160,Peter Cook
own_79104,Patrick Murphy
own_1316964,Anthony Mather
own_1135384,Douglas Miller Coltman Dunning Turcan
own_1298620,C Monaghan
own_1380048,C Scurr
own_1361280,Browns Boys
own_1359888,One Step Too Far Racing Club
own_1373052,Mcnamee Hewitt Rice
own_1258736,Surrey Racing Sn
own_1374404,Berkeley Carter Racing Club
own_1365884,Manor House Stables Syndicate Ii
own_1276796,Nicholas Mustoe And Chasemore
own_1329276,Mrs K Hamilton
own_199876,Bottisham Heath Stud
own_92352,Mrs Rita Brown
own_746140,James Murdoch
own_1294616,Cartwright Langford Redknapp Saunders
own_1204840,Scuderia Archi Romani Les Boyer
own_1231132,David Ben Thomas Lockwood 1
own_1367468,Kevin Mercer
own_1258140,Mrs Mary Ann Middleton And J P Romans
own_1319376,Beanie Blue Syndicate
own_987292,Pallister Racing
own_1339972,Eamonn Sparkes And Andy Machin
own_871360,John Liz Elliot
own_1199752,Guy Dunphy Chris Dillon C Seeney
own_944524,Justin Landy
own_1361732,Nick Carter Marcus Watmough
own_832788,Mrs Rita Williams
own_1260476,G Walkingshaw
own_1376768,Jeremy Mactaggart
own_1372528,Mrs Jacqui Irvine Lang
own_1318548,C Cormack
own_31300,K Waters
own_812820,Mrs A M Thomson
own_1351780,Crest Racing V
own_352964,Mrs Alice Vaughan Jones
own_1315184,Diamond Racing Paul Lightfoot
own_1316816,K Greenwell And M Barnes
own_1314924,Mrs S Campbell
own_1364740,David Fish Mrs E Oleary And Partner
own_1335008,Next Wave Racing And Partner
own_1379552,Colin Matthew
own_1338032,Brownstone Cowboys Syndicate
own_1267608,Dave Yvonne Simpson
own_1312448,Simon Munir Isaac Souede A Bromley
own_70860,M M Allen
own_987508,Four Candles Partnership
own_1203232,R M Moseley Slater Gould Laughland
own_1147228,Estate Research Pc Limited
own_1342128,D Barker Ms J Bianco
own_1286588,The Lucra Partnership Iii
own_1201200,Fine Claret Racing More Turf Racing
own_1068904,David Howden David Redvers
own_1379912,Mrs Bv Sangsterjustin Casse Partners
own_1374428,Hansewood Ltd
own_1378748,D Orr Ms T Keane
own_1295996,Clemmie Shipp The Late Mrs Jean Shipp
own_1190852,Miss S Redpath
own_175212,J S Moore
own_674372,J T Phillips
own_1325168,Melissa Oneill Bill Eastwood
own_1359240,Whitsbury Vi
own_603096,Yoshiro Kubota
own_1337660,Billyb Syndicate
own_728444,Miss K Squance
own_236780,G C Stevens
own_937516,Miss Katy Brown
own_1182892,Constellation Syndicate Partner
own_1370152,Holdmybeer Nightingale Duffus Partner
own_1335388,Miss S Phipps Hornby Partner
own_1249600,The 1759 Syndicate
own_1369628,Ballylinch Stud The Ballyoptimists
own_1379548,The Twelve Munkys I Jardine
own_1079824,Mrs Hayley Wallis
own_1185324,Mrs N Bloss
own_1329484,Al Shaqab Racing Valmont
own_1371012,The Littles
own_1176992,T Cusden
own_1368452,Mohammed Ali
own_1374940,C Brandon
own_1322448,Breenlilleyrosier Underwood
own_1265728,Chief Singer Racing Iii
own_1313340,Mrs Annabel England
own_1377356,Eamon Kelly M Harris
own_1239048,The Sunset Crew
own_1075504,Legacy Racing
own_1343572,Ken Mcgarrity Colin And David Wheeler
own_1254712,The Optimistic Syndicate
own_1246476,Liz And Phil Woodcock Jones
own_1301624,Nsl Investments Limited
own_1359464,Dan Gilbert Andrew Bruce Partner
own_1356680,Tony Briam And Paul Jacobs
own_1376148,A Mills Partner
own_1291084,Paul Hudson Racing
own_1098740,Northern Water Services Brian Ellison
own_332448,G B Partnership
own_1321912,Miesque S L Partner
own_252868,Crown Select
own_1375712,Dodd Stevenson Miss Hewlett
own_595876,C J Hitchings
own_252096,Mrs Katie Squire
own_1019780,A Midgley R J Hodges
own_964344,John Urquhart
own_1247800,Barford Premier
own_1300748,Gary Smitheringale And Pam Sly
own_1312592,Black Type Ltd
own_1031828,Craig Miller
own_1076076,Stoneleigh Racing
own_1302044,The Feuille De Lune Syndicate
own_1289784,The Golden Decade Syndicate
own_1236000,Colm Donlon And Alne Park Stud
own_872980,Rebel Racing 2
own_1215124,Mrs Jane Hanson
own_1272028,The Barbury Lions 7
own_1362360,James Lomas
own_1350620,Having A Mare P E Truscott
own_1350592,Trull House Stud Legends Partnership
own_1375304,Andy Macdonald And Christopher Wright
own_1260484,Noel Fehily Racing Syndicate Hitching Ja
own_1378584,A Park
own_1344264,Roberto Favarulo King For A Day
own_1347368,Mohammed Al Khalifa Winterbeck Stud
own_19132,Robert Lester
own_1285592,Middleham Park Racing Iv Les Boyer
own_1182672,Marshall Farms Ashton Ltd
own_349620,Peter Maddison
own_1370856,The Masked Dancers
own_1225000,Stuart Edmunds Racing Club
own_1241900,Peter Price
own_1045976,Mrs Wendy Hamilton
own_835940,G E Fitzpatrick
own_1299856,The Stewart Family Sira Ferguson G Mason
own_1178000,Lets Be Lucky Racing 27
own_1173428,Deva Racing Group
own_1344260,Ms J Bianco D Barker G Wood
own_1324056,Gonpachi
own_1346948,Teme Valley G Moss
own_705152,J L Day
own_1378320,Goodwood Racehorse Owners Group 30
own_1378896,Johnston Racing Ltd King For A Day
own_1094608,Pau   Perth Partnership
own_1159308,Medallion Racing
own_731456,M A Bickell
own_973772,Mrs C Fry
own_1230956,The Dubai Five
own_479116,The Winning Hand
own_406500,Patrick Milmo
own_895092,Sir Christopher Lady Wates
own_825332,Steven Crawford
own_1368076,F Young D G Edmonston
own_1187300,Druzhba Racing Partnership
own_1019996,The Friday Lions 2
own_1214836,Ursa Major Racing Ltd Mrs S Morrell
own_1328488,The Rede Valley Reivers
own_1104216,Decimus Racing Iii
own_1371400,Anthony And David De Rothschild
own_1301600,Ms D Morley S Dobson Partner
own_1315920,A Brooke Rankin Russell
own_1362048,K Kenyon J Romans W Van Der Horst
own_1351980,Bailey Burt Thoroughbred
own_1008704,Ready Steady Go
own_1349900,Emma L Mcwilliam
own_1079832,Team Kinneston Club
own_1289416,M Robertson
own_1370552,Kevin Giles
own_46848,A G Newcombe
own_1349728,Annett Davidson And Graham
own_1327632,Tarzan Spirit Bloodstock
own_1028960,Mrs De La Hey Hughes Kerr Dineen
own_1172448,G C Stevens Partner
own_1212060,The Good Looking Partnership
own_573396,S Chappell
own_1309476,The Xtra Specials
own_806964,Hywel Evans
own_1188556,S Steel Ms V Peets
own_1273840,Mrs W Jarrett Mrs T Burns J S Moore
own_71412,R J Brown
own_1131744,Relentless Dreamers Racing
own_1318320,Drepltd And Michael Oflynn
own_1209208,Ebury Racing 6
own_855848,Paul Nicholas M S Saunders
own_1143444,Hambleton Racing Ltd Xxxix Partner
own_1312544,Ian Wight Mrs Teresa Lyons And Ptnr
own_897684,Katchar Racing
own_1183452,Miss Rosie Mcentee
own_367240,A R Bromley
own_151540,Brian Rothwell
own_1283080,A Night In Newmarket
own_1322356,G R Orchard And Annie Mania
own_1360712,G R Orchard And S Mcmillan
own_1346404,The Shanty Partnership
own_194240,Dr R D P Newland
own_1289772,Black Knight Racing Club
own_1374604,Sam Hoskins Justin Byrne
own_1377976,David Mann Mrs Christine Hopper
own_1328120,Tony Culhane Racing 2
own_1225360,Middleham Park Racing Civ Cole Deacon
own_1340752,M Gilgeous G Harker
own_1212660,Paul Tait
own_1355388,Buckett Flach Moran Rees
own_1023300,Northgate Racing
own_1330720,R Nugent G Ainsworth S Dunn Lfg
own_1259632,Noel Fehily Racing Syndicate Royale Danc
own_367256,Mrs John Thorneloe
own_1102440,Sir Ian Ms Catriona Good
own_1252972,Holmanwiddowsbankslloyd
own_1132516,Owners Group 036
own_1077488,Mrs Helen Hawkins
own_1189568,Pontispool Racing Club
own_1370236,Mrs R Hillen And Partners
own_1074972,New Gold Dream
own_1075312,Daniel Shaw
own_1277792,Jqracing Club
own_356068,Geoff Lloyd
own_744548,Nigel Bunter David Anderson
own_1242764,The Odd Lot
own_924240,T Hamlin J E Gardener
own_1318344,M Redman M Thomas L Horsfall
own_975652,Mrs Gemma Hogg
own_251232,G J Fisher
own_1132940,Mrs Alex Dunn
own_1033276,Mrs J Nellis
own_1377340,Tom Sowerby
own_763168,Kenneth Lynn
own_1203968,Miss R Hayton
own_8680,Mrs John Magnier
own_1212420,Elviria Syndicate
own_1146740,Mr Mrs N Wrigley Partner
own_1371224,Cunningham Thoroughbreds
own_1362348,The One To Six Syndicate
own_1305348,Bryan Drew And Diana L Whateley
own_856360,John Breslin
own_579292,Brian Hicks
own_1185952,Having A Mare Michael Scudamore
own_1327912,Mrs J J Robinson
own_1307904,Phil Julie Martin Graeme Preston
own_1237060,First To Third Generation Partnership
own_1252120,Jacobstebay Dobbin
own_1295960,Mrs C Brown I J Jardine
own_1009136,Cruikshank Coltherd
own_1240900,The Golden Dream
own_1367464,Hyman Robinson Watt
own_718172,Mrs Rose Dobbin
own_459124,Paul Williams
own_1314196,Fiji Racing Limited
own_1354060,Deva Racing Ddk
own_1146728,Dr R Lambe Dr J Climax
own_668976,Brunabonne Syndicate
own_163556,John Hall
own_830312,Nick Kent Racing Club Ii
own_607876,The Golden Syndicate
own_1372356,Propulsion Racing A Smith M Pickett
own_1368892,J Wall T Bater D Redvers Woodside Bs
own_1246384,W Byrne
own_1113280,Liam G Obrien
own_1187348,C R Keightley
own_1011764,Kate Ive
own_1279352,Brackenrigg Partnership
own_1234924,Richard Charles Dodson
own_1376992,Lynne Maclennan Les De La Haye
own_51876,B W Hills
own_1358912,Dunnett Gardner
own_1289120,Going Places
own_1314200,Hope Springs Too
own_577568,The Paddock Space Partnership
own_1296352,Peake Slater Isy Partners
own_832316,The Gi Gi Syndicate
own_15740,Mrs D M Grissell
own_1322960,Exors Of The Late M D C Jenks
own_1237656,Accurite Racing Tarzan Bloodstock
own_1193096,Maundrell Sawyer Andrews
own_808252,Cynthia Commons Nick Kent
own_1302588,Whats The Craic Syndicate
own_1364008,Pimlico Racing Alne Park Stud
own_1082612,Ken Lawrence Roy Mousley
own_957816,Mnc Racing
own_1231860,Endless Acres Ten
own_470000,Mrs K H York
own_1314912,Peter Williams
own_1321952,Middleham Park Racingxli Mrs E O Leary
own_1238728,The Thursberg Syndicate
own_825892,The Boom Syndicate
own_1376780,T A Rahman Maurice Manasseh
own_1295180,Mrs Isobel Webb Mrs Julie Fowler
own_1357864,Mrs Anne Louise Game
own_1257440,B Cockerell Mrs D Grissell
own_874556,Mrs Camilla Scott
own_1326964,The Moffats
own_1101116,The Fob Racing Partnership 7
own_1305968,J Scarrow Partner
own_1370416,K Jardine R Griffiths D Boyce M Hayes
own_1362640,Forest Fairy Partnership
own_115288,J N Swinbank
own_1318328,Townshend Fyffe Irving Graham
own_958684,The One And Only Partnership
own_1363624,Tim Hailstone M F Harris
own_1326024,The Kingpins David Dennis
own_1120960,Foxtrot Racing Witness Protection
own_1184556,Ray Treacy And Shaun Staplehurst
own_1373352,Rs Racing   Cool The Gang
own_698832,J E Snowden
own_443816,S Flook
own_1368100,Cropredy Lawn Racing Club
own_903216,Cropredy Lawn Racing
own_1173412,Peter Sedgwick
own_1344444,Peyton Equestrian Ltd
own_1367864,Km Racing Club
own_582064,Mrs C Steel
own_1215880,Murphys Law Ireland Syndicate
own_1132684,Potwell Racing Syndicate I
own_1349212,Ruffles Winter Racing Club
own_1309760,The Buffers
own_1365340,Highclere Thoroughbred Racing   Global
own_699352,Miss Clare Hobson
own_366148,Widdop Wanderers
own_1271608,Chappell Freeman
own_1307676,Jonny Allison And Patrick Waldron
own_1298600,W Woodhouse M James
own_1350488,John Moynihan And Alice Haynes
own_400940,Clarke Ohrstrom
own_1003448,Mrs S L Edwards
own_1376176,Lord Halifaxthe Late Sir Chips Keswick
own_1308968,Noel Williams Racing Club
own_1340748,The Shuffling Kid Partnership
own_466072,Mia Racing
own_907612,M Eves
own_1349896,Ursa Major Racing Partner 1
own_1366964,Ms E L Banks And R L Banks
own_1274808,Ahmad Hadi Almutairi
own_1042468,Graham William Briscoe
own_991460,C M Baker K Ibberson H Pearman
own_1373548,Dod Partnership
own_1355400,Exors Of The Late B J M Ryall
own_1372160,Hurlers On The Ditch Syndicate
own_1292160,Dpm Racing
own_1260192,Jane Walton And David Woodman
own_1186608,The Barbury Lions 6
own_1281584,Exors Of The Late J P Carrington
own_825908,The Vacuum Pouch Company Limited
own_1145376,Cross Foran Harrison
own_1211300,P R Blackett M Dods
own_1069912,Mrs M Doherty A D Brown
own_799600,Richard Wilmot Smith
own_1375984,Eve Lodge Racing Partner
own_1367448,Castle View Girsonfield Racing Club
own_1375720,Nathaniel Vanstone
own_810972,A B Leyshon
own_1283236,Timothy Talbot
own_1373340,Brian Mccreesh
own_991296,P Hiscock
own_511904,Mrs Lucy King
own_1351660,Tpp 01
own_396116,Mrs S Prouse
own_1375704,Andrew Coveney
own_1144248,Michael Fothergill
own_1363436,Nicholas Romain
own_100708,Mrs C Lawrence
own_1375724,Robert Fear And Andrew Ham
own_1327168,David Howden Jonny Allison
own_699660,J R M Ridge
own_1210312,Clara Stud Partner
own_1368464,Stem Racing Syndicate
own_1301872,The Links Partnership Br Millman
own_1284224,Bgp Capital
own_997904,M Pattinson
own_1375680,The Four Ws
own_1252292,Grange Park Racing Xx Partner
own_724824,Miss Victoria Baalham
own_1331536,R Hadley B Fellows Partners
own_1200020,Lloyd Stevens
own_1212336,Robin Blunt Jonathan Palmer Brown
own_498532,Geoff Sandra Turnbull
own_619160,Ms M Austerfield
own_1051680,Pau Perth Partnership Mrs E Burke
own_352600,Mrs P Izamis
own_378120,E Omalley
own_1291920,The Jolley Partnership
own_132296,Mrs M C Banks
own_1334128,D Howden Qatar Racing Monceaux
own_685844,Moyns Park Stud
own_1288520,Jos Jane Rodosthenous Partners
own_1324616,Chappell Dixon Homecroft Wealth
own_1040228,The Judges Partner
own_1307804,Heart Of The South Racing 133 Partner
own_9492,Noel Ocallaghan
own_1322996,Widdup Nicol Cleevely Tocher Barclay
own_1191732,Zoom Buddies Syndicate
own_1271304,R Hadley R Fell
own_1291364,Ryan Chappell Dixon
own_1007988,Miss T Kearney
own_1365876,Brownsbarn Thoroughbreds Fiona Shaw
own_138652,M J K Dods
own_1200756,Lysways Racing
own_1312488,Mathis D Redvers Ae Frost Fellowes
own_1172456,Woodhurst Ltd Withernsea
own_1363000,Value Rater Ltd Partner
own_858932,David Bobbett
own_1135968,Thomas Michael Smith
own_1258976,Stewart Sadie Andrew
own_232644,Terry Warner
own_195612,A Taylor
own_1275216,Lord Lipsey
own_1368440,Mrs C P Mitchell
own_1368932,Reg Hopkins
own_1374652,Miss Chloe Mills
own_1374648,Miss A Willmott
own_1250528,Brooks Taylor Families
own_1175360,Copshaw Boys
own_1370012,S Leverett And Mrs R Carr
own_586824,Middleham Park Racing Xxxv
own_1021488,Bruton Street
own_1244232,Thackray Ogilvy King Williams
own_1368444,Mills Racing Andrew Horabin
own_981472,Mrs S Matthews J Hazeldean
own_1350020,J Fyffe S Fyffe B Robinson
own_1182212,Mrs Joanne Bilsland Russell
own_1254456,The Osprey Partnership
own_1003016,Middleham Park Racing Ireland
own_895588,Sir Peter Vela
own_1344284,Take That 1
own_1140272,A Crawford
own_940992,A Chapman
own_1173444,L Attrill
own_517124,Mark Burton
own_1335968,Kevin Herridge And Partner
own_1367456,Ms Mags Melody
own_1314144,Chris Lane
own_1348696,Energy Bunnies Racing Club
own_1342532,One More For The Road
own_1332664,Jennifer Pindar Ollie Pears
own_1325760,Daley Hobbs
own_1183824,Mark Ward
own_1346680,White Jenkins And Old
own_1351020,N Price Ryan Potter
own_1076340,Mr And Mrs D S Byers And Jpg Hamilton
own_1311172,Mick Fitzgerald Racing Syndicate 1
own_1320500,Martin Keighley Racing Partnership 18
own_1336532,The Harbour Bridge Syndicate
own_788856,C R Trembath
own_712772,Martin Broughton Racing Partners 2
own_1013720,Mrs P Corbett Mrs A Thomas
own_1210292,Barrowman Racing Limited
own_1346276,Steve Whistance Russ Owens
own_942656,James Oregan
own_1346672,Octavians Ii
own_1349636,Lulham Racing
own_1295176,Loose Ends Hosking Knox
own_204352,Nick Viney
own_595120,Liam Quinn
own_1351468,Feilim Omuiri
own_1076588,Wessex Racing Club
own_1347340,R Hayward The Wakelin Family J Wadham
own_939868,John Beswick
own_574076,Off And Running
own_1345372,Richard Hames Harry Redknapp
own_1251240,Glanvilles Stud Associates
own_1345944,Noel Fehily Racing Syndicate   Hollie
own_1247584,Bruton Street Partnership
own_973120,Ace Bloodstock Ltd
own_1238476,Highclere Tb Racing   Apple And Dudgeon
own_1253840,Jodmart Construction Ltd
own_1314156,Jcg Chua I Warwick
own_1262320,M Redman F Jarvey M Thomas N Allen
own_1324264,E Hughes P Makin
own_962612,Folk From The Shire
own_1307468,Harry Derham Racing Club
own_1307312,Ahmad Bintouq Les Boyer
own_1178432,Mamba Racing Partner
own_1329768,Hambleton Racing Two Chances Partner
own_841568,Andrew Bradshaw
own_1352324,The Saints Alliance
own_762032,Ashley Head
own_1346960,Mark Peart
own_1280028,Gary Allsopp And Partner
own_1149660,Jassim Bin Ali Al Attiyah
own_190424,Nut Club Partnership
own_1244452,Mrs M E Latham John R Latham
own_1346292,Highclere Thoroughbred Racing   Mojo
own_983616,Axom Lxviii
own_583696,Hills Of Ledbury Ltd
own_1373692,Dr John Wilson And P W Chapple Hyam
own_1212680,Adrian Sparks Partner
own_133800,M Vaughan
own_687176,Mrs Louise Jones
own_1223556,The Jps
own_1345128,Will Davies Tom Davies Tessa Grundy
own_857204,The Berrow Hill Partnership
own_1229732,Mrs C Holland
own_477368,Grand Jury Partnership
own_1263772,Sullivan Bloodstock Limited Neill Hughes P Crowley
own_1261428,Dixon Brennan Mahony Partners
own_1269428,Leslie Laverty David Laverty
own_699176,W Douglas Procter
own_1296096,M Cottam
own_610664,Charlie Longsdon
own_751024,The On The Bridle Partnership
own_1260784,Hilltown Syndicate
own_1253944,Chris Giles Brendan Mcmanus
own_151184,Mrs Christopher Hanbury
own_1362800,Lockettfarnhammcloughlinpeniketpaish
own_1245432,The Hasty Parisian Partnership
own_1192116,The Lavender Chickens
own_1061412,Christian Williams Racing Club
own_1234328,Winter Gold Racing 2
own_1368244,Friends Of Sylvie
own_1348276,Hurdy Gurdy Racing
own_1360408,Arthur Rhodes Elizabeth Twibell
own_399068,Frank Reay
own_1369196,On Top Racing Ltd
own_1294972,The Fellowship Of The Ring
own_1372016,Shelmore Bloodstock
own_1355516,Kestonracingclub And Ross Deacon
own_1360344,Patrick Scott Bryceland Mcneill Family
own_1373332,Nbr 17Leon Boros Partners
own_1370028,One For The Road
own_870900,The Fortune Hunters
own_968612,Mike Harris Racing Club Partner
own_1250316,Whackers Clan Syndicate
own_1373012,Paul Byrne J Carthy Patrick Obrien
own_1286208,Chris Giles Dave Staddon
own_1296496,Rubicon Racing 1
own_1258692,Clarke Jeffries Lawrence Cox
own_1326560,Stuart Shelly Parkin Alne Park Stud
own_1312624,Brendan T Osullivan
own_1259136,Malcolm Jones And John Norbury
own_1262552,Glastonburys On The Gallops
own_996116,Cathal Hughes
own_888304,Geoff Sandra Turnbull Partner
own_1294632,Twist Your Arm Partnership
own_1022840,Richard Howard Ben Howard
own_1374152,The Chuggies
own_1373348,Miss R Roach
own_1373336,Bennett Payne Smith
own_1365868,Mrs E Roberts J Cantle
own_1191016,Miss Mandie Fletcher
own_882160,The Angove Family
own_826792,Mick Fitzgerald Racing Club
own_231680,Silkword Racing Partnership
own_683920,Eastington Racing Club
own_379012,Mrs I M Folkes
own_1219472,Tarzan Bloodstock King For A Day
own_1111212,Dr Simon Gillson
own_898312,W Carroll
own_888308,Mrs D M Barker
own_1294976,Alison Tony Millett Charles Dingwall
own_1190720,Mrs Clare Richmond Watson
own_951236,Charlie Doocey Cathal Doocey
own_409444,James Cleary
own_1270164,Alex Miller And Partners
own_1346288,Heart Of The South Racing 138
own_1174512,Briton International And Partner
own_1144452,Mrs Lynne Hunt
own_1350952,Pimlico Racing Ireland Mar Menor Ptrs
own_899360,Nick J Jones
own_1314148,Giles Ferguson Hogarth Mason Mcgoff
own_888292,Mrs Sara Moore
own_1319240,Diamond Racing Hurn Racing Club
own_1294968,The Cantalupo Bella Partnership
own_645488,Moussac Family
own_1362636,Mossop Brindley Kent
own_1343548,Mr Mrs H Morriss Miss K Rausing
own_664932,Baron Edouard De Rothschild
own_1239052,Dare And Dolan Abrahams Families
own_142428,Godfrey Wilson
own_1196260,Bcc Racing Partnership
own_1213396,Fearghal Bronagh Eastwood
own_1318836,The Gary Allsopp Partnership
own_1334140,Highclere Thoroughbred Racing   Cezanne
own_1315488,Rushmoor Stud Mario Stavrou
own_144256,F J Mills
own_1373100,Wardley Bloodstock Partners
own_1302200,Rubicon Racing
own_1261204,Denny Stuart Jervis And Walsh
own_1218944,Mrs Florence Lockwood Emily B Lockwood
own_1306000,K Leggett Susan And John Waterworth
own_1088084,Owners Group 031
own_962516,Bart Ryan Beswick
own_718424,Abdullah Menahi
own_1281928,Owners Group 105
own_1311824,Jamie Ohara
own_394568,P J Dixon
own_1350932,Marston Foods Limited
own_1313188,Kevin Pickard John Middleton Edd Yeo
own_1368912,F Young A Coupland J Daniels N Mandry
own_1306324,Ms E Banks C Rosier Mrs J Rosier
own_1326928,C S Fan
own_1332600,Carroll House Racing Ballylinch Stud
own_1372524,Gold And Silver Club
own_1346688,Ed Babington George Boughey
own_1139668,C Lynn
own_1201008,The Infinite Folly Partnership
own_1312500,Palmer Brown Tyrrell Paine Partners
own_372060,Mrs A Marshall
own_1296516,Dickson Dobbin Ray
own_1346956,Kapinhand And Kaitlyn Sellar Elliott
own_57468,R B Francis
own_1360404,Tim Richardson Partner
own_574996,J Gray
own_1352584,J Logan J Rimmer Suzy Smith
own_1185108,Redz Together
own_1248332,R W Stowe Marc Miller
own_1346684,Couragegoddardhosievan Der Horst
own_1202536,Owners Group 078
own_1094372,Mrs Anthea Williams Partner
own_598132,The Ravenstone Partnership
own_1327572,Mrs Melisha Hughes D Obrien
own_1367764,Stars On Fire Partnership
own_1347192,Khdrp4
own_1312512,K Breen S J Harrod Dixon Piper
own_894024,David Dennis
own_907320,Mrs Con Okeeffe Tadhg Osullivan
own_603240,Will Gaskins
own_591736,Old Pals Partnership
own_1083524,Watch This Space Syndicate
own_1199020,The Ramblers
own_1260264,Colm Herron Rockview Racing Syndicate
own_1114340,Flooring Porter Syndicate
own_896528,T J Mcdonald
own_1142828,Huw Richard Davies Friends
own_1187316,Heart Of The South Racing 121
own_856964,G C Wragg
own_52964,M W Easterby
own_1208276,M R Chapman E Jones H Kingston
own_1265276,Shane Carmody
own_1295952,A Phillips Dr C Kesson N Ewart
own_1299032,The Four Lushes
own_1330464,Threedownoneup Syndicate
own_1251536,Geoff Wilson And Cambridge Racing
own_1232704,The Bruiser Boyz
own_1239596,Gareth Cheshire T P Faulkner
own_1212052,Brad Wood
own_1331544,Kf Humphreys Orr Turner
own_1321828,D D Oakes A D Brown
own_1370148,Mrs Avalon Maria Carli
own_1240060,S Club Six Syndicate
own_1173448,Miss C Mckernan
own_1242168,Anthony Head
own_1015572,Making Hay
own_1296648,The Jacks Touch Partnership
own_1133868,Little Lodge Farm Dan Skelton
own_1289664,The Operators
own_1372364,Lord Halifax Sir Chips Keswick
own_1345584,Thunder Holdings Ltd The Young Ones
own_1265244,Richard D A Hames Mark Russell
own_1370520,The Encore Partnership Ix
own_1355568,Peter Jones And Diana Goodall
own_1228876,Gorm Agus Ban Syndicate
own_355572,Downtown Syndicate
own_1202680,Eamonn Hickey Ger Finn Partnership
own_1147208,Any Port In A Storm
own_611612,P Tory
own_1359604,Gs Capper Mc Kennerley M Loran
own_992004,Emmet Mullins
own_74416,Mrs T Hyde
own_1300152,Hollywood Syndicate Barnane Stud
own_854844,Mrs Barbara Hothersall
own_1319056,Peate Martin Harrison Chapple Hyam
own_1371824,Pimlico Racing   Chindwin
own_1296100,Mrs E J Quinlan Partner
own_1343236,Hasmonean Racing The Rz Partners
own_1271764,Scuderia Sagam Srls Partner
own_1238468,Ashton Gittins
own_1363184,Henry Sambor
own_1353248,The Cheeky Pups
own_1371800,Jonjo Shelvey
own_620308,Brendan Holland
own_1335648,Rise One Racing   All Dunn
own_1332940,Pardus Wealth Stud Ltd
own_1367016,J Murphy
own_1340604,P Conway T Lewis G Wilson
own_1325372,It Is What It Is
own_903476,Quadriga Racing
own_1092816,Potter Pipe And Pete
own_1335644,Deborah Jefferson Alan Foster
own_1275812,Refai Alghuraban
own_1240908,Hats Off To Hatos
own_202504,Mrs J M Mayo
own_1149028,Lewis Family Tom Gretton Racing Club
own_1048524,Velocity Racing
own_1320476,Scott Fyffe The Reluctant Suitor
own_1023992,Ivan G Thompson
own_1321484,S J Clare
own_1371896,The Pound Coin Syndicate
own_1349420,Cool And The Gang
own_1351760,Carol Shaw Venetia Williams
own_1296908,Mrs R James
own_1360572,Mervyn Buckley The Bfrp
own_1325920,Tom Leslie Partner
own_1336352,Brownsbarn Tbs The Sheephaven Bay
own_1102868,Rockingham Reins Limited
own_1179828,Jpd Partnership
own_1185740,Haventaclue Syndicate
own_1129240,L Di Franco
own_1289088,Flexford Two Kieran Leavy Partnership
own_1216828,The Switched On Club
own_1370824,Dalton Digger Hayes Partnership
own_1320948,Daltonhayes Sawyer Partnership
own_1298392,Ms E Fallon
own_3080,Mrs M T Bevan
own_1364744,Donovan Flynn Keane
own_1332132,Shaun Williams
own_442168,Nigel Hardy
own_973364,J M Wall
own_1321928,Redman Biggane Mahony Bloomsbury Stud
own_1256612,Peter Oppenheimer Mrs Linda Jewell
own_1340080,Guy Pariente Holding Partner
own_1180356,Robert Patrick Quinn
own_1237044,Royale Racing Syndicate And Partner
own_1335316,Dallas Racing And Partner
own_482584,Martin Ward
own_718464,George Baker
own_1313160,A Twist Of Time Syndicate
own_962796,Moment Of Madness
own_22388,Richard Hannon
own_1368688,K Shields
own_13736,Miss S Bannatyne
own_204384,Mrs J Gawthorpe
own_1010756,P R Hedger P C F Racing Ltd
own_1031852,David Yeadon Mrs Linda Jewell
own_1258352,Thomas Cochrane
own_187540,Mrs N A Ward
own_908104,Party People
own_1371020,Windfield Partners 1
own_937020,Mrs Nikki Ead
own_1352492,Ashley Head G L Moore
own_1341228,Qatar Racing A Regan
own_1339968,Chelsea Thoroughbreds   Ch
own_844900,Friends Of Castle Piece
own_1324092,Owners Group 116
own_1343224,Babbitt Racing Watts
own_1075564,David Scott Kent
own_395564,H H G Owen
own_245888,Russell Mcallister
own_1237180,Chelsea Thoroughbreds   Knickerbocker
own_1254544,Owners Group 090
own_1364132,Mennell Logan And Coneyworths
own_1312620,Highclere Thoroughbred Racing   Impact
own_89516,T R R Farr
own_1368916,Matthew Robinson F Young
own_1333444,Htb Racing
own_1335412,Jj Henry Ltd
own_1304356,A W Reay Tarzan Bloodstock
own_1127860,Carl Hinchy And Mark Scott
own_1354956,Racing Revolution
own_1317600,M Trainoremcmorrowgbyrneturnings Synd
own_1349816,Slum Dog Racing Syndicate
own_1070764,Ecurie Griezmann
own_1106084,City Equine Syndicate Mcgettigans Management Services Jlt
own_1370876,Longevity Racing Club
own_1322800,Marie Williams Partner
own_1347236,Oakfield Racing Partner
own_1338172,Dooley Thoroughbreds J Fairhurst Paul Riley
own_1054412,No More After Hours Syndicate
own_1362040,Carthy Rogers Obrien Partnership
own_1006480,The New River Partnership
own_1230944,Bluestarr Racing Partners
own_1331048,The Rocky Horror Partnership
own_815808,Mrs P Harney
own_1252376,Lone Star Investments
own_1370156,Mrs Mary B Hogan
own_1256652,Crane Crew Syndicate
own_1317632,Dandys Dreamers
own_1360696,Highclere  Renoir 1
own_193172,Michael Tabor
own_871864,James Thompson
own_1351652,Josh Duffy
own_1194972,Sticky Wicket Racing
own_1364752,John Preston
own_608492,Mr Mrs Michael Edwardson
own_1190864,Three Pears Racing
own_698108,Luke Harvey
own_1170824,The Beegeez
own_1263500,Rio Racing
own_1263832,Mrs D Robinson Mrsmrs Livesey Van Dorst
own_1191248,Decimus Racing Vi
own_1294416,S Reddin Partner
own_1335556,Middleham Park Racing Liii And Partner
own_1311428,Paul J Dixon John Fox
own_1332928,D J S A Shewring H Wallis
own_1295184,Nick Case Syd Hosie John Romans
own_518080,P G Gibbins
own_456632,N J Mcmullan
own_608548,Alan Cullen
own_73272,Miss Sarah Hollinshead
own_1089052,Shawthing Racing Partnership L Shaw
own_1337344,Alan And David Fairhurst Simon Silcock
own_1369352,Richard Binnie
own_1041392,The Starjac Partnership
own_1256236,Deva Racing Ms
own_1223112,Harper Girls
own_589856,Mrs N Sheppard
own_1022116,C J Underwood And Caroline Fryer
own_1355116,M Haggas
own_1096204,The Midgelets
own_37796,J F Panvert
own_1314204,Strachan Gabb Graham
own_1296020,Blythe Hill Racing L Talbot The Crowd
own_1089920,Alan King Anthony Bromley
own_1327852,Wetumpka Racing And Partner
own_1360692,D Reynolds C Watkins R Mcentee
own_405516,Golden Cap
own_1354084,The Oap Partnership
own_631564,Trolley Action
own_1358132,Mrs Angelica Spence Paul Corrigan
own_986152,Barber Birchenhough De Wilde
own_1267120,Under The Hammer
own_119196,R Gander
own_11300,Mrs T Stack
own_1120128,Grange Park Racing Xix
own_1278984,Mrs H M Keaveney Mark Keaveney
own_1067972,Gail Brown Racing Ix
own_1346964,Paul Sutherland Alfa Site Serv Lidster
own_1311184,Endless Fun
own_1304536,R H Fowler Mrs A Frost
own_724848,Celia Michael Baker
own_1310480,Maximum Racing Partner Ii
own_186556,The Gardens Entertainments Ltd
own_1132288,Mrs Susan Monkland
own_1362988,Maximum Racing R Dobbin
own_1368924,8Th Earl Of Yarborough
own_1353956,Ontoawinnerbarnesbolingbroke Camacho
own_1342684,Night Owls Syndicate
own_1094292,Matthew Capp
own_643420,Tony Scrivin
own_1232920,F J Allen
own_576804,P J Rothwell
own_1349632,Bryan Fry G L Moore
own_197488,E W Lewis
own_608860,Hungerford Park Stud
own_401320,Mrs M Trueman
own_1019820,C J Murfitt Partner
own_1262304,Bedlam Bound Syndicate
own_612044,Mrs Katya Banks
own_1207512,South Terrace Partnership
own_1318332,Turf Club 2022 Dr Bryan Mayoh
own_1363500,Claymore Racing   Santapietra
own_1362372,Queenie Partnership
own_393852,Mr Mrs Simon E Bown
own_1039088,Ms C Southerington
own_1166584,Strictly Legal
own_1354488,John Henwood Miss Sally M Howes
own_61636,Mrs R S Perkins
own_1143980,Blacklock Simpson Partner
own_1241052,Fast Track Racing
own_1368232,Stanleys Pub Syndicate
own_1335308,T Arnott And H Bethell
own_1319552,Mark Tracey And George Baker
own_903000,Braybrooke Lodge Partnership
own_1297428,Jackson Monk
own_1147224,All Seasons Racing
own_1390052,Jane Organ
own_798476,Jamie Snowden Racing Club
own_1002004,Middleham Park Racing Xcii
own_465360,The Fine Gild Racing Partnership
own_1343232,Mrs R Field
own_1368092,Aurelius Racing   Faro Di Notte
own_1266552,David Botterill Patrick Moorhead
own_501296,Sideways Racing
own_1307272,Highclere Thoroughbred Racing   Goya
own_1359612,The Bay Partnership
own_1362652,The Retired Farmers
own_886496,Allott Wordingham
own_1318324,Rmf Resource Solutions Ltd
own_40636,Mrs G B Walford
own_1313860,Paul Byrne J Carthy
own_1199032,Lewis Nettley Racing
own_73060,Liam Mulryan
own_1131108,Millers Bank Partnership
own_1368088,Silkstone United Racing J Blackburn
own_1268668,M Hammond Moorland Racing J Menzies
own_33652,M Scudamore
own_1081600,Walters Plant Hire Ronnie Bartlett
own_466152,S J Stearn
own_125156,B Turner
own_1132944,Castle Racing Scotland
own_1101336,Tim Odriscoll
own_1368324,Paul Nicholls King For A Day
own_1305356,Mrs Sarah Spottiswoode
own_1356248,Ramillies Christie Family Syndicate
own_81144,R Nicholas
own_832032,Mrs Audrey Turley
own_1244236,Dfa Racing Pink Edwards
own_1072348,The Reserve Tankers
own_749156,Kieron Gammell
own_1268672,Raymond Mcmahon
own_1235052,D Hazelwood
own_1253712,Wayne Lukas
own_1207168,The Win Or Booze Racing Syndicate
own_1239564,Don Clark
own_1297224,Dkcr Partnership
own_1197296,J Carthy Eamon Nolan Kieran P Ryan Mrs Avril Doyle
own_820604,Alfred Sweetnam
own_1356208,The Waffler Partnership
own_1125868,Cf Syndicate
own_1207292,R Pain
own_1331332,Linda Courtney Ralph Eldridge
own_477296,Sean Odriscoll
own_1259156,D Maughan
own_641052,Ms Olivia Long
own_140028,M A Ryan
own_910680,A J Suited Partnership
own_1362628,Middleham Park L Partner
own_1074512,P Reilly C Reilly
own_945980,Luke Mcmahon
own_932588,M K Mariga
own_1227180,Dwpj Investments Ltd
own_353884,Mrs M Craig
own_1208500,Red Strand Syndicate
