dam_id,dam
dam_5923631,Princess Leya
dam_3580934,Belle Yepa
dam_5697293,Rattlin
dam_10255994,Terebella
dam_48112330,Quintalea
dam_4611607,Runaround Sue
dam_7182000,Ballyknock Mist
dam_6195609,Whizzzey Rascal
dam_34571726,Follow The Icon
dam_5207979,Sherry Darling
dam_4257253,New Saga
dam_5105002,Nid D'Amour
dam_15525566,Shannon Verse
dam_6026097,One Of The Last
dam_5580428,Miss Ballantyne
dam_8549548,Mademoiselle Marie
dam_7160419,Chandos Rose
dam_6302646,Queen Alpha
dam_11542580,Meldown
dam_5962376,Kayf Hampshire
dam_6348412,Asiana
dam_5220460,Sorcillera
dam_4721017,Bincas Beauty
dam_5984489,Mondovi
dam_33344738,Royale Canaille
dam_5252324,Singapore Harbour
dam_5479152,Egretta Island
dam_16774975,Coolmara
dam_4721038,Run Cat
dam_5836320,Reves D'Amour
dam_27916672,Thanks Awfully
dam_5463619,Scanelle
dam_17743859,Elna D'Airy
dam_5467791,Crowning Virtue
dam_5278637,Big Time Billy
dam_5573141,Ot Love
dam_23643298,Gola Star
dam_10407530,Crumpledandcreased
dam_5400703,Prodiga
dam_4842292,Rowdy Exit
dam_5482785,Mont Doree
dam_13004593,Onewayortheother
dam_37890839,Veranda Of Heaven
dam_4475093,Morning Rose
dam_5005504,Miracle Lady
dam_5037144,Perle D'Ainay
dam_8042419,Caline Des Bordes
dam_5650092,Dame De Pail
dam_18055289,Mercy Mission
dam_5479383,Toledana
dam_4917934,Ashwell Lady
dam_5948698,Bespoke Lady
dam_7060858,Princesse Du Large
dam_5256048,Lisdaleen
dam_31785845,Gaye Native
dam_5966044,Marmande
dam_4506950,Mini Dane
dam_10214750,Captain Supreme
dam_18333287,Mazagane
dam_12365073,Celine Message
dam_13285328,Nifty Nuala
dam_27997529,Eau Tenebreuse
dam_5978511,Adreamstillalive
dam_5148115,Epee Celeste
dam_5606741,Elsie
dam_7185808,Somethinaboutmolly
dam_4980038,Evening Sunset
dam_4827935,Zariziyna
dam_5675992,Cove
dam_5430880,Set In Her Ways
dam_11784549,Wind Chimes
dam_5697223,Loreto
dam_3057992,Starflower
dam_6313237,Malawa
dam_5230911,Poppy Come Running
dam_5020120,Chibola
dam_5608260,Ballymena Lassie
dam_5995934,A Merveille
dam_5595422,Between Us
dam_4480504,Rouvraie
dam_5618389,Elle Woods
dam_21667310,Une Deux Trois
dam_4661986,Serpentaria
dam_5339222,Rheinland
dam_5642875,Patsie Magern
dam_4109091,Bonne Mere
dam_5682082,Letterwoman
dam_4953417,Enchanted Valley
dam_3867836,Bluebell Line
dam_6028260,Simplyonelady
dam_33558588,Midnight Seranade
dam_3935953,Peratus
dam_5952877,Royal Warranty
dam_6024592,Rose Bombon
dam_13261710,A Great Beauty
dam_30192337,Azagirl
dam_5168576,Vezere
dam_6111896,Pearl Diamond
dam_29212344,Bowling Green
dam_6337485,Melangerie
dam_28904232,Queen Of The Glen
dam_4374153,Laetitia
dam_34470611,Unwind
dam_4178979,Very Special One
dam_5030872,Cill Rialaig
dam_24747366,Soraya Pearl
dam_5936021,Miziella
dam_18337718,Spring Of Love
dam_5854779,Sopran Enery
dam_6282829,Loyale
dam_15720488,Stella D'italia
dam_4675699,Fresnay
dam_22828211,Rock Orchid
dam_6168862,Sante
dam_6011159,Gregoria
dam_7368109,Street Jazz
dam_5458936,Crimson Sunrise
dam_5843425,Random Success
dam_6005650,Wojha
dam_5849998,Suite
dam_5311768,Al Janadeirya
dam_5848654,Laughing Dove
dam_10934917,Jackie Sparrow
dam_5902771,Enliven
dam_4977098,Naias
dam_4385598,Gilt Linked
dam_5713155,Mulled Wine
dam_4706625,Harryana To
dam_5725216,Avon Breeze
dam_30540825,Simballina
dam_6818518,Shamreen
dam_4612909,Adaptation
dam_5682152,Tumblewind
dam_5157768,Capulet Monteque
dam_7107723,Grizzel
dam_3908772,Enchanted Princess
dam_8525517,Mary Thomas
dam_5907321,Bereka
dam_6282675,Intermittent
dam_5867505,Goadby
dam_6061846,Queen's Pearl
dam_15715994,Reproof
dam_5833240,Laurelita
dam_42005523,Divina Carina
dam_4458265,Aristocratic Lady
dam_4993835,Azalee
dam_8294132,Star Rock
dam_4706541,Basque Beauty
dam_6068860,Mayhem
dam_18929239,Compostela
dam_7263277,Perfect Angel
dam_13173363,Malakeh
dam_14752304,Rawdaa
dam_7149744,Ivory Style
dam_5452398,Thraya Star
dam_9603475,Grace And Glory
dam_5886069,J Wonder
dam_6094599,Sharqeyih
dam_13778058,Drop Dead Gorgeous
dam_5741358,Izola
dam_5926620,Broadway Musical
dam_8549562,Voiscreville
dam_16728411,Velvet Morn
dam_21661038,My Wish
dam_13397769,Yaa Mous
dam_5472852,An Ghalanta
dam_7291396,Hargeisa
dam_13354411,Dabble
dam_6199949,Clotilde
dam_14660590,Miss Serenity
dam_23577736,Loire
dam_10939845,Princess Yaiza
dam_10747821,Harmonica
dam_37110045,Butterfly Kiss
dam_7252084,Take A Deep Breath
dam_5757437,Maxima
dam_23033430,Ukaline Du Reponet
dam_5462996,Glenwood Girl
dam_5035443,Leah Claire
dam_5472131,Louvadeus Has
dam_5714030,Youve Got A Friend
dam_4668538,Desabina
dam_6256502,Mna Na Heirean
dam_5999987,Boreale Du Berlais
dam_34373815,Bettys Delight
dam_5270342,Tara Rose
dam_21826742,Bonmahon
dam_10940167,City On Sea
dam_6025194,I'm All You Need
dam_6000071,Beni Abbes
dam_4203535,Hembra
dam_23441194,Cons Dream
dam_32233320,Blinngaroe
dam_10731469,Pretty Present
dam_5253388,Lady Knightess
dam_4777465,Exit Bob
dam_5533542,Navajo Charm
dam_6143865,Myztique
dam_6319649,Royale Video
dam_6036814,Fun Run
dam_6060215,Grangeclare Rosa
dam_6000568,Molo
dam_8435672,Yellow Queen
dam_39678772,Callie Tueuse
dam_8148959,Divine Sainte
dam_5713890,Rose De Beaufai
dam_37790438,El Eighty Twelve
dam_6152496,Pretty Puttens
dam_11448402,Ejland
dam_4162256,Cream Cracker
dam_5052369,Quinine De Mazille
dam_5185530,Nun Better
dam_5263818,Miss Platinum
dam_5099801,Banjaxed Girl
dam_24141502,Chic Milan
dam_5766103,Joanne One
dam_16478574,Mydadsabishop
dam_4577293,En La Cruz
dam_5128907,Kendoretta
dam_5267521,Curvacious
dam_13125021,Souris Blanche
dam_7087227,Hard Luck
dam_4146912,Lady Banbou
dam_6184745,Lusty Beg
dam_21512036,Sovereignoftheseas
dam_23700467,Atiana
dam_4876417,May's Magic
dam_4332657,So Long
dam_28294707,Samsha
dam_3729145,Coming Home
dam_4433457,Going For Home
dam_3084333,Valgardena
dam_3821916,Achere
dam_6862212,Reevolesa
dam_11682251,Strong Westerner
dam_5292287,Droit D'Aimer
dam_5612642,Alderimli
dam_6992839,Jelan
dam_4497689,Polysheba
dam_3928148,Royale Cazoumaille
dam_27250944,Eireann Rose
dam_5066054,Hayabusa
dam_17571162,Ballyburn Rose
dam_3356199,Carrigeen Lily
dam_5061539,Sainte Baronne
dam_5229035,Askanna
dam_5379269,Saucy Present
dam_24494848,Active Fieldgale
dam_5334525,Tercah Girl
dam_21378665,Byerley Beauty
dam_17851855,Genifique
dam_3860052,The Last Bank
dam_5997936,Didinas
dam_4736256,Mrs Percival
dam_5643316,Scarlett Du Mesnil
dam_6091253,Boscraie
dam_5624045,Une Artiste
dam_5094957,Absalom's Girl
dam_5222952,Witness Express
dam_10442719,La Turbale
dam_5843999,Broadway Theatre
dam_4791689,Solana Beach
dam_6111056,Augusta Bay
dam_4820907,Maisy Daisy
dam_4986506,Ella Watson
dam_6314392,Virgata
dam_4746511,Panzara D'Airy
dam_5032762,Medine
dam_6956523,Revoltee I
dam_3234357,Belon Breeze
dam_4682580,Southern Exit
dam_3993682,Humilis
dam_20506535,Presenting D'Azy
dam_32075393,Kadika
dam_5816643,Eaux Fortes
dam_4476906,Speciosa
dam_5404315,Mini Shan
dam_29917517,Leyhill
dam_20589905,Castlekelly Girl
dam_32882465,Midnight Crackle
dam_34962046,Mrs Mouse
dam_6791855,Minutestomidnight
dam_5714660,Linda Queen
dam_4489499,Fountain Crumble
dam_5057157,Sahabah
dam_37096066,One Cool Customer
dam_4711322,Glory Days
dam_8161090,Skarina
dam_12851349,Count On Me
dam_5400850,Molly Duffy
dam_20722107,Fliegend
dam_22975470,Prospero's Belle
dam_6184710,Nickel
dam_5267395,Sara's Smile
dam_6198801,Scorpion Princess
dam_5184767,Whoops A Daisy
dam_5842095,Une Voix Royale
dam_6101599,Astraye
dam_6092541,Mystery Code
dam_6287827,La Premiere Dame
dam_21714189,Spanish Berry
dam_5887091,This Time
dam_6339382,Dozen
dam_10256617,Gravina
dam_5870907,The Dukkerer
dam_5904626,Almada
dam_6218884,Teme Trixie
dam_29012900,Lady J D
dam_17664927,Supreme Millie
dam_4597579,Rosealainn
dam_4665808,Betwixt
dam_6073578,Cognitive
dam_27279140,Jennys Joy
dam_5288787,Nothin To Say
dam_5662559,Midalisy
dam_3671521,Hy Kate
dam_5476961,Shuil Sharp
dam_5384211,Our Grace
dam_5847009,Knappogue Honey
dam_5214923,Brookville
dam_5774433,Handmaid
dam_5206075,Sun Moon And Stars
dam_5326916,Lady Fix
dam_4973836,Persian Memories
dam_7469770,Rickrack
dam_5383882,Dancing Rain
dam_17664899,Fancytail
dam_20530405,Leading On
dam_5939192,Sonic Weld
dam_5688396,Two Days In Paris
dam_5442570,Nosey Box
dam_4662931,Karliysha
dam_5598250,Initforthecrack
dam_16144142,Sauves La Reine
dam_5106955,Evening Haze
dam_5117546,Watch Closely Now
dam_5803511,Christmas Cracker
dam_5280268,Mytara
dam_40096126,Merry Tess
dam_4683231,Be My Allstar
dam_39020975,Firth Of Malt
dam_6390076,Tudor Glyn
dam_5691882,Toye Native
dam_5900762,Heartily
dam_5839414,Gaye Lady
dam_37576868,Knocknaree Lady
dam_5086802,Blazing Tempo
dam_4225193,Renada
dam_12095657,Uriela Jin
dam_6783203,Zariyka
dam_11305903,Wishing Star
dam_6340614,Glorification
dam_6847246,Bannow Storm
dam_5291090,Sweet Lady Jane
dam_6110300,Barbalicious
dam_9721075,Present Line
dam_6093311,Pas De Chapeau
dam_4021598,Henrietta
dam_3639370,Hannigan's Lodger
dam_5686205,Reconsider Baby
dam_5701010,She's Our Banker
dam_5591733,La Rousseliere
dam_4897767,Estuary Princess
dam_18410049,Leading Article
dam_5008500,Hillflower
dam_5773712,Check The Forecast
dam_5497247,Calverleigh Court
dam_6012601,Danecole
dam_6058731,Collen Beag
dam_5039237,Present Climate
dam_9123702,Trap Queen
dam_6279070,Tara Potter
dam_5528985,Semayyel
dam_5960416,Andria
dam_9923333,Indian Athlete
dam_4699835,Elusive Swallow
dam_5293652,Bay Dove
dam_4969286,Eventide
dam_13270495,Cafe Blum
dam_6338976,Escort'woman
dam_4927643,Sea Chorus
dam_5326055,Littletown Lass
dam_4563741,Helen Wood
dam_6346662,Walkyrie
dam_5337101,Zaminast
dam_5886958,Miss Sassypants
dam_5888820,Newgate Queen
dam_51523934,Chocolate Tiffin
dam_6233738,Bahrikate
dam_5120598,Dark Quest
dam_14327446,Angel Mead
dam_5310151,Moretta Blanche
dam_6914019,So Hoity Toity
dam_15205400,Chartered
dam_19990922,Fascinating Falcon
dam_7236467,Mujadil Lachy
dam_13022478,Sea Of Reality
dam_19186972,Tower Of Pisa
dam_7102186,Limelite
dam_23567243,Posh Claret
dam_8580992,Cool Esprit
dam_5855927,Elegant Peace
dam_6232275,Marie Celeste
dam_6851642,Sophie P
dam_5677826,Penny Rose
dam_45256813,Ajwibah
dam_7413413,Perla Blanca
dam_15093505,Quintada
dam_6062035,Queen Sarra
dam_15375710,Orchid Star
dam_5305363,Refuse To Give Up
dam_5990838,Patience Alexander
dam_5324032,Natalisa
dam_6930266,Dubai One
dam_20050926,Gullible
dam_10358803,Dance Diva
dam_11499222,Nassya
dam_11499215,Glitterdust
dam_18686955,African Fable
dam_5313259,Masaya
dam_18324054,Dr Simpson
dam_6004040,Eleusis
dam_40686597,Glencross
dam_6172880,Mistaken Love
dam_5422606,Roger Sez
dam_7092820,Paco's Angel
dam_6310689,World Of Good
dam_35937489,Beyond Limits
dam_19303886,Egotistic
dam_13892200,Key To Power
dam_5991972,Silvery Blue
dam_19635434,Amplifier
dam_5144720,Lady Of The Desert
dam_21648634,Nurse Dee
dam_6315470,Wild Bloom
dam_5301989,Breedj
dam_3593625,Caffe Latte
dam_7291249,Bassmah
dam_6247514,Crafted Jewel
dam_5361685,Supatov
dam_6068258,Marsh Pride
dam_5374481,Lady Gabrielle
dam_6754377,Whiteley
dam_6112162,Emirates Rewards
dam_4973696,Kesara
dam_7646485,Rockshine
dam_6231407,Sufoof
dam_5426015,Dalkova
dam_16018058,Geizy Teizy
dam_5797085,Princess Rose
dam_19427814,Jessely
dam_34473047,On The Same Page
dam_7055027,Clip Art
dam_13527066,Cantiniere
dam_14315056,Victors Lady
dam_32180365,Occupation
dam_4919761,Lady Bluesky
dam_5492256,Miss Forde
dam_5166917,Luluti
dam_21877296,Tarayef
dam_6010928,Tristesse
dam_4145330,Pivotal's Princess
dam_18257834,Xcite
dam_5361678,Jadhwah
dam_5693772,Constant Dream
dam_13354096,Chantilly Cream
dam_5322191,Obligada
dam_21794514,Carte De Visite
dam_5390861,Fashion Central
dam_6298705,Queen's Novel
dam_15716022,Swansdown
dam_4666795,La Seine
dam_4555614,Oh So Saucy
dam_14552181,Mecca's Gift
dam_5270811,Honeymead
dam_22549716,Sea Of Dreams
dam_42615664,Party For Ever
dam_6827961,Astrosecret
dam_41939198,Grayling
dam_6062042,Twilight Sparkle
dam_4946277,Alsace Lorraine
dam_11944016,Waitingfortheday
dam_4623332,Joshua's Princess
dam_7922880,Listen In
dam_5668782,Emirates Queen
dam_7175490,Illaunmore
dam_5173273,Hibaayeb
dam_13354327,Pollara
dam_19359242,Kalsara
dam_21682661,Portrush
dam_5146400,Drumcliffe Dancer
dam_3253341,Sign Of Life
dam_30540867,Aurora Gold
dam_13974926,Aussie View
dam_8128617,Fashion Theory
dam_6165215,Soul Searcher
dam_2885995,First Experience
dam_5367719,Complexion
dam_9842791,Damselfly
dam_16500274,Narrative
dam_7144557,Queen's Charter
dam_20374032,Yukon Girl
dam_5454050,Dora's Sister
dam_18788385,Fallen From Grace
dam_8153460,Shaaqaaf
dam_5865090,Autumn Tide
dam_16588068,Meghan Sparkle
dam_13829858,Alicia Darcy
dam_10017812,Lyric Harmony
dam_6317668,We Are Ninety
dam_18292659,Exceed Loose
dam_5155486,Sutton Veny
dam_4462535,Kiva
dam_6238015,Alsaaden
dam_4980332,Rouge Dancer
dam_4820522,Doric Lady
dam_4958240,Coconut Shy
dam_5674557,College Doll
dam_5136726,Cat O' Nine Tails
dam_7042308,Red Box
dam_6118630,Savvy
dam_37821574,Tetrad
dam_5138924,Falling Angel
dam_4637745,Samdaniya
dam_33289046,Esmaggie
dam_13931771,Magical Crown
dam_19780033,Qaseeda
dam_5696215,Rocktique
dam_10479329,Worship
dam_5722619,Camelopardalis
dam_6222601,Dew Line
dam_4623318,Fresh Mint
dam_18788637,Matnie
dam_4941454,Solitaire City
dam_5499200,Wattle Bridge
dam_37289028,Belle Anglaise
dam_5998916,Liberalis
dam_4430412,Bally Bolshoi
dam_5810210,Bitofapuzzle
dam_4681852,Thebelloftheball
dam_6010452,Laurel Gift
dam_5325607,Saraska D'Airy
dam_5995647,Poprock Du Berlais
dam_5713085,Miss Raven
dam_5141514,Quiet Down
dam_5492004,Western Approaches
dam_18143818,Fleur Rose
dam_5299987,Kendova
dam_6248102,Tartinette
dam_6337821,Qlementine
dam_5327147,La Pelodette
dam_6187062,Idrather Not Say
dam_11757879,Santa Diana
dam_7097111,Safraniere
dam_5378751,Whats Up Britta
dam_8454145,Illwalktheline
dam_5194686,Synthe Davis
dam_5980268,Belle Fortune
dam_5268487,Vanoo D'Orthe
dam_5609233,Last Of Her Line
dam_4157615,Moyliscar
dam_5831392,Mayfair Music
dam_29829219,Jet Setting Fiona
dam_4633923,Drumderry
dam_5624101,Unicite
dam_5995430,Miss Bailly
dam_5020036,Sovereign Lass
dam_8662843,Psychocandy
dam_35150717,Stacicaya
dam_5994716,Longhouse Presents
dam_4900560,Sainte Mante
dam_6109502,Star Face
dam_3747723,Wattrey
dam_5283173,Protektion
dam_4628169,Alzasca
dam_3912741,Koeur De Mee
dam_23104256,Lorette
dam_5268536,Law
dam_4118891,King's Daughter
dam_4646201,Dantes Term
dam_5632508,Midsummer Drama
dam_5960304,Solitairy Girl
dam_4894400,Hesmeralda
dam_4913055,Latenightdip
dam_5835571,Sher's Adamant
dam_16501114,Roulmapoule
dam_5753132,Sans Rien
dam_3979689,Latitude
dam_15995252,Belle Again
dam_4899405,Queenjo
dam_5323941,Love Over Gold
dam_12922777,Sourya D'Airy
dam_22198974,Kizzy May
dam_21163478,Sweet Youghal Bay
dam_4157776,Ballylough Lady
dam_4914819,Shocona
dam_8084524,Accordingtoherself
dam_2947091,Lifestyle
dam_21163429,Royal Stream
dam_28110082,Beneficial Breeze
dam_17571169,Spartes Eria
dam_5830181,Pafadas
dam_5590928,Backaway
dam_4695530,Cute N You Know It
dam_5448282,Mallards In Flight
dam_4890130,Ravello Bay
dam_17400278,Pocket Call
dam_8876161,Blue Beryl
dam_34525743,Visga Des Pictons
dam_5871278,Pour Toi Georges
dam_17757642,Queen Of Questions
dam_5773173,No Pushover
dam_5267507,Some Catch
dam_5070359,Miss Garbo
dam_5813157,Sea Rocket
dam_6009549,Milford Maggie
dam_5779487,Familliarity
dam_5476954,Holloden
dam_4797359,Fleur Enchantee
dam_5744333,Estiqaama
dam_7174874,Awareness
dam_5897143,Bal Celtique
dam_34961927,Made For A Reason
dam_23048725,Present Leader
dam_10616158,Garance
dam_10136686,Dolly Boru
dam_6134303,Bella
dam_21672105,Larmina
dam_6246205,Afsheen
dam_4424609,Charade
dam_5286827,Fairly Definite
dam_5761147,Thankyou Very Much
dam_21035749,Ballinahow Tara
dam_6664602,Alice Pink
dam_5696040,Harasiya
dam_4755415,Scotch Bonnet
dam_6234697,Glacial Drift
dam_3946327,Midnight Angel
dam_5374866,Cathodine Cayras
dam_4483640,Wannabe Posh
dam_6092548,Intimation
dam_6075524,Lovely Memory
dam_5656329,Outside Art
dam_4058859,Hurricane Lily
dam_4491256,Dancing Storm
dam_5895113,Yeah Baby
dam_18828684,A Go Go
dam_6030479,Jane's Memory
dam_5156347,Miss Kittyhawk
dam_5667886,All On Red
dam_6208496,Dawreya
dam_13974933,Manana Chica
dam_5743108,Mango Diva
dam_18337683,Star In The Making
dam_21652652,Poet's Queen
dam_5371065,Music Pearl
dam_7344827,Sparkle
dam_3101518,Regina
dam_14034846,Greach
dam_6082671,Springstride
dam_5332320,Knock Stars
dam_6053803,Ainippe
dam_23567383,Sing So Sweetly
dam_6247927,Model Looks
dam_7097699,Quench Dolly
dam_5597382,Alushta
dam_5812996,Friendship Is Love
dam_20767747,Anna Maria
dam_22180746,Fashion
dam_6268003,Sun'Aq
dam_5314974,Sarangoo
dam_6291194,Siri
dam_6279399,Positive Vibration
dam_7355999,Gemina
dam_3173450,Daring Day
dam_16833166,Salayel
dam_5191424,Kilo Alpha
dam_6198311,Cotton Camera
dam_6099268,Tobouggaloo
dam_6074705,Music And Dance
dam_6015226,Anthem Alexander
dam_24064516,Vulnicura
dam_5969026,Rise Up Lotus
dam_5857712,Trace Of Scent
dam_6031606,Home Cummins
dam_6168771,Jersey Breeze
dam_5902736,Abbotsfield
dam_6021365,Showcard
dam_16048095,Happy Hiker
dam_4802840,Swift Acclaim
dam_5146848,Walk On Bye
dam_5081559,So Blissful
dam_5906257,Norway Cross
dam_14404299,Little Italy
dam_6160833,Atwix
dam_11001214,Lawless Secret
dam_4760042,Starlit Sands
dam_4706877,Shesha Bear
dam_25262363,Foreign Assignment
dam_6753635,Kodi Da Capo
dam_17763760,Punchy Lady
dam_4802007,Spangle
dam_18928931,Bredenbury
dam_49142002,Camp Vega
dam_19016501,Feelinlikeasomeone
dam_6229314,First Party
dam_17856846,Great Dame
dam_6205689,Swiss Affair
dam_5309374,Snowy Peak
dam_4505025,Inaminute
dam_15205351,Mot Juste
dam_7197897,Unex Mona Lisa
dam_4976713,Touching
dam_5687465,The Gold Cheongsam
dam_2991296,Odyssee
dam_24665081,Only Young Once
dam_6155989,Lovers' Vows
dam_6276256,Rosamaria
dam_5755358,Sava Sunset
dam_5766131,Zelie Martin
dam_5574205,Vivid Blue
dam_19187462,Rapid Recruit
dam_4770297,Revue Princess
dam_6467664,Effige
dam_7263599,Straight Away
dam_24065797,Goodnight And Joy
dam_8411711,Thafeera
dam_8411571,Fleur Forsyte
dam_5720596,Soprana
dam_6146343,Alchemilla
dam_5556453,Aubrietia
dam_6055315,Star Fire
dam_5820472,Kendal Mint
dam_5861142,Hay Chewed
dam_6249621,Chicago Fall
dam_5003908,Wish You Luck
dam_6038515,Bling Ring
dam_4399983,Upskittled
dam_6024193,Indina
dam_35257775,Akalara
dam_5928307,Dame Lucy
dam_4851889,Rhadegunda
dam_6340383,Upstanding
dam_12251932,Fearn's Pippin
dam_5826044,Planete Bleue
dam_6264699,Ebb
dam_5916764,Groovejet
dam_4759524,Broken Applause
dam_5533451,Malekat Jamal
dam_8338337,My Lea
dam_5541151,Kathoe
dam_5851545,Online Alexander
dam_6059487,Elhaam
dam_4777136,Come April
dam_16699627,Fabulist
dam_16175950,Hazakiyra
dam_12243077,Synchronic
dam_5622666,Ebony Flyer
dam_10256568,Vicugna
dam_10939390,Tranquil Spirit
dam_24676050,Occurrence
dam_6224708,Gharbeya
dam_14594167,Heaven On Earth
dam_24698667,Geisha Girl
dam_16449692,Lady Parma
dam_8128603,White Chocolate
dam_2148713,Nigella
dam_5608624,Play Street
dam_6055462,Rahlah
dam_6904345,Motivee
dam_6313552,Larose
dam_5696194,Rawaaq
dam_7816942,Ever After
dam_20978867,Bright New Day
dam_3920028,Dusty Dazzler
dam_14752220,Medoras Childe
dam_6029093,Midnight Destiny
dam_7355964,Forever Excel
dam_4617137,China Cherub
dam_11169543,Image
dam_6024025,Dangerous Moonlite
dam_31274362,Mary Stewart
dam_8662829,Monteamiata
dam_10383282,Ty Rock Brandy
dam_5369840,Willbeme
dam_9693110,Puchita
dam_43796690,Amna
dam_36555554,Only Live Once
dam_9602243,Silca Mistress
dam_4789197,Yummy Mummy
dam_8454096,Dirayah
dam_6041959,Patterned
dam_10001663,Cherubic
dam_4218963,Love And Laughter
dam_6281653,Veena
dam_4827704,Ebalista
dam_13610394,Via Condotti
dam_5859658,Integral
dam_6008177,Calypso Beat
dam_33096756,Piscean Dream
dam_4986667,Classic Lass
dam_10983861,Fou Rire
dam_5987289,Quiania
dam_5911465,Maiden Approach
dam_4052181,Salutare
dam_11784157,Queen Rabab
dam_7061096,Oberyn
dam_5937841,Ardbrae Tara
dam_10002041,Proctor's Ledge
dam_12355959,Chicklade
dam_10763739,Shaya
dam_6924722,Golden Reign
dam_5389482,Louya
dam_5930134,Wedgewood Estates
dam_3502625,Thicket
dam_11286366,Gwerrann
dam_5460581,Najraan
dam_6011327,Tell Mum
dam_13285349,Misu Billy
dam_21886256,Florett
dam_4934174,Goleta
dam_5483870,Place In My Heart
dam_11639306,Air Stricker
dam_8867334,Dundel's Spirit
dam_5005406,In Secret
dam_7108136,Tahoo
dam_4929316,Light Hearted
dam_4789897,Nizhoni
dam_6066858,Full Rose
dam_6231925,Ice Haven
dam_22856603,Well Clad
dam_5622757,C'Est La Mode
dam_4929190,Lindeman
dam_6067901,Brune Ecossaise
dam_5586287,Tenessee
dam_4937947,Polly's Mark
dam_5137090,Fulgence
dam_5772620,Wild Blueberry
dam_15498497,Raincall
dam_6261612,Anabasis
dam_10523898,Mystique
dam_19715500,Dream Book
dam_6239079,Matron Of Honour
dam_30837394,Valdivia
dam_11570832,Sweet Mambo
dam_5574387,Namera
dam_5972225,Round Of Applause
dam_6754888,Timely Words
dam_20495986,Linareva
dam_13124244,Belle Attitude
dam_20464969,Belle Et Chic
dam_4597229,Dara Supreme
dam_6093521,Djeville
dam_5844559,Adriana Des Mottes
dam_5486005,Game Of Legs
dam_6783238,Lady Wagtail
dam_27711481,In The Habit
dam_5220180,Sparky May
dam_4959129,Credit Box
dam_6012216,Queen Of The Stage
dam_4561431,Salve Evita
dam_4861745,Whos To Know
dam_8525328,Ayleoola
dam_5646193,Mariner's Light
dam_4677477,Coscorrig
dam_25095147,Dhan
dam_22797152,Satalda's Lady
dam_586068,Tashtiyana
dam_5686086,August Hill
dam_3993822,Pougatcheva
dam_4155004,Hellofafaithful
dam_4656946,Raise The Issue
dam_4465755,Freemantle Doctor
dam_8714545,Kiss Jolie
dam_4088686,Sardagna
dam_4735899,Progest Des Mottes
dam_24541741,Ville Sainte
dam_5307155,Farewellatmidnight
dam_22856582,Olympe De Coudray
dam_4929183,Court Gamble
dam_32458622,Divine De Stpierre
dam_4766069,Jeanquiri
dam_5595891,Which Thistle
dam_40096105,Shuil Forth
dam_4506313,My Petra
dam_5459699,Dushion
dam_4739924,Tambourine Ridge
dam_4550574,Pyleigh Lady
dam_4026295,Mrs Wallensky
dam_3314458,Mothers Help
dam_22906702,Might Do
dam_29226785,Vin Fizz
dam_5450606,Griva
dam_9786490,Nighthawk's Law
dam_5303333,Glibin
dam_4096890,Full Of Birds
dam_5722311,Leo's Spirit
dam_3742340,Grandma Griffiths
dam_5697202,Talween
dam_3945739,Casanga
dam_5587715,The Folkes Choice
dam_5928650,Imtidaad
dam_24263715,Swedish Dancer
dam_6095635,Be Mine Tonight
dam_5417944,Perpette
dam_25026596,Unibelle
dam_5646494,Tulipe Star
dam_29829345,Toler Street
dam_6284201,Cordione
dam_6129130,Burgundy Betty
dam_11585203,Bit Of A Geordie
dam_5829614,Run Ructions Run
dam_5359718,Tidara Angel
dam_6211632,Whisky Rose
dam_5632725,Highland Retreat
dam_5405848,Miss Milborne
dam_46449858,Daska D'Airy
dam_24468325,Competitive Affair
dam_5227012,Montebella
dam_5209239,Titi Jolie
dam_5730788,Roll On Ruby
dam_4944205,Snug Bunch
dam_3593156,Persian Filly
dam_5622603,Seren Gris
dam_6148842,Jessber's Dream
dam_12161233,Kuragina
dam_5364079,Sunset Kitty
dam_8608271,Gymnaste
dam_5852175,Yoga
dam_5677840,Bright Glow
dam_4971694,Lough Mist
dam_5302969,Sensationally
dam_6046551,Angels Wings
dam_6185970,Yeah Baby Yeah
dam_5869248,Hey Little Gorl
dam_6209049,Hot Ticket
dam_3022852,Rhythmical
dam_5882156,Lady Liberty
dam_4786817,Fikrah
dam_6041924,Elbereth
dam_15750301,Tipitena
dam_35650160,Rosilipscurvehips
dam_5682369,Michael's Song
dam_4949455,Middle Persia
dam_3168907,House Of Roses
dam_4879420,Rebecca De Winter
dam_7505456,Tilthe End Of Time
dam_6282794,Pernickety
dam_5618368,Cape Elizabeth
dam_9878428,Littlevix
dam_5397861,Psychic's Dream
dam_6241186,Kicker Rock
dam_10001516,Mistress Of Venice
dam_7170282,Gorgeous
dam_6168820,Love On The Rocks
dam_4650919,Red Blooded Woman
dam_25121509,Gailes First
dam_5885516,Ramone
dam_6177675,Jumeirah Star
dam_5497590,Kingdomforthebride
dam_5969418,Nisriyna
dam_21395017,Moohareeba
dam_9603468,Give And Take
dam_20702892,Adana
dam_44873794,Edavanna
dam_12862087,Miss Latin
dam_20260198,Lawahed
dam_8728895,Heaven's Angel
dam_30468788,Doobahdeedoo
dam_5872237,Vallado
dam_4656827,Evening Time
dam_27902469,La Muchacha
dam_5716837,Janie Runaway
dam_14059325,Fire Fly
dam_19664855,Brown Honey
dam_43951194,Ultimate Aim
dam_6177416,Rebel Surge
dam_6016731,Saphira Silver
dam_5657722,Mystical Witch
dam_10109463,Vitamin
dam_17763844,Due Care
dam_7174888,Characterized
dam_33876479,La Roche Jagu
dam_12186433,Belated Breath
dam_35767774,Pepite Du Mathan
dam_5729031,Tigrine
dam_21221823,Answer My Question
dam_7157500,Shahabad
dam_4680228,Kelle Home
dam_3427053,Garden of Eden
dam_4904270,Old Town Queen
dam_4263959,Senorita Rumbalita
dam_5014107,Shameena
dam_4648175,Hora
dam_5427107,Bach To Front
dam_5000996,Faucon
dam_5852168,Unknown Flower
dam_4718658,Ballela Girl
dam_5319867,Miltara
dam_4652949,Tenable
dam_5462156,Beech Lodge
dam_4255944,One Swoop
dam_5289109,Califete Royale
dam_5606244,Shirleyrockstar
dam_3640623,Naughty Marietta
dam_24846038,Shecouldbetheone
dam_4496716,Lady Needles
dam_5355098,Sudden Light
dam_4783814,Rock Exhibition
dam_6199900,Potternello
dam_5904829,Dazza
dam_5141682,Marie Deja La
dam_8767857,Natarebelle
dam_10504102,Nadia Promise
dam_6852986,Velvet Steel
dam_5728268,Alazeya
dam_4315045,Seemma
dam_5877151,Alegra
dam_5671512,Miss Wells
dam_4640951,Rehill Lass
dam_6024711,Selective Hearing
dam_6783182,Whatsthatallabout
dam_40225388,Sunset Times
dam_6327594,Pass The Honey
dam_4962503,Qualanke
dam_5622575,Casiana
dam_6302604,Fresca Has
dam_6311200,Comeragh Girl
dam_3945067,Ice Ti
dam_5941502,Darsi O'Grady
dam_5016718,Boynagh Joy
dam_5173147,Isityourself
dam_5981829,Netsuke
dam_5257091,Eye And Ear
dam_5750038,Ingot Of Gold
dam_37380735,Fara Sun
dam_4748646,Sangrilla
dam_29917566,Dual Rose
dam_5647075,Mer D'Arabie
dam_5786389,Raaya
dam_3973473,High Praise
dam_21340760,Osmazome
dam_23333009,Butterfly Betty
dam_26862388,Laura's Star
dam_4062443,Aurore Celtique
dam_5157817,Ocean Bright
dam_5695655,Natural Bloom
dam_4110806,Ballymore Celebre
dam_5723718,Miss Marjurie
dam_6104357,Interim Lodge
dam_5614021,Tistrueforme
dam_5544280,Shining Glory
dam_5548368,Ask Annie
dam_5870634,Nicknack
dam_5880588,China In My Hands
dam_4158287,On The Highway
dam_5618466,Soryah
dam_16744259,Youvebrokenmydream
dam_5189919,Manly Dream
dam_5842312,Rock Choir
dam_5790498,Woodland Walk
dam_4429607,Carramanagh Lady
dam_5710691,Reine Angevine
dam_4041912,Mattys Joy
dam_4629016,Karla June
dam_3747513,Mar Blue
dam_3893981,La Marette
dam_5950245,Vanille D'Ex
dam_6026216,Highland Breeze
dam_6211387,Ultratlantique
dam_6311634,Karikale
dam_4962356,La Champmesle
dam_5147044,Acquisition
dam_21663194,Rockburn
dam_3874136,Sierra
dam_4036270,My World
dam_11526382,Greta
dam_2881270,Fairy Slipper
dam_5934467,Clogher Valley
dam_32372522,Def It Vic
dam_5287009,Kings Artist
dam_3975454,Old Glenort Daragh
dam_6213641,Vindonissa
dam_10101623,Venusorserena
dam_8525433,Coolanurequeen
dam_5462926,Bartons Bride
dam_35430801,Kayfing
dam_6340635,Country Time
dam_4667894,Maca Rince
dam_4509526,Indian Love
dam_7055503,Out Of Africa
dam_6056610,Nouvelle Destinee
dam_19768679,Histoire Naturelle
dam_5147149,Cherry Orchard
dam_6130733,Dulcet
dam_8688379,Pakoonah
dam_6327608,Aisance
dam_3607492,Soiree D'Ex
dam_4529546,Quezon Sun
dam_6215587,Viking Queen
dam_11001081,Kauto Etoilee
dam_4053245,Cute Cait
dam_5531358,Silver Sequel
dam_21091896,Tiangua
dam_3784704,Bathwick Annie
dam_5314848,Mathine
dam_5747623,Classic Sun
dam_5282109,Princess Gaia
dam_4899958,Callerlilly
dam_5879188,Eccellente Idea
dam_5711076,Springinherstep
dam_6894181,Moonlit Theatre
dam_2871827,Duchy
dam_4892272,Sawpit Supreme
dam_4434164,Sparron Hawk
dam_4441451,Final Leave
dam_13931785,Nounjya Du Mathan
dam_6886124,Peinture Rose
dam_4583621,Miss Vickie
dam_22513946,Given Freely
dam_5696271,Silky
dam_8654170,Zaitana
dam_6079927,Appearance
dam_3768310,Morena Park
dam_8867523,Hurricane Hallie
dam_5946927,Garraun
dam_6030353,Some Spirit
dam_3063053,Sunflower
dam_6231946,Kashtan
dam_34859601,Toni Baby
dam_4975537,Fanditha
dam_7129857,Calare
dam_19673094,Toronado Queen
dam_5811582,Papaya
dam_15337441,Lope Scholar
dam_10197544,Circulation
dam_19779795,Sweet Zen
dam_4475212,Freedonia
dam_10957044,Gavota
dam_11499250,Ape Attack
dam_5249125,Apace
dam_5335330,Gracefield
dam_6109075,Pria Bona
dam_7149758,Spiaggia
dam_13124671,Sketching
dam_5725314,Court Circular
dam_6061146,Tropicana Bay
dam_5671267,Ayasha
dam_4199811,Firenze
dam_6340838,Thames Pageant
dam_5615547,Elusive Gold
dam_15441314,Designated
dam_4636590,By The Edge
dam_13021778,Illusions
dam_7341236,Victory Wave
dam_5124903,Eternal Instinct
dam_4621673,Dynaforce
dam_44816667,Non Dimenticato Tu
dam_14084623,Providence
dam_5696159,Orpha
dam_23379965,Madam Baroque
dam_5991671,Effusive
dam_5686758,Suedehead
dam_6079486,La Roumegue
dam_15750665,Tasman Sea
dam_13524952,Always A Drama
dam_5712245,Lapis Blue
dam_5830965,Royal Duchess
dam_4999344,Labisa
dam_6224400,Rosecomb
dam_5073145,Habaayib
dam_5483576,Excelette
dam_19070870,Espoir Et Bonheur
dam_14447762,Foxtrot Liv
dam_15355326,Clubora
dam_6195749,Zahrat Narjis
dam_13491373,Hesterya
dam_6152111,Puzzled Look
dam_5857621,Orayda
dam_22268386,Mountrice Lady
dam_6314623,You Dare To Dream
dam_5363281,Gypsy Carnival
dam_6263712,Dutch Treaty
dam_8868265,Nurse Nightingale
dam_9721243,Al Jawza
dam_5517162,Jessica Ennis
dam_28535892,Delightful Belle
dam_13975031,Ella Rosie
dam_5539828,Pretty Pebble
dam_5801159,Patent Joy
dam_12242524,Hint Of Joy
dam_6024074,Oasis Mirage
dam_25825618,Milldale
dam_5073292,Victoria Lodge
dam_6074677,Lamsa
dam_5316773,Ladies Are Forever
dam_10400285,Juliet Capulet
dam_5664561,Sentaril
dam_5671043,Iffraaj Pink
dam_5025377,Lily Jicaro
dam_6206095,Coral Garden
dam_7047040,Redenca
dam_10532795,Sunchisetagioo
dam_6085527,Pamona
dam_42163373,AmcHitka
dam_7013216,Eternalist
dam_5841647,Fire Blaze
dam_5837062,Moss Nation
dam_4908568,Danidh Dubai
dam_3940125,Skara Brae
dam_11337095,My Pretty Girl
dam_5655776,Liberating
dam_5315373,Grandmas Dream
dam_4759153,Bonne
dam_7121450,Stylishly
dam_7160349,Seprani
dam_4243904,Teeba
dam_5819709,Majestic Alexander
dam_5846960,Clapperboard
dam_39962944,She's Amazing
dam_7603869,Belle Diva
dam_4081378,Saree
dam_8128449,Alf Guineas
dam_11881800,Agathe Sainte
dam_6014547,African Plains
dam_13988401,Star Search
dam_26187371,Tina Nova
dam_4623129,Bring Back Matron
dam_11639047,Moana
dam_5845861,Cosseted
dam_25868612,End Of An Era
dam_27888763,Tapitinsilver
dam_7305984,Khajool
dam_5559414,Strathnaver
dam_15030645,Lysander Belle
dam_5616016,Scarlett O'Tara
dam_5828508,Lady Wilton Milan
dam_5559015,Bella Venezia
dam_5917786,Jolie Blonde
dam_41072815,Rosi
dam_6221628,Moonlight Whispers
dam_49757232,Belijoe
dam_6170430,Forgotten Wish
dam_5476744,Indian Lizzy
dam_4922113,Victoria Montoya
dam_5444243,Iconic Rose
dam_4872798,Brunton Blue
dam_5619502,Hot Choice
dam_4719743,Gilt Free
dam_7910357,Desideria
dam_34099646,Duffys Chelsea
dam_5844734,North Star Poly
dam_4381874,United
dam_5198480,Thai Haku
dam_5296018,Salika
dam_5509861,Darsan
dam_3272115,Prestissimo
dam_5690811,Shinrock Pearl
dam_5926018,Upisland
dam_5420625,Bonny Hall
dam_5163417,Clumber Pursuits
dam_6357456,Northern Ocean
dam_4781035,Ocara D'Airy
dam_5057773,Zannkiya
dam_38104976,Gortnahorna Lass
dam_9787253,Cappa Or
dam_6342329,Shamble Street
dam_6197513,Madame Adelaide
dam_20881959,Red Card
dam_5324004,Missy O' Gwaun
dam_6184458,Topathistle
dam_6294806,Tara View
dam_5202029,Peace Flower
dam_5963244,Ally Des Bruyeres
dam_9758322,Rinaria
dam_7179053,Cherryade
dam_4930541,Gravitation
dam_16828994,French Friend
dam_19501356,Konigin
dam_5309276,Date With Destiny
dam_6239212,Way To My Heart
dam_23567145,Leap Of Joy
dam_2851653,Colourful
dam_5829145,Adelyta
dam_8303134,Udine D'Estruval
dam_4719680,Dabaratsa
dam_6328308,Rose Vic
dam_4078466,Matt Wood
dam_4953116,Crack D'Emble
dam_5924114,Acqua Luna
dam_31965591,Nova Stella
dam_4236960,Shatani
dam_7273889,Carmen Des Bordes
dam_6005755,Agence De L'Isle
dam_6147890,Belle Et Royale
dam_6157844,Leader's Choice
dam_19333538,Rose Of Africa
dam_4614491,Wild Academy
dam_5230183,Majaka
dam_4846345,Lady Samantha
dam_5568780,Tire En Touche
dam_5543202,Naltiepy
dam_4522854,Red Vixen
dam_5245989,Rhal
dam_35150759,Making Memories
dam_6299167,Suvenna
dam_4618558,Manyara
dam_6221593,Colgin
dam_9057818,Ribbon Royale
dam_6754104,Narva
dam_5892824,Gracefilly
dam_5721590,Ebble
dam_4641882,Amanda Carter
dam_6230861,Ms Sasha Malia
dam_3024441,River Belle
dam_21653891,Rawya
dam_5120780,Milford Sound
dam_5792416,Carlanda
dam_10911866,Apple Anni
dam_18160023,Ombra Mia
dam_35813302,Feliciana
dam_5757024,Absolutely Right
dam_4642155,Zia
dam_5561150,Cambridge Duchess
dam_7733726,Whispered Kiss
dam_5740497,Handana
dam_6089902,Stair An Damhsa
dam_6067460,Strelkita
dam_5512388,Kanes Pass
dam_5168940,Dancing Primo
dam_20260324,Wannabe Special
dam_4773468,Miss Gibraltar
dam_5493439,Queenscliff
dam_6019839,Wrood
dam_6209112,Leia Organa
dam_11846079,Hulcote
dam_5156305,City Vaults Girl
dam_32780048,Lunearia
dam_6142766,Too In Love
dam_5757213,City Glam
dam_26356610,Mandoria
dam_13579895,Newlywed
dam_5325180,She Is Great
dam_33095881,Levade
dam_40819730,Tacking
dam_10939817,Baroness
dam_5972820,Celestial Bow
dam_4934328,Maid For Winning
dam_5665485,Miliika
dam_4035290,Fortunately
dam_5973380,Ermine Ruby
dam_4788567,Killer Class
dam_5820409,Bird Of Light
dam_6039628,Hollie Point
dam_6268213,Aghaany
dam_4928525,Rumored
dam_6002703,Pianota
dam_4968187,Spirit Watch
dam_7139524,Giennah
dam_4623430,Regalline
dam_5453490,Ladys First
dam_6266400,Red Stars
dam_3842951,Leonica
dam_5509931,Slink
dam_5145231,Rose Blossom
dam_6169499,Mayfair Lady
dam_23198714,Destacado
dam_6015338,Tamadhor
dam_10755584,Island Of Life
dam_6792002,Dreaming Lady
dam_5426554,Sabaweeya
dam_6044612,Cape Victoria
dam_8411599,Nothing Compares
dam_13672246,Buxlow Belle
dam_6102607,Black Pearl
dam_10833137,Elation
dam_21725459,Sweet Delight
dam_6036156,Ragtime Dancer
dam_6229244,Notte Illuminata
dam_5126499,Ceedwell
dam_22391523,Rashaaqa
dam_5351955,Miss Villefranche
dam_4964477,Caledonia Princess
dam_6012181,Clouds Rest
dam_13527157,The Chemist
dam_10001635,Wondering Spirit
dam_40919004,Riyaza
dam_10287088,UAE Queen
dam_6348902,Love Street
dam_5545617,Three Sugars
dam_19420674,Little Downs
dam_5271518,Nellie Ellis
dam_5127213,Bijou A Moi
dam_5426456,Kissed
dam_6186040,Lil's Joy
dam_6326096,Silver Step
dam_5920460,Lady Mega
dam_5664589,Woodland Scene
dam_5649000,Right Reason
dam_5991706,Triggers Broom
dam_4626447,Costume
dam_5483639,Represent
dam_3009307,Premiere Danseuse
dam_4440450,Local Fancy
dam_11067329,Hidden Girl
dam_6043681,Maayaat
dam_5540241,Venetian Beauty
dam_6241697,Shaloushka
dam_5744319,Cry Pearl
dam_4651486,Shine Like A Star
dam_6021148,Jigs'n Reels
dam_5073131,Security Interest
dam_5391197,Genstone Trail
dam_35430794,Venus Citlali
dam_5789280,Legacy Gold
dam_10034269,Barely Black
dam_5828767,Cnocbui Cailin
dam_4566681,Jills Oscar
dam_5379262,Supreme Cove
dam_11711147,Queen Ella
dam_5472054,La Gree
dam_4628792,Rainallday
dam_5682054,Supreme Present
dam_35430822,Champayne Hallie
dam_5941285,Lochnell
dam_4217150,Little Twinkle
dam_4030901,Glenair Dante
dam_5937211,Spring Over
dam_4628512,Diskretion
dam_21659911,Capstone
dam_3594171,Regal Holly
dam_29226792,Elle Est Milan
dam_23021362,Fingal's Sister
dam_18892524,Stylish Ways
dam_27578383,Western Garden
dam_4153506,One Love
dam_4184383,Jaldemosa
dam_5143187,Recession Lass
dam_4257274,Astalanda
dam_4919397,Belfast Central
dam_34962095,Lady Olivia
dam_24141439,Mazaryne
dam_9602187,Deliziosa
dam_34073522,Twinset And Pearls
dam_5799521,Lady Wagner
dam_3633203,Goldamix
dam_39977903,Media Sensation
dam_4565505,Cut 'N' Run
dam_10565254,Lynique
dam_22856568,On The Up
dam_5894777,Victoire D'Athom
dam_5927803,Hell Cat Maggie
dam_5819135,Kiyoshi
dam_5351178,Catching Zeds
dam_5615729,Alder Mairi
dam_5950651,Mighty Minnie
dam_5391603,Wassailing Queen
dam_5652353,Clara Mc Cloud
dam_5629575,Regina Maresca
dam_5054112,Prestelle
dam_5195225,Wulfrida
dam_4052370,Burnt Out
dam_30527763,Dangan Diamond
dam_6245169,Acapulco
dam_5944225,Meandering
dam_4695047,Danarama
dam_8541505,Hoola Hula
dam_23184812,Noisete
dam_34746222,Thisthatandbaden
dam_5180616,Ceilidh House
dam_4830210,Pharita's Lake
dam_9518943,Miss Bobs Worth
dam_6168799,Komedy
dam_6972462,Dont Tell Val
dam_5984930,Monbeg Dolly
dam_5073495,Lady Rhinestone
dam_6339375,Lady Azamour
dam_13354292,Toungara
dam_5959282,Flute Bowl
dam_5622589,Brijomi Queen
dam_22625659,All Notoriety
dam_5054602,Pic Pus
dam_6330765,Tellthemnuttin
dam_5611081,Sainte Fortuna
dam_13828381,Nanny Pat'S
dam_15337336,Pennard
dam_5352508,King'sandqueen's
dam_7097377,Tangley
dam_6078373,Sea Pride
dam_6033174,Sexy Legs
dam_5861779,Rahada
dam_35148834,Ichigo
dam_6838440,Afdhaad
dam_4446701,Bow Bridge
dam_9180962,Flower Fashion
dam_5626614,How Fortunate
dam_5524624,Chrissycross
dam_24832794,Rachel Tiffany
dam_29577198,Irish Madam
dam_5887133,Petits Potins
dam_6021498,Bazzana
dam_28676900,Last Jewel
dam_50433369,Goldenzye
dam_13829697,Come On Leicester
dam_6220025,Duet
dam_6270978,Powder Snow
dam_5885537,Kimbay
dam_4167793,French Bid
dam_2942240,Ladyship
dam_6299615,Cosmos Pink
dam_5426120,Roedean
dam_5898907,Cristal Fashion
dam_36062152,Spirit Bear
dam_6987960,Elusive Beauty
dam_13694639,Sensa
dam_5151027,Desert Liaison
dam_14059192,Wadacre Gigi
dam_9721236,Manaahil
dam_14842555,Dubai Beauty
dam_6217876,Tempting
dam_23943808,Emma Spencer
dam_7665959,Fleabiscuit
dam_5999784,Crisolles
dam_11060140,Aliyana
dam_5934047,Lizzy's Township
dam_3972010,Intercontinental
dam_15716099,Nette Rousse
dam_6186614,Bebhinn
dam_20229062,Punting
dam_5900622,Tout Va Bien
dam_5899439,Dream Impossible
dam_46327022,Note Taken
dam_10338454,Anna Nerium
dam_5699183,Vespasia
dam_37276162,Pschitt
dam_13829893,Bedwyyah
dam_6102803,Vive Ma Fille
dam_5984601,Moonrise Landing
dam_5702858,Reyaadah
dam_18323431,Go Georgie
dam_5474266,Samasana
dam_4070220,Veiled Beauty
dam_4920454,Mien
dam_5454757,Dubai Sunrise
dam_6241480,Figurante
dam_5753188,Princess Cammie
dam_4997412,Copperbeech
dam_3936884,Granadilla
dam_24299149,Hawraa
dam_10523723,Toodancute
dam_7603876,Considered Opinion
dam_5707765,Strange Magic
dam_8836275,Influent
dam_4808496,Kotsi
dam_5690405,Lady Bonanova
dam_5972708,Rocking The Boat
dam_5893923,Pretty Bubbles
dam_7274204,Ashtown Girl
dam_4937604,Bounty Box
dam_4439848,Swan Sea
dam_23567775,Last Frontier
dam_6019076,Ski Slope
dam_5454386,Yearbook
dam_7008694,Daldiyna
dam_5907174,Sibling Honour
dam_5889282,Rowlestone Lass
dam_5467091,Emily's Princess
dam_5769561,Just Popsy
dam_6904268,Salicorne
dam_4260403,Vassileva
dam_5637163,Ighraa
dam_4226936,Gold Charm
dam_19768665,Ros Mountain
dam_5911563,Lady Glinka
dam_22940050,Innisfree Dawn
dam_4485460,Mont Etoile
dam_4659151,Another Storm
dam_5156900,Our Ziga
dam_5263657,Aries Ballerina
dam_5547955,Amber Cloud
dam_5941999,Sary Flight
dam_4781987,Belga Wood
dam_4628855,Princesse Pauline
dam_21221830,Rosin De Beau
dam_5386556,Mimi And Bow
dam_5980807,Qualite Controlee
dam_4890354,O What A Girl
dam_2992626,One Rose
dam_6838202,Kotkiline
dam_17361533,Definite Valley
dam_5286932,Shuruwaat
dam_5573680,Mathematicienne
dam_5658835,Gaye Melody
dam_34788859,Craggy View
dam_3811528,Spice Patrol
dam_4134438,Two Of Each
dam_4968110,Rock Art
dam_5998783,Tasmani
dam_4558869,Kit Massini
dam_6220032,Pearl Buttons
dam_5307127,Alexander Road
dam_5777268,Sophie Rose
dam_4484445,Mascara
dam_4850720,Leni Riefenstahl
dam_5659108,Fairly Fair
dam_4475401,Nihal
dam_5741351,Modestie
dam_5819975,Dudley Queen
dam_10018197,Poana
dam_13124664,Playfull Spirit
dam_23787372,Lope Supreme
dam_12903492,Sciacca
dam_11110624,Orchid Lily
dam_5332747,Normandy Maid
dam_7918624,Frabrika
dam_12251708,Silvery Mist
dam_17286696,Puzzler
dam_5843663,Montjen
dam_4998931,Elusive Horizon
dam_5989991,Brown Bee
dam_6096006,Wild Storm
dam_5301107,Visual Element
dam_5159966,Silent Secret
dam_4532577,Isobel Baillie
dam_4193035,Bahia Breeze
dam_6312789,Tiptree
dam_5730284,Meri Shika
dam_6398721,Mariee
dam_7662116,Struck By The Moon
dam_4967599,Ceist Eile
dam_18952647,Sesame Birah
dam_10109386,Emerald Cliffs
dam_14258461,Qatar Queen
dam_5881631,Tayma
dam_10632265,The Mums
dam_5505297,Patroness
dam_39962573,Apadana
dam_21154189,Unique
dam_21725137,Sea Bay
dam_5177669,Dance East
dam_6267191,Mix And Mingle
dam_6326201,Miss Goldsmith
dam_5205312,Fatanah
dam_4772943,Rock Harmonie
dam_5843012,Tropical Mist
dam_5797687,Sveva
dam_4775960,Clifton Dancer
dam_5756989,Hypatia
dam_5964973,Lily Carstairs
dam_5909470,Tested
dam_10170265,Courteous Crown
dam_24651662,Stereophonic
dam_5710306,Amirah
dam_5743255,Regal Silk
dam_10795127,Beach Wedding
dam_6050184,Byburg
dam_10109953,Shapes
dam_6002717,Salariaq
dam_5910597,Bound Copy
dam_13097182,Alliseeisnibras
dam_5454659,Alzahra
dam_4605132,Pusey Street Lady
dam_9056614,Fascinator
dam_4469549,Gwenseb
dam_6312131,Missrock
dam_5905529,Miner's Secret
dam_6340117,Daintily Done
dam_5366795,Polygon
dam_5880623,Endless Light
dam_5914930,Delhi
dam_26473293,Qaafeya
dam_11737229,Why We Dream
dam_13104574,Twiggy's Girl
dam_6279385,Nabaraat
dam_5427296,Dorcas Lane
dam_16371537,Jing
dam_6282899,Secret Existence
dam_4510730,Tara Moon
dam_10747772,Redhawk
dam_5378779,Opinionated
dam_29228829,My Better Half
dam_33260157,Northeast Moon
dam_20170164,Golden Song
dam_5869801,Isabella Bird
dam_5332572,Helleborine
dam_11776268,Maroubra
dam_6140484,Rococoa
dam_4234713,Villarrica
dam_5842403,Pavlosk
dam_14285131,Swiss Air
dam_15445374,Opera Society
dam_6104959,Samite
dam_5653949,Furbelow
dam_7174993,Golden Easter
dam_4594191,Sweet Surprise
dam_18319112,Second Glance
dam_24063830,Heavenly Verse
dam_5881701,Flycatcher
dam_5180028,Cup Cake
dam_14447860,Ancestral
dam_5563061,Valiant Girl
dam_2823891,Belle Josephine
dam_6289332,Mitzi Winks
dam_6288394,Warm Welcome
dam_5682453,Poppy Bond
dam_5911024,La Pyle
dam_3744923,Euro Empire
dam_5933277,Ma Bella Paola
dam_9602110,Inuk
dam_4979940,Red Kyte
dam_6169485,Kept Under Wraps
dam_5332859,Katla
dam_7603673,Sea Of Antiquity
dam_13733300,Red Impact
dam_6247941,Thatsallimsaying
dam_5969383,Red Red Rose
dam_7013062,Fixette
dam_6238085,Dark Side Princess
dam_5898403,Ice Mayden
dam_5682467,Isola Verde
dam_5651086,Coconut Kisses
dam_41938736,My Bear Lady
dam_6294729,Dominance
dam_5746202,Joy For Life
dam_6018082,Hope And Faith
dam_5697244,Bondesire
dam_5690650,Dark Opal
dam_5893524,Secret Oasis
dam_15654534,Divine Truth
dam_21653870,Amanda
dam_4790366,Maramba
dam_21689213,Libiamo
dam_13556725,Moravia
dam_7469756,Blushing Rose
dam_4773923,Own Gift
dam_43604610,Charlize Angel
dam_16072959,Dear Miriam
dam_39962986,Sarabi Mshairi
dam_21680624,Ola Bonita
dam_6862415,Second Life
dam_13022226,Society Guest
dam_6208713,Livella Fella
dam_5469016,Sonko
dam_6069399,Dominike
dam_5528103,Magic Destiny
dam_5899082,Adore
dam_4783758,Prima Luce
dam_5200881,All For Glory
dam_24948672,War And Peace
dam_6254549,Duljanah
dam_37659041,Moon Shaddow
dam_15245797,No Such Zone
dam_9992374,Jalela
dam_6249012,Morning Line
dam_5990831,Pastoral Girl
dam_5517134,Elbow Beach
dam_5477059,Llew Law
dam_5903457,Nibbling
dam_4033505,Vezina
dam_6068881,Elis Eliz
dam_3426479,Encore L'Amour
dam_4819808,Treat Gently
dam_6338325,Portico
dam_3827782,Zacchera
dam_5172804,Olvia
dam_10320331,White Rosa
dam_5524729,Respondez
dam_16523087,Princess Salamah
dam_10864154,Bella Estrella
dam_5137622,Heavens Peak
dam_5483842,Damask
dam_7157542,Hawana
dam_6300329,Endeavor
dam_7308595,Queensbrydge
dam_10469431,Bloomfield
dam_5619040,Likeable
dam_16073001,Lady Adelaide
dam_11919187,Cape Liberty
dam_5879433,Zibelina
dam_6312691,Initially
dam_6803790,Highlands Queen
dam_5163858,Sorciere
dam_18198810,Little Hippo
dam_5161191,Society Gal
dam_5890451,Sharin
dam_5671064,Sky Lantern
dam_13382677,Astonished
dam_4073132,Dangle
dam_4496058,Teide Lady
dam_7160293,Pellucid
dam_21673995,Alaata
dam_6217015,Miss Pimpernel
dam_37342081,Wonderworld
dam_4742297,Vasilia
dam_5185488,Law Of The Range
dam_12554703,Menuetto
dam_5419001,Ashley Hall
dam_6027168,Malabar
dam_4078452,Night Fairy
dam_14962304,Beauty Salon
dam_5659570,Elusive Feeling
dam_6310682,Edaraat
dam_16424646,So Claire
dam_6328651,Love Potion
dam_6038788,Lucida
dam_2817066,Background
dam_6282682,Light Music
dam_5744046,Estemaala
dam_11499152,Jedhi
dam_6081796,Orcia
dam_19463115,Anna Sophia
dam_6038851,Pivotique
dam_5344661,Millennium Star
dam_5766530,Kyurem
dam_16028362,Villa Marina
dam_7313103,Horseplay
dam_5343975,Banimpire
dam_5933137,Aurora Borealis
dam_5776932,Scarlet Sonnet
dam_26678400,Rip Van Music
dam_5013799,Inhibition
dam_6200978,Contribution
dam_6016010,Principle Equation
dam_5870165,Inspiriter
dam_22047599,Isa
dam_11195807,Julienne
dam_5536475,Maria Letizia
dam_4243855,Bling Bling
dam_8411753,Bizzarria
dam_10465119,Kalaxana
dam_11700101,Hameem
dam_6276011,Spirited Girl
dam_10957205,Modern Love
dam_10851225,Voicemail
dam_4443159,Hi Katriona
dam_5896184,Heavenly River
dam_5752880,Legal Lyric
dam_5671274,Finalize
dam_7175420,Decisive Intent
dam_5713078,Scouting
dam_5574072,Adeste
dam_5972071,Bellajeu
dam_10056130,Young Majesty
dam_6177332,Aja
dam_5530448,Picalily
dam_6066452,Contenance
dam_18828453,Tajbell
dam_6247549,Gelenschik
dam_5882303,Kanshe
dam_5882373,Full Day
dam_5232745,Lucky Breeze
dam_5696348,We'll Go Walking
dam_5931240,Sinnamary
dam_18500013,Selenography
dam_4070458,Silk Fan
dam_10939544,Who's Steph
dam_6039187,Lady Moscou
dam_5649147,Quiritis
dam_5494048,Party Line
dam_9933959,Jenlen
dam_6111854,Laganore
dam_4971645,Maybe Grace
dam_9051945,Utopian Dream
dam_3929646,Princess Serena
dam_5548179,Paraisa
dam_5186678,Interlace
dam_7733691,Highland Pass
dam_5903464,Serena Grae
dam_27277544,Praden
dam_5977622,Labise
dam_5907426,Oriental Magic
dam_5246437,Alltherightmoves
dam_6036135,Astrelle
dam_4951205,Gerika
dam_5565546,Citizen Advocate
dam_6277012,Midweek
dam_7236593,Hot To Rock
dam_4437839,Waterways
dam_5852049,Red Lady
dam_25538751,Ornelia Ruee
dam_14007749,Achieved
dam_5704510,Lady Pimpernel
dam_34472361,Lealas Daughter
dam_5743220,Granny Franny
dam_6758094,Et Toi Et Moi
dam_8227478,Ellaria
dam_15516354,Sparkling Surf
dam_11700045,Qazyna
dam_5454708,Quite A Thing
dam_5927908,Eastern Belle
dam_21754684,Itiqad
dam_13998866,La Pelosa
dam_14540533,Like
dam_6052123,Local Time
dam_13456247,No Lippy
dam_22150037,South Bay
dam_6195035,Jet Setting
dam_4760133,Vive Les Rouges
dam_3384605,Cassandra Go
dam_31981467,Recife
dam_4914070,Folle Allure
dam_22364300,Westside Tapstress
dam_5595541,Via Ballycroy
dam_34253163,Prominence
dam_6007736,Timbuktu
dam_13671889,Inpromptu
dam_4838806,Muscovado
dam_5575171,Tribune
dam_6257209,Donau
dam_4623409,Pretty Demanding
dam_5356988,Question Times
dam_6317654,High Hopes
dam_2856301,Coyote
dam_4656736,Gwyllion
dam_4046266,Caldy Dancer
dam_6026531,Jellicle Ball
dam_5402852,Indy Punch
dam_5671498,Without You Babe
dam_6028813,Too The Stars
dam_7181944,Bridge Royal Game
dam_5493460,Reckoning
dam_5760650,Shirley's Kitten
dam_5715430,Shifting
dam_9603461,Celestial Secret
dam_6334706,Footlight
dam_6185998,Anwar
dam_9692991,Three Knots
dam_14353318,Doris Bleasedale
dam_5728289,Uleavemebreathless
dam_15986950,Big Brothers Pride
dam_5972407,Gadfly
dam_10833123,Maygold
dam_15346401,Panmolle
dam_412637610,Darkandstormy
dam_5343947,All Time
dam_44975665,Hollow Promise
dam_29987958,Juste Pour Moi
dam_7928053,Saniyaat
dam_4202149,Fearless Flyer
dam_14315189,Camelot Rakti
dam_18518773,My Dandy Doc
dam_10092929,Dan's Dream
dam_6032768,Black Cherry
dam_8478379,Babette
dam_5555557,Angelic Note
dam_6258756,Sharja Queen
dam_5492389,Balm
dam_6254521,Sweet Irish
dam_5102020,Fairy Shoes
dam_5726903,Midnight Flower
dam_7160706,Textured
dam_5198109,Winifred Jo
dam_5372066,Marion Antoinette
dam_6321287,Rouge Noir
dam_6067040,Corazon Canarias
dam_6059767,Pure Line
dam_6082097,Wanting
dam_5714282,Dawning
dam_6296801,Emreliya
dam_6093717,Seychelloise
dam_13491352,Elenora Delight
dam_17762031,Dara's Girl
dam_5638164,Petite Georgia
dam_5523028,Vera Richardson
dam_18952542,Miramont
dam_11016152,Final Set
dam_4169312,Halfway Home
dam_5892845,Lettre De Cachet
dam_6308428,Virfolette
dam_4440737,Artic Bliss
dam_11275054,Pilaster
dam_4818345,Pretty Neat
dam_6106422,Fleche D'Or
dam_6073648,Balsamine
dam_5834059,Wall Of Sound
dam_5898389,Vivere
dam_4105262,Megec Blis
dam_4904277,Present Your Own
dam_5923232,Val Sugana
dam_4556279,Rag's Lady
dam_5336940,Our Gal
dam_29917552,Conors Miracle
dam_21614768,Marble Memory
dam_11499173,Pioneer Spirit
dam_6084358,Bulrushes
dam_6752424,Tropical Rock
dam_6009003,Dark Sunshine
dam_5511926,Hymn To Love
dam_3632853,Ges
dam_5217723,Top Act
dam_5843439,Bye Bye Birdie
dam_3730321,Fleur D'Ajonc
dam_39296621,Chanelle Dagrostis
dam_6241452,Tullow Tonic
dam_32089519,Douna De Juilley
dam_28903378,Funny Fish
dam_24115014,Altitude Sud
dam_5844587,Codrina
dam_4115419,Bonnet's Pieces
dam_5756219,Red Smart
dam_29622467,Case Hardened
dam_5931478,Telegraphy
dam_5828501,Present Attraction
dam_4609178,As You Leave
dam_21163961,Hiwaitilitellu
dam_5115901,Water Rock
dam_7344491,Aweebounce
dam_5632277,Tropical Ocean
dam_22633268,Glenlogan
dam_5865713,Leyla's Gift
dam_6012447,Nomad Attitude
dam_4155963,Sarahs Quay
dam_3988320,Tenpence
dam_4799830,Oceana Blue
dam_4127221,Baile An Droichid
dam_5508118,Merry Gladness
dam_6467643,Crystal Princess
dam_30245999,Thelemise Du Mou
dam_7646597,Avenue Dargent
dam_5626796,Faustina Pius
dam_6210316,Linen Line
dam_5962439,Tiger Bay Lady
dam_4915848,Classic Remark
dam_6305936,Champagne Mega
dam_5707079,Lofte Place
dam_5835977,Omyn Supreme
dam_6229944,Stickee Fingers
dam_5975907,Tara Mac
dam_5070506,Contredanse
dam_4597236,Safari Run
dam_5122803,Antagua
dam_5604011,Heels Overhead
dam_9658075,Heritage Quay
dam_6030780,Madame Grove
dam_27889309,Garraidubh
dam_40075714,Classic Girl
dam_5035401,Crocus Rose
dam_4454681,Grapevine Sally
dam_3866961,Gales Hill
dam_5298258,Classic Angel
dam_5838287,Shuil Milan
dam_4892188,Sherchanceit
dam_4120466,Loin De Moi
dam_4556272,Atomic Betty
dam_28825048,Carrigmoorna Fame
dam_6348664,Teskaline
dam_5451740,Queen Of The Blues
dam_5906348,Tahira
dam_4539549,La Dame Brune
dam_5902001,Ebaniya
dam_4483304,Marias Dream
dam_5441086,Toubeera
dam_27697488,Miss Leele
dam_5028506,Katmai
dam_5252317,Kaituna
dam_6148835,Goodbloodbadblood
dam_5698826,Long Face
dam_5450235,Dancing Emily
dam_15986852,Una Sorpresa
dam_20033139,Villebruyere
dam_17371277,Miss Massini
dam_4914868,Arts Theater
dam_5395635,Qualitee
dam_8746262,Drinks Interval
dam_4827739,Masiyma
dam_15451835,Regba
dam_17562853,Simonsfleur
dam_5468890,My Miss Lucy
dam_6312796,Heavenly Scent
dam_8525384,Maria's Benefit
dam_29295497,Feldaline
dam_4948272,Exceedingly Good
dam_6014428,Catherines Well
dam_4914140,Myakoda
dam_6111903,Westerner Lady
dam_5669034,Amazing D'Azy
dam_18999400,Nicolosia
dam_6018572,Celestial Dancer
dam_5562900,Shamarbelle
dam_4431329,Shuil Bob
dam_6022191,Riva Snows
dam_27359038,Summer Again
dam_5081720,Classic Pearl
dam_5143257,Zihuatanejo Breeze
dam_5447554,La Belle Sauvage
dam_4458461,Pretty Lady Rose
dam_4162977,Capestar
dam_13446328,Mons Meg
dam_23165555,Episodique
dam_12704615,Coolaghmore Yeats
dam_4638263,Calimesa
dam_5522748,Tigresse Bleue
dam_5945632,Samrana
dam_3900673,Suetsu
dam_5624157,Ulifa D'Airy
dam_6132133,Sans Peur
dam_5540122,Andreas Pride
dam_31965444,Holly Royale
dam_5229378,Whatareyousaying
dam_6113576,Anna Holty
dam_5585412,Narla
dam_4829055,Rudi Rudirudi
dam_10043628,Mountainviewqueen
dam_5218955,Carrigeen Lechuga
dam_3831716,Chamdespoir
dam_3325973,Trebles
dam_3572814,Tabachines
dam_15739577,Lady Charmere
dam_5446301,Miss Compliance
dam_6606593,Salvatrice
dam_5230638,Santalisa
dam_5066502,Hobb's Dream
dam_5619572,Forever Present
dam_6097581,Thea
dam_6231064,Cantata Too
dam_5953045,Tagalong
dam_6210960,Anadara
dam_27139784,Cherry Island
dam_5939171,Gaye Memories
dam_5214202,Tunis
dam_7308392,Nour'Spirit
dam_5604088,Marble Game
dam_4445231,Krasota
dam_17761751,Justfirstlady
dam_5133086,Suave De Sivola
dam_36712207,Lady Osborne
dam_5853631,Sea Meets Sky
dam_8541253,Vue Fantastique
dam_5859196,Meebo
dam_9758952,Asanta Sana
dam_14073143,Amaranthe
dam_10303160,Rainbow Rising
dam_3172162,Mutatis Mutandis
dam_3960712,Danaskaya
dam_5504744,Piranha
dam_17692878,Fonthill Abbey
dam_11818233,Ceilidhs Dream
dam_21648844,Chica Bella
dam_5707513,Maid A Million
dam_14718095,Isaan Queen
dam_7082019,Serenity Dove
dam_10882011,Ice Storm
dam_14603162,Noblesse Oblige
dam_5135900,Afrodita
dam_5890668,Allegation
dam_24517871,Suddenly
dam_39060693,Moon Melody
dam_6016388,Kindly Dismiss
dam_5151370,Takaliyda
dam_20457283,Schmoozie
dam_7344400,Miss Icon
dam_5870249,Swiss Kiss
dam_5821494,Lilbourne Lass
dam_5742079,Pop Art
dam_5761070,Burnt Fingers
dam_5947396,Glee Club
dam_6000274,Paddy Again
dam_42261219,Heavenly Edge
dam_13961535,Implicit
dam_22026137,Praised
dam_8010184,Marseille
dam_5500397,Alice's Dancer
dam_6347348,Evening Starlight
dam_10197558,Out Of The Flames
dam_9396597,Toolatetodelegate
dam_9960839,Razzmatazz
dam_4579995,Baltic Belle
dam_6085485,Colorada
dam_9843141,Faithful Promise
dam_26636113,Cajun Moon
dam_4639544,Malyana
dam_18041408,Scenesetter
dam_5499235,It's My Time
dam_6466936,Sweet Sienna
dam_5763268,Venturous Spirit
dam_7101360,Chica De La Noche
dam_4884474,Wake Up Call
dam_5110567,Lady Lube Rye
dam_25992778,Totsiyah
dam_29842638,Populist
dam_17857217,Hint Of Red
dam_5834241,Marjong
dam_4989432,Rublevka Star
dam_4813858,Jollyhockeysticks
dam_6988891,Miss Fay
dam_5346663,Barbieri
dam_5900265,Misu's Maite
dam_16500260,Ivory Charm
dam_8251733,Passcode
dam_4989369,Ghanaati
dam_5029241,Storming Sioux
dam_6337128,Australian Queen
dam_4880869,Dubai Legend
dam_7595679,Spain Burg
dam_6020434,High Drama
dam_3983203,With Distinction
dam_4487007,Price Tag
dam_6039705,Quinta Verde
dam_5426337,Soon
dam_16018324,Soala
dam_6149892,Taqdees
dam_15170617,Encapsulation
dam_6025250,Jack Naylor
dam_6275395,Ceol An Ghra
dam_6118301,Silken Ocean
dam_5525926,Missunited
dam_28013944,Grianan Ailigh
dam_6929944,Melesina
dam_15325268,El Gumryah
dam_29917461,Best Friend
dam_5668558,Hazy Glow
dam_4037978,Gracefully
dam_17136952,Silberpfeil
dam_5315856,Ana Zghorta
dam_6246212,Stacey Sutton
dam_17841670,Durance
dam_15551333,Redemptive
dam_5515587,School Fees
dam_6105750,Guavia
dam_5205340,Sweet Secret
dam_5690363,Pivotting
dam_6194293,Jolly Juicester
dam_6221852,Archangel Gabriel
dam_4866722,Jane's Payoff
dam_7178829,Station House
dam_11221483,Cherina Dynamite
dam_6081621,Valoria
dam_25325587,Mirdhak
dam_5302808,Gatamalata
dam_6213872,Unilit
dam_24698107,Signora Valentina
dam_3947125,Persario
dam_5842291,Never A Quarrel
dam_13022205,Inspired Thought
dam_5490485,Glory Power
dam_8387932,Multicultural
dam_6095572,Casila
dam_5857670,Zawiyah
dam_14892360,Accommodate
dam_4733617,Cake
dam_5517127,Cheworee
dam_22074248,Dreaming Of Stella
dam_9733521,Same Life
dam_5395943,Tosca De Coddes
dam_34320125,Daya Win
dam_11603032,Ballcrina Girl
dam_5786438,Inchmina
dam_46634721,Barbapapa
dam_4892279,Wistow
dam_5184578,Aoife Alainn
dam_29608943,Shanghai Rose
dam_5855164,Rubber Bullet
dam_4806228,Katiyra
dam_4704161,Falcon's Gunner
dam_5421430,Espresso Lady
dam_4472825,Aspolina
dam_4218137,Mise En Place
dam_30002238,Captivate
dam_5087593,Bisoguet
dam_27697495,Urbi Et Orbi
dam_4563391,Circus Rose
dam_5625186,Dedoctorsdaughter
dam_5366753,Dragonera
dam_6972322,Tavera
dam_5307169,Mrs Eff
dam_34623183,Autre Mer
dam_21475888,Afaraka
dam_5580722,Yellow Ball
dam_5143404,She's On The Case
dam_5266961,Fiddlededee
dam_5895183,Annie's Gift
dam_7060823,Daisy De Sivola
dam_5863662,Coco Be Cool
dam_4125905,Laurana I
dam_3971058,Four Green
dam_4773223,John's Eliza
dam_5292399,Carrigeen Kariega
dam_4956798,Lady Fame
dam_5991069,Rebekah Rabbit
dam_4210710,Ask For Rain
dam_12355931,Ondine De Brejoux
dam_5232472,Chicklemix
dam_5455954,Keyaza
dam_17809001,Madame Bleue
dam_27766487,Ballinahow Ann
dam_22513890,Box Of Trix
dam_17950114,Lissard Lady
dam_5184683,Lady Hight
dam_5463633,Kalygarde
dam_4463179,Clan Music
dam_27250923,Back On Stage
dam_3929303,Native Design
dam_6024550,Venerie
dam_5668992,Mrs Peachey
dam_5887000,Noir Girl
dam_4716838,Chitty Bang Bang
dam_18445147,Canyara
dam_6321350,Down On My Knees
dam_6083070,Fannyjul
dam_4627728,Hakuna
dam_5650015,Solvalla
dam_2847390,Chit Chat
dam_30110640,All The Queens
dam_6613796,Peal Of Bells
dam_38002636,Vicky Jane
dam_4241874,Josette
dam_4890123,Model Girl
dam_6167385,Marienstar
dam_6186761,Actinpieces
dam_13819470,Deadline Diva
dam_6043177,Rosie's Premiere
dam_14285621,Spirit Kingdom
dam_6151033,Special Queen
dam_31214428,Emeriya
dam_18226964,Lyrical Beauty
dam_5568521,Silent Moment
dam_5506102,Comnena
dam_3044307,Shesells Seashells
dam_6347579,Queen To Be
dam_5751585,Ada Lovelace
dam_6466859,Davinci Dawn
dam_4642330,Boleyna
dam_16675596,Adelante
dam_18809532,Graceful Magic
dam_6310227,Prisom
dam_6312614,Not Misbegotten
dam_22513036,Seduct
dam_3932047,Bishop's Lake
dam_42005264,Lady Cashback
dam_6265028,Rosie Royce
dam_21995043,Tex Australia
dam_6316380,Malmostosa
dam_4207084,Descriptive
dam_5857719,Black Rodded
dam_5971945,Diamond Blaise
dam_5112401,Vilnius
dam_6989094,Megan Lily
dam_10442516,Fenagh
dam_5681137,Talampaya
dam_5490450,Canada Water
dam_10714557,Dancer Cross
dam_7561617,Evies Wish
dam_38018582,Samsational
dam_5819226,Phantom Spirit
dam_5663868,Excel Yourself
dam_4964505,Lady Brora
dam_6709010,The Tulip
dam_5343548,One Spirit
dam_16313465,Natsovia
dam_5167533,Sent From Heaven
dam_7096852,Sibilance
dam_4874380,Thankful
dam_4500650,Tamazug
dam_3847557,Swiss Lake
dam_10246173,Lightening Dance
dam_32683427,Kofariti
dam_19217457,Brunelle
dam_19830615,Spring To Mind
dam_21964908,Dalhousie
dam_6232891,Ashadihan
dam_6753915,Easy Times
dam_5735184,Eminently
dam_5150887,Altruiste
dam_5469961,En Vedette
dam_4592623,Downsouth
dam_18181779,Highly Presentable
dam_4573702,Garlucy
dam_32472797,Dora Du Desert
dam_16206694,Rose D'Ete
dam_5600301,Miss Lucky Penny
dam_5447897,Minnie Maguire
dam_18414746,Flaming Flower
dam_6041413,Kalema
dam_6036737,Cloud Break
dam_6203680,Mariah's Way
dam_6265994,Miss Me Now
dam_2839011,Canoodle
dam_7170030,Rosa Damascena
dam_6347565,Mawaweel
dam_13085184,Far Away Rock
dam_6163003,Hasiteasy
dam_31965220,Zanzibelle
dam_5296039,Ardissone
dam_5444264,Swincombe Flame
dam_18582326,Ultime Creek
dam_5773243,Vista Palma
dam_37096332,Grande Symphonie
dam_5817252,Bonnet's Vino
dam_4596480,Eternal Legacy
dam_5851909,Carrigeen Acebo
dam_6221089,Lyrical Dunes
dam_4524674,Talktothetail
dam_19983341,Much Appreciated
dam_5555921,Triple Star
dam_6016458,Adamantina
dam_4174142,Nijadenn
dam_5945653,Aloha Iwanaga
dam_6111819,Choisille
dam_33080894,Nova Destiny
dam_4779313,Sail
dam_39547865,Kaproyale
dam_22864870,Uvanana
dam_6176310,Larkfield Lass
dam_4659970,Little Carmela
dam_5974878,Mistress Mole
dam_5909575,Behana
dam_5040189,Palmito
dam_5328015,Beyeh
dam_5928006,Littlegrace Lady
dam_4572764,Miss Dela
dam_34789685,Johara
dam_4866141,Flutter Bye
dam_34789846,Fluffy Clouds
dam_19927901,Keep Face
dam_24494771,Three Wood
dam_5921328,Raitera
dam_5035450,Captivating Tyna
dam_5348896,Battery Power
dam_6021974,Miss Serious
dam_5938408,The Keane Edge
dam_5595065,Tops Island
dam_3614429,La Shalak
dam_5257896,Madame Allsorts
dam_6980827,Oh Sedulous
dam_5424937,Justfour
dam_5244337,Mi Money
dam_4216030,Ahdaaf
dam_5143523,Mayolynn
dam_5909428,Boherna Lady
dam_5005945,Step Fast
dam_7655081,Dauphine Ereine
dam_34268521,On The Tear
dam_5728107,Spieta
dam_5632522,Our Katie
dam_5829502,Whisper Rock
dam_28825013,Gaye West
dam_5607203,Templiere
dam_5721163,Capuccina
dam_4109679,Madame Stella
dam_29327298,Mandarli
dam_4953144,Baraka Du Berlais
dam_5927173,Dotchenka
dam_6057289,Pisces
dam_6120947,Playa Du Charmil
dam_24051636,Strong Roe
dam_6340712,Assistance
dam_6176191,Kitty Power
dam_5263748,Tazzarine
dam_5234180,Ease And Grace
dam_6186103,Premier Blanc
dam_5397896,Elizabeth Coffee
dam_6567911,G For Ginger
dam_5890633,Maid Of Tuscany
dam_6096118,Lightning Breeze
dam_5718678,Lonely Star
dam_15800540,Northern Belle
dam_5573701,Trasimene
dam_41971965,Gymnastic
dam_6052662,Piedra
dam_5426099,Perfect Delight
dam_24434263,Al Hamla
dam_10704918,Jafetica
dam_6269711,Chandresh
dam_5744837,Sharqawiyah
dam_6315463,Loveisreckless
dam_5899474,Lustrous
dam_5188029,Acquainted
dam_6047769,Deter
dam_5685148,Galaxy Highflyer
dam_6289941,Tiga Tuan
dam_6024151,Lady Kyllar
dam_5886405,Chicago Girl
dam_4912236,Miss Glitters
dam_5615183,Rio's Pearl
dam_5874400,Sign From Heaven
dam_5318495,Gypsy Style
dam_5526269,Ultimate Best
dam_18455724,Pax Aeterna
dam_5787292,Quelle Affaire
dam_6152167,George's Gift
dam_4963973,Adorn
dam_6222538,Vitello
dam_18840836,Plane Tree Fairy
dam_6753110,Norwegian Highness
dam_21986125,Gemini Glory
dam_6754356,Tap The Dot
dam_5443557,Caelis
dam_4066412,Firebelly
dam_5714247,Seramindar
dam_6143459,Reverent
dam_4706569,Cocabana
dam_6039929,Think Snow
dam_10591028,Dark Blue
dam_6231869,Pretty Jewel
dam_17286703,Midsummer Breeze
dam_7099001,Maqueda
dam_21403991,Sparkling
dam_5537819,Goldstorm
dam_5228734,Dance Every Dance
dam_5529034,Emmuska
dam_21669683,Queen Philippa
dam_5189177,Lady Slippers
dam_6036534,Never Again
dam_11711413,Spirit Of Appin
dam_17110380,Morning Jewel
dam_25325286,Wiesenlerche
dam_11526193,Bubble And Squeak
dam_3997854,Silver Rain
dam_4648672,Starry Messenger
dam_5452510,Janey Muddles
dam_6029870,Pryers Princess
dam_3810555,Bella Beguine
dam_5136082,Faithful Duchess
dam_5840793,Reign
dam_4121677,Shannon Rose
dam_5058368,Ryde Back
dam_5773838,Mistral Reine
dam_4940229,Sahara Sunshine
dam_33302682,Ballinlina
dam_29917573,Keats Queen
dam_40352655,Glittering Ovation
dam_24832773,Seventh Surprise
dam_6010865,Kullu Valley
dam_5966590,Millicent Silver
dam_6333929,Janes Boutique
dam_5846645,Shesafoxylady
dam_39169361,Bruens Folly
dam_6852692,Drops Of Jupitor
dam_22057091,Forever Young
dam_4701494,Carmela Maria
dam_4225571,Rabbit
dam_29394554,Canzka D'Airy
dam_5621700,Midnight Belle
dam_18216604,Parkview Delight
dam_3961363,Ancone
dam_5205984,Feis Ceoil
dam_4887981,Mewstone
dam_6244217,Kuriosa
dam_4740295,Overthrow
dam_5115215,Court Wing
dam_18882171,Evolue De Palma
dam_4382847,Don And Gerry
dam_5095727,Present Promise
dam_3934658,Aos Dana
dam_6030794,Loughbricklandrose
dam_5262096,Misstree Pitcher
dam_5596241,Mystic Cherry
dam_5611872,Scrapper Jack
dam_9721285,Vbadge Treat
dam_6009451,Bahia De Cerisy
dam_16245551,Altesse Sacree
dam_5004419,Arrive In Style
dam_5260374,Lady Karinga
dam_47345424,Misty Rose
dam_14059073,Dione
dam_18739518,Quickstep Queen
dam_4437895,Ellcon
dam_19107816,Game And Set
dam_10939537,Lady Heart
dam_6246191,Dancing Star
dam_6253954,Bear Cheek
dam_18324061,Crime Of Passion
dam_5493607,Donatia
dam_5757157,Clearing
dam_19173203,West End Girl
dam_17692906,Varamini
dam_13491198,Dragon Beat
dam_5958666,Saturday Girl
dam_10504634,Infanta Isabella
dam_27236587,Swept Away
dam_5949720,Ishiamber
dam_5892243,Cape Cod Carol
dam_5545547,Alsindi
dam_5958610,Break Time
dam_7919051,Silver Cloud
dam_6237063,Madame Butterfly
dam_21668185,Dandy Groove
dam_6283900,Black Bess
dam_43062985,Drama School
dam_5712875,Lizzie Tudor
dam_16313430,Kesia
dam_11125982,Lightening Quick
dam_39061414,Montjeu's Lady
dam_10303153,Chatting
dam_4981592,Night Lily
dam_13829669,Queen Of Bermuda
dam_24064145,Onyali
dam_4884313,Golden Rosie
dam_6007015,Marsh Daisy
dam_5933480,Volkovkha
dam_6293756,Heartstone
dam_11481848,This Girl
dam_4561725,Whazzis
dam_4776786,Samira Gold
dam_5893825,Dutch Lady
dam_25040855,Paulinie
dam_6009143,Ceaseless
dam_6332361,Danilovna
dam_6288730,Sagely
dam_6258210,Best New Show
dam_6285734,Rostova
dam_5505395,Pearl Diva
dam_6024144,Kinematic
dam_5637408,Nardin
dam_11305868,Cork Harbour
dam_6095012,Estournel
dam_41845657,Fern
dam_18424616,Allez Alaia
dam_16206820,Ama Dablam
dam_15876742,Arctic Ocean
dam_9923319,Poppet's Promise
dam_19060846,Mild Illusion
dam_5690608,Pira Palace
dam_14793198,Red Saree
dam_5854429,Snow Scene
dam_10523800,Sarshampla
dam_10804416,Displaying Amber
dam_6000316,Baileys Pursuit
dam_5525604,Shawka
dam_5131574,Flame Of Gibraltar
dam_2815505,Aurelia
dam_4972723,Boucheron
dam_5173098,Music Show
dam_13085086,Rose Law
dam_4769863,Kirunavaara
dam_20597339,Kates The Boss
dam_6298103,L'Atmosphere
dam_5894567,Duplicate Daughter
dam_4793726,Liss A Chroi
dam_8796305,Flood Warning
dam_6106296,Milly Baloo
dam_5527473,Pharney Lady
dam_20032978,Land Of Pride
dam_28916580,Coronet
dam_16652944,Thanks Bobby
dam_4068064,Snob's Supreme
dam_5693324,Ittimetogo
dam_6178522,Regal Empress
dam_6291530,Bassika D'Airy
dam_5451572,Smiths Lady
dam_5279148,Nodelay
dam_4817274,Mahaatheer
dam_5314862,Tatispout
dam_5049989,Glittering Star
dam_27578390,Eyes On The Stars
dam_4693192,Debut
dam_12001255,Apple Trix
dam_2827272,Blaeberry
dam_5641363,Onvavoir
dam_5891991,Dancing With Stars
dam_4658969,Constant Approach
dam_5545883,Maven
dam_50036014,Silver Wish
dam_6023101,Presently Tipsy
dam_5790309,Southern Squaw
dam_3071656,Terentia
dam_6106254,Simply Rouge
dam_5876871,Vie Sa Vie
dam_6360249,Vita Nuova
dam_5209645,Ballinacraig
dam_4903598,Santia
dam_5690153,Morning With Ivan
dam_34542711,Rathleek
dam_5834710,Tell The Tale
dam_34073515,Gaye Annie
dam_5328078,Misscomplacent
dam_4379655,The Wounded Cook
dam_3608528,Bollin Nellie
dam_5127626,Dolce Vita Yug
dam_5623282,Santoria
dam_5294338,Ixora
dam_5324200,Shady Pines
dam_5323528,Eva's Time
dam_4594387,New Delice
dam_35175980,Liss Iontach
dam_4050718,Another Pet
dam_3854158,Raphuca
dam_5459230,Milan Athlete
dam_22983415,Belle Glory
dam_45982426,Dieu Nous Garde
dam_5865538,Rock High Lady
dam_32982439,Rosshill Opera
dam_5886853,Tarfasha
dam_13684783,Endless Ambition
dam_5134199,Black Annie
dam_13285062,Kilbarry Lilly
dam_5665905,Maggie Howard
dam_22873515,Kilbarry Flame
dam_4591748,High Life
dam_5432315,Langley House
dam_4856978,Primrose Time
dam_6088488,Bark
dam_5028380,Pezula
dam_4667901,Rare Ruby
dam_4051341,Supreme Magical
dam_5211423,Kekova
dam_6178431,Don't Point
dam_5568773,Rainbowline
dam_13004222,Liss Agragh
dam_5426113,Poly Pomona
dam_5656301,Black Mascara
dam_4439939,Maternelle
dam_5937358,Jane Hall
dam_4907770,Printing Copper
dam_4585399,Oeuvre Vive
dam_5829187,Belobaka
dam_4971883,Qape Noir
dam_5395432,Toi Et Le Soleil
dam_6090903,Sleeping Diva
dam_13153343,Stein Castle
dam_5976481,Ballyknock Hill
dam_5018230,Bollin Judith
dam_4633125,Fennor Rose
dam_6439202,Clovelly
dam_3979794,Name For Fame
dam_6062819,Perfect Rhythm
dam_3853535,Sundus
dam_13789146,Albanderi
dam_6066508,Rivers Of Babylon
dam_5488973,Curious Lashes
dam_5721107,Sushi Tuna
dam_4814782,Short Affair
dam_4989446,Welsh Anthem
dam_3815350,Ing Ing
dam_6182813,Val D'Hiver
dam_5171390,Wood Fairy
dam_5933130,Almashooqa
dam_4811702,Gibboghstown
dam_4801349,O Fourlunda
dam_50436442,Pleisiur
dam_5778556,Bacchonthebottle
dam_30284793,Bernice
dam_5157516,Snow Fairy
dam_4967571,Casual
dam_4799550,Just Like A Woman
dam_5375944,Elfine
dam_3841607,Perfect Fun
dam_5070541,Hamloola
dam_6108620,Coral Queen
dam_4989362,Fisadara
dam_39191299,Azeyma
dam_6305495,Abonos
dam_8300600,Little Miss Daisy
dam_18504598,Lorelei Rock
dam_5470360,Almond Branches
dam_19742373,Mrakeb
dam_49325514,Dreamboat Annie
dam_6279091,Roccor
dam_5900860,Musicology
dam_10391395,Moons Of Jupiter
dam_5340986,Volcanic Lady
dam_5475232,Tahlia Ree
dam_3293780,Statua
dam_3524542,Titian Queen
dam_5307729,Beauty Pageant
dam_5834906,Deux Saisons
dam_7282023,Lady Alienor
dam_5483975,Passionada
dam_6296472,Dutch Destiny
dam_9057146,Rusookh
dam_22413594,Green Boulevard
dam_4670484,Cyd Charisse
dam_5731446,Silasol
dam_4223072,Irish Question
dam_6803811,Palinodie
dam_6100353,Chosen Destiny
dam_5837685,Loxhill Lady
dam_4651535,Ommadawn
dam_5266338,Noras Fancy
dam_10358922,Gortnagowna
dam_5871040,Mystery Drama
dam_5378443,Dream Performance
dam_4680326,Manorville
dam_5009102,Palme Royale
dam_4643254,John Quatz
dam_4545002,Bobsyourdad
dam_6185235,Queva De Sarti
dam_12584572,Manaka
dam_3334856,Flaurella
dam_6028092,Archange
dam_6195770,Eardisland
dam_5337815,Panoptic
dam_22975484,Jane's Budget
dam_4223121,Monsusu
dam_5694010,Theregoesthetruth
dam_3619812,Ede'Iff
dam_4799641,Time To Act
dam_4229596,Hoh My Darling
dam_5552736,Utopie Des Bordes
dam_6158026,Kayf Willow
dam_5001234,Clarte D'Or
dam_4560661,Four Miracles
dam_5309353,Rumh
dam_6819176,Aunt Eva
dam_5363631,Bobbi's Venture
dam_4856957,Flirtatious
dam_6178291,Lola's Reflection
dam_6187055,Bob Robin
dam_11195702,Quri
dam_35203525,Tub Of Harte'S
dam_4894379,Quivvy Bridge
dam_7344456,Wizard's Sliabh
dam_40899810,Wygram
dam_5669041,Bella Lawena
dam_51124892,Jean Bishop
dam_6046740,Solojorie
dam_4581283,The Central Lady
dam_16699851,Havana Jane
dam_4947481,Glorious Dreams
dam_5655825,Baileys Jubilee
dam_5674697,If So
dam_10303328,Luceita
dam_5879314,Dry Your Eyes
dam_7654913,Normandie
dam_6023885,Exceed Sensazione
dam_4523428,Holda
dam_6914691,Discipline
dam_5890010,Three D Alexander
dam_10424631,Easter Lily
dam_31865267,Proserpine
dam_5684280,Boston Rocker
dam_4488715,Quaich
dam_6136298,Molly Dolly
dam_3857553,Crystal Valkyrie
dam_13974954,Lucky Charm
dam_6011222,Moonvoy
dam_7646478,Show Me The Music
dam_5230484,New Magic
dam_5493397,Intense Pink
dam_5357807,Shaarfa
dam_4886427,Super Midge
dam_6466929,Poppy Pivot
dam_10965115,Lady Willpower
dam_6008324,Magical Daze
dam_6980652,Toy Theatre
dam_6151040,Wonderful Life
dam_5511310,Ocean Sands
dam_6298152,Pleasantry
dam_5574086,Gallipot
dam_2930074,Kate The Great
dam_6003319,Danehill Revival
dam_7313068,Wind In Her Sails
dam_5556488,Irishstone
dam_5390329,Regal Salute
dam_14175476,Dubai Blue
dam_5182121,Sailor Moon
dam_10804507,Dandy's Beano
dam_10833228,Jumira Princess
dam_36738485,Experte
dam_7355628,Hadrienne
dam_13772794,Hypothetically
dam_8387792,First Priority
dam_5166392,Aquarius Star
dam_21946533,No Panic
dam_8338246,Ashwaq
dam_5744347,Dularame
dam_4927146,Saphira's Fire
dam_5887161,So In Love
dam_5763982,Circleofinfluence
dam_28014105,Intisaar
dam_6029219,Brynica
dam_5464858,Alkhawarah
dam_5135634,Celestial Girl
dam_5881715,Mumtaza
dam_3591077,Camp Fire
dam_24494750,Fantastic Lips
dam_11894421,Shakdara
dam_4777444,Raymi Coya
dam_5586147,Trail Of Tears
dam_7065114,Dawn Horizons
dam_6084771,Tocororo
dam_18144105,Princess Knapping
dam_5010173,Stravinsky Dance
dam_24494841,Soeur Gael
dam_6191087,Fairy Theatre
dam_4937002,Valleyofthedolls
dam_5698154,Spartan Angel
dam_6276746,Mayasa
dam_9818837,Blessingindisguise
dam_40205620,Ok Whats Next
dam_6009486,Briska Des Bordes
dam_28191205,Fairy Hill
dam_3861137,Maiden Voyage
dam_29117410,Killiney Gold
dam_5087264,Present Your Case
dam_6048098,Guajara
dam_4252955,Jolie Menthe
dam_5209057,Natural Spring
dam_7121646,Back To Loughadera
dam_4559184,Western Sky
dam_5907734,Limousine
dam_6342413,Noor
dam_31965717,Valia Du Reponet
dam_10170244,Wazin
dam_5510596,Lupa Montana
dam_20049897,Lady Butterfly
dam_20487250,Queen Of All
dam_5797148,Weisse Socken
dam_9603335,Elnadim Star
dam_4991126,Glen Molly
dam_11784542,Princesschope
dam_10416875,On The Line
dam_5712280,Euphrasia
dam_6142262,Sea Paint
dam_4603872,Featherlight
dam_20664658,Tassina
dam_4905159,Miss Brown To You
dam_5726399,Hot Wired
dam_6078317,Merritt Island
dam_5991097,Inca Trail
dam_14220955,Dubai Cyclone
dam_18445168,Bacheliere
dam_5862430,Bewitchment
dam_3543743,Holy Nola
dam_5530245,Many Hearts
dam_4968166,Silver Games
dam_13696004,Rainbow Heart
dam_5886496,Beylerbey
dam_5357555,Dolly Colman
dam_6347593,All I Need
dam_5881218,Miss Brazil
dam_5881414,Royale Du Buisson
dam_21946547,Monclaire
dam_7042273,Kilmah
dam_5685036,Paella
dam_6045270,Interlacing
dam_31022488,Leading Queen
dam_6285727,Pacharana
dam_4800411,Blessing
dam_4938584,Ivy Queen
dam_25014171,Belmiesque
dam_5450711,Bright Blaze
dam_4636205,Monet's Lady
dam_4890837,Dar Dar Supreme
dam_2992080,Olympic Medal
dam_5111624,Reine De Re
dam_3992828,Miss D'Estruval
dam_5206810,On Khee
dam_6131041,Western Starlight
dam_5376819,Toscane
dam_5032769,Ruthenoise
dam_5402145,Miss Taggle
dam_6350120,Bestow
dam_4729858,Hello Kitty
dam_4068883,Beann Ard
dam_9711366,Serpentine Mine
dam_5994373,Pinamar
dam_4936673,Square Sphere
dam_22829191,Happynees
dam_4520810,Alexander Divine
dam_4756003,Lounamix
dam_12903842,Becky B
dam_4154941,Frankly Native
dam_26740525,Grandy Serenade
dam_27359031,Carleys Flight
dam_6305418,Sumability
dam_5264000,Keys Hope
dam_6277047,Miss Anneliese
dam_24372831,Nadeems Stella
dam_5135081,Brixen
dam_5772277,Dochas Supreme
dam_5624185,Une Dame D'Avril
dam_4854703,Line Artic
dam_6347432,Dizzy Frizzy
dam_5686408,Indian Fairy
dam_5955453,Genesta
dam_4097345,Dame Foraine
dam_4670029,Diavoleria
dam_4551414,Ribble
dam_5388530,Ssafa
dam_34874511,Lucyintheskywith
dam_5025734,Our Dot
dam_5414290,Alta Anna
dam_6239205,Turret Rocks
dam_5612663,Julimark
dam_6322624,Cherry West
dam_4585868,Winning Counsel
dam_4951590,Salsaparilla
dam_11829664,Presenting Chaos
dam_20550124,Neat 'n Nimble
dam_4930842,Royal Choice
dam_9412886,Maidrin Rua
dam_18705498,Cush Bach
dam_3007802,Popaway
dam_5846638,Pink Hat
dam_5316752,Wasara
dam_4676903,Fascinatin Rhythm
dam_10043089,Malindi Bay
dam_4065740,Oh Susannah
dam_6862058,Similaresisoldofa
dam_4725588,Lewesdon Duchess
dam_5276404,Jiggle Joules
dam_4680690,Inghwung
dam_6123593,Quel Bleu
dam_5655391,Lulu Rouge
dam_6147176,Douce Irlandaise
dam_5875184,Foxy Lauren
dam_5221587,Not Now Nellie
dam_4596543,Consuelita
dam_5009844,Happy Flight
dam_10504319,Gertie Getaway
dam_28720188,Claras Mighty
dam_6258665,Heaven Scent
dam_5741764,Uddy
dam_4662987,Serres
dam_6148779,Godlylady
dam_8517467,Santa Dame
dam_4252682,Lemon Cello
dam_4258163,Snow Water
dam_10256722,Waitingforachance
dam_5133905,Bombalong
dam_5426148,Something Graceful
dam_5447631,She Ranks Me
dam_5349771,Thalie Hurley
dam_25180008,Silver Bell
dam_5622036,Brockwell Abbey
dam_4178125,Reseda
dam_37576861,Shrule Girl
dam_18653810,Definite Asset
dam_6339641,Annie Greene
dam_6316198,Bells Glory
dam_5118190,Our Girl Salley
dam_17587458,Holmshill Gill
dam_4956301,Wendy Du Berlais
dam_4584440,Give Us A Look
dam_5925437,Fine Lily
dam_5386080,Sapphire Flame
dam_37701664,Violaine
dam_4185195,Sari Rose
dam_27250937,Leapy Lady
dam_4773111,Gudnis Gracious Me
dam_4615989,Lillie Lou
dam_5918374,Denisette
dam_4526375,Luas Luso
dam_4573632,Bell Storm
dam_5927117,Solar Wind
dam_4549643,Jouable I
dam_37576007,The Right Thing
dam_9852906,No Plain Jane
dam_5108425,Cloudy Spirit
dam_9531606,Tavira
dam_26948082,Norma Jean
dam_29312801,Centre Field
dam_9960468,Calonge
dam_6119225,Gaye Flora
dam_21221844,Blume
dam_5296186,Carrig Millie
dam_5459902,Our Jess
dam_3816260,Gli Gli
dam_9759211,Down Under
dam_24687558,Roughan Daisy
dam_6118266,Seeking Susan
dam_5748120,Charming Leader
dam_6137817,Islands Sister
dam_22738877,Bartlemy Bell
dam_5133919,Dare To Doubt
dam_5934845,Prettyasapicture
dam_9787260,Forest Heiress
dam_4915379,Ambrosia's Promise
dam_5319629,Victrix Gale
dam_5344955,Avida Star
dam_4041135,My Lady Link
dam_5749058,Izzini
dam_6040349,Singaporette
dam_4222512,Mokaraba
dam_5591047,Mae's Choice
dam_5044291,Queen Of Cool
dam_9869923,Kadoma
dam_33572028,Betty Scott
dam_6181420,Rindoon's Sister
dam_5579385,Duchess Theatre
dam_4900679,Tigresse Rose
dam_5532086,Albamara
dam_6114178,Mardale
dam_4956973,Singapore Treat
dam_5088573,Takemewithyou
dam_35243803,Westies Pet
dam_4190403,Tesary
dam_5809391,Virevolle
dam_6174483,Al Reem
dam_37164071,Kopitar
dam_26874666,Tour Ambition
dam_38002629,Walkada
dam_4456802,Islandbane
dam_35767473,Mayzie Jay Flying
dam_5503925,Heroine Chic
dam_3176971,Ellesmere
dam_40225283,Walkthefirth
dam_7308539,Barra Hooley
dam_9777096,Zarocco
dam_16047395,Sandrinechoix
dam_3717539,Equatoriale
dam_4787384,Acinorev
dam_5080621,Out Performer
dam_4680347,Inniskeen
dam_4706499,Pistol Flash
dam_5488889,County Fun
dam_34073508,Beauty Of Night
dam_37988097,Beanri Mhaith
dam_6186810,Rock Chick Supremo
dam_4208988,French Fashion
dam_6321833,A Touch Of Sparkle
dam_47953059,Imperceptible
dam_5980317,Taylors Storm
dam_40920551,Don't Forsit
dam_5509462,Fabiola
dam_4374027,Regal Force
dam_6001212,Slani
dam_40786060,Kiera's Princess
dam_4137812,Piddies Pride
dam_3909150,Our Ethel
dam_4665850,Lindy Lou
dam_7370930,Fen Ali
dam_39208162,Andromeda
dam_5843453,Dushlan
dam_6226605,Milan Dancer
dam_5655510,Saisine
dam_9786791,Mystic Masie
dam_9895893,Qualita
dam_6090763,Coco Des Champs
dam_4038706,Extremely Rare
dam_5368160,Sacarine
dam_4855004,Ofurie
dam_5817784,Theatre Bird
dam_3647392,Stoney Path
dam_16206477,Consider Her Lucky
dam_6343379,Triptoshan
dam_6041812,Russian Memories
dam_4188926,Burton Ash
dam_6252904,Miss Marina Bay
dam_6336323,Ria Menina
dam_6121801,Be My Sunset
dam_38666628,Seoighe
dam_5606090,Golden Firth
dam_5592468,Call Me A Star
dam_6164592,Midnight Tour
dam_5776834,Free Thinking
dam_5099346,Bobomy
dam_5707107,Goldflake
dam_4834921,And Whatever Else
dam_5775756,Turbinia
dam_6136305,Rene's Girl
dam_10311154,Estrellada
dam_4468765,Diablerette
dam_6092618,Yarrow
dam_6004089,Caitys Joy
dam_5008899,Parallele
dam_41189960,Silouette De Reve
dam_6107045,Fine Fortune
dam_38884839,Windermere Sky
dam_5613727,Doyly Carte
dam_5910219,Carnival Flag
dam_5789000,Comtesse Du Sud
dam_5922917,Toxic Girl
dam_44975203,Walk The Walk
dam_40225381,Gorgeous Kate
dam_5343191,Margarita
dam_6961647,Tickle Me Blue
dam_5748463,Une Epoque
dam_24569041,Douce Ambiance
dam_29156806,Numero Huit
dam_6330492,Bejaya
dam_5398344,Cottstown Gold
dam_4843314,Quora Vallis
dam_5635231,Hidden Horizons
dam_4150671,Thou In Gold
dam_5814480,Rosygo
dam_6278307,Playful Sound
dam_8102619,Greater Good
dam_5633166,Golconde
dam_18761827,Winning Ways
dam_6263705,Diploma
dam_11150342,Girls Talk
dam_7834554,Sugar Free
dam_5358997,Nutshell
dam_5583571,Trois Lunes
dam_5319496,Dubai Affair
dam_20143494,Coppa D'Oro
dam_6247843,Love Or Fear
dam_4603585,Harvest Joy
dam_5976159,Divine
dam_6941424,Ventura Blues
dam_5353789,Chiosina
dam_13695941,Seamisst
dam_17191825,Three Coins
dam_22513596,Dutch Lilly
dam_13930938,Anbaa
dam_5342057,Shadow Of The Day
dam_5070926,Crimson Lass
dam_5343618,Skeleton
dam_7584647,Real Me
dam_6081453,Beta Tauri
dam_25040904,Accolade
dam_10092803,Feint
dam_5837055,Gwen Lady Byron
dam_5359487,Vastitas
dam_6237035,Dancing Years
dam_5493432,Prime Run
dam_5500131,Tooley Woods
dam_6580294,Surava
dam_5989585,Horsforth
dam_5827052,Aetna
dam_6357568,Ana Lichious
dam_5466797,Serenata Mia
dam_5329443,Weeza
dam_6062406,Yat Ding Yau
dam_4106746,Adees Dancer
dam_6709017,Va Pensiero
dam_4937737,Forever's Girl
dam_4763206,Annie Gee
dam_18841144,Saffian
dam_11481883,Angel's Glory
dam_6267198,Party Animal
dam_5927362,Archduchess
dam_6069455,Spinaminnie
dam_3730615,Jostle
dam_5492445,Absent Amy
dam_4978078,Arabian Pearl
dam_4838057,Wood Chorus
dam_5151342,Sense Of Purpose
dam_5376525,Albany Rose
dam_4494497,Kamarinskaya
dam_29815926,Inverse
dam_7714567,Crystal Path
dam_6241781,Hereawi
dam_5645570,World Class
dam_4482002,Bavarica
dam_4629373,Kalandara
dam_7784413,Roxelana
dam_5003803,Bean Uasal
dam_6055399,Cape Magic
dam_18991189,One Voice
dam_6168743,Angelic Guest
dam_15441328,Inclyne
dam_5953577,Entree
dam_25636870,Joquina
dam_6219836,Lady Oak
dam_6221033,Desert Haze
dam_5379703,Royal Blue Star
dam_5989739,Where's Sue
dam_5741267,So Dandy
dam_6265070,Itsinthestars
dam_31799166,Sightseeing
dam_19227488,Sainted Dancer
dam_15750812,Wealth Of Words
dam_4977126,Nashmiah
dam_5944211,Leaf
dam_10804451,Dramatically
dam_4612706,Beta
dam_5864166,Luna Forest
dam_5892873,Surcingle
dam_5542404,Surrey Storm
dam_5493957,Verge
dam_17191888,Aljaazya
dam_30441159,Redstone Cave
dam_5049695,Arctic Flow
dam_27889330,Road To Pearls
dam_4673494,Leanne
dam_5762645,Secret Shine
dam_20297221,Atacames
dam_3681181,Poacher's Paddy
dam_4828026,Cresswell Ruby
dam_33975326,Burkes Lady
dam_3999870,Lurane
dam_5600546,Pennepoint
dam_4718826,Don't Be Bleu
dam_5288906,Andrea's Answer
dam_3678220,Morning Calm
dam_4477053,Stiren Bleue
dam_4729998,What A Bleu
dam_23241477,Kalimnos
dam_10223122,Knockara One
dam_5379913,Susan Stroman
dam_6132364,Kassis
dam_38614100,Lichtspiel
dam_6322883,Femme En Or
dam_4079943,Buck's Blue
dam_5852700,Close To Shore
dam_5683545,Jaja De Jau
dam_5932346,Phoenix Twist
dam_5724922,Aquatinta
dam_5458551,Charbelle
dam_6714701,Keystone Gulch
dam_37860683,Etoile De Kerfelec
dam_5467707,Inter Alia
dam_7677684,Natty
dam_5688438,Wor Lass
dam_6065983,Taweyla
dam_10042704,Fiannaiocht
dam_6193152,Good Looking Woman
dam_5260353,Hannah Jacques
dam_4724167,Supreme Gem
dam_16841223,Quiana
dam_5117364,Benefit Scheme
dam_4872224,Gold Reef
dam_4815489,Backtothekingsnest
dam_5099192,Canadian Blaze
dam_16763887,Partita
dam_16313423,Kimblewick
dam_8024772,Spice Trail
dam_6326047,Alsusha
dam_11305910,Shurooq
dam_5240620,Glorybe
dam_6113961,Catwalk Babe
dam_4426282,Jontys'Lass
dam_6158061,Miss Joeking
dam_4503828,Vanilla Delight
dam_5806304,Kiltipford Lady
dam_5775105,Spinning Away
dam_5635511,Miss Your Top
dam_4991042,Chilly Filly
dam_35337148,Forge Field
dam_22856596,Emma Ami
dam_29622222,Fairyconomy
dam_13085527,Kallisti
dam_5744711,Kris Kindle
dam_4188044,Myrtille Jersey
dam_4542398,One Edge
dam_5501146,Status Update
dam_21100583,Rinroe Flyer
dam_3149384,No Quest
dam_27751689,Anyana
dam_5658898,Jemima Jay
dam_4948132,In The Soup
dam_4946725,Interchange
dam_5391225,Persian Forest
dam_5018307,Blue Nymph
dam_5188365,Cool Baranca
dam_6186852,Caramaleta
dam_4975544,Granny McPhee
dam_6319257,Ain't Misbehavin
dam_8926792,Shazzamataz
dam_22906765,Dance Cover
dam_4095329,Zalda
dam_6572349,Red Con One
dam_9983274,Justapuzzle
dam_11321086,Mille Rubis
dam_6106674,Queens Wild
dam_7906619,Ballygill Countess
dam_5514873,Broxbourne
dam_5139274,Himitas
dam_4952360,Floriana
dam_5218514,Caritas
dam_6070974,Six Cents
dam_6822851,To Much Fun
dam_5994345,Belle De Londres
dam_29226813,Caline De Ferbet
dam_5933214,Rowlestone Express
dam_5750003,Waila
dam_5830370,Saintheze
dam_6167581,Night Heron
dam_4244429,Safety Recue
dam_5579392,Fabrika
dam_5147240,Around Me
dam_4215428,Monte Solaro
dam_5344822,Daliana
dam_5793256,Val'Melodie
dam_4076891,Nasou
dam_4856985,Rate Of Knots
dam_5661278,Aulne River
dam_3887303,Help Yourself
dam_45982412,Crackboum
dam_5944687,Luck Of The Deise
dam_4848319,Speed Bonnie Boat
dam_5997138,Jaune De Beaufai
dam_3395693,Angie Marinie
dam_21652939,Bastide
dam_4906048,Apple Days
dam_5591166,Mrs Mac Veale
dam_21291074,Foxwood Girl
dam_5619516,Vic Chic
dam_5934481,Jesse's Oscar
dam_4196794,Strathtay
dam_20077568,Celestial Spirit
dam_5676013,Meldrum Hall
dam_4936981,Kerada
dam_5233081,Rock Treasure
dam_5702522,Maeva Candas
dam_6340537,Delaine
dam_6241368,Alinstante
dam_26342477,Ledena
dam_5827584,Diamond Lady
dam_4399815,Neshla
dam_8662822,Thornton Mary
dam_4773153,Lucky Clio
dam_5714450,Cozze Up Lady
dam_10350606,Flutter
dam_2882138,Fantasia
dam_5577551,Fleur De Cactus
dam_19635308,Powerful Breeze
dam_8796291,Exquisite Ruby
dam_49849709,Villanelle
dam_6258133,Midnight Crossing
dam_6338710,Balakera
dam_5530483,Wahylah
dam_4759132,Anosti
dam_13999027,Littlemoor Lass
dam_5939892,Pitter Patter
dam_7291732,Soundstrings
dam_5337444,Sodashy
dam_4998084,Kiyra Wells
dam_11034079,Zip Along
dam_5225710,Effervesce
dam_6231918,High Tan
dam_5548690,Aquamarine
dam_5545743,Amhrasach
dam_6052270,Camdora
dam_28013594,Caped Lady
dam_29621648,For Now
dam_5453868,Rhagori
dam_11845498,Sweet Lady Rose
dam_5852574,Augusta Ada
dam_7061397,Bequia
dam_22164044,Aaraamm
dam_3915051,Bustling
dam_7175014,Kiss Me Not
dam_5339159,Certral
dam_6258742,Madhatten
dam_26187364,Royal Eloquence
dam_6169772,Khameela
dam_5285133,Kaffie
dam_4757459,Galley
dam_3827075,Echo River
dam_9211853,Sweet Poli
dam_6221047,Gadwa
dam_5156200,Entertain Me
dam_18055219,Swift And Late
dam_5019182,Vast Consumption
dam_27846679,Croise Naofa
dam_6340817,Shipley
dam_5408018,Meadstown Miss
dam_6315533,Janes Allweather
dam_5803133,Miss Sophierose
dam_4068456,Pacifie Du Charmil
dam_5275781,Marie Des Anges
dam_5826100,Princess Bella
dam_5738019,La Doelenaise
dam_37589853,Leyan
dam_7306257,The Jaffna Queen
dam_5140464,Vineuil
dam_13525057,Gaelic River
dam_5477150,Sister Du Berlais
dam_10137498,Twilight Eclipse
dam_5657281,Truffle Fairy
dam_8934632,Fashion's Worth
dam_5104813,Where's My Slave
dam_4325265,She's Supersonic
dam_8776691,Kygo
dam_4586379,Lady Myfanwy
dam_21663775,Tahaza
dam_24846199,Harbour Mistress
dam_4845393,Moray Firth
dam_5815845,Maggie Byrne
dam_5242566,Miss Ira Zarad
dam_23085139,Black Money
dam_13368369,Benefficient Queen
dam_34760208,Always Hoping
dam_4134564,Heartansoul
dam_6163962,Tara Mactwo
dam_4095126,Pine Valley
dam_37890846,Fedoria
dam_6113324,Antartica De Thaix
dam_5993904,Rock On Annie
dam_6073186,Little Vinnie
dam_13975059,My Dixie
dam_6199074,Robinesse
dam_6315652,Mareena
dam_5700303,Aroma Bella
dam_5395733,Milly Malone
dam_46108209,Lexus Du Charmil
dam_5545267,Simplon
dam_3972479,Poster Girl
dam_5665310,Highest Card
dam_5428493,Rose Of Dunamase
dam_5665156,Crystal Du Berlais
dam_20777330,The River
dam_9787001,Promesse De Joie
dam_4997678,Benefit Of Porter
dam_4195135,Rebel Flyer
dam_5358234,Jaragua
dam_4265394,Giovanna
dam_29747781,Belle Above All
dam_5871474,Country Girl
dam_5337283,Mucho Macabi
dam_4510100,Hideaway
dam_5511233,Born To Dazzle
dam_4955685,Aliceaneileen
dam_2941246,Lady Poppy
dam_5724285,Melbourne Memories
dam_5861198,Survived
dam_4484571,La Gessa
dam_5453861,Miss Work Of Art
dam_7273518,Promise To Be True
dam_6308764,Beshara
dam_5707933,Lady Jacamira
dam_19444950,My Bellamy
dam_9337125,Star Value
dam_6047762,Simple Elegance
dam_4487812,Time On
dam_42226394,Opal Heart
dam_4487903,Deveron
dam_4767105,Festoso
dam_19197605,Kitten On The Keys
dam_16175817,Tranquil Storm
dam_5358962,Khawlah
dam_9693873,Musical Dream
dam_5917261,By Jupiter
dam_4057886,Mistress Twister
dam_5146617,Rebecca Romero
dam_30765336,Lucky Omen
dam_5303025,Fancy Vivid
dam_4626972,Mail Express
dam_3935631,Litewska
dam_5989501,Lamps Of Heaven
dam_40553331,Pizzazz
dam_6275185,Robbie Roo Roo
dam_23568657,Oh Simple Thing
dam_5702788,Emperatriz
dam_4474904,Attima
dam_16367239,Sura
dam_15116066,Stay Forever
dam_36878212,Undeniable
dam_14084637,Raeseeya
dam_3868256,Mamounia
dam_5547297,Miriam's Song
dam_5937400,Rekdhat
dam_8098195,Great Court
dam_4937751,Glenlini
dam_10042732,Yolo Star
dam_5703733,Spicy
dam_9567019,Magic Approach
dam_5638038,Glen Ginnie
dam_40096168,Domino Dolly
dam_6106317,Theatre Act
dam_5919046,Trimurti
dam_5145049,Sarawati
dam_6213725,Jer's Girl
dam_4618670,Anna Karenina
dam_40687556,Ask Sutton
dam_4707332,Antillia
dam_5218437,Politelysed
dam_4549748,Bambootcha
dam_4074469,Alphadite
dam_4651346,Kallithea
dam_29931692,Fairy Tale
dam_6184766,Avichi
dam_5948593,Lucinda Grey
dam_16929185,Five Star Present
dam_4062548,Salsita
dam_13192844,So You Said
dam_3688062,Queen's Law
dam_5752894,Hard Fought
dam_2811256,Arctic Actress
dam_3735501,Russian Rhapsody
dam_6214481,Sarah Ponsonby
dam_5473223,Longer Lashes
dam_5938086,Caballo Sin Nombre
dam_39959738,Up High
dam_5140583,Ile De See
dam_5691854,County Gate
dam_5950602,Nordic Nymph
dam_7910518,Capelle De Mee
dam_35123809,Verona's Sister
dam_5841598,Bull And Bush
dam_7341215,Parsnip
dam_5306903,She's No Trouble
dam_13772430,Eileen O
dam_5084282,Wall Of Silence
dam_7098994,Elraazy
dam_5209211,Adja
dam_4569306,Toorah Laura La
dam_34268577,Walsamelle
dam_5293841,Princesse Lucie
dam_5986232,Landara
dam_7337218,Kashmar
dam_3787994,Silver Charmer
dam_4859547,Just A Moment
dam_5108103,Bay Rebel
dam_5398379,Printing Polly
dam_12169801,Close Flame
dam_5473447,First Act
dam_5499508,Sudden Wish
dam_5926634,Loch Ma Naire
dam_5025965,Ethics Girl
dam_5980289,Havana Dancer
dam_34788754,Tikida
dam_32653558,Bibracje
dam_9819040,Cutielilou
dam_40592034,Manorwalk
dam_4223527,Nika Glitters
dam_5001052,Miss Overdrive
dam_11566660,Temple Juno
dam_23225538,Ballynagall
dam_24833025,Miss Poli
dam_6819183,Mere Detail
dam_4072803,Samandara
dam_5546100,Astragal
dam_11944184,Simonia
dam_5765998,Midnight Cataria
dam_22429344,Miz Makfi
dam_9983449,Arizona Air
dam_4744873,Kentucky Sky
dam_24064250,Parknasilla
dam_12584887,With Caution
dam_42680169,Rush Of Blood
dam_6752403,Rebecca Rocks
dam_5889366,Malka
dam_15626996,Quemada
dam_5528558,Anklet
dam_4813767,Fair Sailing
dam_4930590,Malta
dam_5996249,Ethereal Sky
dam_6275255,Apache Song
dam_30044602,Meaning Of Time
dam_21404313,Aegean Sunset
dam_5890297,Sea Goddess
dam_12509343,Shimmering Moon
dam_5213964,Cronsa
dam_5260276,Gems
dam_11919166,Perfection
dam_11381223,Geetanjali
dam_6022674,Tribulina
dam_15566572,Vivid Diamond
dam_4505151,Under The Rainbow
dam_5337822,Picabo
dam_7061607,Drumochter
dam_15900598,Taliyna
dam_9202081,Sassie
dam_5640558,Dyctynna
dam_42005579,What Endures
dam_5187294,Quiet
dam_14220633,Bongiorno
dam_6016395,Sivoliere
dam_48922181,Millvina
dam_12584684,Armageddon
dam_5506396,Medam
dam_5740336,Midnight Thoughts
dam_5581345,Weather Babe
dam_4616486,La Bandera
dam_38089436,Getaway Gaye
dam_5269068,High Benefit
dam_6298572,Etoile De Loir
dam_13368698,Missmartinslane
dam_4038811,Countess Point
dam_3919202,Boreade
dam_30527413,Chestnut
dam_5260780,Setter's Princess
dam_19478053,Presentnomore
dam_4741184,Clonsingle Native
dam_6225961,Bobailin
dam_5887973,A La Perchoine
dam_4013142,Lerichi
dam_22856624,Magic Maze
dam_5294352,Kim Tian Road
dam_4822188,Opaline Du Bouchat
dam_3775422,Seem Of Gold
dam_4855830,Fair Ina
dam_3265878,Baby Sitter
dam_4783933,Deer Island Peg
dam_4541369,Easter Duties
dam_3984484,Sunshine Story
dam_21212534,Miss Baloo
dam_4725595,Miss Sunflower
dam_5350527,Lady's Locket
dam_32751495,Ready Kap
dam_5143572,Rosaville
dam_14059927,Miss Superior
dam_6207663,Times Are Grey
dam_4426387,Annie's Answer
dam_6013196,Shining Beauty
dam_5084219,Tipsy Dara
dam_6002836,Enistar
dam_13085240,Chosen Hoiho
dam_29622334,Medicity
dam_5283187,Pepite Rose
dam_12410888,Ruthy Lukey
dam_4559016,It's A Discovery
dam_6118399,Qualine Du Maquis
dam_29156813,She's No Pet
dam_6179733,Joleen
dam_4001081,Dalamine
dam_9658033,Viva Victoria
dam_4424560,Heltornic
dam_21221837,April Thyne
dam_5467469,Totoche Bey
dam_3770704,Northern Native
dam_5119478,Guantana
dam_4931129,Ballerina Queen
dam_7807737,Prize Diva
dam_6347719,Primaprima
dam_6322722,Miss Kettlewell
dam_5466748,Tiree D'Affaire
dam_4958394,Zariyana
dam_4853877,Court Princess
dam_13732012,Nordican Bleue
dam_5370358,Dubai Queen
dam_3960880,Waldmark
dam_23379951,Instinctively
dam_4879259,Jillolini
dam_6028981,Anahita
dam_5343541,Adorable Choice
dam_4938108,Today's The Day
dam_5833205,Guishan
dam_4878426,Angel Song
dam_5904773,Lady Tyne
dam_5611676,Guiletta
dam_4626363,Belliflore
dam_12655300,Lumi
dam_19645878,Enilda
dam_3026632,Romp
dam_44076144,Lyra's Light
dam_7117012,Lyin Eyes
dam_12573323,Malea
dam_6239667,Eglantyne Dream
dam_38321710,Le Freak
dam_6238974,Diamond Fields
dam_5514474,Ukraine
dam_6803804,Organza
dam_6230945,Helisa
dam_6217834,Tears In My Eyes
dam_4658129,Artofmen
dam_5424783,Cercle Des Amis
dam_4842488,Tally Em Up
dam_5738026,L'Unique
dam_5664932,Miss Penny Pincher
dam_4399794,Moonlight Music
dam_18479314,Gardagua
dam_5738110,Madame De Guise
dam_5595457,Molly Malone
dam_4889500,La Loute
dam_5011027,Miss Sarenne
dam_5645563,Surprise Moment
dam_5197948,Snap Alam
dam_5650848,Queen Consort
dam_10383611,Caravela
dam_4985449,Splashdown
dam_28904218,Ruby Reel
dam_20184059,Touriga
dam_5500103,Blase Chevalier
dam_17652775,Candle Lit
dam_4723362,Fair And Aisey
dam_4073167,Charmingly
dam_5159868,Engaging
dam_6092030,Barbarella Smart
dam_3884720,Come The Dawn
dam_5308751,Endless Moments
dam_6294792,Lady Beaufort
dam_6021015,Catcheragain
dam_4202142,Craughwell Suas
dam_47587554,Grand Marnier
dam_5482799,Crepe De Chine
dam_5628000,Mrs Masters
dam_39040309,City Sport
dam_5766096,Cooper's Joy
dam_4514216,Comohio
dam_11060224,Marie De Medicis
dam_3751853,Starry Lady
dam_32599581,On Her Own
dam_4552093,Milliegait
dam_4969748,Sainte Russy
dam_6132385,Drucilla
dam_6310143,Jester Jet
dam_6222125,Leighton Lass
dam_6591039,Banquise
dam_4232382,Before The Storm
dam_22938496,Hello Honey
dam_6192102,Until Forever
dam_5106920,Oilily
dam_19207622,Ravage
dam_5649868,Goldie Jolie
dam_18529784,Colleen Dubh
dam_3819228,Speedgirl
dam_5252863,Tsarinova
dam_5215819,Jolie Landaise
dam_5442675,Pickersleigh
dam_5846092,Virgine Place
dam_5342365,Lady Chloe
dam_5153624,Scintillating
dam_5302703,Serena's Pride
dam_5476793,Cockney Fire
dam_41971951,Waikuku Beach
dam_5330472,Theatrical Spirit
dam_13772556,Bright Eyed
dam_5907692,Zeteah
dam_5877641,Rock Of Ridd
dam_18324019,Lambeth Walk
dam_5855563,Stepping Out
dam_6019832,Serene Beauty
dam_14629699,Corinthian Girl
dam_5183843,Kristal Xenia
dam_4193616,Soar
dam_7368242,Lady Ravenna
dam_5072235,Pepper Lane
dam_6139637,Nefetari
dam_4137630,Agent Kensington
dam_6315120,Mercifilly
dam_18293268,Crochet
dam_21671601,Red Shelley
dam_5561297,Sequence
dam_14640927,Never Shy Away
dam_5893153,Such A Memory
dam_4481057,Arancia
dam_5167897,Derval
dam_9057328,Come On Bear
dam_6169037,Nessita
dam_7087010,Nations Alexander
dam_3964114,Skehana
dam_5145637,Bikini Babe
dam_9601046,Fawaayed
dam_6894293,Blackangelheart
dam_4927496,Saintly Hertfield
dam_5579567,Easter Dancer
dam_5082651,Allforclover
dam_17474793,Silverlined
dam_5811281,Une D'Oudairies
dam_5576522,Paradise Lily
dam_5875947,Night Of Passion
dam_6019937,Flemensbay
dam_5668978,Mickie
dam_28518357,Horner Vale
dam_34845846,Latest Instalment
dam_5473041,Thespian
dam_5831770,Double Dream
dam_5351962,Palitana
dam_4504752,Zenita Des Brosses
dam_5243644,All The Best Mate
dam_4628407,Love Of Tara
dam_5761798,Valley Girl
dam_4682244,Lambrini Queen
dam_6161365,Lady Dromlac
dam_4619573,Missusan
dam_35123802,Abbronzatissima
dam_4425792,Rose N Alice
dam_32599574,Umiska De Beaumont
dam_4825723,Turboka
dam_13579811,Benecash
dam_6000869,Luvly Rita
dam_4082316,Version Originale I
dam_40647320,Roc N Roe
dam_18087328,Aunt Harriet
dam_18928952,Ruby Magern
dam_5830482,Urticaire
dam_5768588,Usted Me Cara
dam_14530565,Athene
dam_11763080,Love Lane
dam_6914208,Pearl Royale
dam_16232692,Extra Noire
dam_5742072,Lady Giselle
dam_6117160,Inchiquin High
dam_5621168,Miss Izzy
dam_13579804,Mooneys Valley
dam_5811470,Keshi Pearl
dam_4570013,Topless
dam_5367439,Miss Hollywood
dam_20901524,By Heavens
dam_5807375,Rouquine Sauvage
dam_6088467,Isnt Dat Right
dam_29509746,Tamika
dam_4505788,Zartwyda
dam_5487608,Flags Flying
dam_11763227,Taras Choice
dam_9052099,Hollygrove Bonnie
dam_4710174,Night Symphonie
dam_4116777,Lago D'Oro
dam_30207751,Susie Potter
dam_6326761,Jasmine
dam_3309327,Flinders
dam_25578987,Earthshan
dam_38130652,Trinity Rainbow
dam_6137677,Burma
dam_9818697,Seana Ghael
dam_18230968,Shamaya Rosaires
dam_5855206,Analifet
dam_5021380,Just Josie
dam_9648135,Miss Salsa Blue
dam_6218975,Bess Of Hardwick
dam_37550072,Pelosi
dam_4167996,Asian Maze
dam_25040911,Cassandrasway
dam_17013395,Rostellan
dam_2928611,Kahara
dam_16028278,Irresistable
dam_13975640,Hangar Six
dam_5664827,Anamarina
dam_4098794,Bonsai
dam_5984125,Gabriella Rose
dam_3983749,La Reine Chic
dam_5935797,Well Connected
dam_23624818,My Katie
dam_3952319,Liberthine
dam_8098139,Quine De Sivola
dam_5841605,Dungarvan Lass
dam_24832801,Milans Pride
dam_3867500,Miss Poutine
dam_5591607,Shady Lane
dam_4525794,Little Sioux
dam_24922310,Bella Minna
dam_6449989,Party Angel
dam_5619054,Still Small Voice
dam_47685078,Palm Meadow
dam_35388843,Finesse De Mee
dam_5868933,Polimka
dam_6191010,Ana's Best
dam_6019944,Isla Fernandos
dam_5498612,Lady Drop
dam_4943603,Royale Danehill
dam_5967423,At First Light
dam_5678078,Singing Bird
dam_10238368,Emelina Bella
dam_4906699,Matwan
dam_30299962,Pavement
dam_4965086,Katys Girl
dam_13223070,Sea Breeze Lady
dam_6301407,Rocksavage
dam_5776316,Cinnomhor
dam_5034715,Theola
dam_5835592,Ice Princess
dam_6318760,Girl Of The Hour
dam_6021085,Medimli
dam_5122047,Super Day
dam_5442031,Micro Mission
dam_5561255,Last Supper
dam_15854083,Hanna Hvar
dam_5344640,Brevity
dam_19750087,Almost Always
dam_6160840,Mill Springs
dam_7758499,Melodic Motion
dam_14315245,Novat
dam_6505044,Miss Sugars
dam_7741839,Duchess Of France
dam_10984232,Spring Mist
dam_5826037,Phiz
dam_21680834,Waldfabel
dam_7356027,The Stalking Moon
dam_5919949,Her Honour
dam_7395339,Intense Romance
dam_19052635,Royal Highness
dam_6041266,Well Done Me
dam_20125000,Missy Perfect
dam_19742485,Hattytown
dam_22095605,Ligne D'Amour
dam_43951187,Montana Spring
dam_6096272,Lilian Baylis
dam_18159708,You'resobeautiful
dam_7149492,Fanfair
dam_22310841,Iamnoangel
dam_4957498,Dance Club
dam_5426134,Samaah
dam_5351486,Be Amazing
dam_6045662,Alauda
dam_5101362,Cat Hunter
dam_6852223,Mighty Oake
dam_4802525,Porte D'Auteuil
dam_5856697,Kamellata
dam_34153385,Benfaithful
dam_5320364,Lady Anouchka
dam_13203029,Tamise
dam_4946613,Miss Otis Regrets
dam_4991553,Rolie De Vindecy
dam_13085471,Ya D'La Joie
dam_6021456,Summarily
dam_21100590,Princess Dante
dam_5492382,Swing Bowler
dam_6210288,Enniscoffey
dam_22121554,Clarification
dam_6348391,Shoeless
dam_3961258,Behra
dam_11801034,Luck Of The Legion
dam_9068493,Stellarmor
dam_39431861,Bally Tutu
dam_21895839,Merryisker
dam_4765705,African Miss
dam_5644282,Dr A Day
dam_27250951,Serie Love
dam_6199326,Saintejoie
dam_6009514,Norita Has
dam_4611593,Katies Dancer
dam_5261844,Peggy Cullen
dam_5040413,Glenda King
dam_5267465,Overyou
dam_6851754,Ballyoscar
dam_6105463,Passing Lore
dam_5590193,Une Collonges
dam_21353374,Honey Blond
dam_4241559,Welsh Connection
dam_5912837,Quetzalya
dam_4865147,Taipers
dam_6112113,Varda Des Obeaux
dam_6111392,Aure Antique
dam_4717531,One Gulp
dam_18143832,Final Episode
dam_31965521,Decision Made
dam_5679618,Tudor Fashion
dam_5839855,Royale Flag
dam_4728318,Firmini
dam_7121660,Redemption Song
dam_4630906,Belsalsa
dam_35055132,April Joy
dam_5953017,Baraza
dam_5921335,La Pinede
dam_5935062,Sounds Charming
dam_8678033,Quandaly
dam_6034574,Bossa Nova
dam_5718160,Zegna
dam_29117403,Passionate Lady
dam_4524562,Forget The Ref
dam_13477093,Holiday Time
dam_6000057,Cardline
dam_41410362,Ituila
dam_4924171,Pretty Impressive
dam_5834409,Lilly Of The Moor
dam_17963729,Gales Present
dam_4397596,Osokenda
dam_22680770,Sea Of Wonders
dam_7236642,Borja
dam_5467280,Fleur De Nuit
dam_18120298,Queen's Dream
dam_5317872,Instructress
dam_4846464,Rosenreihe
dam_5246661,Golden Shine
dam_5552239,Enjoy The Life
dam_4144357,Peace Lily
dam_5851790,Abbakova
dam_5857572,Destiny's Kitten
dam_19444642,Merlettaia
dam_5540003,Available
dam_5713134,Maria Kristina
dam_5493418,Lost Highway
dam_43951180,Nameless
dam_7306271,Last Tango
dam_11420815,Isole Canarie
dam_5034120,Ermine And Velvet
dam_4750634,Cranky Spanky
dam_6169786,Miss Fridaythorpe
dam_5249356,Solar Event
dam_5581863,Nobilis
dam_6093227,Diamond Bangle
dam_9203131,Je T'Adore
dam_5401410,Oxyna
dam_10286829,Moghrama
dam_7333998,Mary Anne Evans
dam_22906597,Rue Renan
dam_9976127,Above The Clouds
dam_5383056,Sivega
dam_4101629,Dissidente
dam_5958687,Wemyss Bay
dam_35015589,Sainte Folie
dam_5389972,Private Eye
dam_5552400,Incroyable
dam_5947067,Pythie D'Oudairies
dam_6101018,Pearl Diamond
dam_6239219,Zamira
dam_5200328,Rive Gauche
dam_3840298,Mount Elbrus
dam_5281283,Cracking Gale
dam_33080943,Soeur Dee
dam_5934341,Affascinare
dam_5014212,Valaway
dam_22598100,Loyalty
dam_4770493,Tyrana
dam_4161584,Miss Wind
dam_4395034,Hiho Silver Lining
dam_5924107,Blue Aster
dam_4087181,Wedding Cake
dam_5122348,Sway
dam_5962201,Autignac
dam_5367817,Saturne Collonges
dam_21395598,Hasanza
dam_5087733,Thedeboftheyear
dam_29736000,Culmore Girl
dam_6337884,Kerrie Girl
dam_6202721,Lough Derg Lily
dam_34598088,Vision Sainte
dam_6984796,Ojinska Dream
dam_5576515,Glor Na Gaoithe
dam_5927285,Intense Tango
dam_6082601,Que Du Charmil
dam_6862429,Double Storm
dam_5473216,Tisonlyme
dam_5458733,Ma Pretention
dam_3898846,Fairy Native
dam_4612202,Apple's Noa
dam_6009507,Biche D'Oo
dam_5189863,Raise You Five
dam_5976460,Golan Road
dam_5442248,Old Carton Lass
dam_28220829,Annagh Hill Lady
dam_4040911,Manon Des Champs
dam_20410614,Grainne Ni Maille
dam_5622568,Tempest Belle
dam_22856617,Simply Erin
dam_5008920,Quizas Jolie
dam_5391155,Who's Afraid
dam_13865726,Good Thyne Lucy
dam_4915988,Ten Dollar Bill
dam_23094806,I'll Takeher Bach
dam_5114011,Babies Present
dam_4961691,Acland Street
dam_4587569,Loadsofability
dam_5404224,It's My Choice
dam_4752356,Night Maid
dam_22907318,The Crown Jewel
dam_5666661,Pollywollydoodle
dam_4806123,Audley
dam_5631017,Rock Me Gently
dam_5723655,Angels Guard Thee
dam_5300512,Tounsi
dam_18723474,Shadow Dearg
dam_5084303,Fancy Fashion
dam_5481938,Glorious Twelfth
dam_7023758,Nanny Stone
dam_5912599,Azza
dam_4730362,Presenting Proform
dam_11425085,Labartoli
dam_6545910,Eclectica Girl
dam_6045284,Akiliyna
dam_4752384,Prouesse Collonges
dam_6980848,Key Point
dam_4976146,Shadows' Whispers
dam_5731425,Secrete
dam_6191094,Roztoc
dam_5979890,Andry Brusselles
dam_5768301,Baie Barbara
dam_5984132,Gwendoliner
dam_4195184,Dranamol
dam_5611494,Upbeat Cobbler
dam_6340061,Beshayer
dam_4541033,Compose
dam_6313538,Lorgnette
dam_4029214,Jolivia
dam_18414830,Western Cowgirl
dam_5252681,Style Of Campile
dam_6063358,Lyrical Theatre
dam_12301387,Moanbaun Lady
dam_5799808,Tooreen
dam_9721509,Berties Sister
dam_6195385,La Vie De Boitron
dam_5140646,Sept Verites
dam_13085366,Rosie's Rein
dam_5564167,Saaboog
dam_26678141,Celtic Cygnet
dam_12903520,Endless Wave
dam_6818840,Revelate
dam_5131777,Super Faida
dam_9787239,All My Judges
dam_22082130,Angel Lopez
dam_5200566,Beg La Eile
dam_6250433,Toboggan's Fire
dam_3995439,Tetou
dam_8856582,Miss Cilla
dam_6120814,Parlez Vous
dam_6506073,Fortune Favours
dam_6357477,Ile Rouge
dam_27277628,Kelly Des Cotieres
dam_5489022,Gush
dam_6239156,Queen Of India
dam_6163332,Yewtree Girl
dam_5132057,Indietra
dam_25040764,Golden Mole
dam_23033689,Aster D'Athon
dam_29829744,Jessies Delight
dam_4579190,Vale Of Avocia
dam_6747503,Turmoss
dam_6056225,L'Addition
dam_5865657,Stephanie Frances
dam_6252008,Quiet Reflection
dam_7816662,Sable Island
dam_5215952,Akrivi
dam_6282787,Mooizo
dam_6068608,Adalawa
dam_5742835,La Couetrie
dam_4746007,Express Mail
dam_18715172,Last Surprise
dam_7333977,Carol
dam_6244259,Vexatious
dam_14258454,Just My Type
dam_3015495,Querida
dam_39190683,Alshifaa
dam_6277985,Fourth Way
dam_6803734,Extensive
dam_10647539,Cristale
dam_10864308,Shareva
dam_13829753,Duchess Of Berry
dam_19547591,Poudretteite
dam_4138645,Mary Read
dam_13300721,Naqrah
dam_6007071,Bright Approach
dam_5491122,Perfect Day
dam_6033860,Ajaadat
dam_5645556,Secrets Away
dam_6207803,Promised Money
dam_5924051,Penny Drops
dam_4640587,Colomone Cross
dam_5684217,Dame Shirley
dam_4095028,Miss Cap Ferrat
dam_4472678,Walklikeanegyptian
dam_5307540,Isobel Archer
dam_5136754,Theladyinquestion
dam_5962509,On The Rocks
dam_14471730,Maygold
dam_6250776,Squash
dam_6092597,Radhaadh
dam_4928518,Green Room
dam_10136623,Know The Truth
dam_5927677,Runway Giant
dam_4630178,Passage Of Time
dam_5537560,First Rains
dam_5918017,Artwork Genie
dam_5864894,Atheera
dam_5819688,Good Morning Lady
dam_5333034,Admirable Spirit
dam_4837462,Blakeshall Diamond
dam_5093347,Melito
dam_11845344,Blackgold Fairy
dam_5866336,Astorgs Galaxy
dam_4835915,Sortita
dam_5029234,Coming Back
dam_6339620,Jenniings
dam_31022649,Alumni Award
dam_6335805,Auntinet
dam_18479370,Zestina
dam_13830110,Frankel Light
dam_25939326,Everglow
dam_10698597,Tricksy Spirit
dam_10930906,Last Pearl
dam_4789806,Applauded
dam_6988513,Bentayga Girl
dam_6169800,Ponty Royale
dam_6988744,Dainty Dandy
dam_6054349,Entity
dam_7776888,Peace Dreamer
dam_10109708,Awesometank
dam_6240577,Iromea
dam_5250441,Luminance
dam_5173014,Sweet Dreams Baby
dam_4945423,Pure Symmetry
dam_6024249,Shemya
dam_7665973,Luzia
dam_5025440,Hazy Dancer
dam_6011705,Realt Eile
dam_4968299,Denomination
dam_6467685,Hakuraa
dam_10272990,Golden Spell
dam_6215384,Carrigeen Karaka
dam_4896129,Quevega
dam_5596290,Hannah Maud
dam_6092261,Lost It
dam_5147590,Shop Dj
dam_12779480,Hollygrove Rumba
dam_6178564,Princess Lir
dam_5844181,Queen Alphabet
dam_7910308,Daring Rose
dam_6082321,Ame En Peine
dam_6112085,Vestale Banbou
dam_7273644,Kazimiera
dam_4836762,La Grande Dame
dam_17387237,Molly's Mate
dam_5941159,Princess Tara
dam_9212119,Whyalla
dam_15498679,Marmalade Cat
dam_6037752,Mandasini
dam_11321079,Eclipse De Cotte
dam_10101035,Two For Tea
dam_5450718,Cuteasafox
dam_8894795,Walkure
dam_28824999,Wakare
dam_5652563,Rock In The Park
dam_5719581,Adira
dam_5709550,Angel Chorus
dam_5472418,Carries Darling
dam_5746944,South Africa
dam_5573673,Fleur D'Orange
dam_28838341,Kalanisi's Lady
dam_4537365,Shiva D'Hautefois
dam_11585413,Golan Lady
dam_24921246,All For Luck
dam_5091849,Aibrean
dam_4928350,Prairie Call
dam_33660263,Fleur Du Brizais
dam_6107752,Bowenscourt
dam_5416495,Now Were Broke
dam_5365094,Boston Du Berlais
dam_4527621,Park Wave
dam_18551260,Anasaron
dam_5000667,Asturienne
dam_4925788,Polly Potter
dam_5111617,Reflexion
dam_5907748,Mountain Leap
dam_5143579,Reaction
dam_4953130,Mitemps
dam_5542481,Miss Nikita
dam_4239746,Millesimee
dam_5059110,A Better Excuse
dam_5768770,Shake The Tree
dam_4585658,Zenaide
dam_5286904,Mrs Dempsey
dam_5489211,Hollygrove Samba
dam_20042120,What A Fashion
dam_5680717,Luckystar Du Frene
dam_5719308,Annie Power
dam_6055371,Ninfea
dam_4946536,Long Walk Home
dam_5684665,Turiane
dam_6200943,Belle Du Bresil
dam_6004425,L'Exploratrice
dam_3286612,Ange Bleu
dam_9148874,Andreas Benefit
dam_25026505,Alinga's Lass
dam_5859343,Shuil Gealach
dam_5441723,Saoirse's Sister
dam_6148772,Pretty Moon
dam_29327361,Mooretown Vick
dam_4964435,Sandside
dam_6064604,Intellingencia
dam_5737998,Lost Maiby
dam_3934686,Howaya Pet
dam_4028605,Parade
dam_16176181,Dollar's Worth
dam_5847653,Midnight Insanity
dam_22738835,Bamos
dam_4591860,Doubly Guest
dam_5384435,Midnight Molly
dam_6162695,Western Skylark
dam_5667564,Sunset Queen
dam_4725924,Another Present
dam_4100271,Mousse Des Bois
dam_5495609,Now Its My Turn
dam_3761583,Pat's Darling
dam_12339957,Urane De Ferbet
dam_4103092,Refinement
dam_20951553,Antinea Marie
dam_5595625,Neige D'Antan
dam_4683574,Millicent Bridge
dam_23165212,Canto Creek
dam_4187386,Open Book
dam_5098387,Lonely Sky
dam_5652346,Blue Article
dam_5856606,China Reel
dam_37890818,Terrified Typist
dam_9611658,Dudette
dam_9721299,Alma Mix
dam_5583249,Miss Knowall
dam_3893883,Posh Stick
dam_21334005,Coleta
dam_5168807,Transvaal Sky
dam_4463354,Hearts Delight
dam_5309675,Sharwakom
dam_4188177,Lady Emily
dam_12420366,Mite Be Cloudy
dam_4754365,Massini Flyer
dam_4569005,Glencree Spirit
dam_4564574,Uncommited
dam_5851468,Mick Maya
dam_5769589,Brantingham Breeze
dam_5807774,Perfect Woman
dam_4788770,Indianaca
dam_39699373,Saintofthecastle
dam_4373579,Lethem Present
dam_5451446,Offside Rule
dam_6104476,Blueberry Bramble
dam_5363876,Roche Brune
dam_9260202,There On Time
dam_6181721,The Toft
dam_4432624,Pure Beautiful
dam_6121612,Benedicta Rose
dam_5661495,Joe's Dream Catch
dam_13757051,Unique Snoopy
dam_5053986,Golden Sunbird
dam_5527452,Apache Rose
dam_6224841,Emma Lee
dam_4965562,Courtmac Memories
dam_5256258,See The Clouds
dam_9658012,Kauto Luisa
dam_3523940,Morning Breeze
dam_5135116,Last Century
dam_18292701,Cardora
dam_4731762,Reel Cool
dam_7170149,Starrylita
dam_4644339,Taraba
dam_10442334,Francisca
dam_6016164,Ahd
dam_4462073,Lady Stardust
dam_6283788,Himalayan Queen
dam_7179326,Angel Meadow
dam_14616000,Chicago May
dam_11681936,Time Stands Still
dam_7054859,Lady Tipperary
dam_5560849,Poppet's Passion
dam_7218974,Ard Na Sidhe
dam_6071863,Twinkle Twinkle
dam_6021848,Lilly Junior
dam_5664022,Maleha
dam_5537497,Overturned
dam_6070862,Zunera
dam_4908519,Celestial Dream
dam_26580610,Astley Park
dam_4602787,Practicallyperfect
dam_5992035,Air Of Mystery
dam_4731993,Two Pass
dam_6038305,Princesse Savoie
dam_4473777,Kathy Sun
dam_5197178,Tatiana Romanova
dam_5726098,Talitha Kum
dam_5664939,Zuzka
dam_4972905,Regal Obligation
dam_5400710,Kadifette
dam_14502775,Drole D'Histoire
dam_5683251,Vita Will
dam_34962081,Autumn In New York
dam_34073634,Luck Or Logic
dam_4494483,Distinctive Look
dam_4897865,Winning Indian
dam_5390889,Old Moon
dam_5134703,Bonnie And Bright
dam_6157249,Anno Whyte
dam_5274136,Anshan Bay
dam_12087180,Grass Tips
dam_4745615,Scatina
dam_13865005,Betty Roe
dam_4235133,Waldblume
dam_5403370,Tulipe Du Seuil
dam_4143230,Ma Furie
dam_21692734,Brune Virginia
dam_23013578,Ned's Joy
dam_6862366,Ladysingstheblues
dam_6108207,That's Crazy
dam_6046411,Pale Face
dam_5920880,Iveagh Gardens
dam_5926487,Our Honey
dam_3895451,Russian Society
dam_4666515,First Bloom
dam_15995266,Gold Donn
dam_5748148,Drifting Mist
dam_6021092,Dani Salamanca
dam_4078228,Burren Moonshine
dam_4123280,Lyricist's Dream
dam_4534824,Laren
dam_5148248,Royale Majesty
dam_4497710,Mamitador
dam_5214216,Blessed Luck
dam_7936845,Regina Park
dam_12491395,Olinight
dam_4423580,Fillmein
dam_5424377,Classy Crewella
dam_4523596,Power Of Future
dam_5857313,Quilita
dam_5285252,Solveigh
dam_5055736,Morning Supreme
dam_4149299,American Jennie
dam_10214736,Miss Nellie
dam_5690657,Tornada
dam_4505242,Reform Act
dam_6056155,Credo Star
dam_5521453,Pina
dam_4506537,Great Jane
dam_8407826,Robbe
dam_4677855,Santera
dam_5859763,Moonlit Bay
dam_5809160,Molly Milan
dam_8512770,Creation
dam_7086870,Nancys Delight
dam_41229034,West Elite
dam_41072661,Escort'Chance
dam_5194623,La Segnora
dam_5744557,Rime De Boitron
dam_40786683,Sainte Des Bordes
dam_49974064,Before The Flood
dam_38884713,Midnight Way
dam_5343940,Alabelle
dam_12850999,Mary B
dam_6521312,Dusting
dam_14142233,Rosee Matinale
dam_4015109,She's Our Native
dam_4038699,Sofia Aurora
dam_2887808,Floradora Do
dam_21221802,Lady Firefly
dam_5927159,School Of Thought
dam_5903394,Fair Funny
dam_13773389,Duffys Present
dam_6153294,Miss Tongabezi
dam_5234922,Sweet Child O'Mine
dam_6134436,Ruby Rambler
dam_5418014,Faraude
dam_10939880,Miss Margarita
dam_6340334,Maggi Rocks
dam_3981789,Ebatana
dam_21343028,Oud Metha
dam_6284264,Terme Cay
dam_5443018,Halo Flora
dam_5324025,Mouraniya
dam_37988118,Clongeen Star
dam_4736956,Hansel Monday
dam_4771305,Bella Patrice
dam_20025705,Brookside
dam_5810889,Rathvawn Belle
dam_17371263,Driftaway
dam_5448387,Just Missie
dam_5559372,Carmona
dam_5167582,Caramelita
dam_7065142,Ruscombe
dam_5254739,Catsalot
dam_6993035,Do Re Mi Fa Sol
dam_5772025,West Of Venus
dam_5969586,Pandoras Secret
dam_6058500,La Sibilla
dam_4925669,Fangfoss Girls
dam_5767433,Sofi's Spirit
dam_10109302,Analytical
dam_9603027,Maybride
dam_6150935,Ambriel
dam_5694675,Exceptionelle
dam_5904738,La Havrese
dam_9842861,Summerseat Mist
dam_21504469,Wondrous Words
dam_6972441,Kilbaha Lady
dam_6092114,The Tempest
dam_5904437,Top Dollar
dam_4989411,Penolva
dam_5547864,Truthwillsetufree
dam_27711530,Izba
dam_6881441,Joyce Compton
dam_15516270,Rhossili Down
dam_4475317,Little Nymph
dam_5314036,Elshabakiya
dam_6043156,Sunny York
dam_4814796,Vitta's Touch
dam_5681172,Flirtinaskirt
dam_5603808,Zam Zoom
dam_6247829,Chiringuita
dam_5714016,Mona Brown
dam_6303479,Corpus Chorister
dam_4479622,Nannina
dam_6081922,Desert Song
dam_6238484,Wordless
dam_15638595,Chetwynd Abbey
dam_5676426,Tawaareekh
dam_5422543,Chevanah
dam_4123798,Eshaadeh
dam_5340965,Cloud Illusions
dam_5684476,Oceanique
dam_44105432,Treasured
dam_6236307,Illegally Blonde
dam_6039082,Private Paradise
dam_6309415,Birch Cove
dam_6275178,My Favourite Thing
dam_5917842,Secret Keeper
dam_4636331,So Sweet
dam_6856815,Jenny's Dancer
dam_4970133,Barnezet
dam_10864063,Ball Girl
dam_7248409,Intricately
dam_5500621,Devotion
dam_4514433,Crystal Melody
dam_4444930,Nassora
dam_4746693,Miss Berry
dam_5087201,Court My Eye
dam_5592377,Cluain Easa
dam_6808648,Janimone
dam_4126430,Black Collar
dam_17757649,Mascotte D'Alene
dam_5582969,Zariyna
dam_5314869,Victtorie
dam_5398358,Geek Chic
dam_5966226,Easter Bonnie
dam_33479201,Glenelly Caoimhe
dam_4535524,Wahiba Hall
dam_11757844,King's Crystal
dam_4962314,Vavea
dam_34166937,For A While
dam_13412945,Native Sunrise
dam_20439286,Izzy Du Berlais
dam_9314683,Red Hibiscus
dam_5952443,Graces Benefit
dam_6302555,Alma Marceau
dam_28332178,Diane De Grugy
dam_5963293,Aurelle D'Arthel
dam_35431340,Rolibie De Vindecy
dam_5840856,Gambling Girl
dam_5462352,Passion Planet
dam_5140625,Arret Station
dam_5285917,Banphrionsa
dam_6041917,Deuce Again
dam_39061470,Fullofwonder
dam_5417930,Cat Nova
dam_13998523,Sheikhakan
dam_9051938,Sirens Rock
dam_4680172,Merka
dam_11238192,Spritzig
dam_10532627,Lady Of The Lamp
dam_26678190,High Regards
dam_40686555,Pivering
dam_21404600,It's My Pleasure
dam_8395751,Electrostatique
dam_4206832,Whazzat
dam_4749367,Caltra Princess
dam_11373166,Cordially
dam_5428311,Fromthecloudsabove
dam_3635142,Inchala
dam_5963055,La Dauvilla
dam_5513977,Trendy
dam_5830321,Ellie
dam_6333334,Alleygrove Lass
dam_13085492,Far Rock
dam_4585462,Nijinska Delaroque
dam_5766215,Une Histoire
dam_5481042,Kryptonie
dam_5445517,Supreme Von Pres
dam_7946484,Bienvenue Allen
dam_16085223,Spirit Of Ecstasy
dam_5365080,Theleze
dam_24846059,Abbans Aunt
dam_4967550,Costa Rica
dam_5466608,Worldeta
dam_14073248,Cleni River
dam_27181056,Marys Article
dam_6420834,Fellini
dam_6089181,Card Game
dam_6111812,Buche De Noel
dam_10864224,Irish Lass
dam_32638305,Robyn De Galles
dam_4456844,Lady's Gesture
dam_45887828,Dilys Thomas
dam_6206914,Midnite Grace
dam_4849579,Marilyn
dam_5841640,Dutch Courage
dam_3902199,Queens Jubilee
dam_14106918,Fine Prospect
dam_5697524,Sound Of Guns
dam_5886412,Eriniya
dam_14341740,One Kiss
dam_5901826,Bolga Bere
dam_5318474,Cape Dollar
dam_5375398,Fountain Of Honour
dam_5385471,Izzi Top
dam_15030736,Nouvelle Voie
dam_4476318,Spectacular Show
dam_15412572,Ranallagh Rocket
dam_19453889,Kalfu
dam_20260170,Mdina
dam_7042266,Her Terms
dam_24832787,Tiggy Two
dam_5834605,Blithe Spirit
dam_5990019,Faddwa
dam_10109946,Scarlet Ribbons
dam_7042581,Loveatfirstsight
dam_10197628,One Minute
dam_5505997,Along Came Casey
dam_6283809,Olympic Runner
dam_4206468,Royal Pardon
dam_8411501,Moojha
dam_23558255,Felissa
dam_10632678,Lady Sandy
dam_5637779,Maureen
dam_36387029,Drawing
dam_6177304,Luang Prabang
dam_3839353,Anbella
dam_5165447,Zubova
dam_14486017,American Frolic
dam_5994051,Rustam
dam_5797120,Shades Of Silk
dam_6890135,Kaks Roosid
dam_5782791,Dutch Mistress
dam_10686165,Shrewd Approach
dam_12186307,Superego
dam_7687799,Grande Bleue
dam_5618403,Fantasy In Blue
dam_5136425,Song To The Moon
dam_22381359,Lady Goldfrapp
dam_18740218,Dubai Romance
dam_5184151,Cadenza
dam_21403795,Etesian Flow
dam_5332152,Jivry
dam_5511100,Rayon Rouge
dam_2859073,Cute
dam_11711343,Rhigolter Rose
dam_6275843,Arya Tara
dam_6323548,The Black Princess
dam_18808608,Isabeau
dam_15205421,Rainbow Spirit
dam_20150396,Float
dam_9950318,Ghurfah
dam_5345487,Runway Dancer
dam_4886756,Czarna Roza
dam_10197726,Street Marie
dam_6011306,Shamiya
dam_4927699,April
dam_5542621,Love Island
dam_5846631,One Day More
dam_5194126,Point The Toes
dam_6333698,Play Trix
dam_5732405,Saintete
dam_5356708,Fairy Trader
dam_5914622,Uncharted Waters
dam_5666199,Carrigeen Kigelia
dam_6295492,Buck's Babe
dam_8517257,Out Law D'Oc
dam_5444229,Be My Present
dam_4686521,Folie Dancer
dam_4076940,Fenney Spring
dam_6302485,Fox Theatre
dam_5271882,Hi Note
dam_6104203,Shirin Of Persia
dam_16423358,War No More
dam_13527213,Lady Chartreuse
dam_9667154,La Jalousie
dam_7897491,Star Of Bristol
dam_17922310,Loyalitat
dam_10407754,Amourice
dam_35243698,Mexican Sky
dam_5516861,Bisou
dam_5901301,Ovilia
dam_27451893,Anicka D'Or
dam_4968782,Chic Et Zen
dam_5258379,Eimears Oscar
dam_39507909,Milano Glen
dam_5279848,Sigit D'Acadour
dam_5689383,Buddy Love
dam_5273233,Exchanging Glances
dam_6299118,Adarenna
dam_5139379,Moojeh
dam_6309408,Waritta
dam_6218093,Wekeela
dam_3984505,Zee Zee Top
dam_23490278,Beauty Du Bidou
dam_22907388,Ula De Mai
dam_3800846,Miss Canon
dam_4803498,She Hates Me
dam_5532051,Saint Hilary
dam_10416455,Luanna
dam_6645695,Hayley Belle
dam_4437006,Last Hope
dam_38130659,Centplicity
dam_5946234,Storming Strumpet
dam_5078199,Inch Princess
dam_5216526,Academy Rose
dam_3585554,Bellaney Lady
dam_4468639,Kerry Rose
dam_30057587,Sforza Ragazza
dam_5713855,Cote Vermeille
dam_4853177,Souri Des Champs
dam_6057254,Madame Rouge
dam_6113646,Veronaise
dam_11845638,Saadatt
dam_5351899,Naturotopia
dam_4073958,Friends Hope
dam_6040300,Multi Grain
dam_5098660,Polynikova
dam_4915358,Back To Roost
dam_4051257,Roberta Back
dam_4500559,Cephalonie
dam_4233516,Tchatchacoya
dam_5853750,Peace Time Beauty
dam_5152945,Miss Brandywell
dam_5283159,Silverlea
dam_3860857,Laskadya
dam_6124258,Oskar's Eva
dam_768425,Just Jasmine
dam_6093241,La Galondrina
dam_33150187,Tabello
dam_35337141,Mount Of Olives
dam_9878267,Thelunarschooner
dam_11757676,Laurens Trix
dam_5320336,Juvenil Delinquent
dam_28824978,Another Chance
dam_12096035,Oscar's Reprieve
dam_5928027,Res Ipsa Loquitur
dam_24555286,Be My Presenting
dam_29523053,Quesotho Royale
dam_4891278,Hot Oscar
dam_3886848,Eluna
dam_5809482,Sister Bernadette
dam_5886965,Monita Bonita
dam_4926754,Kinard True
dam_7023730,Madam Jolie
dam_18240152,Theme Song
dam_5782105,Koolala
dam_5401130,Be Fabulous
dam_18055240,Holly Baloo
dam_6338626,Mcgregor's Cottage
dam_5196009,Red Fantasy
dam_3888164,Grande Route
dam_5540136,One Theatre
dam_11513684,Mole End
dam_4252822,Lamorrese
dam_24735109,Alliance Doree
dam_6116677,Timon's Tara
dam_6268822,Ulanda
dam_5191060,Dance Hall Girl
dam_5117028,Lonesome Dove
dam_6678756,It Just Aint Right
dam_11630094,Gaye Steel
dam_6199312,Jahra
dam_6348531,Breakdance
dam_5865279,Lovely Best
dam_6851565,Maggie Rose
dam_31965353,Parkview Rose
dam_4667222,Ezima
dam_30454599,Lady Em
dam_6347691,Dirama
dam_4538359,Female
dam_34760201,A Cote De Cotte
dam_4873372,Princess Mairead
dam_5287842,Tarantella Lady
dam_2954056,Lucretia
dam_5994576,Spendajennie
dam_18714906,Coolrush
dam_6281667,Ettie Hart
dam_6162387,Colin's Sister
dam_5545813,Abundantly
dam_4185034,Earcomesannie
dam_11409020,Azaila
dam_5442605,Tea Caddy
dam_29816003,Luperca
dam_6022002,The Sophster
dam_22790691,The Coolest Cat
dam_4750312,Don't Wait
dam_5963188,Dametori
dam_31134397,Fortunes Harvest
dam_4111751,Midnight Mayhem
dam_4033141,Another Dollar
dam_4697126,Youamazeme
dam_4608107,Nonnetia
dam_20822802,Tobrigids
dam_6064772,Spirited Acclaim
dam_5186538,Bint Almatar
dam_10043614,Doubt
dam_4845246,Ben Roseler
dam_5185012,Rose Tanner
dam_5758921,Prettyscent
dam_6164515,Hot On Her Heels
dam_5661026,Lady Chloe
dam_25227272,Poulnasherry Dove
dam_5934523,Oscar Day
dam_29379413,Belle Du Luy
dam_25952395,Present Eile
dam_18333007,Castlelost
dam_4065348,Ridafa
dam_18055205,Brogarais
dam_24758699,I'll Have It
dam_32780321,Cavale Saint
dam_5881827,Nearly May
dam_6930371,Destinee Chalnetta
dam_5766026,The Pirate's Queen
dam_5230736,Soft Drink
dam_8462363,Terre Haute
dam_5972302,Kelloura
dam_41190478,Oscar Gem
dam_6332186,Miss Fleming
dam_5434954,Wild Child Lucy
dam_5263706,Fentara
dam_4257463,La Lorelei
dam_5531946,Mea Parvitas
dam_8059590,Ebbesbourne
dam_5352074,Zenella
dam_6106191,Amurra
dam_13998985,Porcelain Girl
dam_40433855,Kengera
dam_14034825,Sladina
dam_42452564,Ebrahcadebrah
dam_5184011,Posy Fossil
dam_5879454,Qawaasem
dam_4772607,Suzi Spends
dam_5527354,Travelling
dam_5910744,Maricel
dam_7129969,Right Rebel
dam_6272896,Mechanism
dam_6208566,Gamrah
dam_6250062,Lutania
dam_6025775,Lifeboat Mona
dam_5418231,Orange Bitter
dam_4001872,Kentford Grebe
dam_4143419,Opera Hall
dam_32356268,L'Etoile Du Nord
dam_15258663,Mountain Melody
dam_34166958,Crippled Cougar
dam_22301671,Absolutus
dam_5836278,White Heel
dam_4457845,Regents Dancer
dam_5755995,Twenty Four Years
dam_5448373,Parstara
dam_17571190,Gail Borden
dam_6338871,Stella Marina
dam_31686193,Devils Pride
dam_5860351,Katie T
dam_4929596,Timoca
dam_5840884,Minstrel Sally
dam_6086395,Wild Fern
dam_18240698,Liss Aris
dam_4686094,Partie Majeure
dam_5780873,Whowhatwherewhen
dam_5881617,Yachtclubgenoa
dam_4529658,Elle Galante
dam_11682069,Cooling
dam_5945940,Rons Dream
dam_4222421,Pearl's A Singer
dam_4959381,Isabelonabicycle
dam_9185134,Dreams Allowed
dam_35610309,Jazz Theatre
dam_9786987,Mixie The Pixie
dam_6012734,Unbuckled
dam_47192320,Downtown Trim
dam_30207744,Luz De La Vida
dam_5859735,Gaelic Joy
dam_5767762,Mrs Miller
dam_4797842,Niska
dam_13072297,Popin's Du Berlais
dam_6301505,Very Dashing
dam_6337492,Legendara
dam_4221798,Lake Wakatipu
dam_40786697,Wee Orbit
dam_5316381,Undecided Hall
dam_3770452,Miliana
dam_4182829,Flaming Poncho
dam_35055125,Sean's Oscar
dam_21512428,Hey Laura
dam_6005356,Susie Sheep
dam_5556572,Miracle Maid
dam_35054362,Clarinet Davis
dam_5955236,Torpille D'Ainay
dam_40920600,Lady Mischief
dam_4664828,Rose Indienne
dam_5143250,The Brass Lady
dam_6014939,Mangenie
dam_22847454,On The Prairie
dam_4777619,Pervenche Du Seuil
dam_4890361,Silver Coaster
dam_4163418,Clochette De Sou
dam_10238417,Samarayia
dam_39940817,Native Supreme
dam_3965444,Dusty Too
dam_4597628,Rubys Shadow
dam_4829594,Cosavita
dam_6204793,La Fritillaire
dam_9721131,Castleonthehill
dam_5498591,Hyde
dam_5741778,Ubriska
dam_5869773,Got To Dream
dam_4796533,Towermore Lass
dam_5950812,Bell Walks Day
dam_13610142,Mimi Equal
dam_5509196,Eva La Diva
dam_5029220,Jeunopse
dam_5280625,Clohass Lane
dam_4102245,Lady Flyer
dam_4812759,Wychwoods Legend
dam_5569431,Monami
dam_6269676,Pure Diamond
dam_4759384,Shamayel
dam_10983854,Ivirka
dam_11033932,Lambari
dam_18198600,Lady's Maid
dam_6298726,Fair's Fair
dam_5452335,Baheeja
dam_11881751,Duchess Of Danzig
dam_8192751,Dalakania
dam_5680948,Al Gharrafa
dam_5283376,Miss Fifty
dam_5350499,Vasoni
dam_6105344,Evil Spell
dam_6114878,Azagba
dam_10160661,Mamba Noire
dam_8576918,Alnaas
dam_11526116,No More Thrills
dam_6106114,Oakley Star
dam_6271867,Kazziana
dam_3724112,Lady Lahar
dam_4839996,Brackenmoss
dam_5782098,Definitely Better
dam_5157628,Sarika
dam_5961648,Bobset Leader
dam_6105456,Other Du Berlais
dam_13004047,Madam Cloud
dam_5562914,Come And Fight
dam_5246031,Sister Red
dam_6021106,Musical Queen
dam_28535283,Bionic Buffy
dam_5715311,Fionnuar
dam_6106212,Bishara
dam_11763213,Sacree
dam_10076675,Tulipe De Beaufai
dam_5996725,Red Legend
dam_10151295,Send To War
dam_23441201,Presenting Brook
dam_4846135,Argento Luna
dam_27040601,Tansyaster
dam_4875997,Overlady
dam_4571707,Well Disguised
dam_5040560,Gift Wrapped
dam_4597278,Fair Maid Marion
dam_5119821,Anadama
dam_4786362,Eliga
dam_5046244,Leitrim Bridge
dam_4457796,Ballybrowney Hall
dam_4715928,Bella Haze
dam_24769871,Silver Needle
dam_5861492,Blodge
dam_29523368,Browngirlinthering
dam_5644219,County Champions
dam_4958002,Baila Me
dam_31480113,Green Away
dam_4629716,Xinji
dam_4747680,Shanxi Girl
dam_25014339,Art Festival
dam_10034297,Aunt Rosalie
dam_5999980,Tosca La Diva
dam_16467094,Naker Mome
dam_4254145,Sablonne
dam_5371324,Moncherie
dam_4977161,Jambles
dam_5891431,Mollasses
dam_20260660,Verchinina
dam_3018974,Real Treasure
dam_5866644,Pectora
dam_6162674,The Last Bar
dam_28903371,Pont Royal
dam_5400059,Countess Susy
dam_35176029,L'Aulniere
dam_5262047,Lizzy's Lass
dam_4733701,Khazaria
dam_6002829,Alderley Heights
dam_3927406,Blue Ride
dam_5447981,Everybodys Dream
dam_6001226,Head For Heights
dam_5907447,Venise
dam_5070016,Helen Mag
dam_11846149,Flot Des Flos
dam_4680291,Minirose
dam_5393759,Flame Of Dixie
dam_6109775,Ballinderry Moth
dam_20324703,Wings At Dawn
dam_18920314,Benefit Lodge
dam_17541097,Joyride
dam_3749025,Miss Lauren Dee
dam_10358929,Queen Arabella
dam_5236875,Silkenveil
dam_5739573,Trully Blessed
dam_6151691,Rochitta
dam_45982433,Fracherette
dam_6000148,Elpida
dam_4606630,Mamonta
dam_5724509,Solace
dam_20672232,Countess De Vega
dam_5325803,Surprise
dam_5315352,Al Andalyya
dam_6147862,Etrangere
dam_6208846,La Rioja
dam_4457397,Mystical Ayr
dam_5217471,Aviate
dam_5523882,Idyllic Star
dam_19902337,Dharwa
dam_6140596,Jo Bo Bo
dam_5574415,Survey
dam_5450263,Titch Strider
dam_5367943,Sacree Tiepy
dam_6132049,Beautyful
dam_5040784,Knar Mardy
dam_6257895,Miss McGoldrick
dam_5805548,Oatfield Lady
dam_6284390,Arrucian
dam_5254172,Bonne Anniversaire
dam_5727743,Summervale
dam_5341735,Starrystarrysky
dam_5677833,Trapeze
dam_4428865,Dartmeet
dam_23568594,Jazzy Belle
dam_5995472,Anaqueen
dam_4171769,Coquette Rouge
dam_5329079,Nuit De Guerre
dam_5026455,Croeso Mawr
dam_4682678,Grande Solitaire
dam_49695114,Molly Potter
dam_5822187,Seven Even
dam_5924793,Nidina
dam_5874484,Lady Tabitha
dam_49262514,Ashinga
dam_5615218,Two In The Pink
dam_4505067,Disco Ball
dam_5619110,Contradict
dam_24152177,Stylish Design
dam_4783590,Miss Delila
dam_5303753,Mi Rubina
dam_10661077,Northern Queen
dam_6467538,Our Greta
dam_29538768,Party Peace
dam_5385996,Ellxell
dam_4937779,Haigh Hall
dam_5824910,Rhinestone Cowgirl
dam_29394547,This Town
dam_4686633,Azione
dam_23490341,Ma Baker
dam_27593776,Northwood Milan
dam_5611515,Liqueur Rose
dam_5762603,Morning Dust
dam_11613035,Sainte Dame
dam_6017963,Quiet Beauty
dam_5562949,Bonny Blackdoe
dam_50187879,Moonlight Fox
dam_5994492,Seenigora
dam_5979995,Queens Regatta
dam_5587687,Feabhra
dam_18882185,Queen De Grugy
dam_4982628,Denny De Lap
dam_3989510,Madoudal
dam_3886113,Reverse Swing
dam_5201665,Mausin
dam_5787677,Belle Sauvage
dam_5059180,Tastytimes
dam_11075043,Floria Tosca
dam_6195784,Kiwi Katie
dam_5449976,Savigny
dam_5840933,Tessoneill
dam_5830209,Mwangaza
dam_4508294,Scottish Stage
dam_5506970,Wonder Why
dam_6340166,Only Together
dam_4487294,Ravish
dam_5111365,Arrivederla
dam_5844580,Suffisante
dam_6106653,Pure Honey
dam_7688051,Oreade Vallis
dam_5591327,Queen Michaela
dam_11448192,Maggie Jonks
dam_26088475,Fellbeck
dam_5954963,Indira
dam_4641406,La Spezia
dam_6972630,Conselice
dam_28608083,Blues Sister
dam_15854762,Invincible Charm
dam_12574471,Emilandra
dam_39059888,Frosty's Gift
dam_6068244,Forbidden Love
dam_21878360,Zoom Call
dam_39962398,Serengo
dam_14175413,Evie Speed
dam_21690886,Distant Thunder
dam_5309367,Shim Sham
dam_17763067,Superiority
dam_5514523,Eastern Destiny
dam_4476486,Modeeroch
dam_3371354,Dashiba
dam_4611957,Mickleberry
dam_5660571,First Destinity
dam_5671505,Beal Ban
dam_5921517,Isabella Beeton
dam_9842875,Aegean Girl
dam_21669669,Atlantic Drift
dam_5532604,Rythmic
dam_21673204,Sacre Caroline
dam_5139995,Velvet Band
dam_7603841,Ducissa
dam_5843222,Dawn Of Empire
dam_11091528,Morning Chimes
dam_14540477,Correze
dam_6023899,Orange Sun
dam_5559869,Oojooba
dam_5870242,Much Promise
dam_6271874,State Sovereignty
dam_4451713,Flylowflylong
dam_5766516,Parle Moi
dam_5507383,Viola D'Amour
dam_6221082,Looks Great
dam_11425001,Brexitmeansbrexit
dam_8387736,Guerriere
dam_6885711,Rajar
dam_5842977,Charlotte Rua
dam_7603820,Rich Legacy
dam_5196002,Strictly Dancing
dam_21673806,Jane Marple
dam_6347110,Dufay
dam_5173847,Suerte Loca
dam_6073760,Three Gracez
dam_6250769,Marenko
dam_5129803,Deal
dam_11753679,Saltpetre
dam_4647671,Think Of The Money
dam_5148395,Katies Fashion
dam_5609674,Une D'Ex
dam_6079913,Wedding Vow
dam_4809861,Cerize
dam_5391610,Dream Function
dam_13594280,Fedaia
dam_34268528,Kadouna
dam_5768532,Nuance Tartare
dam_9924565,Taiwan Leto
dam_5241852,The Strawberry One
dam_5990957,The Lady Maggi
dam_4785830,Let's Park
dam_5764836,Ute Antique
dam_5292385,Yorkshire Girl
dam_5018559,Back Me Up
dam_5771206,Auld Alliance
dam_9693810,Sancerre
dam_5297152,Purple Glow
dam_26607798,Quara
dam_5577537,Starscope
dam_6047790,Cloud Line
dam_7175070,Pandora's Box
dam_5970629,Soft Power
dam_6102572,Zakhrafa
dam_4237093,Seven Magicians
dam_18781007,Nooramunga
dam_13829648,Shades Of Blue
dam_10109988,Beaming
dam_7374976,You're Back
dam_30208381,Clowning
dam_5776869,Gift Of Music
dam_13695689,Nicki's Angel
dam_5500369,Nafa
dam_12585020,In Trutina
dam_9786350,Lightupthenight
dam_19751424,Follow A Star
dam_2937361,La Palma
dam_18828782,Oriental Step
dam_5677812,Miss You Too
dam_6235264,Praskovia
dam_8068795,Nehalennia
dam_5354587,Mazagee
dam_9667084,Cheenys Venture
dam_40096147,Ethelflaed
dam_6278349,Amami
dam_5477304,Splendid Blue
dam_5257931,Russie With Love
dam_6263866,Silverville
dam_5810378,Flaybay
dam_24494792,Copper River
dam_4121061,Oscars Vision
dam_4902814,Follow The Dream
dam_25227265,Swift Getaway
dam_6028190,Windsor Higgins
dam_6181210,Myska
dam_13368677,Rotswana
dam_4922995,Shokalocka Baby
dam_34268535,Bigzam d'Or
dam_5552337,Knock Na Shee
dam_8926610,Vics Miller
dam_24846031,Bell Walks Eve
dam_5451033,Uimhir A Seacht
dam_2838311,Camina
dam_37068122,Lady Perella
dam_9924628,Jerica
dam_5910534,Gleaming Spire
dam_6017039,Davids Jewel
dam_6314371,Swahilie Du Mathan
dam_5472047,Argovie
dam_5634202,Cindy Flight
dam_5104624,Thrice Nice
dam_3932894,The Lyme Volunteer
dam_8059485,Queen Lee
dam_21250117,Vinnie's Princess
dam_4651829,Chantra
dam_40352690,Cobbler's Gold
dam_4807467,River Beauty
dam_3757397,Ailette
dam_5743045,Nancy O
dam_8991773,Lady Of The Clyde
dam_6338696,Rhythm Nation
dam_6217001,The Nipper
dam_43352211,Elliston Emery
dam_45759651,Getout
dam_9984142,Greatrisc
dam_4900287,Montelfolene
dam_5989984,Stone Roses
dam_6092660,Crafty
dam_5827913,Etesian
dam_22214619,Special Guest
dam_4114831,Queen Soraya
dam_5488784,Remember Alexander
dam_43604414,Tresorella
dam_5701136,Minalisa
dam_4964988,Sterling Sound
dam_14576254,New Jazz
dam_10350648,Shalailah
dam_4795553,Hawk Eyed Lady
dam_6258749,Rio's Cliffs
dam_6088992,Pallas
dam_6169807,Royal Debt
dam_5491087,Isolde's Return
dam_4553570,Para Siempre
dam_4174051,Thuringe
dam_16553880,Coolamaine Star
dam_4727604,Aguida
dam_34665687,Distillee
dam_5255642,Cinderella Rose
dam_35445690,Morning Milan
dam_50401792,Elle De Sceaux
dam_5832239,Hester Flemen
dam_5532436,Hasten
dam_5810175,Kazuri Kate
dam_10416665,Pedulia Alba
dam_14323218,Jolucy
dam_5548739,Ninive
dam_5682047,Luci Di Mezzanotte
dam_5057297,Traviata Valtat
dam_4200280,Whatdoyouthinkmac
dam_5656616,Change Of Plan
dam_27997515,Wendy's Moan
dam_5802958,Delta Forty
dam_30002231,Life Is A Gift
dam_4592294,Princess Jaffa
dam_5486012,Wonderous Light
dam_8666896,Pavillon
dam_6310654,Hestina
dam_5200811,Romie's Kastett
dam_5106073,Zaralanta
dam_5851741,Sainte Borgue
dam_31070081,Assemblee A Brion
dam_5026630,Kizmehoney
dam_10059980,Nicandra
dam_6005405,Two Smokin Barrels
dam_6199893,Freedom Rock
dam_10338622,Ask Catkin
dam_21493815,Rirta
dam_5779480,Debdebdeb
dam_6674486,River Arrow
dam_13639654,Lillian Russell
dam_5651359,Maid Of Oaksey
dam_5720519,Queen Dream
dam_23033948,Valse De Touzaine
dam_412694912,Lady Westerner
dam_6181868,On A Whim
dam_5776694,Rose Of The World
dam_5965141,Tricky Present
dam_6890408,My Belle I
dam_6984768,Diteou
dam_4036893,Mystic Glen
dam_5995927,Malaga De St Sulpice
dam_5020813,Quaspia
dam_5124742,Aventia
dam_5780439,Katie Cranny
dam_4244079,Petite Nany
dam_5116972,Dances With Waves
dam_16588159,Another Tonto
dam_13124111,La Chichina
dam_6083854,Donna Graciosa
dam_7198324,Gala
dam_4587198,Cloth Fair
dam_40132862,Gentilonda
dam_13640032,Porthledden Flight
dam_27012384,Via Lazio
dam_5731439,Aotearoa
dam_4807453,On Yer Own
dam_5537518,Debuetantin
dam_32105248,Merseybeat
dam_5047826,Netova
dam_4908218,Je Ne Sais Plus
dam_5810427,Kilganey Maid
dam_23225545,Cuddle Ina Drizzle
dam_5126072,Glenark
dam_5814333,Gaillimh A Chroi
dam_5628385,Cherish The Pear
dam_18513383,True Dedication
dam_5644100,Liz's D'Estruval
dam_4891313,Grangeclare Gold
dam_10151281,Blue Eyed Lucy
dam_40352676,Dear Songbird
dam_5896387,Lizzy Langtry
dam_6295149,Queenly Mail
dam_28220822,First Line
dam_5620685,Royale Performance
dam_5603703,Dame Again
dam_5395026,Supreme Breda
dam_20067131,Engagee
dam_5228699,Knockcroghery
dam_4002971,Magicaldoun
dam_5462016,Sarah's Cottage
dam_18100936,Grange Oscar
dam_11952395,Whyyousoserious
dam_4648938,Brave D'Honneur
dam_10273004,Dream Sleep
dam_5971056,Annamatopoeia
dam_35335755,Tarbay
dam_5301695,Rose De Grugy
dam_4091192,Nina Fontenail
dam_5385506,Spectacle
dam_7274008,Qualivie
dam_5588359,Shuil Dorcha
dam_45315025,Eliane
dam_5317991,Irish Song
dam_19787754,Sweet Nano
dam_5863872,Laurens Ruby
dam_4735010,Ceka Dawn
dam_4514055,Give It Time
dam_4915071,Lady Benmear
dam_6113275,That's Nellie
dam_7264033,Reachforthestars
dam_6021099,Morning Run
dam_5803245,Wild Spell
dam_5657379,Tyger Prynt
dam_20125119,Munaasaba
dam_14629895,Flawless Jewel
dam_5250336,Am I
dam_32952542,Nourah
dam_3386334,Saphire
dam_20941361,Sweet Serendipity
dam_5122285,Cabaret
dam_3916353,Polygreen
dam_5693898,Shafaani
dam_5933144,Cinnilla
dam_6075167,Scots Fern
dam_5163816,Quest To Peak
dam_6162632,Clarentine
dam_8098188,Star Story
dam_6263229,Langlauf
dam_6298264,Zest
dam_11424987,Homeopathic
dam_6257223,Blushing Beauty
dam_18705330,Rhea
dam_5972687,Dream Approach
dam_5731404,Caserta
dam_14660569,Yourtimeisnow
dam_4221217,Bratislava
dam_6149871,Simply Me
dam_22504895,Horse Sense
dam_3182823,Glitter Girl
dam_5725594,Marmot Bay
dam_36416219,Spinworthy
dam_5638850,Sinaadi
dam_5664029,Malilla
dam_7897533,Dandilion
dam_4603809,Cesana
dam_6136319,At The Top
dam_4858406,Shedan
dam_5656224,Seaham Hall
dam_7792106,Rising Queen
dam_5965043,Walk In Corsica
dam_24228456,Chakalaboumboum
dam_6742281,Fuel Queen
dam_4895695,Floating Euro
dam_5308352,She's Got Grit
dam_6956600,Wind And Reign
dam_3805319,Fragrant Rose
dam_5075413,Gulf Punch
dam_5735835,Astroglia
dam_22705235,Dr Jane
dam_5531666,Good Morning Star
dam_4930877,Wicked Maria
dam_7501060,Alpha Joa
dam_9896453,Belle Rose
dam_10755605,Affina
dam_4807901,Rajmahal
dam_6039803,Tongue Twista
dam_6135444,La Dorotea
dam_23568860,Transcendence
dam_19208084,Yes Always
dam_21725109,Bonita Queen
dam_14566258,Dancing Warrior
dam_14233128,Stillwater Cove
dam_5012700,Spirit Of Dubai
dam_5823447,Amarysia
dam_5702039,Naalatt
dam_5627251,Portacarron Lady
dam_2914576,Hip
dam_6283872,Next Life
dam_15055789,Chamundi Hills
dam_5703831,Matauri Pearl
dam_24063928,Barnet
dam_10911824,Expressiy
dam_6987869,Bean Feasa
dam_14084777,Fastnet Lady
dam_22459563,My Henrietta
dam_37889978,Carolina Peach
dam_4242896,Karen's Caper
dam_6195539,Nansheen
dam_5499207,Bobs Present
dam_5697265,Flemish School
dam_5313924,Midgard
dam_5292308,Luna Lucky
dam_6777890,Soif D'Aimer
dam_5266457,Castlemyles Queen
dam_6021120,Tempest Missile
dam_5890836,Grannie Liz
dam_4445637,Gamesters Lady
dam_4524478,Ladies Choice
dam_6016605,Aunt Nora
dam_34470576,Tipping On
dam_9950283,Wonderful Filly
dam_5081657,Douryna
dam_22150051,Chinaconnection
dam_10246089,Velvet Charm
dam_14780052,Rare
dam_13988261,Brassica
dam_4844812,Baharah
dam_8232063,Dynamic
dam_13333635,Douda
dam_5145714,Galmalea
dam_5392499,Lady Rosamunde
dam_6028176,Petit Adagio
dam_5714268,Harem Lady
dam_6198773,Show Day
dam_13829690,Kwela
dam_5912879,When In Doubt
dam_5875940,This Is The Day
dam_6028211,Coumlara
dam_18799207,Lon Dubh
dam_9345336,Carmens Fate
dam_5013162,Roses For The Lady
dam_28738563,Wings Ablaze
dam_21676347,Natural Appeal
dam_3941658,Ripalong
dam_4994598,Shamwari Lodge
dam_5339544,Fenella Fudge
dam_5831427,Trixie Malone
dam_4439092,Lady Duxyana
dam_5217086,Seasons
dam_17298568,Shadow Play
dam_6989794,Red Savina
dam_5453252,Irrational
dam_4494882,Brigids Cross
dam_6212171,Mojo Risin
dam_6102215,Sweet Selection
dam_4905285,Font Froide
dam_7153314,Lysanda
dam_31214582,Super Woman
dam_11399395,Primeiradama
dam_5857320,Quirigua
dam_6410831,Carmen Lady
dam_6862450,Pearlita
dam_5479439,Midnight Lira
dam_5963874,Naiade De L'Isle
dam_6186117,Maybell
dam_9277653,Aughrim Vic
dam_4628190,Mysteryonthebounty
dam_34760194,Jillys Glory
dam_24495184,Trazona Kit
dam_5401704,Miss Palm
dam_5965918,Just For Pleasure
dam_9531970,Taggle Og
dam_5798429,Diska
dam_5317823,Invitee
dam_16523136,Grape Shot
dam_11845484,Crimson Skies
dam_5723746,Merry Jaunt
dam_34473306,La Perla
dam_5976222,Kiss Of Spring
dam_4168878,Lady Filly
dam_5827521,M'selle
dam_7395115,Lady Morel
dam_4784759,Bikini
dam_4954775,Tropical Paradise
dam_30017442,Aratiyna
dam_3791557,Gee Whizz
dam_6073557,Tavadden
dam_4026897,Purple Patch
dam_5659822,My Fair Lady
dam_7065121,Dubka
dam_24078957,Petite Pois
dam_10747618,Cairnsforth
dam_6231484,La Colombe D'Or
dam_5869430,Barton Heather
dam_5994737,Cash A Lawn
dam_4913146,What A Breeze
dam_4849908,Yolaine
dam_46449865,Ten Dollar Kate
dam_6039775,Vivi's Charis
dam_2963667,Maybe So
dam_5697748,Only Exception
dam_23283960,Maggie Andy
dam_9396821,My Bay Lady
dam_21100576,Oceanna Mist
dam_3747919,That's The Goose
dam_4733106,Bitooh
dam_4918956,Classic Material
dam_6082566,Mozo
dam_6808480,Sience Fiction
dam_6972476,What Can I Say
dam_4744852,Wise Little Girl
dam_40494349,Hester's Way
dam_6029933,Two Swallows
dam_37757895,Tazabelle Du Lion
dam_6153364,Tanit
dam_5583242,Hats And Heels
dam_5392240,Opale Jolie
dam_5349652,Narvica Gravelle
dam_4966479,Makeover
dam_26756093,Another Flower
dam_4189738,Ouchka
dam_6112456,Stor Mo Chroi
dam_5695641,Hippy Hippy Shake
dam_6022646,Laftah
dam_4632586,Sweet Wind Music
dam_5316612,Romany Gypsy
dam_10197516,Cardaw Lily
dam_9453227,Midnightly
dam_9251060,Silent Confession
dam_7341201,Ghaseedah
dam_5878271,Sleek
dam_4776338,Mad About You
dam_26767727,Gliding
dam_5860610,Plover
dam_4083506,Scarlett Rose
dam_15516389,Dubai Opera
dam_5931471,Talmada
dam_12902715,Alliance D'Or
dam_5291055,Dijlah
dam_5892481,Optica
dam_5458467,Adventure Seeker
dam_5743003,Melanippe
dam_47161380,Madame
dam_5828536,Kilronan High
dam_8746339,Cry For You
dam_13412875,Deadringerforlove
dam_19502077,Martika
dam_5774790,Ninna Nanna
dam_41072654,Dangan Dawn
dam_17474800,Don't Rule Me Out
dam_4969468,Diklers Oscar
dam_4430300,Carrigbuck
dam_4716845,Reynard's Glen
dam_5586336,Polka De Coeur
dam_28999782,Isserkelly Lady
dam_5804722,Chapel Corner
dam_18240705,Julia Glynn
dam_40920572,Oscar Beag
dam_4832268,Florida Pet
dam_4916905,Kylebeg Krystle
dam_21614971,Impressive Choice
dam_5144979,Lake Cresent
dam_10101273,Lady Pippa
dam_5194455,La Bombonera
dam_5026252,Towards
dam_5424349,Emily's Flyer
dam_5121088,Tiger Line
dam_6782902,Carrigmoorna Oak
dam_5824147,Ivresse Du Berlais
dam_4693283,Bobby's Taken
dam_670383,Sambara
dam_5234138,My Viking Bay
dam_5577411,Linadame
dam_5014163,Premier Victory
dam_4382693,Talk The Talk
dam_10109729,Abhasana
dam_5817497,Minoras Return
dam_6275276,Rivara
dam_5529027,Semiquaver
dam_21163912,Lady Lucarno
dam_6045088,Sister Dam's
dam_4532248,Moon Empress
dam_29523074,Shantelle Line
dam_4650996,Ice Box
dam_5940816,Sommer Sonnet
dam_3688230,Bilboa
dam_5314071,Ladies Pride
dam_24922184,Dear Frankie
dam_32868199,Reine De Glace
dam_22957592,The Real Casey
dam_6179180,Midnight Velvet
dam_19768700,Wishing Well
dam_4695607,Presenting Diva
dam_6186873,Your Turn
dam_5365108,Ahombros
dam_4089757,Lakil Princess
dam_29735965,Chances Orchard
dam_5308744,Denwoman
dam_6049897,Callistan
dam_6838076,Log Off
dam_15093484,Lady Zen
dam_12251883,Ejtyah
dam_7897512,Luminous
dam_5378716,Hidden Valley
dam_5307764,The Thrill Is Gone
dam_6090147,Wardat Dubai
dam_19208168,Valletta Gold
dam_5725643,Belatorio
dam_5360250,Undulant Way
dam_37550079,Havanaclue
dam_5547136,Miss Cap Estel
dam_18705351,Salve Etoiles
dam_5455408,City Dazzler
dam_6140491,Hilary J
dam_4528706,Killoughey Babe
dam_5286967,Classic Mari
dam_5276915,Spotthestripe
dam_29409912,Sally Knox
dam_5128193,Farfields
dam_3774904,Hollygrove Native
dam_33165419,Amulet
dam_5287296,Glenora Gale
dam_4183032,Etoile D'Ainay
dam_6152510,Pearl Heart
dam_37988104,Native Story
dam_5209092,Martalina
dam_27793955,Auvloo Ville
dam_6192977,Kells Hall
dam_27166608,This Is Bollyduff
dam_40920558,Jane's Track
dam_24569573,Viking Treasure
dam_4963462,Young Dottie
dam_6184738,Siberian Vixen
dam_3990189,Binche
dam_5684980,Senafe
dam_5422613,Royal Majestic
dam_50189041,Amazing Grace
dam_39960389,Feileacain
dam_10930598,Mariah's Melody
dam_10303335,Missy Mischief
dam_6016808,Triple Star
dam_6956019,Butoolat
dam_12217849,Stranagone
dam_30777236,Disdain
dam_6101669,Colourfilly
dam_5581975,Rivas Rhapsody
dam_4101594,Saharan Song
dam_2923235,Ivory Silk
dam_6035071,Daring Life
dam_5345144,Echo Ridge
dam_17191874,Alice Girl
dam_21964901,Evolica
dam_4048240,Majestic Desert
dam_29972642,Frolova
dam_5364163,Harlequin Girl
dam_5522573,Awjila
dam_5667760,First Secretary
dam_4090632,Chicago Vic
dam_33975375,Cap D'Ombree
dam_33150194,Fleur De Sel De Re
dam_5135137,Avondhu Lady
dam_5860771,Equilibriste
dam_5466559,Rogation
dam_2945313,Leading Lady
dam_8521758,Huntress
dam_46295858,Opaline Song
dam_5314428,Shantou Rose
dam_6011446,Ardeur Des Obeaux
dam_6123614,Bobble Mist
dam_5570929,Pale Mimosa
dam_17757663,Ab Initio
dam_4903843,Derry Vale
dam_4706835,Red And White
dam_3983602,Surf The Web
dam_4626874,Fair Breeze
dam_3995453,Wavet
dam_3849160,Pat's Girl
dam_38532438,Lake Islainishfree
dam_5505528,Blue Picture
dam_18333245,Ballyallia Pride
dam_21221788,Baden's Firth
dam_6328637,Bybrook
dam_7121555,Kitty Russell
dam_50187886,Baiddaa
dam_7245756,Deauville Crystal
dam_6347404,O'Connor's Girl
dam_20976760,Khaseeb
dam_5539135,Lady Arabella
dam_4457019,Luminaria
dam_4439099,Lady Livius
dam_5986141,Haven's Wave
dam_6150074,Pure Innocence
dam_35430829,Lucky Island
dam_7401394,Milan Serenade
dam_5621714,Shees A Dante
dam_6016584,Cruisingdownriver
dam_2930018,Katalina
dam_5624927,Silverpockets
dam_4699275,Arctic Magic
dam_6039201,What A Jewel
dam_17975160,Miss Du Seuil
dam_24141460,Poppy Baloo
dam_5207909,Another Kate
dam_27982885,Coeur D'Allen
dam_5609646,Une Idee
dam_11603025,Glazed Storm
dam_5829019,Un Jour D Ete
dam_5345480,Batya
dam_4801111,Sably
dam_6033720,Petite Parisienne
dam_5524799,Miss Ekaterina
dam_5952485,Bredon Hill Poppy
dam_35039431,Go For Coffee
dam_28400141,Rocapella
dam_5561171,Lily Potts
dam_5772900,Late Night Deed
dam_40669027,Golden Songbird
dam_5404000,Britway Lady
dam_5116419,Sambirane
dam_4253263,Aimela
dam_5606580,Gold For Tina
dam_5314442,Ceol Rua
dam_4523638,Starship
dam_5931513,Anda De Grissay
dam_5428290,Mac Idol
dam_3918677,Scripture
dam_22641815,Alpes Du Sud
dam_20033048,Divine Cayras
dam_21163926,Fitanga Speed
dam_5631206,Flameche
dam_5111834,Roxaline
dam_6104931,Woolstone One
dam_5228531,Definitley Lovely
dam_5856872,Brambellina
dam_48020056,She's Dylan
dam_6145755,Kisis De La Pree
dam_12161205,Chouquette
dam_5685050,Mama Quilla
dam_20456597,Riverside Fashion
dam_4333693,Be My Granny
dam_6073571,Knockbounce View
dam_4388804,Blazing Sky
dam_4915855,Dolly Penrose
dam_5498542,Princesse Kap
dam_5990271,Pixey Punk
dam_29608509,The Youngone
dam_5496778,Applause For Amy
dam_5645668,Thegoodwans Sister
dam_4960585,Bannow Girl
dam_5719322,Dubh Go Leir
dam_4996908,Three Moons
dam_5189765,Duchess Of Foxland
dam_13052284,Roses For Grace
dam_6111707,Cesarine Palace
dam_760074,Dream Leader
dam_5933641,Valentine
dam_5676286,Bonnie Theatre
dam_5193699,East Of Tara
dam_6261836,Walaaa
dam_11067154,Tarentaise
dam_6066501,Ostatnia
dam_35244342,Vigui's Heart
dam_12401487,Be My Angel
dam_24433878,Brit Wit
dam_11526151,Maid Up
dam_7023793,Sovereign Parade
dam_15654352,Rubira
dam_6219031,Qatari Elegance
dam_6112449,Rose Of Miracles
dam_6238568,Pecking Order
dam_21676963,Silent Thoughts
dam_6309359,Make Music
dam_5313287,Madonna Dell'Orto
dam_5674669,Cut No Ice
dam_23198588,Hot Legs
dam_4173582,Cold Cold Woman
dam_4085249,Galapagar
dam_5756247,Ferevia
dam_8051071,Whispering Bell
dam_4679500,Rakiza
dam_10833214,Timpani
dam_5509084,Al Mahmeyah
dam_7749735,Normandel
dam_6026545,Anastazia
dam_22697136,Abeona De Clermont
dam_34166923,Katsca
dam_5494132,Windy Lane
dam_5122901,Our Soiree
dam_5459811,Karuma
dam_17757348,Ominous Outcast
dam_5768721,Present From Paris
dam_5764136,Une Dame D'Or
dam_5448947,Lady Kasora
dam_5735933,Grammatiste
dam_3919034,Katch Me Katie
dam_4792725,Jaillissante
dam_18240691,Kitty The Hare
dam_8512791,Top Fun
dam_5061686,Top Lot
dam_39827333,For Your Love
dam_5252226,Popalong
dam_4834886,Mariah Mooney
dam_5234971,Saintly Lady
dam_9132347,Blixt
dam_13022268,White Mountain
dam_5407066,Links Drive Lady
dam_10160703,Elmaliya
dam_49481285,Ebbor Lane
dam_6229524,Karenine
dam_4884278,Diktalina
dam_11566625,Altra Vita
dam_4611999,Robema
dam_5676468,Si Luna
dam_35459221,Fashion Family
dam_19217408,Nina Bailarina
dam_5311341,In Your Time
dam_5885026,Quiet Protest
dam_18654503,Pledge Of Honour
dam_5347251,Night Carnation
dam_28372225,Limerick Rose
dam_4657324,Alina Rheinberg
dam_5511961,Trudente
dam_5813577,Lady Charisma
dam_4965821,New Bridge
dam_20150403,St Helans Bay
dam_5447365,The Real Athlete
dam_5408851,Young Mags
dam_4239543,Miss Blueyes
dam_4961733,Kameruka
dam_20891395,Castlevennon
dam_5266667,Lucy Murphy
dam_5855122,When In Roam
dam_4946067,La Trattoria
dam_6082811,Buttercup
dam_6104371,Ginny's Tonic
dam_6420561,Fashion Target
dam_41442163,Captur
dam_10092887,Dreamtide
dam_5286673,Charming Present
dam_5769757,Sojitzen
dam_30440802,Naamah
dam_5475190,Ruby Kew
dam_3981866,Starventure
dam_5737690,Amber Flush
dam_5705203,Youngstar
dam_3832556,Newtown Dancer
dam_23274132,Lizzy Loves Lilacs
dam_5669706,Lady Leila
dam_4579176,Shuil A Hocht
dam_4505606,Queen's Pudding
dam_4573009,Hold The Thought
dam_6207054,Savingforvegas
dam_18848620,Summertime
dam_6019909,Briery Belle
dam_10930773,So Cannie
dam_5556516,Makana
dam_5574352,War Bride
dam_6240563,Red Cattiva
dam_6215510,Baby Bee Jay
dam_6087508,Spirit Of Sound
dam_6038018,Superline
dam_4077066,Labelthou
dam_6104504,Billie Jane
dam_5057227,Jakonda
dam_6116005,Gracie B
dam_4752258,Majigal
dam_5488203,Lady Boulea
dam_5389083,Shifa
dam_5738320,Unika La Reconce
dam_24228904,Storming Run
dam_33465376,See The Lightning
dam_34745935,My Angel
dam_17664934,Ultimate Echo
dam_4518542,Capparoe Cross
dam_6175652,Zaaneh
dam_5319972,Downe Payment
dam_21876918,Rock Cake
dam_5892796,Alys Love
dam_5943791,Sugar Town
dam_17191566,Springing Baroness
dam_6018033,Al Fareej
dam_5216281,Parlour
dam_6272938,Wearing Wings
dam_2816562,Azelle
dam_18981494,The Works
dam_5271525,Paradise Place
dam_6242159,Glamorous Approach
dam_5976411,Tango Lady
dam_5070023,Wednesday Girl
dam_28706384,Lincon Lady
dam_5385191,Matrow's Lady
dam_5497709,Needle Doll
dam_6301778,Riverside Lough
dam_5177053,Deliberate
dam_8173949,Raheen Lady
dam_5244869,Woodview Dawn
dam_4798948,Miracle Seeker
dam_5005385,Cavallo Da Corsa
dam_31892777,Dettoria
dam_6340012,Nictate
dam_6330247,Stars At Night
dam_19173056,Rapture
dam_31149181,Dream On Me
dam_5352088,Diamond Run
dam_19538176,Petit Bay
dam_10504151,Lucky Lucrecia
dam_6220746,Bint Aldar
dam_11268124,Romaana
dam_16196082,Rachel Zane
dam_5677224,Special Meaning
dam_7019327,Following Mama
dam_13153266,Kalifornia
dam_4460372,Avoca Dancer
dam_4620007,Queen Of France
dam_30016504,Lis Goold
dam_3357697,Spanker
dam_4662847,Belle Of The Lodge
dam_3990931,Calamintha
dam_5834640,Dakatari
dam_2957073,Magic Money
dam_5466433,Chance Bleue
dam_5930218,Wild Fuchsia
dam_5973268,Wells Diamond
dam_4845869,Hollyvillaexpress
dam_4640853,Tralanza
dam_5763744,Kpalime
dam_9602222,Roystonia
dam_4833759,Amicus
dam_8654639,Dushy Dante
dam_5978637,Banjo Finn
dam_4236295,Nan's Catch
dam_8941618,Miracle Trix
dam_22739024,Lady Ben
dam_21035756,Portlandica
dam_39959752,Nora's Cherry
dam_6020049,Briery Queen
dam_4867016,Stillhertoes
dam_5907440,Une De Montot
dam_6984215,Gaye Future
dam_5147821,Fresh Princess
dam_15498749,Lidiyana
dam_5006554,Precious Gem
dam_3311371,Strong Wishes
dam_5226067,Talkin Madam
dam_4111905,Viva Forever
dam_14258559,Parting Clouds
dam_12252009,Renny's Lady
dam_10442320,Shy Angel
dam_16652328,Lapidary
dam_10442523,Naralsaif
dam_6941361,Catalan
dam_18849026,Balancing Act
dam_5959905,Rose Kazan
dam_14165235,Miss President
dam_5217555,Perfect Note
dam_13096692,Ichiuma
dam_6256446,Lady Allegra
dam_6348013,Darwell
dam_6930630,Nuptials
dam_5280310,Verus Decorus
dam_5642308,Sediciosa
dam_7374864,Delta Dreamer
dam_5341721,Presentbreeze
dam_5575584,Springfield Spirit
dam_41304760,Best Flight
dam_4865441,Tanya Thyne
dam_6709290,Whats Anothershuil
dam_5414934,Steel Glory
dam_5442129,Pink Mist
dam_7050554,Victoria Says
dam_6260163,Lady Canford
dam_21395612,Lady Shanrod
dam_24506664,Matinee Time
dam_15986845,Vierge Sainte
dam_24833263,Fuchsia Delight
dam_5631654,Peppardstown
dam_20033167,Saltbarrow
dam_6082804,Vintage
dam_5905886,Hannah's Princess
dam_6819169,Tacenda
dam_6277999,Forgotten Me
dam_24494834,Amber Flame
dam_3007858,Poppy Day
dam_18415593,Our Genevieve
dam_6130418,Par Bonheur
dam_5812422,Fairytale Theatre
dam_32682720,Highland Flower
dam_20136116,The Singing Hills
dam_5346082,Danetime Out
dam_4789967,Love In The Park
dam_4926824,Roshina
dam_6015310,Steip Amach
dam_10599477,Exceedingly Diva
dam_18865882,Aleneva
dam_6223924,Zykina
dam_13695808,Farnham
dam_7906584,Meetyouatthemoon
dam_5712133,Lady Vermeer
dam_4826479,Provence
dam_5695760,Kodiac Island
dam_6252092,Lady Clair
dam_3673299,Palais Glide
dam_4399808,My Amalie
dam_7061677,Usem
dam_6035064,Bitter Lake
dam_5830958,Rush
dam_10993514,Allegramente
dam_17856713,Queenoftheclyde
dam_18504444,La Derniere Fois
dam_4196073,Unreal
dam_5147954,Blue Maiden
dam_5454288,Aquasulis
dam_5133695,La Fortunata
dam_5688956,Travel
dam_15946434,Natla
dam_10755787,Indicia
dam_5754917,Three Hearts
dam_4758103,Hasten I
dam_5692694,Elzebieta
dam_21669676,Queen Margherita
dam_5356967,Havant
dam_5005392,Highland Burn
dam_15687959,Star Jet
dam_5888841,Turin
dam_5256076,Slaney Conflict
dam_4701011,Gray's Anatomy
dam_24141383,Cheryls Island
dam_4740260,Pampa Brune
dam_37701678,Sommer Ode
dam_23565717,Through The Lens
dam_3818864,Misty Native
dam_4627252,Niffyrann
dam_4642960,Kashmir Lady
dam_5643239,Combustible Spirit
dam_5652332,Sizing Kimberlite
dam_5492956,Lilly Mais
dam_5912914,Vibraye
dam_5485984,Riviere Diamant
dam_4701704,La Sarrazine
dam_2849616,Clemence
dam_6205773,Elivette
dam_5028884,Romance Turgot
dam_5646417,Rose Candy
dam_6021757,Youmeetmehalfway
dam_5783127,Indian Stream
dam_6163297,Cite Martignac
dam_4136503,Mays Dream
dam_6045627,Martiloo
dam_4874702,Blue Supreme
dam_4538387,Screaming Witness
dam_4906741,Calling All Angels
dam_5234929,Aeronautica
dam_5459713,Annalecky
dam_9984184,Las Princess
dam_20891388,Flowers On Sunday
dam_5846659,Last Of Many
dam_5500789,Bournie
dam_4495155,Alexiade
dam_13052249,Vida Sure Bailly
dam_30589265,Bealath Champ
dam_4697147,I'm Grand
dam_5318369,Telescopic
dam_5313161,Unaccompanied
dam_6039103,Rosaline
dam_7061082,Gabridan
dam_19984020,Adornment
dam_16553803,Furqaan
dam_6286595,Priceless
dam_23185022,Pearly Empress
dam_6871921,Silver Meadow
dam_4809588,Anamarka
dam_5834619,Plying
dam_4740442,Poppets Sweetlove
dam_18740211,Angel Of Delight
dam_8387827,Wotadoll
dam_5569424,Lights On Me
dam_6914243,Kadi
dam_13998831,Dame Freya Stark
dam_5036710,Idle Tears
dam_6177948,Magic Mirror
dam_5891942,Macau
dam_18582130,Ever Amber
dam_6128234,Never Miss
dam_5984356,Well Hello
dam_5615750,Fairey Delta
dam_37702175,Serendipities
dam_33205221,Ryans Robin
dam_5532744,Cooline Jana
dam_5976362,Queens Honours
dam_4692835,Back And Fore
dam_9567124,Preveza
dam_4118905,New Destiny
dam_5590620,Maguy Des Plages
dam_5416474,Taraval
dam_5952779,Littlemissthistle
dam_5831539,Blue Buttons
dam_6886012,Shaluna
dam_5162598,Chase The Favorite
dam_6333390,Chamoss World
dam_4981627,No Trimmings
dam_5716599,Super Cookie
dam_5121704,Gold Bubbles
dam_6914068,Arbor Des Champs
dam_6311627,Jaune Et Bleue
dam_41442170,Dame D'Oudairies
dam_4632530,Sopran Slam
dam_5634132,Sky Royale
dam_4696496,Supreme Melody
dam_5963748,Oleohneh
dam_6350330,Kingara
dam_4708536,Tamara Moon
dam_34665708,Burnt It Up
dam_8576995,Camiflora
dam_5316535,Best Be Careful
dam_6822865,Douma Desbois
dam_40494342,Supreme Benny
dam_6310766,Amaany
dam_5324284,Dance For Livvy
dam_12186363,Sajanjl
dam_5509147,More Respect
dam_7065219,Hope Against Hope
dam_5492396,Bessichka
dam_6074691,Goodnightsuzy
dam_5677098,Just Darcy
dam_17461941,Hurricane Heidi
dam_4772411,Coachhouse Lady
dam_11846394,Nisreen
dam_11221455,Binti Al Nar
dam_5801299,Quiza
dam_10647546,Liquid Amber
dam_14106771,Sharp Practice
dam_5959191,Platinum Pearl
dam_25312259,Speralita
dam_4944499,Ares Choix
dam_9852626,Florida Times
dam_4989439,Simple Solution
dam_12902666,Jumeirah Street
dam_6263299,Honorina
dam_5153575,Bahamian Music
dam_5741673,Late Night Movie
dam_4946263,Sweet Applause
dam_5467189,Beau Mistral
dam_14165340,Eternal Sun
dam_5685764,New Falcon
dam_5807053,Holley Shiftwell
dam_4216660,Wedding Party
dam_5595429,News Desk
dam_7248542,Texas Katie
dam_4925039,Antiquities
dam_5318831,Swizzle Stick
dam_17757670,Blazing Moon
dam_5274143,Corrib Princess
dam_5150565,Magic Danse
dam_4135124,Sweet Shooter
dam_5449941,Maline Des Epeires
dam_11513719,Sissi Land
dam_18143734,Ulcy Pressive
dam_17851827,Une Brik
dam_3938263,Cent Prime
dam_5122579,Maryota
dam_35417074,Nuit D'Eaurage
dam_6348685,Paulmie
dam_4565197,Justamemory
dam_4528664,Pegus Love
dam_5398029,Trevoloise
dam_6143137,Goodthynemilan
dam_18857181,Reconbustible
dam_5846589,Crofton Trail
dam_6194790,Royale Solitaire
dam_8767626,Pedisnap
dam_34746257,Flaming Queen
dam_5256146,Rossa Parks
dam_5973296,Lily Rock
dam_4473882,Arisea
dam_24846052,Flemenslass
dam_4717587,Lady Vanquish
dam_38131457,Getaway Franjoe
dam_5357422,Milano Bay
dam_23218769,Ellen's Choice
dam_6240584,Sweet Belle
dam_41189995,Shanclough
dam_412693813,Moscow Mistress
dam_7018767,Art Of Survival
dam_8746192,Colleen Ard
dam_5770485,Catchers Day
dam_6132329,Zeldina
dam_5877312,Vanille D'Ainay
dam_5793270,Venus De Re
dam_5731698,Nouveau Moulin
dam_9733493,Quadence De Sivola
dam_5477710,Pipe Lady
dam_5319160,Richona
dam_4921000,Hayes Princess
dam_5226963,La Courtille
dam_5811659,Bollin Across
dam_5838364,Rosa Fleet
dam_4680886,Nini De Paris
dam_19814207,Fin Du Match
dam_9666874,Ortenzia
dam_5647873,Simple Sums
dam_5079305,Guydus
dam_5895379,Baby Goose
dam_4669693,Meryemnana
dam_6082580,Only For Love
dam_6167707,Sparkling River
dam_4501770,Katess
dam_5621245,Pestal And Mortar
dam_34830404,Romance D'Ainay
dam_7384587,Silver Link
dam_24758706,Real Revival
dam_5055113,Border Flora
dam_5407465,Truly Magnificent
dam_5398078,Taradissima Has
dam_5878173,Merry Me
dam_6914803,Bonnie Arlene
dam_5898305,Lovely Dancer
dam_15068865,Petits Fours
dam_6067705,Memoria
dam_5108453,Steel Free
dam_22065001,Quiteacatch
dam_5969187,Secret Liaison
dam_5859231,Wonderfully
dam_5879412,Pilates
dam_9741263,Unpretentious
dam_9960860,Main Desire
dam_7160265,Champagne Queen
dam_5310060,Music In My Heart
dam_5373018,Arizona Jewel
dam_5324368,Pilcomayo
dam_5499473,Plym
dam_5181400,Ensaya
dam_6169898,Sciarra
dam_7368298,Duna
dam_10832969,Laurens
dam_4521461,Dance A Daydream
dam_5352823,Aglaia
dam_5344010,Darajaat
dam_10230941,Strawberryandcream
dam_4951408,Mark Of An Angel
dam_6249754,Petition The Lady
dam_5596850,Queen Of Heaven
dam_5788195,Miss Duffy
dam_45855474,Fille Du Large
dam_5683447,More Ballet Money
dam_5826807,Vara Des Champs
dam_4599490,Silly Gilly
dam_5763534,Willow Beck
dam_10160766,Hurricane Emma
dam_5455324,Macy Anne
dam_27329323,Mistress Pope
dam_4851434,Joie De Cotte
dam_5980282,Ferrestown Lady
dam_5613937,Definite Love
dam_5959289,Kentford Myth
dam_23111571,Tiptop Hugaux
dam_5642413,Or Light
dam_7087199,Loughshore
dam_7050603,New Vega
dam_5497870,Jet Alert
dam_6106184,My Little Cracker
dam_8303050,Shenamar
dam_5643302,Kayagua
dam_5061532,Liss Na Tintri
dam_6852377,Myshall Annie
dam_20731508,Blue Berlais
dam_5209029,Bollin Julie
dam_5638136,Burlesque Star
dam_5644429,Montys Miss
dam_6100402,Popular Opinion
dam_3905580,Gretton
dam_16985444,Ball Park
dam_3323565,Gloria IV
dam_6348419,Blue Girl Star
dam_5961998,Brasilia Sport
dam_4936442,Dansana
dam_5999378,Reine D'Or
dam_4935203,Quetsche De L'Isle
dam_5139589,Dancing Daffodil
dam_4583670,Upton Lodge
dam_20749239,Marcha Fresca
dam_5699400,Zara
dam_4055198,Tempus Fugit
dam_6208587,Tesoro
dam_4881212,Penny's Gift
dam_6306888,Primobella
dam_4928042,Simply Topping
dam_5559848,Great Heavens
dam_5931758,Wild Step
dam_6079801,Crystal Zvezda
dam_5944239,Paratonnerre
dam_8435756,Celestial Chimes
dam_5815908,Je T'Aime
dam_5481742,Christmas Kate
dam_16587935,Viveda
dam_4096729,Margerie
dam_5467378,Famous Lady
dam_3944346,Indian Empress
dam_8294027,Hukamaa
dam_6071219,Terra Fina
dam_5656196,Deianira
dam_10034311,La Cerisaie
dam_3760610,Sparkling Sword
dam_4082372,Bronnsa
dam_13004544,Cormorant Cove
dam_4188163,Saddlers Green
dam_5025860,Darn Hot
dam_20457290,Within Reach
dam_12585552,Powerful Star
dam_5925283,Lady Bones
dam_6089741,Party Starter
dam_6027553,Bluefire
dam_5201007,Sindiyma
dam_5747987,Voix De Montot
dam_4923359,Easter Legend
dam_5471053,Possibly Flora
dam_5921440,Henry's Girl
dam_5682845,The Housekeeper
dam_23490215,Elphis Supreme
dam_5235986,Alpine Breeze
dam_5125911,Archdale Ambush
dam_4567794,Winter Scene
dam_3999100,Belle Provence
dam_4151945,Lily Grey
dam_5261606,Silver Gypsy
dam_4897683,Inchiquin Cailin
dam_5657792,Ma Belle Amie
dam_5569263,Hidden Identity
dam_5194469,Si St Eloi
dam_32154283,Ocean Breeze
dam_5233389,Oekaki
dam_6180825,Milanese Queen
dam_4424910,One Wild Night
dam_4802658,How's Business
dam_12851321,Cotton Ali
dam_5313371,Steel Dancer
dam_5291020,Killura
dam_5763730,Vanika Place
dam_40494314,Tunique Bleue
dam_5479712,Kotkieglote
dam_26861457,Tersina
dam_6117041,Premier Rose
dam_4193994,Bella Miranda
dam_17571183,Mugs In Milan
dam_5941530,Pops Choice
dam_5991013,Maybe Plenty
dam_5081930,Long Long Time
dam_20275822,Valence
dam_5096602,Nothingtoloose
dam_5962817,Anzi Star
dam_6107675,Valcelita
dam_6111147,Trigger Point
dam_5735793,Mila
dam_3976070,Eoz
dam_5859595,Scooping
dam_4572645,Maori Legend
dam_29930929,Milan's Fingal
dam_18580681,Deadly Pursuit
dam_6006448,Free Flying
dam_4791472,Purda D'Airy
dam_4927321,Pluie D'Or
dam_41723458,Time Saver
dam_7384818,Dame Du Roi
dam_36614270,Elusive Excel
dam_5108082,Saddlers Bend
dam_6085254,Absolute Blast
dam_18517786,Celtic Beauty
dam_4580919,La Vecchia Scuola
dam_5309612,Ajla
dam_4254649,Big Mystery
dam_6176079,Tokenella
dam_6159706,Popins
dam_3926615,New Foundation
dam_4658360,Court Over
dam_4645564,Ty Perrine
dam_29816318,Autumn Clouds
dam_4046504,Baliya
dam_27889260,Flaming Annie
dam_4828467,Iris Du Berlais
dam_5573162,High Destiny
dam_6108543,Passion Francaise
dam_5367152,Toto Corde Meo
dam_5790022,Young Ambition
dam_7153174,Strong Lady
dam_5591215,Miss Denman
dam_6014323,Hello Sweetie
dam_36302616,Nova Aquilae
dam_5315583,Tipsy Girl
dam_9657970,Eternal View
dam_30981020,Lunar Vega
dam_6243867,Princesse Eva
dam_5323612,Malayan Mist
dam_18799193,Affected
dam_5276096,D'Addario
dam_38018589,Mystic Storm
dam_5751158,Wild Rose Bloom
dam_22190308,Midnight Benefit
dam_21131138,Fantine
dam_4677008,Duchesse Pierji
dam_5268914,Aztec Pearl
dam_40224989,Perle De Sceaux
dam_3397324,Coco Opera
dam_4668181,Gallery's Native
dam_5121991,Miss Mayberry
dam_5622351,Wilde Speculation
dam_5595905,Lysways
dam_7906675,Winding Bae
dam_5686492,Saint Goustan
dam_5508503,Total Obsession
dam_5111610,Rapide I
dam_5365619,Reunion A Brion
dam_13284943,Simiyna
dam_5768707,Ania De Clermont
dam_4037481,Former Drama
dam_5731243,Joyeuse Marche
dam_21395206,Lady Eile
dam_6328301,Gaye Preskina
dam_5990971,Bling Noir
dam_7064421,Lady Rua Dargent
dam_12851342,Norwich Star
dam_5547493,Pollyana
dam_6104238,Zindaya
dam_5642896,Where I Be
dam_9885981,Star Quality
dam_5927572,Nocturne
dam_5713253,Desert Blossom
dam_8174194,Inchikhan
dam_6169261,Show Aya
dam_5347972,Sabratah
dam_16449748,Ariette Du Rue
dam_4804653,Modern Look
dam_5152161,Marie De Medici
dam_9602551,Flamenco
dam_5346929,Anam Allta
dam_5997663,Ennaya
dam_5453476,Cockney Dancer
dam_6065451,Marsh Hawk
dam_29761571,Lydia Becker
dam_39962293,Compact Powder
dam_4633265,Snake's Head
dam_6079479,Wu Zetian
dam_6169170,Canford Kilbey
dam_6032194,Aldayha
dam_6166153,Deira Miracle
dam_7188664,Hazy Manor
dam_5379619,Libre Lady
dam_6343393,First Katoune
dam_3733219,Polyandry
dam_24921295,Dolly Du Gouet
dam_4670491,Larnalee
dam_4040596,La Harde
dam_17851890,Eau Berge Des Iles
dam_34665701,Oulart Star
dam_4194995,Witneses Daughter
dam_4136055,Ballyguider Bridge
dam_41072857,Wells Lady
dam_37068206,Serpentine River
dam_30468550,Lady Upmanship
dam_6117167,Blond Lucy
dam_5750423,Star Flight
dam_10540572,Grande Cavale
dam_4620420,Ocean Beach
dam_5156816,Rhetorique I
dam_4144413,Sadie Thompson
dam_4487798,Shropshirelass
dam_5805366,Elephant Island
dam_5976054,Two Roses
dam_4892258,Midsummer Magic
dam_49544327,Urraca Du Mou
dam_5314988,Valencha
dam_6072199,Queenie
dam_6070400,Starring Guest
dam_6080249,Light Glass
dam_5359298,Blanche Dubawi
dam_5864880,Relation Alexander
dam_28026544,Heavenly Thought
dam_13806086,Love To Dream
dam_10590636,Aqtaar
dam_17656961,Deborah
dam_6208531,Pass The Moon
dam_5328421,Mortitia
dam_4978428,Never Lose
dam_14379897,Handmaiden
dam_5759299,Bantam
dam_6039152,Siren's Cove
dam_13021547,Alone Queen
dam_14866824,Turuqaat
dam_26554528,Franzy
dam_9693740,Moon Song
dam_37821763,Aisling Verse
dam_5541998,Soft Lips
dam_4260396,Marine Bleue
dam_4660880,Altesse Imperiale
dam_6282570,Viyana
dam_6254808,Kotama
dam_6148870,Pennywell
dam_5855787,Vive Marie
dam_4807110,Over Sixty
dam_5105205,Palma Du Charmil
dam_729834,Feelin' Looser
dam_6007533,Amazon Mist
dam_10311196,Paris Rooftops
dam_4968089,Queen Andromache
dam_4838064,Call Me A Legend
dam_13865740,Bandelaro
dam_5383476,Baby Shine
dam_5528341,Aviacion
dam_4652865,Sunlight
dam_6013392,Poly Kalo
dam_4026267,Lohort Castle
dam_5846617,On The Bike
dam_5197374,Bollin Jasmine
dam_11514076,Aventure Sacree
dam_5250049,Always A Way
dam_4054533,Green Lassy
dam_4627875,Chip N Pin
dam_4105402,Calico Moon
dam_5727491,Cowslip
dam_4551659,Heron Marsh
dam_6078205,Simonsoeur
dam_6266141,Sliabh Donn
dam_4150601,Crouesty
dam_4431644,Look Here's May
dam_4973864,Triple Cee
dam_4562425,Horta
dam_9025226,Bitumen Belle
dam_48020077,Extreme Dream
dam_22111628,Sudu Queen
dam_97426,Squeeze Me
dam_6318200,Nimboo
dam_6252869,Parnell's Dream
dam_4196437,Alyce
dam_5654173,Letherbelucky
dam_5182310,Thousandkissesdeep
dam_5070562,Moonlight Mischief
dam_3044426,Shikra
dam_10782583,Romina
dam_4611166,Nirphania
dam_7215383,Delma
dam_6161785,Parand
dam_5147730,Driven Snow
dam_5140450,Queen Maresca
dam_6100129,Thessalienne
dam_6157781,Faithfuleile
dam_5462170,Miss Xian
dam_4660901,Never Green
dam_5004986,Clare Hogan
dam_12420513,Western Euro
dam_4692002,Figlette
dam_23274160,Miss Martel
dam_5463626,J'y Viens
dam_5579378,Dante's Frolic
dam_4046490,An Banog
dam_4475338,Miss Muldoon
dam_4771270,Love Train
dam_5691749,Porta Romana
dam_22847601,The Tabster
dam_13300749,Beautiful Cat
dam_6222678,My Call
dam_6819029,Oscar Bird
dam_21512043,Annalore
dam_5757010,Sonnetation
dam_5622442,Chattleya
dam_4440156,Rosita Bay
dam_5090890,Mizzurka
dam_5617367,Lindas Last
dam_7236516,Just For Show
dam_8084587,Orrery
dam_6019748,Jufoon
dam_5915868,Freedom's Light
dam_4619412,Candle
dam_5700457,Elle Rebelle
dam_4637717,Millisecond
dam_4878531,Pellinore
dam_5130566,Litianinne
dam_6030465,Assault On Rome
dam_5826023,Filia Regina
dam_5208917,Farranjordan
dam_4928035,Shimah
dam_4781651,Chinese White
dam_14472199,Lover's Knot
dam_37959292,Molly Bloom
dam_6021155,Side Saddle
dam_5548473,Estimate
dam_5804246,Uppermost
dam_5190031,Ashes Summer
dam_5719070,Ilerda
dam_4004056,Cush Jewel
dam_3914596,Mistletoeandwine
dam_4996460,Symba's Dream
dam_5353761,Hurricane Irene
dam_6121780,Thistle Lane
dam_5828984,Maughami
dam_5654138,Dakota Fire
dam_4537204,Trumpet Davis
dam_4520831,Hazium
dam_13974982,Solar Echo
dam_5864397,Narniyn
dam_6124482,Answer Ur Phone
dam_4907623,Clairin River
dam_5606573,Poisonous
dam_34153588,Ceola
dam_30208241,Fashion Darling
dam_6340964,Mercy Pecksniff
dam_6838475,Onceuponastar
dam_13757205,Progressive Dawn
dam_19371863,Alqifaar
dam_6314553,Carsulae
dam_20977852,Poesy
dam_5574898,Morant Bay
dam_6957188,Primrose Place
dam_5845945,Rue Pigalle
dam_6025418,Keeps Sake
dam_6122795,Lola Rosa
dam_4744208,Lady Roberta
dam_13684741,Maralypha
dam_20730815,Coole Aris
dam_7121695,Teeton Power
dam_25238318,Du Tac Au Tac
dam_13684748,Mega Mum
dam_6098624,Loyalty Card
dam_5805555,African Diamond
dam_5952737,Miss Island
dam_29379448,Call Me Dragon
dam_5209246,Catmoves
dam_21669690,Skyline Dancer
dam_5704531,Lady Marmelo
dam_5040728,Retain That Magic
dam_4169305,Get A Few Bob Back
dam_5606993,Rebel Warrior
dam_4231444,Sky High Flyer
dam_10282160,Muscova Rose
dam_4446967,Aboo Lala
dam_6226584,Nicat's Benefit
dam_5871698,Ebony Empress
dam_30381505,October Queen
dam_7832587,Samuna
dam_8491042,Bird To Love
dam_6040958,Pulcinella
dam_6092513,Smile That Smile
dam_5141185,Hairspray
dam_15313956,Bellepower
dam_5907741,Weekend Getaway
dam_18159701,Whatabird
dam_3986850,Miss Trish
dam_14175560,Ascended
dam_5694724,Flighty Clarets
dam_6956642,Coco Moon
dam_23233448,Shuil Away
dam_5111190,Maple Lady
dam_10287011,Caridade
dam_6273911,Peace And The City
dam_5288430,Tupelo Honey
dam_5749982,Regal Hawk
dam_5227656,Ship's Biscuit
dam_11513180,Dynamite Forez
dam_34860329,Tina's Truffles
dam_5011356,Phillipina
dam_4525675,Saratogane
dam_3704589,So Supreme
dam_12704622,Is It Here
dam_6747076,As Was
dam_6273358,Capallyne
dam_5118008,Estrela Rose
dam_5296207,Definite Design
dam_20033111,Sariette De L'Isle
dam_6239037,Inishkea
dam_11052650,Clairette
dam_19797337,Cranberry
dam_6339508,Batuta
dam_7305697,Isabella Rose
dam_7308266,Berengaria
dam_5311348,Polly Floyer
dam_22250991,Life Of Pi
dam_5819506,Rohesia
dam_6752669,Cristal Fizz
dam_13097105,Summer Daydream
dam_5527830,Mistress Of Rome
dam_4795238,Scarlet Royal
dam_5949965,Arabian Music
dam_7157528,Wakened
dam_6087543,Aruan
dam_4980458,Cnocan Gold
dam_3299359,Moon Mountain
dam_29815919,Cash In The Hand
dam_6038207,Pearlred
dam_16774597,Lady Mascara
dam_4756318,Pugnacious Lady
dam_5718699,Spiliada
dam_5599524,Blaugrana
dam_5719707,Lyric Piece
dam_5541123,Judies Child
dam_6088222,Loaves And Fishes
dam_16144100,Bint Samraan
dam_6904317,Gambissara
dam_4399738,Kahlua Kiss
dam_6199998,Victoria Pollard
dam_4625985,Sesmen
dam_5461932,Timeforagin
dam_6211646,Queissa
dam_7291263,Foxcatcher
dam_30441173,Mujadil Jane
dam_4982026,Zelloof
dam_4837455,Graze On And On
dam_5127360,Pin Cushion
dam_3853843,Fraulein
dam_33035905,Agua De Mar
dam_5619124,Hanzada
dam_34473614,Poetic Smile
dam_4798388,Semaphore
dam_5097155,Damozane
dam_5463976,Surf Like A Lady
dam_3757040,Bumble
dam_5189184,Lady Willa
dam_9132529,Sea Off The Gales
dam_5920705,Cascading
dam_6024046,Rewaaya
dam_4668713,Expedience
dam_3820747,Blossom Rose
dam_4714234,Roll On Rose
dam_7834358,Ebana
dam_6317871,The Easter Rabbit
dam_5430369,Feisty Lass
dam_4431070,Magical Legend
dam_5262565,Quiet Thought
dam_6066865,Ibergman
dam_5478683,Shantou Breeze
dam_5689012,Desert Sunrise
dam_11566506,Cimeara
dam_5902106,Refusetolisten
dam_11169361,Pacifica Highway
dam_6060320,Amaze Me
dam_6007764,Sereza
dam_4964736,Lan Force
dam_4489051,Endure
dam_10197537,Jane Rose
dam_10272969,Butterscotch
dam_29538775,Girl Invader
dam_7028336,California Tee
dam_6467076,Choumicha
dam_18382343,Emten
dam_5889303,Luanas Pearl
dam_5745040,Happy Holly
dam_6260373,Santiburi Spring
dam_5815782,Shahad
dam_6103125,Lunar Gift
dam_4898768,Norah's Quay
dam_6330842,Silver Stream
dam_4489968,Caribbean Pearl
dam_4104968,Condition
dam_5493733,Kittens
dam_5776344,St Gregory
dam_5723571,Diamond Gesture
dam_7677775,Jezzebelle
dam_5695774,Precision Five
dam_5706799,Byrners Bid
dam_39699380,Askrosy
dam_5284034,Sula Two
dam_13022597,Swinging Jean
dam_22712529,Duchessofthehall
dam_4979373,Carthanoora
dam_29761564,Sheestown
dam_4707108,Surrealism I
dam_5972316,Skywards Miles
dam_6182197,Force In The Wings
dam_4424084,Carrigeen Kalmia
dam_4723250,Contiguous
dam_13865754,Moyglass Lass
dam_5732244,Hot Rhythm
dam_4881884,Saintenitouche
dam_5167407,Exit Stage Left
dam_5079438,Odonimee
dam_5801257,Sona
dam_4805507,Rosa Grace
dam_5670896,Pure Excellence
dam_10320352,Diana Storm
dam_6149822,Lolwah
dam_5345655,Here To Eternity
dam_5693233,Entitlement
dam_6930259,Clear Water
dam_15401211,Raja Ampat
dam_14403984,Ladysiy
dam_26273079,Cliff Walk
dam_13096874,California Love
dam_16133068,Jadeerah
dam_35389179,Terrifically
dam_10939572,Lady Of Aran
dam_5319489,Crying Lightening
dam_6238981,Earring
dam_5359480,Ready When You Are
dam_21660051,Righty Malta
dam_13004215,Clare Belle
dam_39959731,Summer Talk
dam_3993493,Negresse De Cuta
dam_5481672,Galicuix
dam_5151643,Zanoubiya
dam_7337309,Signora Lina
dam_17938746,Antisana
dam_11646740,Fire Orchid
dam_11602913,Dawn Of Reckoning
dam_4621491,Parakopi
dam_5135592,Archetypal
dam_8051092,Hyper Dream
dam_7273714,Rosie Briar
dam_6067320,Jelly Monger
dam_5529216,Speedi Mouse
dam_5686723,Indignant
dam_10416518,Queen Andorra
dam_6005468,Theatre Goer
dam_18143979,Annaru
dam_5469058,Princess Supreme
dam_5098394,Mills Melody
dam_39431952,Albain Champenoise
dam_4531926,Lounaos
dam_5880665,Threetimesalady
dam_29379623,Mal D'Amour
dam_4461562,Local Spirit
dam_4776191,Vinorine
dam_30219861,Moody Queen
dam_5731684,Because Of You
dam_6383944,Roxy The Rebel
dam_6197233,Milogan
dam_5712035,Blackeyedsue
dam_21660275,Brookdale
dam_12604151,Frequently
dam_4114271,Bajan Girl
dam_41072766,Magic Saintfray
dam_29735846,Dasina
dam_5662601,Quoi D'Autre
dam_3672445,Culmore Native
dam_6030843,Miss Baden
dam_17521861,Vann Bihouee
dam_3980172,Piece Unique
dam_6340089,Jolie Chanson
dam_30567446,Flat White
dam_2843253,Cecily
dam_10358726,Natural
dam_11776380,Society Lady
dam_28052808,Fregate First
dam_5359522,Karens Legacy
dam_6022709,Body Beautiful
dam_4679402,Midnight Sky
dam_37757825,Cinabella
dam_5258344,Function Dreamer
dam_41782468,Bride Lady
dam_5706736,My Special J'S
dam_13368810,Toraja
dam_5269019,No Bodys Flame
dam_24638362,Autograph
dam_5350618,Rose Garnet
dam_21986160,Sultry
dam_11001235,Hikmaa
dam_4188219,Alexander Queen
dam_4074581,Mocca
dam_4598846,Hope Island
dam_4960389,African Skies
dam_9324469,Winged Empress
dam_5226319,Line Salsa
dam_5698203,Too Generous
dam_5885397,Mrs Duchamp
dam_5118225,Listening
dam_24494806,Thellya D'Arc
dam_6273652,La Bezizais
dam_5764206,Deyaar
dam_11550693,Charline Royale
dam_5163508,Za Za Zoom
dam_21686546,French Battle
dam_5165398,Nota Bene
dam_30671991,Maraaseem
dam_10197768,Amber Morning
dam_4657758,Baltic Gift
dam_5344668,Starformer
dam_5916330,Amahoro
dam_6035547,Free To Love
dam_6062700,Jethou Island
dam_5701038,Oscar Invitation
dam_9682939,Martini Glass
dam_4573485,Tropulka God
dam_4167653,Belle Magello
dam_4986450,Aliyfa
dam_4573212,Epatha
dam_6078086,Chanterelle
dam_6019657,Yawail
dam_7623182,Sahraah
dam_21686525,Brideshead
dam_4791241,Bassinet
dam_6049848,Impressive Victory
dam_47869185,Giada Nera
dam_10034241,Starboard Watch
dam_5770520,Big Moza
dam_5342029,Living Art
dam_5744018,Anqooda
dam_6106156,Rive Gauche
dam_5408767,Fulani's
dam_5208924,Pure Jazz
dam_5609716,Lonita D'Airy
dam_5767769,Path Wind
dam_5477647,Rematch
dam_5934558,Blossom Trix
dam_33110588,Whispering Grace
dam_4960928,Chrisdonlady
dam_6065703,Hidden Rebel
dam_3095134,With A Twist
dam_15854727,Beychella
dam_5351983,Heavenly Song
dam_6277068,Impressionist
dam_33876206,Athbah
dam_11268068,Halima Hatun
dam_7355985,Partitia
dam_5847457,Stellar Path
dam_5869864,She's Mine
dam_31368666,My Aquarian
dam_5423061,Ile Deserte
dam_16206855,Nefertiti
dam_11169550,Zain Hana
dam_10479315,Procedure
dam_6239002,Fiuntach
dam_11448234,Angel Carlotta
dam_20523083,Pretty Paper
dam_5887609,Kiss From A Rose
dam_6314672,Summer Chorus
dam_3393740,Tamara
dam_10060036,Lethal Lena
dam_5056002,Eternity Ring
dam_5877802,Nakuti
dam_15819195,Tap The Beat
dam_5230197,Perceverense
dam_4389777,Lady Brig
dam_5213047,Marie Royale
dam_8404025,Sizing Judy
dam_6324535,Beyrouth
dam_5976544,Miss Generosity
dam_35137158,Skybound
dam_13773445,Betty Beck
dam_4897795,Molly Round
dam_5261907,Bright Cloud
dam_6067894,Bambouzle
dam_5931569,Bear Nora
dam_6025523,Glenariff
dam_3044251,Sherry
dam_22674463,Magic Minor
dam_36095136,Deep Influence
dam_5746986,Confusing
dam_5755687,Lena Moon
dam_30837723,Karamela
dam_36036301,Sound Paradise
dam_3831933,Alluring Park
dam_6059620,Banana Split
dam_8387883,Flower Of Life
dam_37026493,Lutetia
dam_5712777,Nabat Seif
dam_29761578,Serendipitously
dam_4993800,Madda's Force
dam_18849033,Mrs Bouquet
dam_5732069,Nechita
dam_26861450,Luisa Calderon
dam_6174504,Queen's Jewel
dam_4024489,La Petite Chinoise
dam_18788434,Romsey
dam_4187141,Specific
dam_6061468,Dance On The Hill
dam_5532142,Firdaws
dam_5029829,Arty Crafty
dam_38433542,Miss Zouk
dam_5669713,My Magic
dam_5423362,Ciara's Oscar
dam_6103370,Bob's Flame
dam_22634409,Champagne Ruby
dam_5130062,Kimberely Bay
dam_9471028,Cyprus Avenue
dam_4679038,Valentines Lady
dam_49140945,Wingfield Gold
dam_5645661,Ancora
dam_5858447,Playhara
dam_4905901,Sylvertune
dam_21163947,Gowiththeflo
dam_5122341,Domidale
dam_4169249,Asian Alliance
dam_5380298,Molly Con
dam_5738096,Cyti Rose
dam_11818212,Rococo
dam_5324095,Sapphire
dam_5885110,Captain Secret
dam_5819170,Miss Cape
dam_6092527,Queen Zain
dam_20662355,Mosuo
dam_11150286,Worth Waiting
dam_5209043,Strictly Lambada
dam_3974348,Pride
dam_21668430,Final Offer
dam_29593018,Miss Millar
dam_7593831,Hidden Steps
dam_6941354,Atalante
dam_5752817,Taispeantas
dam_7906563,Chelsea Corsage
dam_6337919,Blynx
dam_34073529,Nosey Eile
dam_6174826,Borboleta
dam_5807438,Fieldtown
dam_4150860,Fleur Des Villes
dam_6924638,Kilbarry Marien
dam_5449080,Little Glenshee
dam_4552219,Ronaldsay
dam_11646803,Espadrille
dam_6295758,Thraya Queen
dam_34472011,My Dorris
dam_4553465,Kerry's Dream
dam_6151509,Dor's Law
dam_5907699,Asyad
dam_4982936,Dotada
dam_6340082,Amazone
dam_4518157,Silicon Star
dam_5152112,Midget
dam_13788453,Quirky Gertie
dam_6753306,Stormy Clouds
dam_6299013,Bloody Mary
dam_40205606,Kokonut Cream
dam_5652367,Dante's Queen
dam_4175227,Letitia's Gain
dam_6184780,Boldilocks
dam_29706432,Bobaway
dam_5579532,The Millers Tale
dam_5729864,Sparkling Style
dam_10930535,Hay Now
dam_4056402,Groupetime
dam_11150419,Tickle Me
dam_5777289,Nur Jahan
dam_6299125,Oatmeal
dam_20646703,Moonbi Haven
dam_15665230,Mk Drama
dam_6466908,My Angel
dam_5309248,Aneedah
dam_13021421,Cupboard Love
dam_5764164,Secret Advice
dam_5639613,Madam Mojito
dam_6139644,Oceanella
dam_6030619,Likely
dam_5129705,Two Turtle Doves
dam_5536013,Mini Muck
dam_5269089,Violin Davis
dam_6240220,Raaqy
dam_4931304,Reynella Cross
dam_5814774,Castletown Girl
dam_4892587,Winnie Wood
dam_5802965,Ellnando Queen
dam_34456590,Mile From The Moon
dam_4080580,Kylebeg Dancer
dam_6163654,Secret Door
dam_4899433,Querenice
dam_5199922,Duchess Dee
dam_5098765,Gratia Plena
dam_4674677,Kilbarry Demon
dam_4490934,Youngborogal
dam_6197457,Howayadoing
dam_5917793,Nirva
dam_5457851,Daraiyna
dam_8934723,Oyster Pipit
dam_5689040,Caphira
dam_5517232,Agathe Du Berlais
dam_4052342,Rachel's Choice
dam_5795657,Well Composed
dam_4440499,Connaught Hall
dam_5143222,Araucaria
dam_4857482,Cadoutene
dam_6033076,Shortmile Lady
dam_5345186,Princess Severus
dam_21866691,Soundscape
dam_14690725,Rux Power
dam_5201980,Elle Gala
dam_5426078,Livia's Dream
dam_4133017,Nuala
dam_17851848,Helens Decree
dam_6157599,Cyclone's Sister
dam_3146829,Zarannda
dam_4653992,Ouhetu Des Mottes
dam_4247033,Gilt Benefit
dam_3967348,Silent Waters
dam_22856610,Fontaine De Mars
dam_4825156,You Take Care
dam_27846686,Robin's Solo
dam_4948363,Hosanna
dam_5360586,Taguy Star
dam_4562761,More Equity
dam_5839918,Lola Lolita
dam_4448416,Supreme Baloo
dam_4556496,Desirable Rhythm
dam_5523063,Spirit Na Heireann
dam_5696124,Nabat Sultan
dam_5692799,Assertive Agent
dam_5852973,Rose Earley
dam_5384365,Vinomore
dam_10407929,Douglas Park
dam_24217060,Channel Treat
dam_4653271,Talk Of Rain
dam_6277838,High School Days
dam_14502670,Conversation
dam_6504974,Seafront
dam_6056673,Todegica
dam_9933966,Hokkaido
dam_9693453,Swing Out Sister
dam_15375682,Millicent Fawcett
dam_5031971,Affluent
dam_6222580,Avizare
dam_6034623,Al Nassa
dam_5750990,Daivika
dam_6339893,Belle Ambre
dam_4987381,Treasure
dam_4755807,Praia
dam_6079850,My Fairy
dam_6988786,Twizzell
dam_5933655,Grace And Favour
dam_18881681,Allegra Italica
dam_5720134,What A Name
dam_22805545,Kizomba
dam_5172720,Dubai Media
dam_5337409,Slight Advantage
dam_4448493,Dahara
dam_4815209,Nasthazya
dam_6045641,Balder Phenix
dam_6298887,Pour Le Meilleur
dam_4717762,Not Mine
dam_4979317,Auction Belle
dam_5813738,Velocidad
dam_4213965,Farthing
dam_20067292,Make It Rain
dam_6300721,Kakashan
dam_5403685,Kristollini
dam_6258231,Hells Babe
dam_4767112,Lady Aquitaine
dam_6043702,Hollies Pearl
dam_8434426,Matasurf
dam_7197743,Hillary C
dam_40647236,Modigliana
dam_20456611,Nia
dam_6090777,Atomic Tangerine
dam_4755800,Penkinella
dam_4257400,Anavera
dam_6123579,Mohboss
dam_4263308,Funny Times
dam_5625004,Bebinn
dam_4856005,Earth Affair
dam_23301138,Belle Berry
dam_4135229,Agnese
dam_5769372,Little Hand
dam_9759085,Goddess Freja
dam_4668111,Zut Alors
dam_48644015,Potters Den
dam_6085751,La Hoofon
dam_32485502,Motiva
dam_16390206,Fernello
dam_3769178,Mood I'm In
dam_3981894,Change Partner
dam_5181316,Killowen Pam
dam_5611683,Lucematic
dam_5696082,Karamaya
dam_21805308,Reemannie
dam_5794957,Perfect Muse
dam_7175049,Mur Hiba
dam_5486096,Arabescatta
dam_13772563,Freiheit
dam_6316373,Daphne
dam_5556327,Azanara
dam_5717215,Similu
dam_10109771,Scarlet Rosefinch
dam_11499180,Arendelle
dam_5775133,Kindia
dam_5484633,Violet's Gift
dam_5744956,Movementneverlies
dam_7197813,On Her Toes
dam_9852654,Smoulder
dam_7845894,Alwaysandforever
dam_22064679,Pepinillo
dam_17298631,Dawn Crusade
dam_30726241,Latina Reach
dam_5408256,Utopia Jem
dam_9711646,Topette
dam_5660648,Mandy Winger
dam_5140009,Jewelled
dam_5463948,One More Cookie
dam_4351529,Givehertime
dam_26861639,Cavalerie
dam_4802693,Lavender And Lace
dam_5272722,Bold Bidder
dam_4218228,Kykuit
dam_4706597,Festivale
dam_14962395,Twist 'N' Shake
dam_6198836,Kurland
dam_12240949,Monzza
dam_4829755,Dawn Dew
dam_4215652,Arbella
dam_8174348,Parisian Chic
dam_6169464,David's Duchess
dam_5991965,Lady Fiona
dam_43860278,Elle Maxima
dam_4098801,Hidden Hope
dam_18981529,Concentrate
dam_7344764,Pink Paint
dam_5744928,Azma
dam_5713239,Melody Of Love
dam_5821109,Princess Desire
dam_5299805,Da'Quonde
dam_5508328,Lady Jock
dam_15876462,Amorella
dam_5099962,Cracking Lass
dam_5637065,Velvet Ribbon
dam_5522139,Artistic Dawn
dam_5357863,Polimere
dam_4036872,Kindle Ball
dam_5562753,Figarella Gaugain
dam_4543917,Doneraile Parke
dam_13773361,Sixofone
dam_5472467,The Adare Woman
dam_6337513,Our Belle Amie
dam_6753271,Coolfitch
dam_14973154,Kalia Asha
dam_16985017,Canasta
dam_11542405,Gabrielle
dam_3004855,Pink Rose
dam_41782454,Jardin D'Hiver
dam_6505058,Simmie
dam_7816928,Sally
dam_6315939,Alabama Ashley
dam_6268444,Lady Perignon
dam_6030598,Potent Embrace
dam_5721030,Capacious
dam_15314082,Navigate By Stars
dam_4742745,Nebraas
dam_6026461,Lovely Surprise
dam_6261941,Heart Of An Angel
dam_6041245,Lily's Rainbow
dam_6241543,Manaboo
dam_7157199,Scotch Beg
dam_5008409,Missy O'Brien
dam_4251667,Fantastic Fleur
dam_4565470,Reel Charmer
dam_3648645,Amathea
dam_5945709,Ballinamona Wish
dam_7714231,That's Amazing
dam_6000330,Low Cut Affair
dam_15626779,Give Me Breath
dam_5518275,Keegsquaw
dam_7841659,Ai Chan
dam_7108339,La Chita Bonita
dam_21680883,Western Tune
dam_8338316,Biri's Angel
dam_5884760,Flawless Pink
dam_5608435,Shabby Gold
dam_4679059,Poker Queen
dam_5416292,Tempest River
dam_6030346,Ballycorrigan
dam_5793865,Flemens Pride
dam_6338843,Alpine
dam_17371326,Miranda's Way
dam_42163380,Miss Elderberry
dam_6098526,Niemen
dam_6025390,Shady Rondo
dam_7278600,Gheedaa
dam_5764227,Khobaraa
dam_9202375,Amazing Alice
dam_4758649,May Day Queen
dam_24065146,Flame Out
dam_30285493,Cristielle
dam_48853406,Wadacre Minette
dam_5990824,Magic Florence
dam_5608540,Athinea
dam_6231442,Yaazy
dam_5762204,Kyle Ruby
dam_8517292,Rose Bank
dam_47251001,Newrath Dancer
dam_5822999,Vanzika D'Airy
dam_5194119,Manuels Sister
dam_4925067,Mappa
dam_2829302,Boa
dam_48853413,Oh Lady Mam
dam_18687319,Bella Brazil
dam_11150384,Sugar Plum Fairy
dam_41938743,Sunrise Rose
dam_8972817,Mia Tia
dam_6251658,Primal Snow
dam_5918738,Frangipanni
dam_13446195,Light My Fire
dam_8541491,Eleodora
dam_5454344,Run Of The Day
dam_25551120,Frivolite
dam_3734661,Wurfspiel
dam_5600497,Owega Dale
dam_4666928,Silver Lily
dam_5038558,Turning Top
dam_6155030,Counterpoise
dam_4612979,Quenched
dam_6415514,Elsie Hay
dam_20941179,Piacere
dam_5863137,Faerie Reel
dam_5442199,Corrag Lass
dam_4007871,Garden Feature
dam_4901239,Burnt Oil Babe
dam_5286771,Bean Ki Moon
dam_5118155,What About Me
dam_4508980,Zingeeyah
dam_6050485,Dusty Blue
dam_39191159,Cape Joza
dam_6291845,Scarlet Pimpernel
dam_42005243,Oasis Joy
dam_5690377,Port Charlotte
dam_8868237,Marisol
dam_5309892,Queen Myrine
dam_5555732,Voleuse De Coeurs
dam_4345397,Reunite
dam_5064507,Landmark
dam_11526095,Bayards Cove
dam_13694996,Skeetah
dam_22180536,Gumra
dam_39961474,Terrify
dam_5311775,Humdrum
dam_29104257,Alosha
dam_6254003,Sealife
dam_15819377,Tifosa
dam_5075273,Valmari
dam_3014697,Queen Of Time
dam_11881555,Bella Ferrari
dam_12014499,Elegant Drama
dam_11052594,Altyn Orda
dam_4972856,Kardyls Hope
dam_5728233,Jameela's Dream
dam_5885271,Starlit Cantata
dam_6262186,Barock Bruere
dam_5114151,Sox's Girl
dam_6019566,Watson River
dam_4383085,Kachina
dam_5535544,Best Day
dam_7845684,Balkaya
dam_6217757,Blossomtime
dam_10170468,Ertiyad
dam_5855178,Dolores Delightful
dam_5254130,Cruise In Style
dam_5692414,Nymphea
dam_18333014,Drop Of Spirit
dam_6322148,Patronising
dam_10773385,Collate
dam_5350604,Syann
dam_5669272,Slope
dam_13974569,Casting Director
dam_21725263,A Day At The Races
dam_5120633,Bridge Note
dam_5146470,Babylonian
dam_5527991,Little Stone
dam_4542832,Wyldello
dam_3766840,Lovely Native
dam_4791633,Brave Mave
dam_6956908,Saine Et Speed
dam_6021351,Katies Joy
dam_23606506,Oscar Ladensa
dam_20316436,Gently Go
dam_5288332,Days Of Summer
dam_11060210,Prontamente
dam_6331094,Jasmiralda
dam_5566694,Clenaghcastle Lady
dam_4683070,Brushed Gold
dam_4460645,Shermeen
dam_5685344,Circle
dam_4662084,Divine Design
dam_9657977,Abbagnato
dam_5927950,Strawberry Martini
dam_9202039,Sweet Vixen
dam_5579196,Miss Liz
dam_5643043,Pennant Princess
dam_4655420,Miss Invincible
dam_5567667,Tuffe
dam_5560464,Ice Tres
dam_4633034,Peeping Fawn
dam_6340866,Proud Maria
dam_5060755,Lapistanera
dam_34473096,Olga Da Polga
dam_6272483,Its In The Air
dam_6241914,White Witch
dam_4884285,Dream Date
dam_6024900,Street Kitty
dam_16675519,Legacy Park
dam_6139609,Illuminate
dam_6339480,Winds Up
dam_6054930,Stroll Patrol
dam_6093479,Esteemable
dam_10833151,Lady Of The Court
dam_10524045,One Second
dam_5857264,Celsius Degre
dam_5889156,Meet Marhaba
dam_6339655,Real Sizzle
dam_6171697,Pearly Steph
dam_5533213,Shanjia
dam_4252339,Argentina
dam_18337690,Kemble
dam_31741059,Godzilla's Girl
dam_4770325,Danamight
dam_18319049,Bay Light
dam_11001018,Sauvalanche
dam_15876798,Duneflower
dam_5904731,Lady Heidi
dam_5388201,Aigrette Garzette
dam_6961346,Glamour Queen
dam_4948006,Portryan Native
dam_6269697,Belle Vale
dam_45256064,Forty One Shots
dam_8110977,A. P. Cindy
dam_7064561,Celeste De La Mer
dam_5309500,Stylish One
dam_9602075,Di Fede
dam_4820886,Kaplinsky
dam_5854604,Modesty's Way
dam_6203281,Plagiarism
dam_5991888,Caterina Di Cesi
dam_6206753,High Speed
dam_4494308,Dame Hester
dam_5751515,Molly's Affair
dam_5846652,The Cookie Jar
dam_5428059,Ballyquin Queen
dam_4930982,On Galley Head
dam_4783667,Moonstone
dam_9396835,Classic Impact
dam_4745846,Toulon Breeze
dam_4161150,Moll The Rol
dam_5042065,Don't Fall
dam_5020652,Miss Mary Mac
dam_5289018,Mollyash
dam_5197899,At Present
dam_9602117,It's A Wish
dam_14315021,Vallambrosa
dam_4157097,Jaldini
dam_4989915,Blades Princess
dam_7160832,Pantera Negra
dam_5885936,Born To Fly
dam_10017805,Right Direction
dam_21404579,Banna
dam_7599494,Zelaniya
dam_5185957,Sheer Indulgence
dam_17645243,Feriadargent
dam_4093257,Ceylon Round
dam_5683097,Voodoo Magic
dam_3820054,Stateable Case
dam_6187685,Manitopix
dam_5895127,Duchess Of Seville
dam_3562671,Secret Can't Say
dam_5264035,Fair Present
dam_5105779,Samsons Island
dam_3590937,Aymara
dam_6090749,Act Now
dam_5691833,Freezy
dam_4537232,Tambourine Davis
dam_9388414,The Imitation Game
dam_6092492,Tutti Frutti
dam_5500411,All My Heart
dam_4109427,Altesse De Sou
dam_28294686,Little Fashionista
dam_5769001,Down Ace
dam_5188596,Kingston Acacia
dam_6039257,Showerproof
dam_5342939,Calipatria
dam_6080676,Mutebah
dam_5877508,Lilyfire
dam_5571741,Lady Macduff
dam_15441286,Qabala
dam_10238564,Alice Liddel
dam_5759243,Kensington Gardens
dam_29735979,Brienna
dam_15740375,Golconda
dam_19997453,Relation
dam_4662294,Snowtime
dam_10108994,Atarfe
dam_4198019,Dorn Hill
dam_6018271,York Express
dam_13672309,Fair Maiden
dam_6205745,Madame Lafite
dam_5603682,Elusive Legend
dam_5959163,French Accent
dam_5801789,Lilly's Express
dam_5874876,Danseuse De Reve
dam_27698419,Donna Philippa
dam_5430922,Lush Lady
dam_5140408,Swap Shop
dam_29509368,Berry Emery
dam_6101949,Morning Moon
dam_5795895,Corporate Box
dam_3108462,Expectation
dam_10273305,Legende Volante
dam_28706783,Midnight Fox
dam_5445328,Royal Robin
dam_3757901,Taraza
dam_8042454,Oscar's Song
dam_4244359,Great Decision
dam_6852706,Moll Magee
dam_4857741,Cool Friend
dam_5181225,Lonia Blue
dam_5269054,Gift Of Freedom
dam_6137558,Pink Tara
dam_10504291,Shana Tova
dam_7603925,Wataany
dam_10287739,Sara Street
dam_6229342,Our Joy
dam_6030248,Zerka
dam_26874960,Scattered Petals
dam_11355218,Unite Speciale
dam_5831315,Rock's Field
dam_5824154,Fautina
dam_4012561,Renowned
dam_36934233,Starofcountydown
dam_5811456,Allez Zane
dam_18346349,Crown Light
dam_15355375,Cambric
dam_13838181,Na Balada
dam_12087187,Sprinkling
dam_6017872,Dark Reckoning
dam_32371472,Silesie
dam_13961430,Broken Time
dam_5917814,Childesplay
dam_31699185,Shesabitdistorted
dam_6044682,Tea Blossom
dam_26692799,Tucupita
dam_4944177,Maid Of Malabar
dam_5811484,Mrs Jordan
dam_3935785,Manx Fizz
dam_7087234,Surviving Tango
dam_24228659,Princesse Leia
dam_4175612,Lady Kate Ellen
dam_4658647,Lady Howe
dam_5070569,Pink Symphony
dam_4597677,Princess Nina
dam_11762884,Hello Brigette
dam_5996480,Folegandros Island
dam_8110508,Harvest Moon
dam_11399542,Final Treat
dam_10930668,Naqaawa
dam_5318299,Bakoura
dam_4773916,Bogside Theatre
dam_7129934,Polish Empress
dam_5335897,Cochabamba
dam_13021841,Red Balloons
dam_5491094,Dozy
dam_28248703,Sand Lady
dam_6264230,In The House
dam_4787188,Septembers Hawk
dam_5066061,Lough Coyne
dam_24675609,Bord De Loire
dam_4082379,Tachibana
dam_5314456,Kitty True
dam_9211811,Spring Baloo
dam_25992715,Night Thunder
dam_27081530,Monaway
dam_5971980,Manhattan Princess
dam_4556412,Cayras Style
dam_5875030,Skysweeper
dam_6194076,Miss Meteore
dam_20033069,The Scorpion Queen
dam_5713939,Earth Amber
dam_3387454,Site-Leader
dam_27343351,Ask Hazel
dam_22625687,Vared
dam_13097147,All Back To Mine
dam_5944393,Double Diamond
dam_18293184,Tabassor
dam_5716032,Oilinda
dam_24063809,Magic
dam_25054113,Christmas Joy
dam_5618396,Fantacise
dam_5693268,Vanity's Girl
dam_12584747,Disco Doris
dam_5555564,Bite Of The Cherry
dam_14220766,Billie Beane
dam_4459154,Donna Giovanna
dam_6234942,Marigold Hotel
dam_4997566,Glan Lady
dam_4611992,Ha'penny Beacon
dam_29815912,Golden Temps
dam_6428457,Capricious Cantor
dam_22488053,Halay
dam_5316605,River Song
dam_5991755,Montalcino
dam_8314684,Swertia
dam_5307883,Perfect Spirit
dam_5831028,Lady Artiste
dam_6238505,Joyful Hope
dam_5404035,Shannon Theatre
dam_4454114,Lady Sagamix
dam_5936035,Nice To Meet You
dam_4171923,Hazel Toi
dam_4422194,Cloghoge Lady
dam_4938514,Just Zoud
dam_5606342,Amancaya
dam_23716210,Sweet Harry
dam_4865189,Hidden Reserve
dam_7082089,Fleur De Sel
dam_6051514,Heaven's Sake
dam_23451435,Folk Dancing
dam_6196876,Lastbutnotleast
dam_5227103,Saroushka
dam_6020742,Musical Note
dam_6049064,Pleascach
dam_8213478,Mini Karinga
dam_5664491,Edged Out
dam_7724101,Solar Halo
dam_5070590,Sooraah
dam_14472178,Aquarius
dam_5475960,Federation
dam_17894380,Hareem Queen
dam_4845134,Dar Re Mi
dam_35499471,Ceistiu
dam_5890276,Dancing Sands
dam_5677714,Glowing Star
dam_4773090,Sassy Gal
dam_5255789,Uncatchable
dam_5879489,Souville
dam_5842326,Spicy Dal
dam_6322890,So Cute
dam_5943742,Shama
dam_5023634,Statenice
dam_25026589,Ostarakov
dam_4587135,My Twist
dam_5283138,Sortie De Secours
dam_5349904,Alpensinfonie
dam_4152778,Howrwedoin
dam_5494510,Red Mischief
dam_16377515,Some Sister
dam_4030488,Blue Shannon
dam_4600120,Grinneas
dam_11542447,Cuckoo's Calling
dam_3673180,Come In Moscow
dam_6077596,Syrdarya
dam_4808538,Trumpet Lily
dam_5007954,Bergamask
dam_4930800,Lady De La Vega
dam_15800533,Princess Susan
dam_5451614,Rakavilee
dam_5852896,Tosca Shine
dam_4792473,Asinara
dam_4070430,Heir Today
dam_16500351,Step On My Soul
dam_22739010,Honey Away
dam_6538182,Mrs Jay Dee
dam_8434517,Ticket Holder
dam_5394711,Benny's Fagartha
dam_5007758,Featherweight
dam_6224806,Dawaa
dam_6031536,Blue Aegean
dam_9803675,Get Even
dam_4111037,Secret Flame
dam_2123485,Vow
dam_4952248,Bouvardia
dam_21631428,Sueno D'Oro
dam_6039880,Liberty Sky
dam_5190598,Namaskar
dam_6308799,Almarada
dam_6121941,Zamzama
dam_11074742,Chilton Foliat
dam_5811477,Makadamia
dam_29213002,Niceanspicy
dam_4841123,Sweet Robinia
dam_5799787,Supreme Sunday
dam_6160616,Musical Madam
dam_6051864,Mambomiss
dam_5931436,Button Down
dam_6342686,Critical Speed
dam_4793117,Dalasyla
dam_6075174,Uele River
dam_6013588,Primrose Valley
dam_5907720,Easton Arch
dam_4223835,Crossover
dam_11275138,Respectable
dam_5995906,Altesse D'Arc
dam_6004537,Aletsch
dam_5821074,Roheryn
dam_6093318,On A Pedestal
dam_5696299,Snow Queen
dam_5380347,Deceptive
dam_4460246,Miss Dixie
dam_17837463,Rosie Suspect
dam_5928125,Ezilii
dam_6033132,Back To Base
dam_3983623,New Chello
dam_6072731,Celtic Air
dam_5937855,Honourably
dam_47806633,Mamz'Elle As
dam_6012755,My Spirit
dam_9148741,Satin Ribbon
dam_5654761,Boathouse
dam_14594195,Maria Christina
dam_14984900,Suaimhneach
dam_23056096,Thiel
dam_5578531,Keene Dancer
dam_6095523,Cape Rosie
dam_11125996,Lady Of Shalott
dam_10504774,Magma
dam_6222517,Only Mine
dam_6061573,Bright Flash
dam_16675680,Star Catcher
dam_18479279,Tapisserie
dam_3837120,Bright Edge
dam_5842396,Disko
dam_5729801,A Huge Dream
dam_9983561,Good Thinking
dam_6294358,Kilfenora
dam_5686310,Va'vite
dam_5581282,As I Am
dam_4226992,Sina Cova
dam_4669938,Storybook
dam_4217948,Kalimenta
dam_6070659,Mystic Jade
dam_5382755,Future Generation
dam_9923690,Clare Island
dam_7253925,Compton Poppy
dam_9056635,Angel Of The South
dam_14023240,Fuse
dam_7337274,Amethystos
dam_3858337,Quad's Melody
dam_5004482,Arlene Phillips
dam_48169870,Eclectic
dam_5920628,Muhawalah
dam_5969894,Lulani
dam_4662399,Advertising Space
dam_15525153,So Unique
dam_5929035,Rochelle
dam_5324599,Subtilty
dam_5590529,Tamaline
dam_7075859,Vagabonde
dam_3703896,Biondo
dam_4829398,Portodora
dam_34638009,Lawfull
dam_12246934,Fanurio's Angel
dam_5790358,Bonjour Bella
dam_5396531,No Time For Tears
dam_31965381,Quete De Thaix
dam_6040118,Star Street
dam_4735948,Sharp Susan
dam_5885019,Lightning Thunder
dam_8500961,Tai Hang Dragon
dam_5559036,Muaamara
dam_18857104,Poets Dance
dam_14629328,Rhythm And Rhyme
dam_6230966,Lucelle
dam_4645536,Kassuta
dam_20626403,Fantasy Lover
dam_5316171,Anadolu
dam_6066046,Little Nightingale
dam_6334573,Illico
dam_6286210,Himiko
dam_45534909,English Queen
dam_23292486,Trust
dam_31356521,I Feel It Coming
dam_6077554,Cape Spirit
dam_5851986,Garden Row
dam_9976071,Rocco Rumbled
dam_6008639,Vodka Island
dam_16500267,Royal Family
dam_10076549,Roubles
dam_4500461,Dash To The Front
dam_4803358,Tinagoodnight
dam_6181042,Violets Gale
dam_4534166,Nandina
dam_4953123,Cadouya Girl
dam_4581507,Sheriussa
dam_5306847,Kerso
dam_4677260,Got Aba
dam_5245940,Bridle Belle
dam_23033409,Annabaloo
dam_5661194,Spirit Of Youth
dam_5573561,Ballys Baby
dam_33788545,Freedom Spirit
dam_22523578,Ms Inkonia Hodd
dam_11118345,Voom Voom
dam_21682388,Cloche
dam_10170510,Special Purpose
dam_5419463,Albaraka
dam_4918011,Dr Wintringham
dam_5083589,Indian Story
dam_10338629,Aztec Queen
dam_5698497,Senora Lobo
dam_6219864,Rocknrollbaby
dam_6029940,Belvoir Diva
dam_10940216,Musis Amica
dam_5770898,Patineuse
dam_10465098,Grace Rafaela
dam_4587646,Capriolla
dam_5480895,Beat The Stars
dam_7278362,Diamond Lace
dam_4207049,Daytona
dam_7623154,Annoushka
dam_5709179,Byroness
dam_6016486,Zotilla
dam_30941162,Lady Rasha
dam_6337065,Bawaakeer
dam_5646116,Samba Brazil
dam_4993618,Phantom Ridge
dam_10075674,Seaella
dam_6168792,Kassia
dam_6340208,Tiny Smile
dam_15638483,Intricate
dam_7308637,Esprit De Tauber
dam_6131027,Goodthyne Miss
dam_6012993,Presenting Lisa
dam_4825499,Navajo Rainbow
dam_4890942,Avoca Star
dam_5661019,La Passeroie
dam_4489604,Chomba Womba
dam_16342256,Our Polly
dam_5220166,Just For Jean
dam_5178824,On Holiday
dam_5860757,Harbour Of Hope
dam_6040041,Sainte Cupid
dam_6257860,Gherdaiya
dam_5325852,Akhmatova
dam_6035582,Choral Singer
dam_6186362,Yosille
dam_6167539,Lady McBride
dam_9852927,Shebeganit
dam_29327319,Damango
dam_5934446,Maxford Lady
dam_16401147,Hafaawa
dam_6058724,Ciandarragh
dam_18143944,Maggie Power
dam_4527649,Moscow Mo Chuisle
dam_14232967,Ocarina Davis
dam_6140358,Rockyriver Girl
dam_5617402,Fada's Jewel
dam_6185480,Scheme Of The Moon
dam_11737096,Lunar Corona
dam_5119646,Flash Dance
dam_5197920,Lady Vyrnwy
dam_6045347,Spirit Of The Sea
dam_6052963,Slovak
dam_10100678,Porta Portese
dam_32181674,Juxtaposed
dam_6754223,Poet's Princess
dam_4638683,She's So Pretty
dam_6348328,Rima
dam_5004097,Mrs Batt
dam_5279106,Shellys Creek
dam_18662833,May Be Bey
dam_24206266,Golan Annie
dam_6238925,An Cailin Orga
dam_40205613,Mop My Brow
dam_4838260,Aubusson
dam_6195812,Kittys Oscar
dam_6110846,Village Queen
dam_5997509,Pros 'N' Cons
dam_5941978,Ahkel Vie
dam_5278581,Shades Of Grey
dam_5878425,Munyatee
dam_5201035,Zaidiyna
dam_41190485,Glide Away
dam_3323586,Oudette
dam_5526157,Derreenmoe
dam_4386053,Way To The Stars
dam_5751823,Miss Chic'Vindecy
dam_4461114,Tara Too
dam_24593261,Annaharvey Pride
dam_13004537,Baby Briggs
dam_5596402,Ariels Serenade
dam_4021815,Seviot
dam_4000941,Horemsaf
dam_4785053,Edge Of Light
dam_5534487,Petite Noblesse
dam_6036303,Azure Amour
dam_14315336,Principia
dam_7149919,Ruby Shoes
dam_7004543,Watsdaplan
dam_3835027,Red Fuschia
dam_5340881,Flowers Of Spring
dam_6311893,September Stars
dam_5455338,Red Larkspur
dam_18001004,Lady Koko
dam_5555550,Tartiflette
dam_17712289,La Dama Boba
dam_5370911,Desert Location
dam_6229874,Powerful Dream
dam_6149836,Materialistic
dam_6980589,Pandorama Lady
dam_3934112,Shady Anne
dam_9132515,Nicola's Girl
dam_5872153,Snow Train
dam_5873644,Siobhans Belle
dam_10222723,Desirable Court
dam_5776351,Kilcoleman Lady
dam_5302059,Galaxidi
dam_7305620,Blue Epona
dam_36738562,Duchess Of Daars
dam_6070645,Tepeleni
dam_6087116,Becquascenthe
dam_6330828,Mrs Chevalier
dam_3882571,Simply Deep
dam_6339487,Flame Of Hibernia
dam_12977587,Miss Possibility
dam_5945891,Qui Plus Est
dam_5810819,Emily Gray
dam_4433422,Shuil Sionnach
dam_3250023,Skew
dam_5103798,Lolita Du Berlais
dam_10930584,Deploy Or Die
dam_3677744,Eyesabeatin
dam_4216457,Rainbow Pointe
dam_9667091,Daisies Adventure
dam_45475675,Roseaway
dam_5891606,Kashstaree
dam_4472251,River Mill
dam_35596239,Blueberrythethird
dam_5139393,Bespoke Baby
dam_9984135,Powhatan Squaw
dam_4720289,Im Telling Ye
dam_8294125,Music Lesson
dam_8345470,Moonlit Garden
dam_31865274,So You Dream
dam_11221637,Cascanueces
dam_9004121,Teodelight
dam_21673218,South Sister
dam_2977443,Moonsail
dam_5666668,Nimble Thimble
dam_5747007,Flight To Fancy
dam_7150129,Rosebride
dam_5306308,Toi Et Moi
dam_17763032,My Sister Jo
dam_5498248,Regal Realm
dam_4777521,Tarziyma
dam_6205815,Diamond Of Diana
dam_5873224,Leaderene
dam_2119586,Blue Lightning
dam_29117417,Bertella
dam_37702539,Coppelia
dam_20471451,Bonmahon Charm
dam_5596731,Aasleagh Lady
dam_5008913,Quristine
dam_4925081,Moonlight Danceuse
dam_4723677,Inch Native
dam_24494813,Ballinderry Lady
dam_13966001,Niagaria Du Bois
dam_5122362,Sunday Madrik
dam_14842583,Ice Gala
dam_6231260,Carnachy
dam_7181965,Mi Raccomando
dam_6038795,Mainicin
dam_5303690,After Dark
dam_703227,Noble Choice
dam_3146584,West River
dam_4249875,Snowbelle
dam_4143090,Hunca Munca
dam_14690690,Antonia De Vega
dam_24758398,Almond Brook
dam_17763081,What Is Life
dam_22268463,Classic Code
dam_5527375,Crossanza
dam_6169996,Little Audio
dam_4942098,Belle Des Airs
dam_20109453,Nicolina
dam_4887820,Dayia
dam_8024506,Gallifrey
dam_8387862,Daban
dam_5291076,Trissa
dam_26422781,Serafina Sunset
dam_30208248,Capla Ishtar
dam_10320324,Private Advisor
dam_5752845,Levanto
dam_5727729,Talent
dam_19280618,Follia
dam_18662266,Star Of The East
dam_5666738,Boonga Roogeta
dam_4832142,Croeso Cusan
dam_6303451,Fanci That
dam_9202746,Jadwiga
dam_14285152,Elegantly Wild
dam_13527080,Quicksand
dam_5151272,Pink Flames
dam_6250790,Milady
dam_6284859,Pure Vanity
dam_5869325,Springlike
dam_5894546,Ceisteach
dam_13671875,New Day Dawn
dam_14911491,Steppe By Steppe
dam_5638283,Absolute Diamond
dam_18231724,Amelia Grace
dam_5545526,Bond Artist
dam_6274002,Mandinga
dam_6340068,In The Lurch
dam_34099569,Bonito
dam_6002752,Bahri Sugar
dam_6056799,Easy To Sing
dam_6065472,Tadpole
dam_5249363,Spasha
dam_10358306,Cashalass
dam_6120072,Chocca Wocca
dam_30192204,Vadrouille
dam_5200783,Nouriya
dam_5040182,Alasi
dam_5933186,Chasse En Mer
dam_29327354,Addie's Legacy
dam_4199041,Indian Bounty
dam_5095475,Belle Josee
dam_6312530,Mourneseafood Lass
dam_21995519,Sea Horn
dam_18723481,Maryann
dam_4172413,Acoola
dam_5319601,Jaunty Spirit
dam_4826318,Le Badie
dam_13368691,Rose Of Taipan
dam_6956194,Another Nudge
dam_4948454,Mirabile Dictu
dam_4919404,Flying Fashion
dam_18591972,Presenteea
dam_11829538,Or Des Joncs
dam_3691219,Playact
dam_21430584,Amusez Moi
dam_5269355,Inoffensive
dam_5188582,Indian Valley
dam_5619131,Meet Me Halfway
dam_3009349,Preobrajenska
dam_11321030,Shaella
dam_28014245,Madeira Moon
dam_7355971,Grecian Light
dam_6993021,Cumbfree
dam_4995025,Magic Artiste
dam_6096251,Shifting Moon
dam_6007064,Temptress
dam_5006015,Fools In Love
dam_7724059,Lady Clinch
dam_5874043,Shared Experience
dam_26782735,Adutchgirl
dam_47655524,Dujaa
dam_5545603,Fauran
dam_5161695,Hungry Heart
dam_10957023,Threading
dam_11034226,Red Line
dam_19186818,Ediyva
dam_14165620,Kerena
dam_4960025,Qalahari
dam_18920517,Meeting
dam_37367617,Pilsley
dam_5391113,Bearlita
dam_4958093,Shemima
dam_5696327,Though
dam_39431973,O What A Dame
dam_42553609,Liss Carrig
dam_4179483,Alikat
dam_4966983,Applause
dam_5912543,Waikika
dam_5555571,Cantal
dam_6286609,Solar Pursuit
dam_5379213,Maydream
dam_18159638,Melliferous
dam_4641665,Legerete
dam_5517918,Pimpernel
dam_17575572,Di Matteo
dam_40260633,Izzy
dam_5132288,Ramamara
dam_6338703,Zippy Rock
dam_6027147,Supreme Occasion
dam_13259414,J'Arrive
dam_16652349,Alshadhia
dam_5652311,Needed The Run
dam_24769857,Biddy's Boru
dam_6095040,Noble Vision
dam_5463570,Virginia Bella
dam_13684769,Massini Rose
dam_5762239,Total Gossip
dam_6174245,Bugle
dam_4513166,Beyond Belief
dam_21173817,Imalwayshotforyou
dam_7117152,Suraat
dam_20289668,Kilbarry Cliche
dam_5081104,Fruitful Venture
dam_5740518,Kassama
dam_10119508,Shuil Le Vic
dam_14258293,Kerineya
dam_6029471,Free Rein
dam_12749443,Lait Au Chocolat
dam_18160149,Unbridled Gem
dam_7395346,Shozita
dam_4586463,Jabbara
dam_5335260,Up In Time
dam_7281666,Brooklyn's Rose
dam_5070499,Conniption
dam_37686999,Kauto Starlette
dam_5990334,Bond's Girl
dam_6024032,Savoy Showgirl
dam_6217848,Julieta
dam_19570166,Loveheart
dam_18293212,Daryana
dam_5721975,Our Obsession
dam_4477641,Mill House Girl
dam_13004131,Vicious Circle
dam_5529580,Van Mildert
dam_17273935,Muffles Girl
dam_5421199,Shoal Bay Dreamer
dam_5227677,Mainstay
dam_8435721,Venetian Lass
dam_5532079,Vickers Vimy
dam_5292070,Gallimaufry
dam_5490499,Giofra
dam_5668754,Blue Clumber
dam_32105241,Princesse De San
dam_8521674,Lady Macbeth
dam_5195673,Satwa Pearl
dam_4825618,Tara's Garden
dam_5015073,Hukba
dam_4456249,Maria Antonia
dam_4001879,Rock Garden
dam_21284417,Rising Bell
dam_4160072,Chamoss Royale
dam_5517043,Discourse
dam_10287186,Elizabeth Bennet
dam_7087031,Dame Judi
dam_5877767,Ofelia
dam_7967092,Prosper
dam_7064358,Fast Lily
dam_23166136,Peronism
dam_5905109,Household Name
dam_5741722,Dame Helen
dam_5898018,Happy Land
dam_6217960,Carolinae
dam_5759229,Ethel
dam_11275012,Exrating
dam_5161205,Good To Follow
dam_11034093,Peace Trail
dam_4957799,Kheleyf's Silver
dam_3771915,Sachiko
dam_4263665,A Plus Ma Puce
dam_6168981,Enjoy Life
dam_6336981,Pixie Lane
dam_5368230,Dans Tes Reves
dam_5698280,Zazera
dam_5924485,Shama's Song
dam_16840460,Dee Two O Two
dam_5438783,Our Ned
dam_5735513,Magique
dam_5114361,Flying Cloud
dam_6235026,All Clear
dam_5740931,Ever Love
dam_4626251,Iron Lips
dam_9869888,Amarillo Starlight
dam_5587442,Waldlerche
dam_14174055,Amore Bello
dam_18715011,Cartesienne
dam_35596631,Sing For Life
dam_14417137,Bandiuc Eile
dam_3950940,Kansas City
dam_5579700,Vigee Le Brun
dam_4015102,Rare Vintage
dam_5280142,Positive Step
dam_4976139,Pride Celebre
dam_4864090,Silver Spinner
dam_5933473,A Dormir Debout
dam_29409891,Glen's Gift
dam_5595583,Bonnie Burnett
dam_3976602,De Blanc
dam_16652930,Beaus Polly
dam_4061820,Cansalrun
dam_5091149,Royale Marie
dam_9914513,Spring Flight
dam_5852525,Well Tuned
dam_7223454,Angelical
dam_4531604,Over The Flow
dam_5478312,Ashbury
dam_34268542,Be Mine Again
dam_5113185,Sainte De Sivola
dam_4635281,Parsons Hall
dam_18828446,Millisle
dam_28078057,Dona Viola
dam_13527115,Bella Ragazza
dam_15116122,Desirous
dam_4460050,Tiana
dam_4787454,Floristry
dam_5918157,Passified Lady
dam_5724278,Cross My Heart
dam_7076034,Kocollada
dam_11321387,Vivianite
dam_5378506,Quiz Mistress
dam_6257545,Guilty Twelve
dam_5906754,Criteria
dam_8051043,Alouja
dam_6346977,Adjudicate
dam_7121142,Bound
dam_10092880,Billesdon Brook
dam_5859154,Dance With Another
dam_12161296,Heart Power
dam_7096810,Cheval Blanche
dam_4793285,Trip To Glory
dam_5574037,Dusty Red
dam_6095544,Lesson In Life
dam_7897659,Garmoosha
dam_4983426,Kammaan
dam_6287799,Catalina Bay
dam_10100895,Wild Bud
dam_17195878,Chantaleen
dam_6152118,Seaperle
dam_15171163,Ophelia's Dream
dam_6951700,Fresh Air
dam_8174243,Hertford Dancer
dam_4675916,Claba Di San Jore
dam_11864139,Miss Germany
dam_5393024,Ensemble
dam_5989942,Miss Minuty
dam_21673211,Comfort In Sound
dam_9842882,Mollie The Moo
dam_4759370,Seasonal Cross
dam_5912536,Prisenflag
dam_2977681,Moraine
dam_4878468,Florentia
dam_13004579,Feale Dancer
dam_6130110,Sainte Ladylime
dam_2922927,Italian Connection
dam_5925647,Secret Hint
dam_6038347,Taaqah
dam_5561486,Lady Sylvia
dam_5834227,Azenzar
dam_4982068,High Heeled
dam_5704517,Pompeia
dam_5545855,Maybeagrey
dam_4219313,Halle Bop
dam_10795197,Hope Lake
dam_10974719,Mission Impassible
dam_7665945,Coronet
dam_41503875,Waldluft
dam_5750605,Red Tulip
dam_5668621,Spinacre
dam_5756548,Winter Snow
dam_5690384,Hadeeya
dam_6047797,French Flirt
dam_4631697,Nice One
dam_11059937,Snowdon
dam_7023625,Hazmiyra
dam_5003761,Maoineach
dam_5190038,Chincoteague
dam_6305831,Carrieriste
dam_4191082,Vicante
dam_5103980,Grenadines Island
dam_6100493,Kalane
dam_5592538,Trephine Du Sulon
dam_5571727,Desert Red
dam_5350226,Tzarine De La Mone
dam_6250741,California
dam_5772452,Monty's Girl
dam_3663758,Do It On Dani
dam_5150250,Dirty Deal
dam_40786711,Mac Tire Dubh
dam_29691585,Cyrils Girl
dam_5980611,Presenting Newmill
dam_24747310,Shapley Shadow
dam_3906819,Hayley Cometh
dam_3013584,Pushkar
dam_5316122,Moonlit Garden
dam_10160724,Guthanna Gaoithe
dam_44786700,Witch Castle
dam_5766124,Indy Gal
dam_5661124,Emily Carr
dam_5863795,Letterfromamerica
dam_23500379,Six Pack
dam_6307938,Elltaaf
dam_5514887,Alice Rose
dam_5496876,Dreaming Of Rubies
dam_5075623,If I Were A Boy
dam_5160036,Bethrah
dam_6989444,Theatre View
dam_5647691,Lucy Lamp Light
dam_5380305,Salty Wind Lady
dam_4960851,Run And Dream
dam_5578769,Toccata Vallis
dam_6350127,Delayed Eloquence
dam_5078318,Maryiver
dam_27916665,More Like That
dam_6296899,Great Trip
dam_5134479,Khazina
dam_5911052,Victoria Regina
dam_12505738,No Complaints But
dam_4134767,Magie De Toulouse
dam_6278559,Remarkable Lady
dam_8128596,Lady Freyja
dam_34788985,Eau Perlee
dam_6348559,Irevoltar Has
dam_3866555,Dalriath
dam_5069939,Tchi Tchi Bang Bang
dam_5580295,The Boys Dont Know
dam_6341167,Listen To The Man
dam_4659473,Rolandale
dam_4482100,Lady Roania
dam_5323031,Erins Stage
dam_5100382,Secret Queen
dam_4528678,Running Wild
dam_4087412,Barton Flower
dam_5012574,First Beauty
dam_5527592,Maid To Master
dam_5626824,Lady Of Appeal
dam_5946899,Dansante
dam_28517503,Byzantion
dam_5135641,Cool Kitten
dam_4388034,Anemone
dam_39431399,Patsola
dam_5147163,Dedicace
dam_7281736,Raveloe
dam_4827886,Polka Dot
dam_4645648,Dancingwithbubbles
dam_5365087,Alize Du Berlais
dam_4787013,Neele
dam_4458615,Snake Skin
dam_25121390,Black Rock Lady
dam_3699346,Vestale
dam_5176528,Mixfeeling
dam_4905278,Wait And See
dam_9211860,Roche D'Or
dam_4757725,Seagulls Dance
dam_5461288,Our Pollyanna
dam_4593414,Nylon
dam_5445769,Chelsea Express
dam_6131405,Ismane
dam_39568627,Grey Valley
dam_3004701,Pink Diamond
dam_29592906,Siba De La Pampa
dam_5666444,Drombeg West
dam_4780699,Crystany
dam_5478291,Deep Lilly
dam_5615771,Venceremos
dam_4899993,Lady Lenson
dam_18016418,Ugoline
dam_5268634,Lost Two Stars
dam_6337681,Gwaien
dam_5397987,Ebony Palm
dam_8293859,Prospera Pascha
dam_30016553,Start To Finish
dam_11526144,London Bells
dam_3922513,Foxchapel Queen
dam_38073777,Comete De Corton
dam_4585315,Nina Du Seuil
dam_33275200,Emily's Belle
dam_5831385,Carolina Wren
dam_29327347,Salsadame
dam_23706963,Staraba
dam_4542776,Classic Fantasy
dam_4787391,Kings Maiden
dam_13290704,Fame Forever
dam_3847816,Crooked Wood
dam_4748422,Promising Lead
dam_8559509,Scopa D'Assi
dam_3388812,Capistrano Day
dam_5735520,Sweet As Honey
dam_4867261,Lady Hillingdon
dam_4595325,Play With Fire
dam_5563936,Bahama Pearl
dam_4678142,Odyssee Du Cellier
dam_6674493,Snow Leopardess
dam_34962053,Cooladurragh Lady
dam_20662761,Rocana
dam_4799977,Aromatherapy
dam_4796344,Becuille
dam_5280149,Pure Greed
dam_10782590,Kiss Me Daily
dam_9733507,Taneshka
dam_4586708,Rock Angel
dam_4662203,End Of The Affair
dam_5591222,Special Choice
dam_34373829,Made To Move
dam_29012928,Kings Sister
dam_25027023,Karolie
dam_5395768,Grainne Delight
dam_4875591,Playa Pierji
dam_5942146,Holy Veil
dam_5733987,Liber Nauticus
dam_18245248,Sting In The Gale
dam_4142544,Princesse Rooney
dam_5623079,Caroline Fontenail
dam_6062756,Shuriken
dam_9328977,Milling Road
dam_5827731,Day Gets Up
dam_5119674,Goldance
dam_5291475,Tymora
dam_4629947,Darrfonah
dam_4228994,Tiegs
dam_6302821,Sahalin
dam_46077374,Miss Philippa
dam_5338396,Memory Lane
dam_41938757,Tea Dancing
dam_5309262,Azores
dam_21680596,Mesadah
dam_6258784,Salvo
dam_6085765,Hana Lina
dam_5014660,Tottie
dam_5273583,Byrony
dam_6106947,Zoella
dam_6338241,May Rose
dam_5949986,Perfect Persuasion
dam_7008561,Dozule
dam_5564125,Easter Diva
dam_6265434,Kiltara
dam_4661958,Sell Out
dam_5668586,Lottie Dod
dam_12821914,Dieulefit
dam_6015989,Sleep Walk
dam_15942073,Mannaal
dam_24985506,Habbat Reeh
dam_15819076,Eufemia
dam_39060175,Danzonette
dam_4878510,La Adelita
dam_6305439,Embiyra
dam_11082799,Burgonet
dam_5599573,Que Pasa
dam_27165852,Nada
dam_6326978,Bright Eyes
dam_5084422,Knocktartan
dam_5030501,Booley Bay
dam_35513716,Across The River
dam_6341244,Broomhill Lady
dam_22856589,Matties Isle
dam_3886624,La Pommeraie
dam_8654310,Edermine Blossom
dam_4682594,Les Fazzani
dam_2814196,Assertive Lady
dam_6567974,Lady Longshot
dam_3857259,Robe Chinoise
dam_6988100,Castle Hill Cassie
dam_18337697,Aroha
dam_3952193,Spinola
dam_10101007,Black Ruby
dam_6250727,Caledonia Duchess
dam_4249273,Montare
dam_7584605,Many A Tale
dam_3908016,Wunders Dream
dam_5356043,Sovereign Street
dam_5205298,Chicane
dam_6340222,Strait Power
dam_5390056,Moment Juste
dam_4225109,Intrigued
dam_37275455,Fast Menantie
dam_5452552,Nayarra
dam_21946526,Wo De Xin
dam_18920265,Elizabethofaragon
dam_10109582,Flying Sparkle
dam_11295697,Neat 'N Nifty
dam_4763780,Marasima
dam_46108195,Optimate
dam_6273407,Alpine Dream
dam_5515006,Street Fire
dam_5314995,Maqaasid
dam_6346347,Tamarisk
dam_20977929,Aurora Spring
dam_12068462,Queen Of Desire
dam_21725235,Fast Spin
dam_6082951,Yorkindred Spirit
dam_20276480,Halfwaytothemoon
dam_6277019,Qemah
dam_12217842,Ship Of Dreams
dam_36387309,Promenade Review
dam_5866063,Counter Ridge
dam_5528250,Fallen For You
dam_47192313,Lily De Vega
dam_5122292,Devoted To You
dam_4740498,Mookhlesa
dam_9611763,Shoot
dam_5099969,Decorative
dam_5887567,Sagesse
dam_4235623,Desiree
dam_5928132,Altesse
dam_6085492,Arrowtown
dam_6078184,Subprime
dam_5737711,Made Easy
dam_5809776,Call Me Emma
dam_5226865,Deep Supreme
dam_12927537,Gunner Be Sweet
dam_5147457,Ballinahow Lady
dam_5747462,Rest And Be
dam_5173070,Peaceful Soul
dam_6495097,Beautiful War
dam_41190016,Wyndham Rose
dam_5028485,Compelled
dam_4837672,Westalin
dam_6079661,Maremmasanta
dam_6044717,Bedouin Dancer
dam_3167850,Quality Time
dam_5940774,Windlass
dam_11425127,Waldlied
dam_7263627,Tisbutadream
dam_32415670,Alaflaak
dam_17198272,Whims Of Desire
dam_46108202,One Life
dam_4223954,Songerie
dam_5875345,Sultanina
dam_5388621,Sunday Bess
dam_9886065,Troarn
dam_15375661,Katiesheidinlisa
dam_4660558,Miss Lucifer
dam_6094620,Frenzified
dam_6204695,Most Beautiful
dam_6318928,Al Wathna
dam_5990964,Conveyor Belt
dam_5926641,Spirit Raiser
dam_14165718,All Time High
dam_4051061,Norabelle
dam_18143601,Stay At Home Mum
dam_5385835,The Prime Viper
dam_4744299,Prophets Honor
dam_5309444,Bride Unbridled
dam_5540619,Colla Pier
dam_5496561,Bright Sapphire
dam_6152104,Herridge
dam_5800914,Margaret's Mission
dam_5137489,Bewitched
dam_25455549,Gold Serenade
dam_5016032,Damaniyat Girl
dam_5615190,Riskit Fora Biskit
dam_6339445,Semper Fi
dam_19129040,Quaint
dam_5538330,La Chapelle
dam_24593275,Fictitious
dam_5018531,Pink Moon
dam_4662091,Hugs 'n Kisses
dam_5639228,Blinking
dam_19912424,Maria Danilova
dam_7927983,Classical Times
dam_6087179,Celtic Ava
dam_5208154,Clifton Encore
dam_5041540,She Is A Cracker
dam_20324633,My Memory
dam_6012699,Theatre Mole
dam_5726028,Majestic Jasmine
dam_8300453,Marta Mes
dam_23071027,Collegeofknowledge
dam_5816636,Franche Alliance
dam_35700098,Une Histoire Vraie
dam_8462587,Baladala Reconce
dam_7064456,Providencia
dam_4713772,Brom Felinity
dam_6198808,Awohaam
dam_15171149,Layaleena
dam_4761113,Bruxcalina
dam_5639200,Green Vision
dam_10504760,Rancho Star
dam_3267600,Keep The Secret
dam_5787278,Tehamana
dam_6838097,Simmy's Temple
dam_5846722,Lucky Kristale
dam_6238988,Even Song
dam_7337484,Reedanjas
dam_5771360,Souviens Toi
dam_5481693,How Sweet It Is
dam_5426890,King's Guest
dam_5599615,Archina
dam_7910364,Protektrice
dam_3760687,Zoudie
dam_4574024,Martinstown Queen
dam_5697608,Rose Et Noire
dam_4662966,Rahila
dam_7081886,Diamond Dust
dam_5287023,Midnight Choir
dam_4071536,Prairie Moonlight
dam_6021442,Aspasi
dam_15932273,Queen De Lafayette
dam_4966990,Astralai
dam_18991308,Springwood Drive
dam_5754014,Windsor County
dam_6047510,Sea Mona
dam_22064833,Bizzi Lizzi
dam_5532569,Amber Silk
dam_13829676,Magnetic Charm
dam_20150361,Franconia
dam_5989298,Muffri'Ha
dam_34860882,Elzana
dam_4703153,Choisette
dam_6153889,Nijah
dam_10338419,Ketifa
dam_7157514,Island Vision
dam_5693793,Sadiigah
dam_6079920,Zhukova
dam_6107717,Sophie Germain
dam_5969453,Dot Hill
dam_5909442,Achnaha
dam_11150335,Stage Name
dam_9603370,Neola
dam_27452201,Blue Ruby
dam_5445846,Mystic Dream
dam_6243811,Lido Lady
dam_21895958,Miss Morris
dam_12049709,Sweet And Dandy
dam_46851014,Emotional Roar
dam_7480438,Bahamadam
dam_9914506,Broughtons Jewel
dam_6244224,Sharaakah
dam_3722292,Uryale
dam_5493404,Jumeirah Palm Star
dam_5509497,Ramina
dam_5815082,Adderstonlee
dam_5681130,Cash Customer
dam_4526396,Rosie Lea
dam_32682965,Delinda
dam_6003998,Cosmic Cannonball
dam_6499990,Annie Spectrim
dam_43859893,Presenting Gems
dam_5197227,Muwakaba
dam_5980303,Mount Corkish Girl
dam_6347635,Shahnila
dam_5313973,River Du Nord
dam_4715585,Silkwood
dam_25026603,Skipping Free
dam_5548396,Barrack's Choice
dam_5067776,Janidouce
dam_5000401,Dark Mimosa
dam_4247838,Zeeba
dam_5477402,Miss Noble
dam_9462418,Star Island
dam_9914023,Koroleva
dam_19477766,Breve De Comptoir
dam_22354710,Mondelice
dam_6348153,Peacehaven
dam_6039089,Qualify
dam_3969924,Tanaghum
dam_11305875,I Can Fly
dam_6003326,Dorraar
dam_6177472,Silken Skies
dam_14247359,So Brave
dam_5099955,Coolminx
dam_6061104,Real Smart
dam_39191096,Tralong Bay
dam_4460442,Diane's Choice
dam_5894126,Precariously Good
dam_5705091,Mediska
dam_15054956,Delicious
dam_16500358,Estidraaj
dam_3720269,Magic Mission
dam_7185556,Boca Raton
dam_4465258,Rumplestiltskin
dam_6151740,Out Of The Dark
dam_4197557,Absolutely Cool
dam_4400438,Brazilian Style
dam_5154128,Emerald Girl
dam_5541004,Bittersweetheart
dam_6193075,Miss Opera
dam_5944155,Edelmira
dam_5727239,Roxanne
dam_27166601,Woodland Maiden
dam_5168996,Danehill's Dream
dam_40332110,Ariastar
dam_13456226,Shannow
dam_21668577,Harbour Of Grace
dam_5200944,Loveisallyouneed
dam_6168876,Sonnet
dam_5877172,Moving Waves
dam_5877893,Grevillea
dam_5909498,Varna
dam_5386640,Mrs Kennedy
dam_6449954,Little Missserious
dam_5885348,Ballycloven Oscar
dam_34860266,Greenane
dam_4560689,Indian Ink
dam_6274849,Bridgets Fable
dam_6405147,Whenskiesareblue
dam_4848613,Zongoraora
dam_5872377,Albemarle
dam_5575185,Danehill Dreamer
dam_13153623,Woodfield Dream
dam_4519760,Queen Of Diamonds
dam_5162416,Dancing Bird
dam_5216631,Easter Day
dam_3935694,Countess Camilla
dam_4749857,Qualia Grandchamp
dam_5890003,Hannah's Magic
dam_23111606,Theatre Days
dam_5994471,Koliakhova
dam_5984139,Theionlady
dam_25312847,Cornlaw
dam_5662496,Passionnante
dam_5017306,Merry Diva
dam_4245885,Ardea Brave
dam_5517848,Mascara
dam_5556376,Itasca
dam_3976413,Hymn Of Love
dam_5541809,Beach Candy
dam_3679550,Bright Halo
dam_10383618,Verity
dam_5225108,Silken Aunt
dam_46515462,Streak Of Beauty
dam_6067264,Quite A Story
dam_4937989,Rose Diamond
dam_14258608,Tronada
dam_5483548,Dare To Dream
dam_2911552,Hecuba
dam_4927664,Maggie Lou
dam_9914086,Quandreviendrastu
dam_4832716,Verba
dam_10881927,Roseau City
dam_5548459,Dinvar Diva
dam_5009676,Vital Body
dam_15204672,Musical Lute
dam_9057062,La Grande Elisa
dam_6026426,Gussy Goose
dam_4695145,Midnight Ocean
dam_32597929,Balinacary
dam_3056634,Spring Flower
dam_4745279,Azaban
dam_5788202,Molly's A Diva
dam_4476794,Moi Aussi
dam_28824992,New Targets
dam_32290741,Kathy Glory
dam_5575997,Dempseys Luck
dam_5998531,Desert Queen
dam_7209552,Dinka
dam_5923533,Hadya
dam_3630816,Bathwick Babe
dam_4968194,Tamarind
dam_8576568,Chabada Le Dun
dam_5315317,E Mac
dam_5294394,Thieving Gypsy
dam_5928804,Celestial Harmony
dam_46045391,Chosen Law
dam_24541727,Luna
dam_16232916,Peaceful Valley
dam_6200922,Octavine
dam_10076668,Ma Chere Amie
dam_5848248,Carrigeen Aspen
dam_6028309,Lolli
dam_6310857,Bumptious
dam_4594072,Gaze
dam_5879356,Lady Tiana
dam_10714599,Crossed Fingers
dam_11082764,La Taniere
dam_16155531,Feliciana De Vega
dam_5910667,Sweeping Up
dam_6070456,Santa Teresa
dam_45982419,Renzia
dam_15716064,Be More
dam_3164994,Westwiththenight
dam_16028313,Solage
dam_8156848,Bristol Fashion
dam_5842319,Rufoof
dam_5948040,Drawn To Run
dam_3969819,Hanami
dam_24063333,Dream Of Tara
dam_5379864,Pretty Diamond
dam_10001684,Formidable Kitt
dam_13096923,Signora Cabello
dam_13579881,Incharge
dam_4973871,Zaaqya
dam_31451364,Sellsabeel
dam_5555004,Dank
dam_6818749,Kenwana
dam_21804384,Empress Livia
dam_12739342,Californiagoldrush
dam_13524896,Improve
dam_35864234,Maria
dam_6101711,Namhroodah
dam_5838700,Sacred Aspect
dam_15204889,Jadeyra
dam_6262053,Victory Garden
dam_18346118,Memyselfandmoi
dam_6052879,Belle Travers
dam_5639620,Satsuma
dam_6275976,Laila Honiwillow
dam_4704462,Topflightcoolracer
dam_5569907,Ballade's Girl
dam_6102439,Fact Or Folklore
dam_5749996,The Lark
dam_6324157,Milana
dam_6062231,Stay Silent
dam_9852619,Catamaran
dam_7395514,Silver Cape
dam_4426184,Dillay Brook
dam_6148765,Molly Flight
dam_4592945,Emergence
dam_4974529,Earthly Paradise
dam_7308301,Freesia
dam_5701101,Portrait
dam_5226116,Kenzie
dam_5877837,Three Quid
dam_12032531,Goodnight In Milan
dam_4599735,Top Level
dam_6333621,Three Cards
dam_3969532,Penny Rouge
dam_4253396,Housekeeping
dam_5595919,Dare To Venture
dam_5182030,Volver
dam_6174497,Plaisir D'Amour
dam_27251665,Henri Bella
dam_5830300,Savage River
dam_5464809,Cinecitta
dam_6155954,Kashira
dam_5494041,Inchina
dam_10488198,Cead Mile Failte
dam_6221964,Singing Sky
dam_12573344,High Luminosity
dam_21743673,Silver Sabre
dam_5566638,Regatta
dam_19463171,Lady Lynetta
dam_22598394,Step Sister
dam_26509756,Pigeon Point
dam_26246738,Impala
dam_5924464,Momentus
dam_6006959,Provenance
dam_8024667,Mistress Quickly
dam_5933620,Queen's Dream
dam_5719280,Sabaidee
dam_31740870,Flemi
dam_21108311,The Farmers Sister
dam_5560261,Calima Mon Amour
dam_7042574,Get Up And Dance
dam_5930078,Dairy Herd
dam_21938532,Fair Praise
dam_15375675,Sarasota Bay
dam_5101964,Blue Lyric
dam_8232049,Ouja
dam_5720190,Cushion
dam_22130997,Peronista
dam_5299539,Show Rainbow
dam_24063648,Night Queen
dam_5476884,Choc U Zel Nell
dam_7603708,Passionatta
dam_6204709,Rue Bonaparte
dam_4657814,Mutoon
dam_4798486,Our Piccadilly
dam_4667859,Redelusion
dam_7341243,Harbour Grey
dam_4224157,Windermere Island
dam_5596388,Kilnockin Lady
dam_4455073,Decheekymonkey
dam_24675525,Golden Ard
dam_5065074,Cappawhite Lass
dam_5144930,Gleanntan
dam_5202050,Imogen
dam_5767146,Wate And Sea
dam_23148979,Pure Paradise
dam_5966177,No Ordinary Love
dam_5947634,Quelle Famille
dam_11320862,Marie Baa
dam_45413235,Itsamust
dam_4149250,La Perrotine
dam_3890355,Toulon Rouge
dam_21395577,Regente De L'Isle
dam_12355952,Smadouce
dam_5838798,Jazzy Lady
dam_43637146,Sahayeb
dam_5273681,Double Fantasy
dam_18395979,Tango
dam_14059332,I Remember You
dam_5513921,Open Agenda
dam_20941186,Heavenly Note
dam_8051085,Astronomy's Choice
dam_6217813,Ejaazah
dam_5346306,Buttonhole
dam_5696768,Summer Dream
dam_23567936,Travel Writer
dam_5896065,Ice Love
dam_13527150,Solar Gold
dam_10222513,Whitefountainfairy
dam_7603722,Falcon Cliffs
dam_5869731,Craic Agus Spraoi
dam_14417291,Ojooba
dam_6313531,Golden Valentine
dam_9057797,Sloane Square
dam_5507698,Capote West
dam_6258224,Crowning Glory
dam_5651681,Mad Jazz
dam_14323183,Hanalei Memories
dam_6221264,Tamara Love
dam_9878169,Hug
dam_5770408,Speronella
dam_10632258,Richenza
dam_5122278,Alsalwa
dam_6056666,Vesnina
dam_17857182,Laurel Wreath
dam_6047874,She's A Worldie
dam_25758768,Royal Rose
dam_5295276,Rebecca Rolfe
dam_10350655,Snowflakes
dam_5728303,Doors To Manual
dam_15720411,Tuileries Garden
dam_28676886,Dadao
dam_6286462,Alyssa
dam_4639488,Fondled
dam_5891466,Stealth Missile
dam_8541435,Distant
dam_5121543,Crimson Ribbon
dam_35107674,Alienate
dam_10018274,Princess De Lune
dam_5927831,Madame Chiang
dam_8387946,Shimmering Light
dam_5532044,Pardoven
dam_6238603,Finishingthehat
dam_7936544,Vuela
dam_4733750,Blandish
dam_3017070,Rainbow Springs
dam_7291543,Laufeen
dam_13354299,Lolldaiga
dam_5870942,Bridie ffrench
dam_5173532,Mary Boleyn
dam_3854501,Cedar Sea
dam_38058188,True To Love
dam_5769533,Nurse Ratched
dam_4568592,Native Idea
dam_4918137,Barnish River
dam_4561424,Red Planet
dam_38499328,Loriane De Vonnas
dam_5289396,Toulon Pass
dam_5505626,Young Cheddar
dam_6322666,Millys Gesture
dam_5702494,Meralda
dam_33558602,Innisrush Eden
dam_22459640,Katjakem
dam_5748085,Lusobar
dam_4980395,Social Society
dam_5793333,Rev Up Ruby
dam_5772375,Dark Crusader
dam_5122978,L'Ile Aux Loups
dam_13368334,Chiquita Picosa
dam_5966961,Jamboree
dam_13125133,Closer Still
dam_5426127,Roxelana
dam_4878489,Holamo
dam_7198331,Rambling Queen
dam_6284838,All The Rage
dam_17262098,Lovee Dovee
dam_5989907,Elevator Action
dam_6136711,Stormalina
dam_5178313,Meeznah
dam_5986379,Crystal Diamond
dam_5903415,Witches Brew
dam_5260360,Landenstown Rose
dam_4923625,Folie Lointaine
dam_35321965,Beneficial Choice
dam_11513824,Avenging Angel
dam_6278636,Putois Peace
dam_5881197,Folk Melody
dam_20822795,Riven Star
dam_15355354,Manuela De Vega
dam_30865989,Alabama Monroe
dam_7274239,Equimou
dam_29577191,Streetlady
dam_5854611,Soniechka
dam_6059375,Tiziana
dam_12584481,Dew
dam_5864985,Penny Sixpence
dam_5877564,Last Echo
dam_5454813,Sahara Sky
dam_5846253,Calorie
dam_5499116,Falls Of Lora
dam_26087908,Navette
dam_6079794,Blue Paraiba
dam_6235194,Come Alive
dam_3995418,Friendlier
dam_6317500,Sightline
dam_13446244,Daphinia
dam_5154695,Vixen Run
dam_24985527,Get Your Way
dam_6645562,Idaho Falls
dam_11268271,Under Milk Wood
dam_9518859,Saphira
dam_10949106,Front Contender
dam_6042015,Raspberry Ripple
dam_12242860,Posset
dam_6149780,Beautiful Morning
dam_5928615,Trophee
dam_19280058,Rose D'Etoile
dam_5249258,Khor Sheed
dam_6308778,Mujabaha
dam_4821887,Lady Marian
dam_21173621,Queenhope
dam_6038697,Foolish Ways
dam_5309290,Elas Diamond
dam_33096245,Pearl Of The Night
dam_15346513,Early Summer
dam_5545666,Darling Grace
dam_11052559,Sunday Smart
dam_12410965,Fool's Paradise
dam_25550833,Dainty's Daughter
dam_5126730,Roodle
dam_4515021,Just Devine
dam_5287996,Stunning In Purple
dam_6347495,Grey Anatomy
dam_5928041,Pelerin
dam_25893854,Ozone Kindly
dam_3802939,Kelsey Rose
dam_30381365,Ustana
dam_5755855,Whispering Lady
dam_5361580,Prem Ramya
dam_44384606,Essence
dam_5363155,Hadrian's Waltz
dam_32499614,Norway
dam_22096599,Zooma
dam_6505037,Marilyn
dam_5730746,Star Lahib
dam_5315828,Northern Affair
dam_6204037,Lady Lekki
dam_5532205,Tawaasul
dam_5496190,The Clan Macdonald
dam_5499984,Dos Lunas
dam_6084764,Toujours L'Amour
dam_27967541,Summer Flower
dam_5344101,Skirrid
dam_4638669,Hi Calypso
dam_7253939,Jeany
dam_5989956,Pacngo
dam_6101515,Little Empress
dam_5045565,Rosika
dam_4769128,Moscow Nights
dam_5991433,Piping
dam_7662025,God Given
dam_5291790,Bridge Of Peace
dam_7121352,Tigerfish
dam_5455464,Lightning Jet
dam_5857705,Broughtons Secret
dam_6231806,Whatdoiwantthatfor
dam_5023830,Sakhee's Pearl
dam_5627013,Maggie Pink
dam_9057769,Beach Frolic
dam_14203735,Morning Bride
dam_6957734,Novel Concept
dam_5727022,Soccer Mom
dam_8909068,Look Of Love
dam_5870179,Talent Spotter
dam_4579267,Gee Kel
dam_6268423,Blind Faith
dam_3963988,Allegrina
dam_5112870,Roskeen
dam_5695949,Dancing Cosmos
dam_6185949,Silk Bow
dam_5671449,Starlight Symphony
dam_7100751,Bithynia
dam_9435083,My Order
dam_14962409,Ocean Paradise
dam_7254296,Myth
dam_29621571,Catchphrase
dam_20731361,Virtually
dam_5863921,Imshivalla
dam_6155072,Fire Heroine
dam_5932360,Scholarly
dam_5685078,Elysian
dam_5141318,Easy Terms
dam_13021435,Leoube
dam_8255828,Best Moving
dam_4637773,Juncea
dam_5541529,Gran Canaria Queen
dam_5102454,Duchess Dora
dam_3172288,Monaleen
dam_6239170,Sabrewing
dam_4098941,Portrait Of A Lady
dam_5359977,Little Luxury
dam_5136516,Welsh Angel
dam_5968998,Kodiac Lady
dam_18952731,Arcal Supreme
dam_21614873,Rose Brook
dam_6132952,Try It Again
dam_5752236,Callmeakhab
dam_6243356,Tilinisi
dam_4919901,Rainbow Dancing
dam_4723726,Lady Marnay
dam_5950140,Alidee
dam_4245605,Kitara
dam_5025699,Hopeful Gleam
dam_4620749,Millestan
dam_5176451,Queeny's Princess
dam_5782504,Good Harmony
dam_17371256,Backandillo
dam_5387207,Puzzled
dam_5732139,Tosca
dam_5388180,Achinora
dam_5205977,Emulous
dam_6026503,Star Of Spring
dam_6204681,Cry Me A River
dam_5132715,Flashing
dam_5532443,Zeyran
dam_4106921,Latice
dam_5357576,Aris
dam_2814455,Astrantia
dam_5692442,Kolosseum
dam_5906026,Desert Run
dam_4741821,Pleione
dam_6059781,La Donacella
dam_4948370,Inis Boffin
dam_4985526,Lura
dam_6347390,Potters Lady Jane
dam_5366767,Fortunateencounter
dam_16652923,Lace Parasol
dam_4996649,Proportional
dam_5623247,Lady Cloudings
dam_5525436,Kitty Love
dam_6140498,Lolamotion
dam_5939101,Aljaaziah
dam_11091458,Hula Girl
dam_6030374,Jeremys Joy
dam_10993479,Capesthorne
dam_5803861,Belle Isle
dam_5842277,Dilgura
dam_5322149,Isis Song
dam_7724227,Iron Lady
dam_5872139,Taleteller
dam_5574079,Burke's Rock
dam_5819114,Bruni Heinke
dam_5559260,Bargain Blitz
dam_6993203,Anna Barkova
dam_5763226,Thawaany
dam_14594202,Mia Maria
dam_16206470,Libras Power
dam_6268437,Amallna
dam_5547101,Afnoon
dam_5991853,Berkshire Honey
dam_3941357,Honorine
dam_6060908,Jen Jos Enigma
dam_32751040,My Kathleen
dam_3714613,Omas Lady
dam_5657708,Charity Box
dam_5626523,Behrama
dam_4829034,See Lucy
dam_4126472,Combe Florey
dam_6263824,Notary
dam_4551407,Larkbarrow
dam_34571621,Tap And Go Vic
dam_27237714,Blackberry Lass
dam_6184528,Wavy
dam_4802875,Itlallendintears
dam_3923913,Titian Flame
dam_13788019,Sacred Path
dam_5172055,Xaarienne
dam_5819107,Big Boned
dam_11134200,Shenoya
dam_4909128,Swiss Diva
dam_43352204,Untapped
dam_14879578,Isango
dam_5681935,Royal Empress
dam_11602472,Sea Prose
dam_5677042,Broadway Duchess
dam_5287156,Raggiante
dam_5532226,Postale
dam_5969012,Midnight Mojito
dam_18715284,Real Magic
dam_5730760,Eleanor Roosevelt
dam_4203850,Posteritas
dam_15875790,Lulea
dam_4494322,Lidanski
dam_10160794,Araca
dam_3240489,Fonda
dam_5891424,Lovelocks
dam_412672603,Queen Of Australia
dam_7976276,Plead
dam_20150326,Rabaabah
dam_18512788,Neesaan
dam_6102481,Quilting
dam_25650793,Herzprinzessin
dam_6244308,Intrigue
dam_3853913,Shadow Dancing
dam_6182806,Olanthia
dam_7669557,Lipstick Rose
dam_5477444,Coolnagree
dam_5716620,Muqantara
dam_5496519,Caprella
dam_5290320,Fifth Commandment
dam_5480923,La Collina
dam_6328714,Aurora Gray
dam_8435686,Penny Lane
dam_14843815,Heartstring
dam_13021428,Hard Forest
dam_13988023,No More Regrets
dam_5100522,Texas Queen
dam_5129810,La Pantera
dam_6827688,Invernata
dam_6026517,Tidal Moon
dam_5603696,Nitya
dam_22805426,Ibiza
dam_10930899,Jal Mahal
dam_5500649,Yellow Rosebud
dam_19919536,Sky Lake
dam_6253366,Lavetta
dam_5481476,Lady Fashion
dam_3700956,Miss Brief
dam_5879307,Brown Eyed Honey
dam_4990181,Seradim
dam_5835116,Suffer Her
dam_5564174,Sweetnessandlight
dam_6033776,Giorgi
dam_5122334,Jamaayel
dam_5307491,Malaspina
dam_4929288,Mambo Light
dam_4051628,Attraction
dam_4790527,Hurricane Harriet
dam_9337118,Appreciating
dam_11381447,Hot Stone
dam_4996299,Desert Kiss
dam_19876871,Celestial Object
dam_13850830,Usra
dam_15854216,Waterlemon Bay
dam_5638514,Jadanna
dam_13988016,Morning Basma
dam_39191208,Enough's Enough
dam_7117243,Miss Infinity
dam_5982032,Farmah
dam_6057149,Crysdal
dam_7571620,Spatial
dam_4885223,Cheap Thrills
dam_17692899,Seneca Falls
dam_6269816,Field Of Stars
dam_4789624,Sweet Nicole
dam_6070540,Logique
dam_4654986,Apple Blossom
dam_15626947,Beautiful Gesture
dam_5077198,Weekend Strike
dam_6112022,Light Of Love
dam_6074719,Journey
dam_3574949,No Moore Bills
dam_27578397,Pensee Du Mestivel
dam_4752391,Asola Blue
dam_19645745,Firth Of Five
dam_39699394,Spot Of Gold
dam_5978777,Kentish Town
dam_9429518,Endless Fancy
dam_30016483,Smart Annie
dam_5339593,Miss Chicane
dam_6000351,Powerfulstorm
dam_5914636,Sancai
dam_4929302,Kelowna
dam_9693299,Achianna
dam_13988422,So Refined
dam_6275997,Media Day
dam_3902724,Catmint
dam_4522189,Applauding
dam_6217778,Crush On You
dam_8796396,Asmahan
dam_16106202,Belladonna
dam_11321366,Predawn
dam_5461757,Dream
dam_4631207,Reaching Ahead
dam_5367915,Amour Fou
dam_8174208,Mubhirah
dam_6231883,Kind Of Hush
dam_10930815,Adalea
dam_5497324,Inner Secret
dam_21631008,Special Thanks
dam_5662937,Starbotton
dam_5172832,Safina
dam_5323437,Chrysanthemum
dam_5198536,Striking Choice
dam_15158115,Plait
dam_5506151,Solfilia
dam_7215215,Quick Thought
dam_12799962,Skip To My Lou
dam_21669935,Sardinia Sunset
dam_21676032,Furlong Factor
dam_5526388,Diala
dam_6076014,How High The Sky
dam_4481624,Cresta Gold
dam_12603983,Minwah
dam_28676907,Moonlit View
dam_5217478,Mirror Lake
dam_5522503,Moment In The Sun
dam_4973367,Buttonhole Rose
dam_10043565,Balla Brack
dam_40647278,Go Out Dancing
dam_5524778,Teodolite
dam_27166573,Honey Rosie
dam_17908597,Turea
dam_22130591,Hamaayim
dam_10590881,Mirror Magic
dam_18619517,Daahyeh
dam_4731272,Gold Again
dam_4844875,Sensible
dam_6276186,Radiantly
dam_6993378,Driver's Girl
dam_24781484,Baltic Best
dam_5695970,Elusive Girl
dam_4952878,Wotatomboy
dam_3021389,Rekindle
dam_5452328,Charming
dam_5108621,Cappuccino
dam_15451688,Cruise Control
dam_6225716,Cheeky Blinder
dam_4723222,Aphrodisias
dam_5904458,Tara Muck
dam_6004957,Final Run
dam_10076612,Symbol
dam_4746910,Dance Lively
dam_5388992,Sacoleva
dam_35256991,Sainte Lyse
dam_5783400,Roxy Beat
dam_5972743,Thunder In Myheart
dam_18046000,Coca's Lady
dam_5914363,Wind Inher Sleeves
dam_6181322,Theatre Territory
dam_4560213,Ring Back
dam_5923036,Secret Suspect
dam_3154403,Tessie
dam_5696740,Go Angellica
dam_5670910,Wittgenstein
dam_6312740,De Veer Cliffs
dam_11719267,Collegiate
dam_5972841,Iffraja
dam_6279350,Al Shahaniya
dam_5681088,Miss Dashwood
dam_19187434,Fly The Flag
dam_36864380,Skarbek
dam_19261550,Step Sequence
dam_8153446,Tribute Act
dam_10940181,Lucie Manette
dam_6170388,Black Baroness
dam_6221341,L'Eglise
dam_3960383,Glamorous Air
dam_11602892,Saving Grace
dam_5867841,Vallila
dam_5616611,Demora
dam_5405351,Child Bride
dam_4799151,Sense Of Joy
dam_5476786,Let's Dance
dam_4555775,Moonlight Applause
dam_13222391,Afairs
dam_5718944,Close At Hand
dam_18046133,Philipine Cobra
dam_6230959,Shiba
dam_5112184,Terre Du Vent
dam_5706120,Darling Daisy
dam_5874890,Ultradargent
dam_5522510,Sunday Times
dam_8010443,Daddys Lil Darling
dam_5180798,Jacqueline Quest
dam_11286324,Skrei
dam_10523947,Dusty
dam_4961061,Jouel
dam_5524162,Candlehill Girl
dam_4742703,Israar
dam_8728993,Button Up
dam_5831462,Always Gentle
dam_29829338,Patchy Lass
dam_4625600,Kadiana
dam_5214811,Catawollow
dam_20597304,Byerley Sophie
dam_5262649,She Saval
dam_16840425,Iconic Events
dam_4094769,Orchid Bay
dam_4561620,Latin Beauty
dam_5667865,Lady Phill
dam_3946691,Pearl Dance
dam_5943756,Water Hole
dam_5329919,Soodad
dam_3004470,Pindrop
dam_4492194,Deira
dam_7254387,Spanish Fly
dam_10548503,Alexandrite
dam_20276340,Loulou Bellini
dam_5119625,Causa Proxima
dam_18144007,Princess's Choice
dam_5222924,Evesham Star
dam_4700899,Portrait Royale
dam_4226810,Etoile Des Iles
dam_4791591,Laureldean Gale
dam_4423321,Afar Story
dam_6231820,Dylan Alexander
dam_17512033,War Empress
dam_6217827,Shaden
dam_4948524,Please Sing
dam_5728065,Speedy Utmost Meg
dam_4485467,Nidhaal
dam_6347656,Borgia Gold
dam_6255039,Dufoof
dam_6754188,Miranda Frost
dam_5013904,Pulp Idol
dam_5510638,Midnight Bahia
dam_6467706,Kermana
dam_9603587,Tierneys Choice
dam_18619923,Quellevic
dam_4341197,Richards Claire
dam_5357856,Kapirovska
dam_5482491,Lucy's Legend
dam_5977930,Weeping Wind
dam_4964904,Ahla Wasahl
dam_5545554,Betty Brook
dam_4466490,Noble Nova
dam_5322779,Oeuvre D'Art
dam_5567800,Purest
dam_10109071,Pulitzer
dam_13731627,Hyperactive
dam_13998838,On Route
dam_19664379,Dream Memory
dam_6263628,Dark Intention
dam_5736906,Coolibah
dam_5896737,Coillte Cailin
dam_11542412,Say To Me
dam_10197565,Mrs Gallagher
dam_7185794,Ariena
dam_10424743,May Girl
dam_5299147,Swiss Dream
dam_19070793,Moondrop
dam_10911782,Fille De Reve
dam_5322940,Naadrah
dam_13892277,Rahanna
dam_26678393,Pearly Spirit
dam_13974989,Time For A Toot
dam_18517737,Certe Notti
dam_19060797,Dark Lady
dam_20159923,Riviera Belle
dam_45444469,Guanina
dam_4933684,Much Obliged
dam_8039024,Tikitiki
dam_6112813,La Reveuse
dam_7082509,Habita
dam_5922455,She's Gorgeous
dam_15269037,Eloquent
dam_7687680,Isabel De Urbina
dam_5874414,Kathleen Rafferty
dam_6246849,Finagle
dam_5820038,Scarborough
dam_5865069,Joyeuse
dam_11542622,Sally Is The Boss
dam_7149933,Secret Path
dam_25386907,For Henry
dam_42005530,Eleanor Powell
dam_6199928,Yasmeen
dam_4760427,Cosmea
dam_36035748,Flora Danica
dam_4990587,Pearl Earrine
dam_7018312,Aflame
dam_4101440,Forever Bond
dam_6313062,Amie Des Champs
dam_4686528,Hapeney
dam_39678751,La Rockela
dam_43508577,Broadway Boulevard
dam_4989376,Golden Stream
dam_8926673,Chancemebetty
dam_3331370,Janet Lindup
dam_4994696,Misty Heather
dam_5951554,La Napoule
dam_6078254,Thuit
dam_14602987,Emerald Approach
dam_6238582,Cliffhanger
dam_5917877,Baynunah
dam_8517341,Speed Princess
dam_6225590,Above The Mark
dam_5125526,Silver Grey
dam_15401176,Koubalibre
dam_8483321,Pollatine
dam_6043184,Shahah
dam_5562697,Zarosa
dam_7816823,Spirit Of India
dam_10523919,Nyaleti
dam_5588996,Crecy
dam_18231731,Kibenga
dam_5338179,Ross Bay
dam_6021673,Karpina
dam_5407920,Civena
dam_6914299,Pacific Pearl
dam_5147555,Sumtin Nice
dam_5153792,Kolaliya
dam_5297166,Homepage
dam_5507985,Vics Star
dam_5234845,Riltree
dam_4915344,Sphere
dam_4967907,Leblon
dam_5871628,Josefa Goya
dam_5841591,Maglietta Fina
dam_5706883,Rosdhu Queen
dam_10739351,Play Mate
dam_13850690,Sagittarian Wind
dam_7198373,Marie Of Lyon
dam_5638542,Hot Secret
dam_8300502,Hushing
dam_5572672,Curly Come Home
dam_6328161,Nora Batt
dam_5949132,Tepin
dam_5677133,Princess Loulou
dam_6024130,Arabian Queen
dam_29918994,Seaduced
dam_19147520,Eva Maria
dam_10911845,Stream Song
dam_4989397,Mejala
dam_20150417,Burning Rules
dam_5997684,Mediteranea
dam_11110638,Lubinka
dam_14842534,Khibrah
dam_4807873,Vestavia
dam_4751355,Galaktea
dam_5952086,Alphabetique
dam_7661850,Akhania
dam_7988029,Bhageerathi
dam_4996502,Go Lovely Rose
dam_6307602,Kerila
dam_17851918,Castle Lady
dam_4755121,Thoughtless Moment
dam_4626951,Ishimagic
dam_26554654,Souzie
dam_33788601,Moulane Lady
dam_6338416,Bett's Gift
dam_5960220,Nisma
dam_4065404,Sovana
dam_3822728,Ziria
dam_5819128,Heskin
dam_31550540,Lola Ridge
dam_9600885,Querulous
dam_5482127,Madam Bovary
dam_3756277,Macara
dam_12301625,Salou Blues
dam_5906215,Go Gentle
dam_24780168,Drive On Kate
dam_4787118,What's For Tea
dam_5194077,Kenyan Cat
dam_7313082,Arwa
dam_11067273,Castle Cross
dam_15064742,Commodus
dam_17191650,Last Lahar
dam_7160307,Savannah's Dream
dam_13974891,Sufficient
dam_16072980,Royal Star
dam_8388513,Beyond The Sea
dam_29636796,Fine Time
dam_6238498,Favulusa
dam_6257538,Anzhelika
dam_6301449,Angel Grace
dam_8280650,Mellow
dam_6085464,Missisipi Baileys
dam_5820227,Passadouro
dam_5561164,Ihtifal
dam_6016493,Kitcara
dam_5151265,Paraphernalia
dam_15205512,Saltita
dam_7253904,Dance The Dream
dam_11067224,Perfect Clarity
dam_12000541,Msaikah
dam_18670841,Hazaranda
dam_5668544,Daymooma
dam_17013416,Brise D'Oudairies
dam_5201658,Craighall
dam_6211667,Sea Regatta
dam_13052599,Ponte Sanangelo
dam_6383552,Gill Hall Lady
dam_6234711,Lady Artemis
dam_5084961,Jolly Dancer
dam_18771396,Albigna
dam_22598653,Avyanna
dam_6006770,Katalea
dam_6090140,Waldnah
dam_6232247,Rathbride Raven
dam_6322120,Persuasive
dam_6019300,Desert Snow
dam_6993329,Al Hayyah
dam_4476444,Alexandrova
dam_6048539,Raydara
dam_5121277,Cornakill
dam_4145323,Joyeaux
dam_9251053,Pivotal Era
dam_5666598,La Dame De Fer
dam_9056264,Bahamian Wishes
dam_6249180,Pleasemetoo
dam_43637167,Winter Beau
dam_42005495,Simpletwistof Fate
dam_6505877,Guana
dam_9057783,Charanga
dam_5547416,Radio Gaga
dam_6250377,Agnista
dam_30980999,Urban Hunt
dam_5715878,Registara
dam_5716088,Hardy Blue
dam_5900769,Stereo Love
dam_5452503,Ihsas
dam_4884453,Russian Rave
dam_5141178,Fleeting Echo
dam_7149905,Lady Rosebud
dam_18160072,Channel
dam_5595975,Loquacity
dam_12574527,Kodyanna
dam_3544352,Islandagore
dam_6297655,Eyeshine
dam_20143445,Turko Beach
dam_5097022,Monava
dam_5680990,Life Is Golden
dam_5048918,Annabelle's Charm
dam_6151586,Musical Sands
dam_7160286,Parlance
dam_23379741,All To Do With It
dam_9099300,La Bouille
dam_10755703,Quick Recovery
dam_5612768,Cats Eyes
dam_6072031,Moonlight Sonata
dam_10911642,Dutch Desire
dam_5119604,Saliyna
dam_9203124,Blossom Deary
dam_7013244,Nightingale Valley
dam_5522895,Laugh Out Loud
dam_5696068,Just Pretending
dam_20613453,Peace Treaty
dam_18828509,Rosy Life
dam_5402194,Mags Millar
dam_5828746,Half The Battle
dam_5017649,King's Siren
dam_4167163,Shining Lights
dam_5880126,Yuki
dam_5646795,Polly Peachum
dam_6346970,Duo De Choc
dam_5106913,Manhattan Babe
dam_6005762,Quelle Surprise
dam_6348594,Line Mexia
dam_6134366,Broughtons Berry
dam_6258252,Under The Covers
dam_6033881,Dream Child
dam_13999181,Alisar
dam_11829685,Lush Life
dam_21342594,Pyrenean Queen
dam_10286906,Happily
dam_5696145,Nigh
dam_6052942,Edge Of Love
dam_6081691,Tribune Libre
dam_5343471,Rio's Rosanna
dam_5517218,Scarlet And Gold
dam_6054552,Ghany
dam_4947061,Sensibility
dam_5842284,Miss Meticulous
dam_14718102,Lady Aria
dam_21676011,Spark Fury
dam_10351096,Armum
dam_38884398,La Vale
dam_18517891,Fleeting Princess
dam_5719546,Medolina
dam_5696719,Badr Al Badoor
dam_13022422,Aim Power
dam_5172790,Moonline Dancer
dam_5695963,Dusty In Memphis
dam_6149885,Sweet Dragon Fly
dam_5928090,Full Moon Fever
dam_10930626,Bungee Jump
dam_5499459,Spoken Words
dam_4098640,Darwinia
dam_6333103,Nuala Tagula
dam_4747820,Jacaranda Ridge
dam_5339110,Clinical
dam_5733595,So Devoted
dam_17851897,Interstella
dam_6149899,Thrilled
dam_31148614,Silken Soul
dam_4088546,Spotlight
dam_5189170,Lady's Purse
dam_5146638,Femme De Fer
dam_7174867,Aneen
dam_5355721,Fugitive Angel
dam_10833025,Exhort
dam_5492417,Fanrouge
dam_6674521,Ray Of Light
dam_10287214,Reflect Alexander
dam_6290158,Eavesdrop
dam_6270061,Off The Tracks
dam_13892284,Sommorell
dam_35430619,Precious Diamond
dam_7121457,Baltic Time
dam_6309289,Fol O'Yasmine
dam_5740476,Darysina
dam_4874422,Be Free
dam_5115236,Bourbon Ball
dam_35150458,Une Belle Alliance
dam_5487097,Leading Star
dam_5707086,Classic Diva
dam_3369849,Lucy Walters
dam_4672486,Flora May
dam_33080579,Nadia Glory
dam_15158087,Wild Abandon
dam_6026489,Plus Ca Change
dam_10042928,Mimram
dam_15337462,Lyzbeth
dam_6287715,Set The Limit
dam_6283802,Equinette
dam_4399661,Flashy Wings
dam_21194173,Mutrecy
dam_5690552,Bowstar
dam_44043251,Stormy Echo
dam_5677756,Talqaa
dam_6754510,Magical Dreamer
dam_5293085,Shoshoni Wind
dam_7013230,Rose Berry
dam_6016724,Runner Runner
dam_5574282,Aldeburgh Music
dam_5341462,Junket
dam_6076938,Ponte Bawi
dam_6052844,Rhythm Excel
dam_10686326,Sweet Gentle Kiss
dam_8867530,Ribble
dam_6235187,Coif
dam_11424994,Allante
dam_15116080,Heritage
dam_16048137,Ghaziyah
dam_5249216,Handassa
dam_4905187,Sefroua
dam_4198964,Shastye
dam_8411613,Lady Bergamot
dam_5369105,Shamardanse
dam_45095232,Fallen Lady
dam_5143733,Lixirova
dam_20678952,Half Light
dam_5544287,Elope
dam_14341761,Madison
dam_16774954,Villa D'Amore
dam_5891774,Bird Flown
dam_5697237,Anna Law
dam_18952528,Avengers Queen
dam_42680162,Orphan Annie
dam_5841808,Ventura Mist
dam_5944309,Verriya
dam_16774940,Secret Walk
dam_26796098,Totally Lost
dam_18445294,Septimo Cielo
dam_3729180,Briery
dam_5344500,Areef
dam_40205592,Glorys Lass
dam_412672596,Blackjax
dam_22290751,Royal Princess
dam_21334019,Minish Yeats
dam_4668797,Sharp Dresser
dam_4555572,Gib
dam_4983965,Castle Supreme
dam_5860694,Nisharora
dam_20031837,Ballymartintheatre
dam_5462919,Aneda Dubh
dam_5992756,Ready's Legend
dam_7252091,Avealittlepatience
dam_5302339,Edallora
dam_6063337,Beach Beauty
dam_5753041,Grouch Onthe Couch
dam_5554647,Lady Sefton
dam_5877858,Amazing Maria
dam_11499138,Dramatic Queen
dam_16084747,Farl
dam_6114906,Ame Bleue
dam_4770213,Dresden Doll
dam_7064925,Mystic Dawn
dam_5378569,Gold Tobougg
dam_6223742,Coldgirl
dam_4911445,Gilt Edge Girl
dam_7741993,Queen's Rose
dam_6066872,Muscadelle
dam_5471816,Wavering
dam_11481862,Red Starlight
dam_5309297,Hairpin
dam_5452349,Huma Bird
dam_16652335,Platinum Coast
dam_6072710,Moonee Valley
dam_5841199,Whitefall
dam_4494518,Millistar
dam_5971973,Layalee
dam_9842840,Sirici
dam_5933123,Natural Choice
dam_5858503,Summer In February
dam_5163529,Gender Dance
dam_5400584,Millevini
dam_4947187,Lumiere Astrale
dam_4783331,Kayd Kodaun
dam_5302346,Viennese Whirl
dam_5517967,Jeewana
dam_9123492,Zenara
dam_4828915,Crimson Fern
dam_6097721,Spirit Of Rosanna
dam_5115978,Our Nana Rose
dam_6327538,Israfel
dam_5665583,Birdie Queen
dam_21877261,Mardie Gras
dam_6823110,Silk Words
dam_3957779,Secret Dream
dam_8024744,Fairy Dancer
dam_35337113,Graceann
dam_39962160,Kirsch
dam_7227906,Ocelot
dam_13240584,Nadine
dam_6347936,Vandergirl
dam_5049975,Talon Bleu
dam_42521024,Nili Patera
dam_19148024,Shirley Blade
dam_5678148,Royal Rascal
dam_20523062,Golden Crown
dam_30925489,Taqleed
dam_5841269,Abilene
dam_15429519,Floret
dam_18865987,Litigious
dam_12068126,Malakite
dam_7174881,Bisous Y Besos
dam_6177997,Smart Mover
dam_4485453,Beauty Bright
dam_17229415,Chambray
dam_4782652,Aloisi
dam_4649729,Sakaka
dam_5969166,Kyllarney
dam_11691750,Aphrodite's Angel
dam_7646520,Think Fashion
dam_10523884,Bucks Frizz
dam_10643437,Ruby Love
dam_15054970,Shambolic
dam_18424595,Via Veritas
dam_22681687,Showdanse
dam_18323970,Flippa The Strippa
dam_18582095,Annie Quickstep
dam_7312830,Madame Mistral
dam_5240144,Capriole
dam_12749450,Wunderbar
dam_5960535,L'Ete
dam_5721408,Angel Terrace
dam_14251412,Cheshmeh
dam_27535774,Ilulisset
dam_6235040,Mirage
dam_5604207,Nicole
dam_6172761,Osthurry
dam_5364093,Map Of Heaven
dam_21714175,Vintage Molly
dam_11125877,Beautiful Memory
dam_5241796,Dubai Bounty
dam_7655060,Kirk's Dancer
dam_5503463,Ziefhd
dam_14576296,Rawaaf
dam_4080454,Free Lance
dam_6211961,Olma
dam_9602649,Now You're Talking
dam_6039194,Elysian Fields
dam_5200804,Red Boots
dam_4742752,Never Enough
dam_5250392,Triennial
dam_4078382,Miss Chinchilla
dam_10042970,Get Me Home
dam_3420256,Ecossette
dam_5545022,Amelia May
dam_4845505,Little Memories
dam_6181035,Dino's Monkey
dam_4924248,Shaylejon
dam_13772346,Princess Scorpion
dam_5801453,Bright Beacon
dam_4644269,America Nova
dam_4480182,Polished Gem
dam_6047776,Gale Force
dam_5581149,Tidespring
dam_6177787,Swirral Edge
dam_6022632,Felwah
dam_5318873,Rare Symphony
dam_5989809,Lady Estella
dam_5713246,Arbaah
dam_13640067,Enchanting Skies
dam_6021435,Frida La Blonde
dam_9057167,Dotted Swiss
dam_5291468,Heavenly Dawn
dam_4787440,Dubai Power
dam_5746958,Treve
dam_5885215,Quaduna
dam_6160847,Simple Verse
dam_6039131,Summaya
dam_5532191,Swingland
dam_5293876,Affinity
dam_7665987,Time Chaser
dam_6036212,Sensible Way
dam_5848752,Mecca's Angel
dam_5725230,Zero Gravity
dam_11265198,Chipolata
dam_7175007,Hydrangea
dam_6177437,Futoon
dam_18551645,Jawlaat
dam_4988305,Wajaha
dam_5858230,Princess Noor
dam_5277230,Sajjhaa
dam_6239086,Minding
dam_15441489,Alianza
dam_6334202,Tres Magnifique
dam_4991273,African Moonlight
dam_6038669,Fluff
dam_21946953,Inanga
dam_10056116,Calayana
dam_5492767,La Pomme D'Amour
dam_20663433,Frequential
dam_15346359,Muneyra
dam_4461093,Song Of Passion
dam_5208413,Breizh Touch
dam_5696047,Harpist
dam_4759265,Luminous Gold
dam_6082979,Apache Storm
dam_3058993,State
dam_5323563,Gemstone
dam_5199712,Marie Cuddy
dam_6277859,Nordkappe
dam_6261822,Prying Pandora
dam_5495819,Neuquen
dam_31919692,Silver Rose
dam_6040272,Disavow
dam_4495099,Princess Cocoa
dam_4994619,Vine Street
dam_5706477,Nargys
dam_15716085,Red Romance
dam_3622605,Vanity
dam_5647299,Lake Louise
dam_21404208,Rainbow's Arch
dam_37790445,Nowhere Fast
dam_10294998,De Street
dam_5084415,Bodhran Davis
dam_4476479,Missisipi Star
dam_5150978,Crystal Gal
dam_5755932,Glenreef
dam_6046040,Berkshire Beauty
dam_4884215,Accede
dam_24140606,Coral Shell
dam_11178055,Luminate
dam_5018503,Miss Keller
dam_35992124,Foxy Loxy
dam_6305243,Time And Motion
dam_22138396,Urban Beauty
dam_19518471,World's Fair
dam_5160673,Puff
dam_15876763,Prodigious
dam_6000344,Multi Quest
dam_4492635,Farnesina
dam_11321100,Ava
dam_5989277,Fast Pick
dam_6061174,Cascades
dam_37395113,Caledonian Belle
dam_4784346,Djidda
dam_10599470,Golden Salute
dam_7186018,Irish Romance
dam_10197369,Sagres
dam_26187455,Strumming
dam_6031907,Sousmain
dam_4501700,Dark Missile
dam_6031277,Conjuring
dam_4171076,Firedance
dam_14165389,Liberisque
dam_5700639,Florie
dam_3963470,Mahamuni
dam_4760742,Recambe
dam_35651539,Blank Verse
dam_16652321,Cozi Bay
dam_10311175,Dukinta
dam_5819121,Genuine Quality
dam_4910906,Aunt Nicola
dam_24065489,Vida Amorosa
dam_15170834,Nanjoe
dam_5969698,Tranquil Flight
dam_5939122,Next Stop
dam_5052439,In The Mist
dam_19217415,Charming Spirit
dam_6914327,Velvet Jaguar
dam_4980346,Vitoria
dam_15854783,Monty's Miracle
dam_15720376,Katie O'Hara
dam_5989438,Bella Lulu
dam_10273200,Benaras
dam_3709027,Indaba
dam_5449122,Peachez
dam_6099072,Calima Breeze
dam_4838204,Holly Hawk
dam_5104596,Alegralil
dam_5811505,Off By Heart
dam_5331004,Reillys Daughter
dam_5129264,Absolute Music
dam_44721768,Sunflower Seed
dam_10320233,Lady Marigold
dam_44015958,Maeve's Girl
dam_6048896,Kitba
dam_20260674,Max's Dandy
dam_28206108,Loch Mirage
dam_14752297,Blue Willow
dam_6031627,Cape Cay
dam_5587736,Prussian
dam_5155304,Bosphorus Queen
dam_4602262,Off Stage
dam_3598525,Inkling
dam_6053936,Inke
dam_9666818,Oh Dream
dam_3697428,Spinning Top
dam_5536762,Gaazaal
dam_6284901,Mabrokah
dam_11195912,Aunt Minnie
dam_26525541,Presenting Melody
dam_8868286,Precious Ramotswe
dam_8128519,Peig
dam_6068790,Vee Gita
dam_4221721,Folga
dam_5561199,Yanabeeaa
dam_11364402,Escallonia
dam_5033861,Board Meeting
dam_11602885,Ghanimah
dam_19351206,Ikigai
dam_11602920,Mrs Sippy
dam_42005656,Nibras Spirit
dam_6223987,Azhar
dam_6038235,Shahralasal
dam_10755843,Elfend
dam_21341789,Testimony
dam_5972309,Kodiva
dam_4400823,Kuaicoss
dam_5752306,Just Wondering
dam_8227576,Patuano
dam_5129789,Hightime Heroine
dam_4979422,Crafty Notion
dam_21743841,Bella Catalina
dam_6101389,Roxy Star
dam_28014798,Soltada
dam_23379986,Vanzara
dam_20067341,Beyond Fashion
dam_6170563,Diamondsaretrumps
dam_5618438,Musikhani
dam_4964946,Rose Cheval
dam_24593240,Cour D'Eau Ludique
dam_5219760,Hurricane Milly
dam_5783575,Dolce Cabana
dam_25263441,Selyl
dam_4647790,Double Mead
dam_6306020,Mountain Bell
dam_5868282,Anew
dam_6035092,North Mum
dam_18293163,Misty
dam_15566481,Warning Fire
dam_13153252,Just Wait
dam_21652701,Caline
dam_27237441,Elphin
dam_15536458,Land Girl
dam_4560703,Lady Grace
dam_19226543,Grey Mystere
dam_5891445,Psychometry
dam_5918710,Aertex
dam_6070722,Deep Blue Sea
dam_6077491,Fligaz
dam_10303132,Sensory
dam_5492837,Nimiety
dam_6092520,Redstart
dam_6231981,Bounce
dam_6288128,Nuclear Option
dam_11268110,Preening
dam_5399667,Dealbata
dam_10731588,Penwood
dam_5906222,Fancy
dam_43604659,Magic Meg
dam_5894735,Bella Varenna
dam_19601673,Oriental Mystique
dam_5890710,Regardez
dam_5720127,Tantshi
dam_6012328,Mary Ann Bugg
dam_18366075,Brainey Baxter
dam_10615885,Dark Liberty
dam_5668796,Irish History
dam_7121296,Nonetheless
dam_14380016,La Pergola
dam_10231011,Ellen Gates
dam_5454337,Ponty Acclaim
dam_7402010,Plebeya
dam_5619509,La Reine De Riogh
dam_6420862,Storminoora
dam_4698421,Present Venture
dam_3830379,Uliana
dam_8525356,Start Allover
dam_6791813,Balwaney
dam_3998316,Mille Et Une Nuits
dam_5369819,Rattleyurjewellery
dam_5720001,Abated
dam_5638780,Momalorka
dam_20260163,Ice Eagle
dam_41938750,Perfectly Perfect
dam_14973224,Loved So Much
dam_8153509,Icespire
dam_7179200,Abiquiu
dam_24770487,Fast Jazz
dam_5896401,Scarborough Fair
dam_5019581,Grafitti
dam_5605964,Boundless Joy
dam_18517744,Validora
dam_6005272,Camillas Wish
dam_5508447,Miss Conduct
dam_5538393,Amou Daria
dam_5570530,Silent Music
dam_6160448,No Kidding
dam_3143616,Miss Top
dam_3306737,Akarita
dam_4247348,Alderbrook Girl
dam_5646907,Belle Bora
dam_4517009,Hannda
dam_24322543,Special Gal
dam_10170209,Short Call
dam_6149864,Sacrament
dam_5997705,Beach Belle
dam_10804465,Lever Park
dam_6212577,Aktoria
dam_16718807,Stonewalker
dam_4555215,Bendis
dam_5522692,Sunburnt
dam_5832365,Rough Courte
dam_5707653,Power Of Light
dam_6079787,Blossom Mills
dam_6249761,Cloghran
dam_5900195,Cape Mystery
dam_13284922,Hand On Heart
dam_5579427,Croftamie
dam_22130528,Manaajim
dam_19147464,Wasaayef
dam_5344052,Nahrain
dam_43507618,Surfseeker
dam_10616018,She's So Flawless
dam_11499229,Anaakeed
dam_6941403,Kerry Gal
dam_5522993,Castalian Spring
dam_5803378,Romantic Fashion
dam_6265665,Musical Jewel
dam_4822531,Infallible
dam_5792906,Bonny River
dam_5196961,Quismaelle
dam_5183787,Tamara Who
dam_5713617,Alstroemeria
dam_5846911,Wandering Star
dam_5397224,El Cuerpo E L'Alma
dam_6063554,Opportuna
dam_9603349,Foxtrot Lady
dam_6210862,Reset In Blue
dam_2804592,All At Sea
dam_20626431,Desert Flyer
dam_11424959,Mairwen
dam_4884222,Adoring
dam_5720008,Big Break
dam_6139679,Turaathy
dam_5989340,Skylight
dam_5351346,Riqa
dam_7988134,Ombre
dam_4768351,Midnight Fling
dam_14220752,Choco Box
dam_7305641,Twist Of Magic
dam_34571866,Lady Of The Lake
dam_5052537,Dynalosca
dam_5922952,Fintry
dam_5122306,Gile Na Greine
dam_7841666,Rooney O'Mara
dam_5849193,Rural Celebration
dam_5671309,Classy Anne
dam_4951401,Cuis Ghaire
dam_4627056,Blithe
dam_7918897,Always Thankful
dam_7341103,The Wagon Wheel
dam_29918679,Mujaesce
dam_5100585,Virginia Hall
dam_16313437,Speed Skater
dam_6241550,Tweetheart
dam_6316513,Roman Holiday
dam_5212445,Modeyra
dam_5994100,Swish
dam_6273379,Evangelical
dam_5337801,Minety Lass
dam_5299826,Vision Of Peace
dam_6020994,Shadows Ofthenight
dam_6033937,Russian Punch
dam_5503876,Indigo River
dam_6104987,Raseel
dam_5206747,Bonnie Brae
dam_7274176,Pious Alexander
dam_7121191,Miss Cogent
dam_5677084,Floating Along
dam_5819961,Come To Heel
dam_5893510,Miss Buckshot
dam_14911239,Furious
dam_6217967,Osipova
dam_6294715,Tibibit
dam_5217765,Elle Shadow
dam_5363456,Blue Blue Sea
dam_5578545,Pomarine
dam_5839393,Dunahall Queen
dam_22567699,Lackagh Lass
dam_5831707,Jenmarie
dam_4101041,Night Lagoon
dam_26299357,Hinata
dam_16699662,Invitational
dam_5820206,Meeting Waters
dam_5330906,Barathea Dancer
dam_6348944,Besotted
dam_40899817,Game Plan
dam_4921511,Fuaigh Mor
dam_5957980,Tearless
dam_6081516,Twitch
dam_34471920,Fervid
dam_6054657,Souvenir Delondres
dam_8294090,Katabatika
dam_5843005,Akira
dam_6306993,Scarlet Wings
dam_10222632,Elegant Pose
dam_4387859,The Terrier
dam_7082488,Dream Belle
dam_27040419,Agapantha
dam_5203667,Ermyntrude
dam_15013999,Dubai Discovery
dam_4663925,Millsini
dam_5120556,Barynya
dam_35459228,Flash Flood
dam_6095215,Hope And Fortune
dam_6290207,Redmaven
dam_7060865,Molly Has
dam_5327168,Eleven Fifty Nine
dam_5976376,Bay Of Islands
dam_4619076,Aramina
dam_6151978,Next To The Top
dam_4804695,Gagnoa
dam_16295146,Obligate
dam_5572581,Dane Street
dam_39768211,Aspiring
dam_11542573,Crystal Hope
dam_5969761,Top Of The Art
dam_10632706,Musical Art
dam_14629580,Pretty Spirit
dam_6904842,Pure Art
dam_13961619,Beyond Reason
dam_7665966,Jigsaw
dam_6238960,Best In The World
dam_6054790,Winters Moon
dam_10295285,What A Home
dam_5636967,Where
dam_5058837,Run For Sol
dam_4506887,Tornado Lady
dam_4771228,Reine De Coeur
dam_5707870,Salve Haya
dam_6266015,Dolce Strega
dam_29944649,Realism
dam_5249195,Daffydowndilly
dam_35512820,Gravity Queen
dam_5477325,Best Terms
dam_6261801,Al Kirana
dam_43604498,Princess Lahar
dam_20979280,Alamora
dam_18582123,Chisana
dam_5969124,Ambiguous
dam_5495707,Funny Enough
dam_5991839,Showstoppa
dam_6259155,Rabiosa Fiore
dam_6139658,Silhuette
dam_7305690,Love To Rock
dam_6101851,Ocean Boulevard
dam_5765578,Onomatomania
dam_2140236,Aristocratic
dam_5637737,Ayr Missile
dam_41661312,Penlight
dam_6071002,Lady Spangles
dam_5532408,Soho Susie
dam_5126471,Beyond Desire
dam_20102257,Lady G
dam_5887931,Pirate Cove
dam_4192965,Alvarita
dam_6039124,Stellar Glow
dam_6082573,Near Wild Heaven
dam_5972596,Yorkidding
dam_31148621,Passegiata
dam_6904716,Lily Passion
dam_39060833,I'm Impressed
dam_4485383,Turbo Linn
dam_11230219,Legende Du Luy
dam_5089196,Sibury
dam_4095455,Sweet Music
dam_5096147,Miss Ogan
dam_5661432,Keelans Choice
dam_3765741,Lamboghina
dam_6283879,Rose Marmara
dam_6084792,Dreamlike
dam_9602082,Eirene
dam_13695675,Keska
dam_12477094,Enjoyable
dam_21662522,Sunset Wish
dam_18715242,Rosadora
dam_5568199,Oh Beautiful
dam_5741246,Tasaday
dam_5567821,Priceless Jewel
dam_15204602,Jo Jo Air
dam_11881534,Any Little Rhyme
dam_5887168,Lady McKell
dam_45444574,Born To Day
dam_15854146,Sneaky Peek
dam_21403711,Candiland
dam_18293191,Nazeef
dam_6217841,French Dressing
dam_10416903,Emotion
dam_6467587,Pussy Galore
dam_5250378,Garanciere
dam_6302779,Dubai Fashion
dam_7263165,Elas Ruby
dam_31421691,Madame Paco
dam_40745663,Tobairin
dam_6204674,Coolmore
dam_7662060,Spirited Charm
dam_19071164,Vercelli
dam_6177395,Dream Dreamer
dam_11526060,L'Explora
dam_6238939,Asmeen
dam_5937862,Newton's Night
dam_10383590,Looks A Million
dam_6168827,Mary Beale
dam_5997719,Coto
dam_4736004,Medicean Star
dam_11566548,Magic Wand
dam_19303893,Run Wild
dam_6198766,Sense Of Fun
dam_42616455,Mandiana
dam_5672345,Caponata
dam_29327746,Hat
dam_6035477,Umniyah
dam_5741323,Alina
dam_30777229,Queimada
dam_5705140,Enrol
dam_5937631,Miss Lech
dam_14175581,Vivionn
dam_10350620,Magical
dam_5733021,Penelopa
dam_6268276,Promising Run
dam_5886447,Tapestry
dam_15170988,Imperial Charm
dam_19445006,High Story
dam_14403977,Miss Aiglonne
dam_12574793,Padma
dam_6079668,Love's Secret
dam_41033818,Scotesia
dam_5918766,Beautiful Forest
dam_6034098,Majmu
dam_5545015,Ambivalent
dam_6204121,Moi Meme
dam_5299063,Instance
dam_5861429,Permission Slip
dam_13551811,Francophilia
dam_6198934,Havre De Paix
dam_6305453,Love In The Sun
dam_6269704,Ecureuil
dam_6014169,Alyaafel
dam_5580365,Colima
dam_5457676,Nymfia
dam_14448035,Diva D
dam_8411732,Ghand
dam_21686532,Hawaajis
dam_6244707,Planchart
dam_14417123,Angelic Light
dam_6193397,Athas An Bhean
dam_36986299,Sommore
dam_26356596,Miami Breeze
dam_9914268,Tisa River
dam_4087895,Dolma
dam_44659496,Peaceful Dream
dam_16699641,Farzeen
dam_5950007,Pivotal Lady
dam_9518894,Hope So
dam_5890325,Eileenlilian
dam_6303521,Rocaverde
dam_5712945,Sorry Woman
dam_5712126,Hoodna
dam_20260191,Ice Sprite
dam_6150942,Robanne
dam_6339459,Ruby Girl
dam_6104196,Urjuwaan
dam_5680969,Something Magic
dam_5351402,Landing Site
dam_19611438,Party Pipit
dam_5881785,Lunar Spirit
dam_5227005,Heart's Content
dam_6243496,Anna Desta
dam_11238150,Despacito
dam_7175140,Wild Irish Rose
dam_4723803,By The Hour
dam_26102853,Callisto Star
dam_34914761,Bahama Girl
dam_6253646,Natural Scenery
dam_4431441,Anaamil
dam_5335624,Miss Toldyaso
dam_12271560,Herringswell
dam_7197827,Rosabelle
dam_18240824,Heywa
dam_20425300,Muritz
dam_7215229,Miss Carbonia
dam_10782527,Janabiya
dam_14403907,Kitcarina
dam_5570908,Alla Speranza
dam_5860505,Love In The Desert
dam_5426092,Min Banat Alreeh
dam_5166070,Snoqualmie Star
dam_6340600,Almoner
dam_5962222,Maibaby
dam_3948875,Yesterday
dam_5723704,Afro
dam_4944093,Sheasan
dam_4859463,Romance Dance
dam_32500237,Gayeroyale
dam_5336002,Miss Estrada
dam_4260970,Lazary
dam_18323942,Secretarial
dam_14660401,Mrs Hoo
dam_6259134,Dry Your Eyes
dam_6852825,Star Of Stars
dam_6208517,Mia Tesoro
dam_17196907,Ebony Adams
dam_5865146,Zouzou
dam_44264528,Red Square Girl
dam_8894879,Luire
dam_4060896,Imperialistic
dam_4230604,Luna Celtica
dam_4754883,Demisemiquaver
dam_5944106,Al Jassasiyah
dam_4787447,Dusty Moon
dam_2939664,Lady Guinevere
dam_5696558,Funcheon Vale
dam_6151761,Prequel
dam_20109271,Split Decision
dam_5672996,Chellalla
dam_5848710,Blue Oyster
dam_5859217,Tap Dancing
dam_10136791,Not After Hours
dam_16175957,Istoria
dam_6022184,Policoro
dam_6120044,Balayage
dam_12574555,Orange Blossom
dam_14752444,Buonasera
dam_6095565,Speedy Boarding
dam_14258503,Iconic Choice
dam_7305942,Electrify
dam_6346984,Montana River
dam_21652645,Metaphore
dam_6018978,Yours Truly
dam_5100536,Thistlestar
dam_36529080,Keep The Moon
dam_6266372,Cool Thunder
dam_11275019,Savaanah
dam_15030666,Dandhu
dam_5529048,Heartsong
dam_14285642,Dutch Treat
dam_5991405,Mary McPhee
dam_6930483,Barroche
dam_6135479,Unify
dam_4967844,High Queen
dam_11513712,Giving Back
dam_4043921,Russian Samba
dam_22907381,Vickx
dam_4730621,Aimigayle
dam_4811940,Cherished Love
dam_5493810,Melodrama
dam_14368970,Alma Linda
dam_3967775,Pongee
dam_5997803,Dreamaway
dam_5425966,Aniseed
dam_21688121,Marlingford
dam_6038760,Kissed By Angels
dam_5857747,Manderley
dam_4551925,Fiumicino
dam_4782099,Gentle On My Mind
dam_29931643,Miss Jovial
dam_12564195,Correctandpresent
dam_6198780,Hobson's Choice
dam_4699282,Chilla Cilla
dam_4744831,Golden Wave
dam_5942188,Pandy Wells
dam_24506580,Exceed My Budget
dam_17856986,Amodio
dam_19428696,Good Reason
dam_4626496,Aphorism
dam_5141563,Ladoga
dam_6904240,Stage Queen
dam_15750714,Yimkin
dam_5212466,Respectfilly
dam_6303528,Tuolumne Meadows
dam_15566523,Delta Bravo
dam_43573012,Mary Beeton
dam_10965192,Ripley
dam_5914804,Amarullah
dam_10287144,Sardenya
dam_16206680,Riviera Rose
dam_5507929,Garranlea Maree
dam_23906176,Viaduct Annie
dam_6021505,Toni's A Star
dam_38632839,Katiywa
dam_5500635,Freedom Reigns
dam_31631432,Southern Gal
dam_7976129,Feathery
dam_16072973,Spring Run
dam_4937324,Beauthea
dam_5926403,Plauseabella
dam_6018341,Ohh Lala
dam_5335806,Spring Bouquet
dam_5132876,Gallic Star
dam_34471031,Overtones
dam_10320226,Glamorous Rocket
dam_5387228,Union City Blues
dam_3689266,Be Lucky
dam_5820801,Go Glamorous
dam_14629909,Vigorito
dam_19454106,Jovial
dam_5227775,Western Pearl
dam_9786574,Moonlight Bay
dam_24506531,Dice Game
dam_8300586,Crafty Madam
dam_18991763,Moody Blue
dam_11700073,Hourglass
dam_11373082,Araminte
dam_11034198,Sonjeu
dam_21725438,Rosa Gialla
dam_5914202,Dutch S
dam_5972113,Hip Flask
dam_6340425,Queenofthenorth
dam_5821067,Musicora
dam_10465042,Carriwitchet
dam_9602978,Amenette
dam_5513837,Elite
dam_5157978,Piccadilly Filly
dam_20680233,Secret Charge
dam_6983620,Landikusic
dam_7126385,Murviel
dam_10222520,Black Sails
dam_4986170,Message Personnel I
dam_5780138,Best Regards
dam_6306622,Alnajmah
dam_21678832,Golden Achievement
dam_16500330,Tiger Eye
dam_5856543,Gertrude Gray
dam_5579434,Galician
dam_6058458,Fond Words
dam_14107443,Nafaayes
dam_34471948,Lets Try
dam_4664611,Guajira
dam_7540547,Monroe Bay
dam_12049884,Dorella
dam_10523716,Sankari Royale
dam_15030673,King's Girl
dam_5499515,Traveller's Tales
dam_31368785,Sami
dam_18601520,Sayidah Kodiac
dam_32168325,Pinkster
dam_6069469,Hot Sauce
dam_33729934,Leah
dam_6331101,Lady Katanga
dam_19227614,Frankel's Storm
dam_4637178,Sularina
dam_5710768,Purr Along
dam_5756282,Askania Nova
dam_10238424,Deciding Vote
dam_4673291,Sofia Royale
dam_5944176,Just Gorgeous
dam_6275871,Secret Sense
dam_5976551,Terracotta Queen
dam_4766083,Kophinou
dam_5363162,Ocean Bluff
dam_5987282,Democratie
dam_5322345,Makheelah
dam_5638416,Give Me High Five
dam_5113171,Chamanka
dam_10059952,Georgina Valleya
dam_5244554,Nezhenka
dam_5025909,Drop The Hammer
dam_30541112,Me Ould Buttie
dam_4656778,Dusky Dancer
dam_33690216,Camelia Des Bordes
dam_5887581,Ejadah
dam_6140435,Tagula Mon
dam_3924172,Miss Holly
dam_4605937,Aphrodisia
dam_5862458,Stellarta
dam_10109309,Babylon Lane
dam_5920691,Tweed
dam_22392139,Moqla
dam_5744060,Scala Romana
dam_4505585,Chelsey Jayne
dam_5100067,Forest Crown
dam_5863179,Arabda
dam_4909646,Favourite Girl
dam_5760153,Saucy Minx
dam_30850505,Truly Honoured
dam_6261878,Lajatico
dam_5151230,Majestic Dancer
dam_32709796,Ugneya
dam_7215201,Clef
dam_6278321,Volition
dam_5129915,High Spice
dam_3073091,The Shrew
dam_6026440,Karmadal
dam_6155961,La Patria
dam_21714203,Promise Me
dam_5900832,Whisp
dam_5740602,Ashaaqah
dam_19841920,Bustaan
dam_6337135,Diamonds Pour Moi
dam_7401884,Paradwys
dam_39060959,Mokhtarah
dam_21725249,Natural Instinct
dam_12739573,Dutch Monarch
dam_10110114,Three Little Birds
dam_39060077,Lady Of Fire
dam_5514908,Lady Heartbeat
dam_5048932,Night Affair
dam_18920524,Monday Monday
dam_3015922,Quiet Queen
dam_5881841,Island Remede
dam_6348083,Diyavana
dam_26203576,Jannattan
dam_6250748,Koora
dam_19071143,Ridaa
dam_19470388,Bionic Woman
dam_16377851,Vadivina
dam_10565534,Tantheem
dam_13333614,Polar Sea
dam_6057079,Mistrusting
dam_5875366,Feedyah
dam_13021757,Heatwave
dam_6291187,Always A Dream
dam_5129145,Emeralds Spirit
dam_8646365,Thanks
dam_14728833,Bella Vita
dam_3902780,Lilli Marlane
dam_5694507,Strapless
dam_10287207,Not After Midnight
dam_18059419,Moment Of Hope
dam_5881736,Wedding Wish
dam_15800491,Danzena
dam_34472963,Night Thrills
dam_18762135,Zmile
dam_6272441,Lightsome
dam_4796169,Winter Bloom
dam_40919620,Glittered
dam_6044647,Bimbo
dam_19547542,Excel And Succeed
dam_11664128,Dance On The Day
dam_5677091,Hint Of A Tint
dam_33876388,The Dylan Show
dam_6109831,Comment
dam_6260016,City Chic
dam_6056729,Haydn's Lass
dam_9878323,Albizzia
dam_35069139,Mochachino
dam_42616448,Fughetta
dam_38088750,Nathalizia
dam_6284845,Alsacienne
dam_10523709,Roman Gal
dam_6284908,Queen's Trust
dam_14285677,Firelight
dam_5930127,Muteela
dam_26103098,My Hope
dam_5839624,Calyxa
dam_4595808,Brazilian Bride
dam_4614589,Baldovina
dam_5761042,Ribbons
dam_6277383,Canonbury
dam_4844756,Amicable Terms
dam_7599459,Holy Cat
dam_6340901,Zain Art
dam_4487784,Heaven Sent
dam_5857614,Joys Of Spring
dam_15069019,Graine De Maille
dam_42847392,Dialled In
dam_5636946,Strictly Silca
dam_21725095,Pretty One
dam_30315523,Darrinah
dam_4229064,Inca Wood
dam_4733813,Valandraud
dam_17357431,One Dollar More
dam_14911078,Tasleya
dam_6467720,Kitty Softpaws
dam_5862864,Cay Dancer
dam_8203769,Grey Lina
dam_5113542,Miss Lesley
dam_5764612,Cabo Queen
dam_5405561,Baisse
dam_6007904,Every Time
dam_7356013,Russian Finale
dam_6084750,She Is No Lady
dam_5539786,Libys Dream
dam_5454610,After
dam_38465588,Dillydallydo
dam_5194238,Chica Whopa
dam_6290186,Lara's Theme
dam_5972274,Mehronissa
dam_5351465,Ferdoos
dam_18715081,Magical Rhythms
dam_5995738,Silver Serenade
dam_6014918,Tarap
dam_36664600,Tidewalker
dam_5547367,Porcini
dam_5644303,Bob Girl
dam_17757327,Any Response
dam_5242265,Maple Valley Gale
dam_3807349,WaltzingI
dam_4530015,More Likely
dam_5491640,Rakane Rouge
dam_4953193,Ring Blood
dam_9721110,Academy Miss
dam_4748226,Victoria College
dam_3970246,Ice Palace
dam_11526137,All Out
dam_4972240,Goathemala
dam_3015117,Queen's Prize
dam_10136798,Teeslemee
dam_29227646,Would It Matter
dam_5574100,Popular
dam_4494504,Kibara
dam_10136511,Into The Lane
dam_6021827,Granola
dam_4489373,Stolen Glance
dam_5184207,Sidney Girl
dam_25442914,Dubai Walk
dam_4783674,Musical Bar
dam_6268556,Gravity Flow
dam_17196669,Elmetto
dam_4225081,Echelon
dam_6200964,Peace Of Paradise
dam_22975526,Majestique
dam_6208811,Divine Touch
dam_5426904,Poisson D'Or
dam_4862438,Alina
dam_6342056,Cutting Edge
dam_5380893,Water Feature
dam_6001842,Semaral
dam_16941022,Solar Heights
dam_5880658,Skinny Love
dam_8525524,Silque
dam_5820829,Alumna
dam_5545302,Kotuku
dam_6803797,Oasis Lady
dam_5543923,Serenada
dam_14973357,Akua'rella
dam_45759644,Perfect Melody
dam_18705344,Promissory
dam_5157992,Oasis Jade
dam_6018145,Emblaze
dam_5454834,Citron
dam_6216952,Lydia's Place
dam_3926720,Spring Clean
dam_6221061,Heart Of Oak
dam_6219913,Easton Angel
dam_6049085,Noble Cause
dam_5911017,Rip Roaring
dam_20136039,Saltwater
dam_5563523,Grand Liaison
dam_10548657,Daffy Jane
dam_6015863,Duchess Andorra
dam_6185991,Pandora
dam_12862101,Culdrose
dam_5883934,Mylington Light
dam_5209190,Seeking Solace
dam_18231598,Persian Beauty
dam_6278188,Go Kart
dam_10320219,So Hi Society
dam_13672302,Syamantaka
dam_22487479,Nightlight Angel
dam_5086928,Miss Parkington
dam_5318866,Our Fair Lady
dam_5402208,Ten Friends
dam_4194400,Luas Line
dam_5713008,Lumiere Rose
dam_5221510,Onetwobeat
dam_4806445,No One Tells Me
dam_6010312,Praticks
dam_5973317,The Galway Cailin
dam_6176219,Omgnotanother
dam_24494799,Peps Jarzeene
dam_3589222,Kind Word
dam_24780497,Koffi Cherie
dam_5039664,Russian Spirit
dam_5357590,Brazilian Breeze
dam_6287547,Club Prive
dam_10197761,Lightning Mark
dam_6284320,Al Markhiya
dam_3971247,Avoidance
dam_8024359,Aspirer
dam_5216274,Kateeva
dam_5129194,Garter Star
dam_5227663,Specific Dream
dam_4502428,Alexander Alliance
dam_5712140,Sorella Bella
dam_4908554,Crystal Moments
dam_5891158,Teeline
dam_4477172,In Dubai
dam_6306944,Qamarain
dam_36454334,Plucky Lass
dam_13460580,Lorenda
dam_6072703,Clarmina
dam_4943204,Kerrys Requiem
dam_7023807,Katrine
dam_5981710,Abraxa
dam_14059395,Tracing
dam_5937295,Undress
dam_41565188,Really Chic
dam_10109400,Vashti
dam_15068893,Kermouster
dam_19518604,Queen Of Camelot
dam_6061160,Imtiyaaz
dam_6040188,Fainleog
dam_5346320,Kiss My Tiara
dam_4207210,In The Ribbons
dam_25795609,Vibrant
dam_7263137,Emmie
dam_6221075,Lizzie Siddal
dam_5271840,Biaraafa
dam_41130341,Blushing Gal
dam_2858912,Curtains
dam_5989886,Bacall
dam_7368312,Lina De Vega
dam_5452748,Riot Of Colour
dam_35864227,Her Kindness
dam_10197712,Maid To Remember
dam_4904711,Angel Dragon
dam_13892179,Beika
dam_17191748,Lady Kermit
dam_21676823,Baarrij
dam_34100885,Safeenah
dam_5906558,Beatify
dam_5881169,Jamboree Girl
dam_5048925,Avrilo
dam_5560702,Prewar
dam_13829760,Cosmogyral
dam_4773769,Danetime Lily
dam_10939831,Cocohulababy
dam_14752430,All Star Cast
dam_15537053,Artilena
dam_6029163,Thesme
dam_5162864,Shamandar
dam_6268262,Imasumaq
dam_4859610,Sailon Silvergirl
dam_6340859,Breda Castle
dam_6101627,Sholowisas
dam_6014190,Stella River
dam_4981291,Pure Joy
dam_5345508,Danedream
dam_5309339,Zabeel Park
dam_5304894,Painting
dam_5533395,Miss Azeza
dam_4644612,Fly By Magic
dam_14751968,Love So Deep
dam_4532087,Snow Gretel
dam_4634637,Baylini
dam_12584740,Devils Roc
dam_13639955,Bubbly
dam_4969832,Epic Similie
dam_13806177,Athary
dam_4624557,Symbol Of Peace
dam_5328414,Methayel
dam_5561304,Shirocco Star
dam_6871851,Tallulah Rose
dam_19078801,Sweet Promise
dam_10686179,Last Enchantment
dam_18619377,Zephyrina
dam_5205333,Principal Role
dam_5354692,Enchanted Empress
dam_6941333,Gloryette
dam_6101039,Amona
dam_6101984,Brioniya
dam_4957981,Ydillique
dam_38465581,L'Americana
dam_5861156,Milly's Secret
dam_5759250,Madame Defarge
dam_11602948,Fountain Of Time
dam_5671610,Viking Fair
dam_4472090,Great Hope
dam_9072483,Finale
dam_4480749,Magadar
dam_5705014,City Girl
dam_10632664,Poppy Jag
dam_7927997,Eyes On Asha
dam_17841838,Princesse Bassett
dam_6309170,Alsrab
dam_7096964,Tanouma
dam_35741629,Yaddo
dam_15473619,Mrs Ivy
dam_5512332,Kinetica
dam_4962076,Luvmedo
dam_3972668,Queen Bodicea
dam_5904591,Princess Pearlita
dam_36234513,Skipinnish
dam_5189646,Eldalil
dam_18078662,Chilly Morning
dam_5863214,Lady Red Oak
dam_5972197,Melodious
dam_6152041,Gabrielle
dam_17607184,Fen Breeze
dam_14780115,Lilac Lilly
dam_3300878,Fairly Grey
dam_10101133,Nathalie
dam_4100299,Leroy's Sister
dam_4536406,Strobinia
dam_5985035,Currently In Milan
dam_5387256,Music On D Waters
dam_5038691,Salamon
dam_5173966,Baileys Gleam
dam_5886440,Shell House
dam_4851728,Shake The Moon
dam_4634084,Nobilissima
dam_4111737,Lady Maranzi
dam_5551448,Red Avis
dam_5309556,Memory
dam_20143571,River Rock
dam_6033153,Curlylocks
dam_5142921,Areeda
dam_5991552,Realtra
dam_7117131,Pepita
dam_11925102,Latita
dam_7061432,Kassandra
dam_6280771,Rayisa
dam_32030418,Harlee Honey
dam_5559932,Dream The Blues
dam_5819730,Tears Of The Sun
dam_6285874,Nickname
dam_2921597,Intrusion
dam_3860087,Irresistible Jewel
dam_31274243,Song Of Hours
dam_10092796,Light Of Joy
dam_5726427,Dibajj
dam_5777149,Xaloc
dam_10842419,Kenzahope
dam_6255998,Sandra's Secret
dam_4497773,Sanaya
dam_13398049,Terzetto
dam_5345312,Leala
dam_6024137,Falling Petals
dam_5911059,Billie Eria
dam_9602369,Charming Guest
dam_3977771,Roystonea
dam_5291433,Titivation
dam_11060161,Soustraction
dam_9983477,Sous Le Soleil
dam_6106121,Raddeh
dam_19227607,Tulip Fields
dam_25082379,Santa Anabaa
dam_13096895,On The Stage
dam_8411690,Unified
dam_6961598,Marian Halcombe
dam_6306923,Fondie
dam_4639313,Velvet Revolver
dam_7571613,Poet's Vanity
dam_8400035,Special Chocolate
dam_5021485,Academicienne
dam_6170094,Magic Nymph
dam_27237028,Fair Daughter
dam_15093491,Moteo
dam_5198466,Plume Rose
dam_4774882,Lumiere Noire
dam_6151642,Dream Dana
dam_11399570,Veracious
dam_6004054,Queens Park
dam_5163823,Special Duty
dam_15920415,Heavenly Holly
dam_10993521,Pretty Baby
dam_4840500,Prudenzia
dam_6077589,Sagaciously
dam_4880862,Brushing
dam_6215559,Blue Chip
dam_6580245,Buying Trouble
dam_26662230,Chiffonade
dam_7182203,President's Seal
dam_5972610,Obsara
dam_15536507,She's My Dream
dam_14594300,Verbalise
dam_5367901,Redskin Dancer
dam_5528586,Saratoga Baby
dam_6001450,Hardabout
dam_5368517,Ne M'Oubliez Pas
dam_7157171,Bethpage Black
dam_3719247,Freefourracing
dam_13456625,Blue Maxi
dam_13961633,Crimean Queen
dam_18518472,Galadriel
dam_7102193,Naafer
dam_7197911,Permission
dam_39109644,Merci Layan
dam_19485074,Belle Anglaise
dam_6150998,Arcamist
dam_42615734,Catchingsnowflakes
dam_6290235,Topaz Clear
dam_5347503,Night Visit
dam_38018568,Wilde Ambition
dam_4926313,Knocklayde Rose
dam_29409898,Ile En Crise
dam_5589388,Petrarchick
dam_5835046,Beldale Memory
dam_2141692,By Rights
dam_30540818,Alle Stelle
dam_7188517,L'Ambre Gris
dam_5485921,Avongrove
dam_4481295,Top Row
dam_31188171,Invaluable
dam_6466901,Mimic's Memory
dam_4485747,Fibou
dam_5459013,Queen Grace
dam_5881176,Breakable
dam_4967914,Maidin Maith
dam_5615421,Oratorio's Joy
dam_15772176,Aerodrome
dam_7157416,Coral Sea
dam_6074663,Midnight Dance
dam_5296361,Miskin Diamond
dam_6827968,Leyburn
dam_6094634,Farletti
dam_41090994,Soft Awakening
dam_18705267,She Can Dance
dam_12169395,Tishka
dam_6044010,Sandy Times
dam_5777296,Shalwa
dam_5136880,Salvation
dam_9896390,Present Tense
dam_8387771,Terre
dam_10092936,Reprieval
dam_9693530,One For June
dam_5357996,Galeaza
dam_9435461,Dusky Maid
dam_5659731,Anya
dam_8232077,Coconut Creme
dam_5395691,Mount Crystal
dam_4634518,Winter Fashion
dam_5196114,Golden Waters
dam_19950714,Made For All
dam_18464845,Fedya
dam_4706779,Mullein
dam_6056246,Belle Dormant
dam_6317465,Blue Geranium
dam_35149415,Simply Fate
dam_6071926,Galileano
dam_13787711,Rose Crown
dam_16566942,Merry Moet
dam_20814003,Wonderful Diamond
dam_5660655,Myblueeyedgirl
dam_4775407,Coolkenna Contact
dam_5860946,Grape Tree Flame
dam_15095710,No Bills
dam_6242089,Spirit Glance
dam_37316076,Night Charter
dam_13695766,Antico Lady
dam_5348826,Dark Promise
dam_5492823,Last Bid
dam_16571065,Oboe
dam_6089419,Tooraweenah
dam_3947223,Feather Boa
dam_5830888,Blockade
dam_5349393,Katherine Lee
dam_4767168,Mey Blossom
dam_5797092,Raajis
dam_6047832,Disprove
dam_11321275,Twinkleberry
dam_5917317,Affaire De Coeur
dam_5631213,Cavadee
dam_9786238,Kahooting
dam_5065221,Derrinlanna
dam_22940043,Alize De La Prise
dam_6005279,Girly Girl
dam_3993094,Foret Noire
dam_20394024,Steel Lady
dam_5582353,Wonderful Pearl
dam_4846149,Persian Gaye
dam_25082421,Island Magic
dam_5751403,Love And Cherish
dam_5318278,Miss Mediator
dam_19733749,Esprit Rose
dam_20722009,Rawwani
dam_10479175,Model
dam_6634726,Beauly
dam_13274506,Ceratonia
dam_6347908,Mesaria
dam_7129752,Nasimi
dam_4956784,Sugar Free
dam_35910847,Leigh On Sea
dam_3073490,Thermopylae
dam_14154784,Little Legs
dam_5461246,Annas Back
dam_6303325,Dani Theatre
dam_5477752,Awesome Miracle
dam_3723356,Mood Indigo
dam_5171159,Madonna Incognito
dam_5933228,What A Scorcher
dam_5547304,Art Of Gold
dam_18513355,Jim's Article
dam_33558595,Park Ella
dam_24372894,Shuil Dubh
dam_5568570,In Caso Di Neve
dam_5329912,Asmaa
dam_29313074,Casbah Rose
dam_4891124,Jeu De Lune
dam_5693303,Ms Jilly Maaye
dam_42912534,Campanella Rose
dam_6172943,Ali Alexandra
dam_4530155,Wingspan
dam_5057171,Trentini
dam_4110757,Whirly Bird
dam_6714561,Bristol Bay
dam_5668901,Dream Scenario
dam_4743690,Pure Genius
dam_6107759,Isles Of Icane
dam_15831935,Zulema
dam_4680578,Annagh Lady
dam_4491865,On A Cloud
dam_5721961,Kikonga
dam_6288716,La Mortola
dam_5375972,Qushchi
dam_4605020,Majestic Roi
dam_13695633,Cava
dam_13788152,Warsash
dam_4581808,Ascot Family
dam_6291033,Make Fast
dam_6092590,Barqeyya
dam_6048504,Bobbi Grace
dam_14629342,Dubai Rainbow
dam_11060133,Sweety Dream
dam_5651632,Dartrix
dam_14353556,Ruby Slippers
dam_5207398,Madam Macie
dam_6303234,Midst
dam_6752389,Love Oasis
dam_6113891,La Corniche
dam_5339558,Thistle Bird
dam_21754614,Say It's Me
dam_18628365,Tuk Power
dam_6047860,Exceedingly
dam_4809119,Classic Legend
dam_6011152,El Che
dam_5877900,Hala Hala
dam_5858496,Endless Love
dam_4063192,Papillon De Bronze
dam_5971966,Lady Of Dubai
dam_5101957,Alaia
dam_5532170,Moment In Time
dam_6208825,Katie's Diamond
dam_7749623,Wouldntitbelovely
dam_7472521,Mabinia
dam_20613474,Symbol Of Love
dam_6847323,Chupalla
dam_22956850,Princess Cleopatra
dam_18078676,Isabella Linton
dam_5128949,Trojan Queen
dam_10632468,One Pixel
dam_6343575,Ameliorate
dam_15451681,Lucy Lou
dam_5556649,Somewhere
dam_4088140,Corps De Ballet
dam_11494784,Tooreen Katie
dam_5876024,Maremmadiavola
dam_5686646,Lincolnrose
dam_6044570,Upper Street
dam_5757332,Matorio
dam_13022590,Jungle Secret
dam_5503491,Midnight Dynamo
dam_18345705,Testa
dam_6093458,Caelica
dam_11801006,Abraj Dubai
dam_4740050,Primo Heights
dam_7637105,Venus De Medici
dam_3591322,Gargoyle Girl
dam_24433780,Acres Of Diamonds
dam_5406219,Next Dream
dam_6224050,Foolish Cause
dam_6334209,Fresh Strike
dam_6981163,Westadora
dam_10957030,Revived
dam_6038221,Lady Correspondent
dam_20767761,Careful Thought
dam_5880105,Conquete
dam_3858526,Angel Of The Gwaun
dam_6303626,Nawkhatha
dam_4950085,Oasis Sunset
dam_5989305,Nozhar
dam_6306895,Bonhomie
dam_15876770,Saikung
dam_6941326,Ajman Princess
dam_10017903,Ma Cherie
dam_5150880,Almiranta
dam_4782064,Dress Rehearsal
dam_5918479,Laviola
dam_6184633,Airlie Beach
dam_3932285,Coca's Well
dam_16664760,Ever Evolving
dam_5042667,Itsallaracket
dam_24638369,Castle Jane
dam_39191047,Soul Of Calypso
dam_21955073,Elle Memory
dam_6988772,Spin Doctor
dam_3591462,Lady Of Windsor
dam_15170750,Gallitea
dam_5545064,Witnessed
dam_7313096,Blending
dam_9602124,Jive Lady
dam_4614162,Clouds Of Magellan
dam_4844770,Moon Sister
dam_5480951,Tiffilia
dam_6284817,Dheyaa
dam_3729327,Sundown
dam_9202606,Prezzie
dam_4645375,Seminole Sun
dam_3740387,Pearly Brooks
dam_8411669,Gracious Diana
dam_5686541,Rayaheen
dam_4776590,Just Like Ivy
dam_5904598,Vote Often
dam_4020002,First Eclipse
dam_5314617,Sir Cecil's Girl
dam_5731285,Childa
dam_5629610,Ring For Baileys
dam_5172979,Copper Penny
dam_5208616,Up At Last
dam_34775216,Space Capsule
dam_39060805,Balrath Wood
dam_4908561,Daanaat
dam_6255886,Perfect Stranger
dam_37288867,Fasnela
dam_6328728,Pebbles Place
dam_4119927,Sunami Storm
dam_4646824,Subtle Shimmer
dam_5555592,Princess Spirit
dam_4243820,Sweet Firebird
dam_24140620,Beluga
dam_7097314,Rockport Babe
dam_6059305,Against Rules
dam_43508570,Kaprice
dam_44873801,Cuban Treasure
dam_6914642,Jadhaba
dam_31741052,Barefoot Contessa
dam_6059802,Sweet Dream
dam_5402026,Hawaafez
dam_3863461,Lady Zonda
dam_27206284,My Timing
dam_18504626,Amuser
dam_15181719,Transhumance
dam_6265420,Lincoln Rocks
dam_7028378,Adool
dam_6247934,Novel Fun
dam_17286689,Vilamos
dam_5547500,Rowan Brae
dam_4511535,Malelane
dam_6299419,Gacequita
dam_5344080,Set To Music
dam_4610480,Porto Calero
dam_5823335,Cards
dam_35362859,Dancing Around
dam_18424581,Mountain Dreams
dam_20308225,Kristall Eye
dam_4623374,Many Colours
dam_10442544,Lamya
dam_6000855,Jolie Et Belle
dam_5507306,Oh Happy Days
dam_6096013,Kalaatah
dam_6331150,Golden Isles
dam_5346173,Skimmia
dam_6241403,Elegant Annie
dam_6275199,Earth Goddess
dam_14404110,Entitle
dam_5755764,Albasharah
dam_3040191,Secret Romance
dam_6205045,Lady McGuffy
dam_6037570,Shingwedzi
dam_22130514,Shareefa
dam_19725468,Soineanta
dam_38549014,Irish Abbey
dam_8128631,Shutter Speed
dam_6275885,War Goddess
dam_5800865,Dreaming Beauty
dam_5541872,Love Your Looks
dam_4491676,Famcred
dam_6056687,Jellwa
dam_6185193,Maybelater
dam_6105351,Lady Ro
dam_14640815,Excelled
dam_17205678,Helcia
dam_4770913,Chatham Islands
dam_5161590,Hulcote Rose
dam_5150425,Chatline
dam_10465161,Muirin
dam_4180806,Homegrown
dam_7023786,Kinni
dam_5322765,Malikayah
dam_24494785,Mini's Last
dam_4678282,Lyric Melody
dam_3916255,Garden Heaven
dam_5190934,Nicea
dam_22805720,Praia
dam_5002767,Night Heart
dam_4880890,Flame Of Hestia
dam_2964878,Melissa Jane
dam_6010935,Having A Blast
dam_15551319,Miss Gradenko
dam_16783403,Miss Morocco
dam_7776748,Tara Celeb
dam_4982012,Rivalry
dam_5468645,Santa Christiana
dam_25795504,Superabundance
dam_5776666,Hannahs Turn
dam_6129123,Ohsosecret
dam_4665822,Fragrancy
dam_7174895,Covetous
dam_18323662,Time Tunnel
dam_5037928,Dubai
dam_4649470,Grande Rousse
dam_6334580,Predicted
dam_5879447,Valen
dam_5171026,Empress Anna
dam_5859210,Ode To Psyche
dam_6057604,Titled Lady
dam_4996866,Choral Festival
dam_18424546,Allez Sophia
dam_24604867,Vision Intense
dam_12301289,Cassima
dam_5532072,Zenaat
dam_44450840,Donna Ray
dam_3729341,Tarfshi
dam_5671015,Ziggy's Secret
dam_9202739,Amber Lane
dam_3987473,Lady Catherine
dam_5777303,Tebee's Oasis
dam_4877838,Sioduil
dam_6022548,Tarziyna
dam_6079773,Aimhirgin Lass
dam_5744879,Frabjous
dam_5047140,Satwa Ruby
dam_5709200,Velvetina
dam_14892101,Flying
dam_3004624,Pine Ridge
dam_7859110,Annie Fior
dam_3946705,Speed Cop
dam_10092922,Madeline
dam_5944162,Fastnet Mist
dam_6329057,Wadyhatta
dam_4629975,Danedrop
dam_5730291,Kensea
dam_12301737,Guenea
dam_6262032,Tabikat Elle
dam_20506325,Fabulous
dam_5819681,Crazee Diamond
dam_5615204,Sandreamer
dam_3768387,Miss Meltemi
dam_5762589,Stormy Blessing
dam_6068223,Bittern
dam_6981219,Fair Cop
dam_5618963,Strawberry Fledge
dam_6046138,Mikandy
dam_5884634,Ava Star
dam_3960040,Dame Alicia
dam_41971986,Midnight
dam_5309514,Desert Shine
dam_10137491,Flashyfrances
dam_4466546,Soviet Terms
dam_20102719,Jasmine Royale
dam_17763102,With Virtue
dam_21163422,Cabaret Parisienne
dam_11399591,Midnight Hush
dam_20373549,Made By Hand
dam_41504190,Jane Doe
dam_13788796,Burmese Waltz
dam_18160590,Jm Jackson
dam_6263810,Quick March
dam_2905819,Gretchen
dam_4731937,Sweepstake
dam_3818297,Shao Line
dam_34471570,Roman Venture
dam_4778508,Sweeter Still
dam_18159666,Salsa
dam_16367134,Anna Of Lorraine
dam_14258496,Reticent Angel
dam_18857062,Cindy Bear
dam_19462569,Electric Mistress
dam_39469157,Polonia Lady
dam_18670855,Eagle Queen
dam_5991447,Simply A Star
dam_6202294,Allure
dam_5337913,Ardent
dam_21100639,Bebeautiful
dam_5711979,Golden Flower
dam_11437440,Tinted
dam_6645233,Mia Divina
dam_10939467,Soffia
dam_5360208,Wild Mimosa
dam_19444684,Subaana
dam_11075022,Come With Me
dam_5001458,Boo Boo Bear
dam_16774590,Maximum Effect
dam_6219843,Last Waltz
dam_5039622,Entreat
dam_32356870,Galileo's Moon
dam_2884546,Fig Roll
dam_13021848,Second Generation
dam_6032208,Tigrilla
dam_39962111,Thaleia
dam_14607432,Tafilly
dam_37407951,Lost Control
dam_6204114,Sacrifice My Soul
dam_11268194,Ghalyah
dam_4794468,Time Control
dam_6249236,Into The Mystic
dam_6206270,Gwendolyn
dam_18705309,Sacred Dance
dam_5283299,Moranda
dam_6077575,Martlet
dam_5533605,Motheeba
dam_5464669,Suertez
dam_6337198,Justlookdontouch
dam_6847127,Creative Director
dam_6988954,Hellofahaste
dam_8894942,Tres Belle
dam_6272910,Elide
dam_5996326,Elshaadin
dam_7337323,Aintisari
dam_5712798,Three Choirs
dam_5843124,Lady Frances
dam_5922413,Foxtrot Pearl
dam_7215278,Starlight Romance
dam_5177158,Eolith
dam_33876150,Pure As Gold
dam_6340040,Ealaan
dam_6021540,Another Paris
dam_6185984,More Mischief
dam_6041294,Devonshire
dam_7215348,Lost The Moon
dam_23084978,Cravin Raven
dam_5806213,Jadeel
dam_5974136,What Lies Ahead
dam_18653789,Horner Mill
dam_6203645,Bawnmore Lass
dam_6146497,Wishing Wind
dam_4624774,Negra Del Oro
dam_13961640,Itizzit
dam_9693572,Savannah's Show
dam_6239779,Ophelia's Song
dam_7784147,Art Nouvelle
dam_4692478,Barshiba
dam_37932440,Al Raahba
dam_16571051,Tencaratrubieslace
dam_6139847,Sweet Coconut
dam_6191920,Lily White Socks
dam_6265077,Coup De Main
dam_5585447,Place That Face
dam_5310074,Illandrane
dam_2136001,Silver Halo
dam_41189519,Queen's Opal
dam_16449734,Lady Wedad
dam_5130146,Macnas
dam_30002070,Pacific Chalnetta
dam_14323141,Ploughland
dam_10974712,Fiuise
dam_4758103,Hasten
dam_6006966,Scarlet Plum
dam_5250329,Siphon Melody
dam_6253408,Cool Catena
dam_5869878,Trikala
dam_4989418,Purple Sage
dam_5559680,Squirrel Wood
dam_4577279,Solarize
dam_10686256,Serabrina
dam_5361237,Overpriced
dam_5744809,Shy Bride
dam_5429907,Blaise Chorus
dam_4585553,Fruits De Mer
dam_4573681,Histologie
dam_16802079,Corona Moon
dam_6044983,Implora
dam_4424434,Solway Sunset
dam_39431959,Park Pit
dam_4651563,Grain Only
dam_6278671,Mill Point
dam_5478172,Nerissa
dam_4054813,Stitch Pockets
dam_5863739,Patty Paige
dam_6095516,Jennifer Eccles
dam_5286869,Lady Shackleton
dam_14843759,Just Be Friendly
dam_6220074,Opal Tiara
dam_5677819,Of Course Darling
dam_16096752,Belle Tiki
dam_5138378,Tanfidh
dam_20386583,Castilly
dam_4258506,Babyshan
dam_18670582,Goldika
dam_5308779,High Class Girl
dam_15170736,Paved Paradise
dam_4879350,Mythicism
dam_21938518,Fresh Snow
dam_15716008,Maqsad
dam_6505884,Affability
dam_18536721,Powdermill
dam_5758375,Prom Dress
dam_32936421,Au Dessus
dam_6007708,Newsletter
dam_8411725,Ruxleys Star
dam_5722360,Motivation
dam_5292854,Singapore Lilly
dam_36137479,Contemptuous
dam_4764676,Alma Mater
dam_5348875,Regency Girl
dam_6349847,Epic Emirates
dam_15145949,Dromana
dam_9603048,Twilight Thyme
dam_13368740,King Power
dam_6012349,Seagull
dam_5938156,Mysterious Burg
dam_14084553,Bhangra
dam_5522146,Dutch Rose
dam_13021449,Miss Celestial
dam_5659164,Evening Frost
dam_28875364,One Time
dam_6132035,Spring Leaf
dam_4519627,Allegretto
dam_5426106,Pink Damsel
dam_3131772,Maracuja
dam_5316206,Tanais Du Chenet
dam_32356254,Carryonblue
dam_39699856,Kadana
dam_27889267,Shantourini
dam_4796540,Moonlight Wish
dam_18029109,Market Niche
dam_21453901,Caronova
dam_18504577,Between Hills
dam_5029213,Fifer
dam_4595815,Divert
dam_6053054,Lahabah
dam_6182281,Duchesse
dam_5718433,Dream Wedding
dam_40293568,Fan Dance
dam_5301968,Piddie's Power
dam_42452242,Zaranayna
dam_5101397,Drift And Dream
dam_6322204,Emily Goldfinch
dam_5696110,Magical Dream
dam_7263585,To Eternity
dam_5697573,Aghareed
dam_4618677,Anna's Rock
dam_15128554,Over The Moon
dam_6310794,Social Media
dam_5686415,Izabelle Amie
dam_20987449,Beauty Blue
dam_4398121,Skipping Along
dam_5027932,Like It Is
dam_5477283,Buxom
dam_2872744,Dutch Princess
dam_5459846,Briery Vixen
dam_24555356,Ultra Violette
dam_5721065,Greenery
dam_5712252,Quinine
dam_5548298,Ahaaly
dam_4192853,Baymist
dam_9435090,Sapphire Waters
dam_5902358,Waha
dam_5716991,Wishing Chair
dam_14911015,Bravo Sierra
dam_6788544,Jazz Cat
dam_6338724,Micaela's Moon
dam_4794307,Lady Jane Digby
dam_5892985,Passing Burg
dam_21713524,Highly Dancer
dam_5153337,Yajala
dam_5664554,Selfara
dam_5722647,Intimacy
dam_5926718,Darting
dam_4937415,Gift Of Spring
dam_13310458,Cheer For Foxes
dam_5801131,Haughtily
dam_6238113,Tawjeeh
dam_5128718,Funday
dam_6011187,Spirit Of Xian
dam_13240759,Skitter Scatter
dam_14984998,Enchanted Linda
dam_7584633,Twilight Spirit
dam_7344708,Facilitate
dam_11381951,Filfila
dam_16018100,Lady Amelia
dam_10698590,Chillala
dam_6466943,Tadkhirah
dam_15844122,Marhaa
dam_5750591,Diletta Tommasa
dam_6041679,Dancequest
dam_18518976,Lovable Choice
dam_2992178,On Demand
dam_5124889,Aalsmeer
dam_11313190,Military Madame
dam_5567884,Last Slipper
dam_4827683,Aine
dam_11818226,Spiced
dam_5168884,Gift Of Love
dam_5879062,Henpecked
dam_8213534,Gorane
dam_6018544,Zuhoor Baynoona
dam_6047391,Blissful Beat
dam_5740252,Addictedtoprogress
dam_5858377,Jacquotte Delahaye
dam_5070520,Dhan Dhana
dam_10479322,Tivoli
dam_25013828,Adoringly
dam_6253919,Sliabh Luachra
dam_5556439,Susiescot
dam_4760728,Longing To Dance
dam_34746348,Aeronautical
dam_5538911,See Emily Play
dam_4691953,Flamingo Sea
dam_18518969,High Shine
dam_6231876,Tutu Nguru
dam_14902482,Gold At Midnight
dam_8728881,Aubineau
dam_6034868,Way Of Light
dam_4614477,Puzzling
dam_28533057,Valuate
dam_5989284,I Am Beautiful
dam_6053159,Age Of Refinement
dam_4257085,Bastet
dam_25227727,Premura
dam_27664266,Naseej
dam_7333984,Dabyah
dam_7198366,Dundunah
dam_4218620,Ushindi
dam_4744509,Affirmatively
dam_5743087,Al Jasrah
dam_3863125,Aqualina
dam_6220067,Tulip Dress
dam_6231393,Dewdrop
dam_4623486,Spesialta
dam_5493789,Divine Pamina
dam_9923669,Diminish
dam_6467328,Red Blanche
dam_7724157,Fortuities
dam_5989669,Postulant
dam_4612874,Siren's Gift
dam_5200958,Maria Lee
dam_7807744,Secret Soul
dam_9803647,Rioticism
dam_5712868,Heading North
dam_10940090,Delphinidae
dam_5299140,Sunset Avenue
dam_5324389,Sugar Beet
dam_15205344,Lady Morpheus
dam_15536416,Black Martini
dam_6303661,Mollie's Girl
dam_15654387,Acampe
dam_21673092,Illuzzi
dam_6240192,Heroic Heart
dam_4561795,Market Day
dam_5515370,Royal Award
dam_5532107,Astronomy Domine
dam_5618557,Coquette Noire
dam_5719056,Lundy Island
dam_6084778,Carpe Vita
dam_6026587,Vetlana
dam_37701671,Kate Kaprice
dam_3630753,Native Kin
dam_5859861,Silane
dam_6976718,Perle Du Mesnil
dam_13579902,Mocha Special
dam_5038019,All Annalena
dam_3962546,Couture Daisy
dam_5651394,Royal Nashkova
dam_8541428,Hadeeqa
dam_6851614,Odello
dam_42005278,Scat's Rose
dam_4733743,North East Bay
dam_5866616,Falsafa
dam_20978755,Kuznetsova
dam_4749528,Rebel Aclaim
dam_5674704,Gladiatrix
dam_10416595,Oriental Song
dam_4523547,Aspasias Tizzy
dam_4599994,Faraday Light
dam_9960426,Maelia
dam_5896219,Encore Encore
dam_5896044,Kalsa
dam_6206767,Falsify
dam_5209855,Gadalka
dam_5514929,Rock On Candy
dam_4206083,Trempjane
dam_4699345,Maizy Missile
dam_8710555,Tell Me Emma
dam_5570537,Autumn Leaves
dam_4668118,Queen Margot
dam_4587114,Lady Taipan
dam_10230843,Purplest
dam_5136152,House Point
dam_5871096,La Femme
dam_6881686,Cedilla
dam_3871371,Barrack Buster
dam_28720902,Laka
dam_19035807,Young Daisy Miller
dam_5593616,Midnight Minx
dam_7175630,Toberdowney
dam_5677056,Dalaway
dam_3007536,Pomme
dam_24372964,Kauto Tireless
dam_4450530,Royal Highness
dam_15987146,Valgenceuse
dam_4948475,Netta
dam_5208070,Spring Fashion
dam_22655899,O Ren Ishii
dam_5335435,Heliograph
dam_9602194,Peace Prevails
dam_4992883,Bufera
dam_5309486,Shepherdia
dam_6326068,Manasarova
dam_5152070,Fammi Sognare
dam_16018184,Dubai Ice
dam_5803518,Jofranka
dam_5325397,Sweet Cecily
dam_6248998,Pacific Angel
dam_5484640,Gladys' Gal
dam_5800046,Nos Da
dam_3691387,Copy-Cat
dam_5363470,Golden Lilac
dam_6239107,Orangey Red
dam_5196072,Ellbeedee
dam_5212886,Cherry Creek
dam_15245755,Playamongthestars
dam_3099355,Chanter
dam_7724220,Interweave
dam_3922849,Concentration
dam_4945129,Granny Bea
dam_6306958,Sharp Applause
dam_5561332,Cubanita
dam_42452557,Unbeaten
dam_10273214,Rue Cambon
dam_21028623,Kitkitty
dam_5689418,Penny Garcia
dam_6267394,Not Ready
dam_5660781,Back In The Frame
dam_4560843,Three Decades
dam_6223833,Jam Jar
dam_4731209,Dubai Princess
dam_4649456,Blushing Heart
dam_6319929,Greatest Place
dam_5165503,Tanda Tula
dam_5759320,Pretty Face
dam_6075468,Immediate
dam_6265728,Queen Cordelia
dam_19359179,Stars In The Sky
dam_9478665,Presenting Tara
dam_3811136,Champagne Lil
dam_4187022,Ishka Baha
dam_5098898,Prescelli
dam_4733190,Dolcetto
dam_4558092,Brownie Points
dam_5896261,Sophie's World
dam_28191030,Stourza
dam_5172860,Warling
dam_5364415,Stella Point
dam_5142865,Perfect Blossom
dam_8050980,Sheila's Rock
dam_6338395,Kramer Drive
dam_6254486,Stylistik
dam_4502841,Royal Citadel
dam_6130096,Cosmic Tigress
dam_35596638,Danseuse D'Etoile
dam_4927097,Maria Milena
dam_5408774,Hamasat
dam_6320580,Victorious Secret
dam_4784115,Silver Tide
dam_15229361,Lost Comet
dam_4023656,Lomapamar
dam_39678604,Lady Of Power
dam_34373836,Bise Valentine
dam_5167974,Reset City
dam_33729920,Price Du Charmil
dam_5824868,Johnsalice
dam_4082106,Ginandit
dam_5935097,Aliana
dam_5902785,Katawi
dam_5896156,Permsiri
dam_9878162,Baltic Duchess
dam_5296844,Asheerah
dam_5215735,Auspicious Outlook
dam_7923202,Carrigeen Diamond
dam_4150034,Heavenly Pleasure
dam_6318746,Champagne Time
dam_5176409,Supreme Empress
dam_3415279,Really Polish
dam_5527781,Fragonard
dam_5962040,Fast And Pretty
dam_4909177,True Britannia
dam_5903401,Alafzara
dam_6059424,Rectitude
dam_3976154,Desert Royalty
dam_27451991,Florice
dam_5210422,Thisbee Du Mathan
dam_5703467,Push And Boots
dam_22907402,Rafale D'Aron
dam_3380349,Babet
dam_43827077,Silver Slaim
dam_4168451,Evanesce
dam_5682005,Rebel Magic
dam_6674500,Dazzling Rose
dam_6018908,Dancing Moon
dam_18463522,Born Confident
dam_21685776,Spiritus Sanctus
dam_5201000,Simkana
dam_25795518,Delevigne
dam_13931078,Texanne
dam_5305286,Button Moon
dam_5246024,Shadow Of The Sun
dam_7129885,Queen Kindly
dam_5253822,Piece Of Magic
dam_18771424,Point Reyes
dam_5383329,Whipped
dam_42005488,Time Of Change
dam_6091834,Grand Depart
dam_19147513,Sweet Joanna
dam_4855872,Mischief Making
dam_5299161,Waitress
dam_15900591,Cnoc An Oir
dam_5427751,Definite Artist
dam_6203435,Gwenadu
dam_4591384,Chartani
dam_5191095,Gilded Butterfly
dam_6235208,Intaglia
dam_4063164,Dame Blanche
dam_6238953,Balance
dam_5944204,Lady Dragon
dam_31982489,Caribbean Babe
dam_10864322,Fidaaha
dam_7227913,Tschierschen
dam_5862878,Lady Marl
dam_6208671,Wowcha
dam_5720043,Wadaa
dam_36273727,Parton
dam_10911831,Lady Momoka
dam_5655769,Hard Walnut
dam_4087006,Kind
dam_6291124,Zondaq
dam_10755822,Strawberry Lace
dam_10043670,Cosmopolitan Queen
dam_7665952,Curtsy
dam_3724140,Santolina
dam_10093041,Moghamarah
dam_6061118,Luna Moon
dam_6082636,Beautiful Ending
dam_11424938,Rahaaba
dam_7816844,Spring Eternal
dam_2144954,Golden Years
dam_5246668,Spontaneity
dam_10197523,Tajaanus
dam_22259468,Bronte Girl
dam_6956026,Cuff
dam_5846281,My Titania
dam_4814733,Guardia
dam_5574107,Red Halo
dam_6348251,Sand Rose
dam_31660433,Alyamaama
dam_31259431,First Love
dam_12584152,Kasalla
dam_4727345,Criticism
dam_5674676,Hairy Rocket
dam_5136271,Nashama
dam_6235089,Honey Hunter
dam_4851882,Crystal Capella
dam_5587477,Louve Rose
dam_31492965,Countryside
dam_3986234,Anna Simona
dam_14285159,Policy Term
dam_6229993,Affirmative
dam_5673311,Wilddrossel
dam_5865027,Ravensburg
dam_5726868,Becbec
dam_7370979,Paradise Cove
dam_5737837,Miss Macnamara
dam_5800900,Johara
dam_5512395,Pale Orchid
dam_7897463,Tureyth
dam_18445301,Whocalledmespeedy
dam_10832997,Craftiness
dam_30110255,Dutch Dream
dam_16155566,Oydis
dam_5382748,Posterity
dam_6266379,Please Me
dam_14275450,Klassique
dam_5102118,Romea
dam_5944323,Waldfest
dam_5508601,Shamooda
dam_10795148,Hence
dam_14165172,Zagitova
dam_4667852,Mamma Morton
dam_40805583,Amazonka
dam_12574464,Cloudy Dancer
dam_32882066,Setsuko
dam_20067243,Dutch Monument
dam_4967508,Bibury
dam_10001642,Maggies Angel
dam_35580755,Sassy Dresser
dam_6208524,Morsian
dam_39190648,Shurakaa
dam_5129271,White Daffodil
dam_19428843,Approaching Autumn
dam_5740966,Blessing Box
dam_28535416,Epping Rose
dam_28693735,Golden Child
dam_22250998,Misfortunate
dam_5846309,Stars So Bright
dam_5944246,Starlet
dam_21725242,Sun Tide
dam_6140589,Danni Samuel
dam_6231631,Very Honest
dam_14131824,Vrai
dam_17192224,Try Yes
dam_11052580,Simple Thought
dam_6140365,Royal Circles
dam_5668600,Rose Ransom
dam_4953655,Dream Esteem
dam_5101992,Elizabelle
dam_4476472,Glitter Baby
dam_4997468,Albertine Rose
dam_5290978,Disclose
dam_26460000,Eloge
dam_5211353,Walk Folie
dam_5504660,Jumpingjude
dam_4752503,Kotkicha
dam_4673557,Day's Over
dam_6405210,Ratina De Vaige
dam_17950107,My Mountain
dam_16133061,Inhale
dam_13773501,Scintilating
dam_4490318,Itqaan
dam_7174923,Drumfad Bay
dam_14084644,Tough Spirit
dam_5725958,Lava Flow
dam_7344932,Thrust Home
dam_8174299,Cashla Bay
dam_5752838,Dubai's Success
dam_15654492,Eria
dam_19645829,Colouring
dam_26116881,Lady Lockwood
dam_39190893,Molly Kool
dam_6224407,White Bullet
dam_13397804,Passionate Love
dam_5101999,Full Mandate
dam_5522321,Runaway Sparkle
dam_5327469,Pencarrow
dam_11125849,Sheikha Reika
dam_30058231,Bahjtee
dam_5036745,Hidden Brief
dam_5717222,Alive Alive Oh
dam_6010949,Debutante
dam_4623346,Liscanna
dam_14174006,Fabulae
dam_35839566,Exploitation
dam_412672589,Dreams With You
dam_19983831,Tuscan Oasis
dam_35231959,Copplestone
dam_3969378,Wondrous Story
dam_6894230,Balcony
dam_5677147,Snow Powder
dam_26422774,Live Love Laugh
dam_6050296,Power Of The Moon
dam_5574121,Yojojo
dam_10400355,Oneroa
dam_6090203,Baileys Partytime
dam_4232809,Scartara
dam_6083798,Benina
dam_5481637,Last Campaign
dam_5124812,Revelling
dam_4670393,Materiality
dam_4737306,Ocean Transit
dam_7511294,Onest
dam_6383601,Koko Rose
dam_5730578,Udontno
dam_5875282,Supreme Bailerina
dam_5720365,Sunny Hollow
dam_5704482,Katy Spirit
dam_10137351,Inchargeofme
dam_7182175,Roxity
dam_6265672,Natural Beauty
dam_4951604,Bridal Dance
dam_6013847,Amicus
dam_6033874,Blue Waltz
dam_8213688,Precieuse
dam_11845519,Kinaesthesia
dam_6428450,Nezwaah
dam_34387899,Newton's Angel
dam_5870186,Adhwaa
dam_7252077,Rhododendron
dam_5585503,Icky Woo
dam_5808355,More Than Sacred
dam_6254556,Shadow Hunter
dam_5917289,Taghrooda
dam_7341222,Diagnostic
dam_26023606,Harem Mistress
dam_6039215,Together Forever
dam_6286476,Moorside
dam_6266988,Alakhana
dam_21878374,Endino
dam_10523996,Namibie
dam_6338857,Clann Force
dam_7918904,Moll Anthony
dam_13543509,Finata
dam_18512655,Kirstenbosch
dam_43573019,Precipitate
dam_21616903,Always Tomorrow
dam_31660671,New Desire
dam_5371947,Making Eyes
dam_6254066,Sparring Queen
dam_5890283,Modify
dam_5876045,Only For Fun
dam_6930497,Hoyamy
dam_14640801,Shorter Skirt
dam_12271567,Unveiling
dam_5389475,Triveni
dam_7714588,Readyandaway
dam_6040657,Rosalie Bonheur
dam_6080270,Teofilo's Princess
dam_6298110,Liss Croga
dam_6026559,Talawat
dam_3944493,Dd's Glenalla
dam_5087754,Laminka
dam_5860365,Ratheniska
dam_4897676,Had To Be Done
dam_5336016,Sacre Fleur
dam_4755058,Russian Empress
dam_5608925,Mirrorblack
dam_5909659,Celestial Empire
dam_4023684,Miss Polaris
dam_6226199,Floriss
dam_5696208,Rehn's Nest
dam_6467209,Martina Franca
dam_42226023,Utrinque Paratus
dam_14285138,Pretty Pollyanna
dam_6088929,Woomera
dam_6340530,Marasil
dam_7344876,Vernatti
dam_5862948,Bustling Darcey
dam_5950994,Miss Topping
dam_6200460,Textuelle
dam_5692043,Katty Barry
dam_3757838,Innsbruck
dam_4565463,Misleain
dam_5384792,Robinia Directa
dam_4624984,Cellar Door
dam_4797205,Jeepee's Dream
dam_5486621,Gagarina
dam_43637160,Daniela De Vega
dam_10714522,Wisdom Mind
dam_11000990,Tayara
dam_5696243,Say
dam_7157437,Kendamara
dam_21912296,Shesells Sanctuary
dam_8174250,So Sleek
dam_5789700,Sweetbriar Rose
dam_4434192,Easter Vic
dam_5583256,Young Lady
dam_13527220,Bond Holder
dam_14902615,Karinswift
dam_5838294,Storm Away
dam_5901014,Donna's Pride
dam_4456018,Miss Mitch
dam_5309269,Botanique
dam_5287135,Famusa
dam_4722760,Me Julie
dam_5631752,Bright Girl
dam_20530937,Eileithyia
dam_4946109,Another Shot
dam_6980680,Autumn Surprise
dam_28220318,Loving Touch
dam_6043653,Gumhrear
dam_22897336,Pyrean
dam_35306719,Cyrenaica
dam_4800096,Red Dune
dam_16206841,Harriet Tubman
dam_9603041,Smooth Sailing
dam_4930569,Badweia
dam_11052657,Wind Storm
dam_8796298,Deleyla
dam_5205879,Srda
dam_10018015,Marie The Sea
dam_21954674,Contida
dam_29229697,Rasan
dam_43637139,Meggys Dream
dam_10287613,Edessa
dam_6025929,Princess Guest
dam_18714920,Saffey Of Nowhere
dam_5873217,Bureau
dam_3736789,Nasmatt
dam_6260380,Handbell
dam_18857090,Flaming Princess
dam_39061603,Sleepless
dam_13892270,Stylos Ecossais
dam_22065211,Rose Tinted Sand
dam_5532219,Khaleejiya
dam_5841787,Classy Lassy
dam_4986352,Teeky
dam_4480672,Daring Diva
dam_7505470,Dierama
dam_4035801,Teutonic
dam_7121156,Butterflies
dam_30455439,Kentucky Belle
dam_5915847,Tioga Pass
dam_5688935,Cruck Realta
dam_4183466,Something Exciting
dam_6213389,Salome
dam_7197785,Dubara
dam_11526165,Sageness
dam_5668572,Jillnextdoor
dam_19830398,Tawkeel
dam_5514362,Lady Gorgeous
dam_5876535,Lady Lara
dam_8294055,Silver Clouds
dam_5569319,Masandra
dam_5025405,Am I Blue
dam_6204716,Star Of Kings
dam_5325761,Wonder Of Wonders
dam_7654906,Ninas Rainbow
dam_10930913,Lady Baker
dam_22121316,Farran
dam_6085758,Deep Blue Diamond
dam_5075560,Six Diamonds
dam_5969628,Risk A Look
dam_7065135,Queen Of The Stars
dam_19227782,Dubai Paradise
dam_5743017,Seolan
dam_6129564,Chasing Rubies
dam_5381747,Spinatrix
dam_5868681,Remember You
dam_4608912,Mrs Quince
dam_4987717,Caster Sugar
dam_13491289,Feline Groovy
dam_4497990,Melaaya
dam_18771221,Sovereign Beauty
dam_10311182,Qaws
dam_5131994,Altogether
dam_33479943,Eye Witness
dam_6051024,Gipsy Doll
dam_6169016,Khaleesi Wind
dam_10179211,Clonville
dam_6754209,Dizzy
dam_6818490,Lindoras Grace
dam_5874680,Dont Tell Nan
dam_5299084,Najoum
dam_15987412,Vandella
dam_13974961,Mojika
dam_10092964,Royal Ffanci
dam_4988298,Midday
dam_6000638,Pack Together
dam_6015464,Kallisha
dam_9566844,Strathspey
dam_18580695,Heaven Of Heavens
dam_13998887,Chaleur
dam_3194408,Danae
dam_7623049,Flying North
dam_5852028,Wiki Tiki
dam_6084876,She Mystifies
dam_12259940,Destiny Calls
dam_6273344,Thakerah
dam_10723209,Artisanne
dam_14594174,Just So
dam_21259000,Pop The Confetti
dam_5819954,Blhadawa
dam_6012048,Amber Crystal
dam_6065465,Signs And Signals
dam_4053266,Marysienka
dam_5532198,Symposia
dam_5665555,Lasilia
dam_6007694,Jeanne Girl
dam_6021750,Rayna
dam_43637153,Zagharit
dam_4251261,Shop Again
dam_10747835,Wotamadam
dam_6038284,Afilla
dam_4169151,Precipitous
dam_21237783,Soony
dam_5315695,Beau Fete
dam_4610550,Pioneer Bride
dam_5755841,Qareenah
dam_4651640,La Grande Zoa
dam_6150984,Song Lark
dam_3724560,Third Dimension
dam_16366840,Optimization
dam_6044906,Muraaqaba
dam_5709774,Nation
dam_5882051,Vallecupa
dam_6211597,Cesca
dam_5531407,Chili Dip
dam_6272434,Here's Two
dam_11195723,Grecian Artisan
dam_5795370,Combustible
dam_7032746,El Issidro
dam_4880904,Reaf
dam_6278209,French Blue
dam_5865041,You Look So Good
dam_6278314,Warshah
dam_5306245,Diablo Dancer
dam_20978811,Ahazeej
dam_19107830,Rachel Wall
dam_15171107,Mubtasimah
dam_5169696,Distinctive
dam_4747778,Littlemisssunshine
dam_11125891,Bint Huwaar
dam_4706590,Elizabeth Swann
dam_5737879,Chittenden
dam_22575707,Valeria Victrix
dam_4790814,Solita
dam_7278397,Liwa Palace
dam_15715784,Winiata
dam_5453238,Compton Bird
dam_10882088,Betsey Trotter
dam_10704750,Cherry Oak
dam_23126222,Love Those Legs
dam_6240535,Wild Blossom
dam_5792052,Sweet Idea
dam_4977049,Ama
dam_5309570,Moonlight Rhapsody
dam_23417632,Dam Royale
dam_11245423,Knyazhna
dam_12186314,Contrive
dam_4227699,Thorntoun Piccolo
dam_5398708,Spirit Of Grace
dam_4792522,Mia Diletta
dam_36453935,Alnoras
dam_5710432,Bell Su River
dam_6182771,Last Gold
dam_4782302,Starfala
dam_5895365,Sar Oiche
dam_9758336,Hidden Charms
dam_15626933,Firebird Song
dam_7264019,Wessex
dam_5210394,Ahwahnee
dam_10119844,Marie Josephe
dam_5385513,Supreme Seductress
dam_5944148,Ebeyina
dam_5029976,Russiana
dam_4094048,Poetical
dam_6092499,Star Of Seville
dam_8418879,Artistica
dam_24758713,Rihaam
dam_15069012,Cartiem
dam_5249377,Stars In Your Eyes
dam_16196117,Swift Rose
dam_5959205,Secret Pursuit
dam_7188503,Quick Chat
dam_18705232,Raffle Prize
dam_4553402,Gilded
dam_5314015,Boastful
dam_6317472,Fool's Dream
dam_7215299,Spellcraft
dam_11719246,Desert Diamond
dam_10042683,Columbia Kid
dam_4725168,Knock Twice
dam_6044815,Arte Volante
dam_10548643,Kalagia
dam_5732188,Linarda
dam_18581948,Shirin Jaan
dam_5674305,Pass The Time
dam_4974221,Suzie Quw
dam_4482149,Crossing
dam_10939901,Dream Dancing
dam_5867491,Gone Sailing
dam_4639446,Beacon Of Hope
dam_18517912,Lady Fanditha
dam_7253918,Chicago Star
dam_5933627,Twilight Sky
dam_5327518,Midnight M
dam_5133688,Electric Feel
dam_38792684,Baby Dreamer
dam_6041343,Sugar Mill
dam_4105388,What A Picture
dam_3960782,Isla Azul
dam_5885509,Keilogue
dam_4184264,Angeleno
dam_5723732,Privacy Order
dam_12564027,Glories
dam_10042963,Lucia De Medici
dam_3844498,Hymn Of The Dawn
dam_5881232,Sound Reflection
dam_6290193,Moment Of Truth
dam_6224344,Aberlady
dam_19788237,Call Of The Jungle
dam_4908925,Moss Likely
dam_4548943,Funsie
dam_12877088,Parthenos
dam_5289634,No Poppy
dam_5827892,Late Rosebud
dam_4005995,Miniature Rose
dam_4905292,Reine De Lestrade
dam_4636303,Satco Street
dam_3794259,Consultation
dam_6264167,Lockeen Girl
dam_5598173,Macs Magic
dam_42553616,Killotteran
dam_5139568,Bermondsey Girl
dam_20316947,Truffe
dam_5559162,Daniety
dam_5751774,Lillebonne
dam_4237408,In Clover
dam_6279189,Gouache
dam_5672303,Attire
dam_5536482,Minidress
dam_17191937,Piece Of Paradise
dam_7313089,Believable
dam_4809049,Bronze Queen
dam_5721002,Hermosa Vaquera
dam_11399528,American Endeavour
dam_4736067,Scrumptious
dam_4884418,Raggle Taggle
dam_4911291,Infamous Angel
dam_25013814,Tilly Two
dam_4493251,Miacarla
dam_5155927,Right Rave
dam_11629828,Spanish Soprano
dam_5155689,Keertana
dam_7121163,Dilmun
dam_5701143,Raskutani
dam_5152791,Watchoverme
dam_7334005,Pichola Dance
dam_5172839,Seta
dam_5291454,Distant Waters
dam_5967262,Up And Running
dam_20222510,Resolute Bay
dam_4819528,Magen's Star
dam_5765592,South Ring
dam_4989026,Super Sleuth
dam_6034028,See Your Dream
dam_6034567,La Foret
dam_27181049,Gareduhavre
dam_4196199,Goslar
dam_21387478,Goodthyme Ticket
dam_3795442,Zaffaranni
dam_4677995,Holly Girl
dam_4482282,Mayonga
dam_6885592,Katy P
dam_5948747,Lily Little Legs
dam_4464292,Lesoquera
dam_6117048,Misty Lass
dam_6157655,Quarryanna
dam_6340453,Kintyre
dam_4239809,Loachapoka
dam_4520740,Reem Three
dam_12564398,Estijaab
dam_16523143,Clerisy
dam_6033951,Be Released
dam_5390021,Field Of Miracles
dam_5364394,Rose Bonheur
dam_6312782,So Mi Dar
dam_4794125,Quail Landing
dam_5183717,Morning Legend
dam_16802366,Valentina Gaye
dam_5226137,Our Victoria
dam_5844195,Vilja
dam_7274253,Harbour Star
dam_3755913,Gaelika
dam_4054785,Radical Rascal
dam_6025257,She's Complete
dam_5528971,Authora
dam_22567713,Supreme Hazel
dam_4145148,Golden Anthem
dam_5341266,Khelwa
dam_3425632,Chervil
dam_6077603,Tingleo
dam_5697251,Diaminda
dam_21044786,Belle Soleil
dam_7160783,Apres Midi
dam_5126835,Tropical Treat
dam_4930562,Amber Queen
dam_5178922,Belle's Edge
dam_3363731,Mega
dam_6322127,Swiss Range
dam_7174965,Faradays Law
dam_3642961,Love Divine
dam_5382874,Valbonne
dam_10930885,Dolcissimo
dam_4994605,Euroceleb
dam_5365920,Bezique
dam_5299525,Playful Girl
dam_5532415,Tonle Sap
dam_9885988,Abyssinia
dam_6084197,Lucy The Painter
dam_5884844,Perfect Blessings
dam_9693964,Camisole
dam_15030638,The Galla Girl
dam_5427044,Coquet
dam_6153812,Ball In Wood
dam_5375475,Dear Bach
dam_5145721,Night Of Magic
dam_3949841,Soranna
dam_23369360,Over Play
dam_6201594,Littlemiss
dam_20636497,Noble Heritage
dam_5710992,Penchant
dam_4793691,Badalona
dam_14165382,Balaawy
dam_37821770,Miss Sparkle
dam_4488470,Point Perfect
dam_4057368,Go Between
dam_4809084,Little Annie
dam_12000968,Para El Futuro
dam_6286434,Konigin Cala
dam_5559862,Inffiraaj
dam_4586680,Gortbofearna
dam_3921008,Court Leader
dam_6017032,She's Da One
dam_5528138,Manbaa
dam_10615878,Camomile Lawn
dam_13788173,Essenza
dam_5019196,Biswa
dam_10223031,My Lady Dane
dam_4712071,Mrs Marples
dam_4687858,Knockieran
dam_12933935,Kiltiernan Road
dam_6065423,Maia Royale
dam_15854370,Kings Diva
dam_4522700,Keeping Watch
dam_4720065,Little Miss Monty
dam_6330198,Megan Mint
dam_11881632,Strike The Pose
dam_5387060,Golden Gael
dam_4148361,Dutch Star
dam_5442521,Shaylee Wilde
dam_5540150,Ambush Angel
dam_26755764,Aragons Gambler
dam_6087123,Tsaritsa
dam_6033335,Wildlife Lodge
dam_4192272,Takawiri
dam_4203262,Casual Remark
dam_5820465,Heroique
dam_39962930,Jenny Walker
dam_6062336,Ridge Ranger
dam_7291725,Hilldale
dam_5817917,River Lass
dam_5761812,Dame Du Floc
dam_13688850,Vrai Bonheur
dam_6853028,Romane Grandchamp
dam_4609472,Megans Joy
dam_20085660,Pamalee
dam_5210359,Countess Comet
dam_4454723,Tushana
dam_39060112,Annual
dam_11295851,Fool For You
dam_4985414,Fallen In Love
dam_5571699,Tempest Fugit
dam_5805240,Gaterie
dam_6282780,Free To Roam
dam_4639537,Maid To Believe
dam_7139538,Zambezi Queen
dam_4795840,Screen Star
dam_5643750,Roma Eria
dam_8174222,Lenoire
dam_12049863,Chloris
dam_6035106,Via Lattea
dam_6048882,Allegrezza
dam_11195863,Peggie Sue
dam_6112463,Truth
dam_5914097,Jordan Princess
dam_4983615,Faldal
dam_6014841,Cursory Glance
dam_4948328,Great White Hope
dam_5502252,Sotka
dam_6012321,Shobobb
dam_5539821,Operettist
dam_5492109,Favorite Girl
dam_11944114,Seek The Moon
dam_5680962,Mary's Daughter
dam_22739843,Capla Lass
dam_5693884,Amazonas
dam_5931191,Lamazonia
dam_5503449,Illaunglass
dam_5693807,Agent Allison
dam_5440008,One Last Dance
dam_5891676,In Bloom
dam_15987174,La Ninfa Rossa
dam_7623091,Syndicate
dam_38188157,Pointer
dam_6068293,Ballet Of Doha
dam_5668628,Starbright
dam_6240724,Todaraba
dam_22897812,Coco Milan
dam_5978630,Murphys Filly
dam_6405203,Soleil Sauvage
dam_5356449,Ana Style
dam_4749150,Saoirse Abu
dam_5941593,Davinia's Tip
dam_4490451,Viz
dam_4088077,Theatre Belle
dam_6177710,Arcanista
dam_6025572,Russian Heroine
dam_35881104,Sea Minstrel
dam_5314939,Slatey Hen
dam_5181064,Superior Edge
dam_4937366,Queen Of Lyons
dam_6340369,Ile Flottante
dam_5758550,Plumba
dam_5695795,Vellena
dam_5852595,International Love
dam_4135985,Sabreflight
dam_6180853,Tara's Rainbow
dam_4164874,Sorelia
dam_12844888,Ashlings Princess
dam_4977714,Tazminya
dam_5355357,Pokerhuntress
dam_5532163,Livia Galilei
dam_3899812,Macnance
dam_12072627,Semur
dam_5722038,Be Royale
dam_10911929,Crown Vallary
dam_6152195,Ayresome Angel
dam_5377162,Pacific Pride
dam_4822538,Reclamation
dam_35148841,Showtank
dam_6803391,Espagnolette
dam_18809476,Multiply By Eight
dam_11381454,Rapid Reaction
dam_5797099,Rememberance Day
dam_10273256,Relevant
dam_16774534,Heels
dam_16133047,Autumn Leaf
dam_7008750,Playing Trix
dam_12922707,Juneau
dam_8525776,Dancing Breeze
dam_6109628,Wotnot
dam_5961242,Twentytwo's Taken
dam_6025180,Flammetta
dam_7149576,Our Valentina
dam_5156963,Turga De La Tour
dam_5350212,Nadia Des Pictons
dam_4637045,In A Rush
dam_12998307,Clamit Brook
dam_21660009,Uitiepy
dam_17310699,Fly Osoria
dam_4512571,Early Evening
dam_4385689,Island Odyssey
dam_5596577,Rio Athenas
dam_7117285,Moondust
dam_3338874,Oiselina
dam_4746742,Soliya
dam_19538092,Impasse
dam_5740063,Annina
dam_4573688,Avoine
dam_6278664,Fly
dam_5330675,Codera
dam_6301813,Myturn
dam_6410775,Royal Order
dam_5920698,Angel Falls
dam_23521204,Spinning Dreams
dam_10782429,Whistling Straits
dam_8388002,Heartasia
dam_19107802,Global Light
dam_4594023,Reeling N' Rocking
dam_5916701,Token Of Love
dam_6094655,Tazffin
dam_5689033,Sand And Deliver
dam_5102496,Mosa Mine
dam_6013770,Dardiza
dam_6333404,Royal Solitaire
dam_5574240,Soho Rose
dam_5290663,Laverre
dam_29919078,Aching Heart
dam_11268411,Martini
dam_4626041,Question
dam_4447856,Peace And Love
dam_11125912,Soliloquy
dam_15854720,Azwah
dam_6079780,Bella Nouf
dam_12622890,Too Precious
dam_15205281,Decorating
dam_5702172,Filona
dam_3002776,Petit Trianon
dam_13556648,Amthaal
dam_14084812,Mona Lisa's Smile
dam_10018309,Tirania
dam_5181904,Venus Rising
dam_6247542,Faseeha
dam_5727036,Single
dam_6003333,Etaab
dam_3367924,City Of Angels
dam_6050576,Agreeable Miss
dam_34473124,Star Affair
dam_6282892,Pas De Soucis
dam_5935475,Lavender Lane
dam_3605371,Kahyasi Moll
dam_6043079,Adelasia
dam_15205435,Hostess
dam_18809651,Irish Steps
dam_38118465,La Rosetta
dam_5552274,Varnish
dam_36763762,Al Mayhola
dam_33875513,T Shirt Sun Tan
dam_13491317,Strings Of Life
dam_8387904,Victorian Beauty
dam_6039299,Pixeleen
dam_5521607,Bountiful Girl
dam_5706435,Desert Berry
dam_15716001,Fragrant Dawn
dam_7047061,Signora Queen
dam_5639606,Sweet Alabama
dam_41782461,La Rouel
dam_6107962,Golden Laughter
dam_6268248,Gale Song
dam_6312593,Flying Fairies
dam_37052386,Samantha
dam_6127996,Very Good News
dam_29228094,Winter Ballerina
dam_4960305,Heartsease
dam_4220440,Epiphany
dam_5841668,Rizeena
dam_7032515,Sea Of Grace
dam_10465175,Park Bloom
dam_3671066,Minnie's Mystery
dam_7897477,Melinoe
dam_5364555,Shaleela
dam_5714695,Filatelia
dam_5648146,Woven Lace
dam_5146666,Middle Club
dam_6220732,Bargain Buy
dam_12251715,Selva Real
dam_5907608,Asteroidea
dam_13556599,Cascella
dam_17763473,Quads
dam_15772274,Volcanique
dam_4265352,Fille D'Honfleur
dam_16478588,Twilight View
dam_4662861,Dabiyra
dam_4922820,Louis's Teffia
dam_4798941,Dona Alba
dam_3829868,Queen's Logic
dam_5515622,Goochypoochyprader
dam_18143706,Pleasant Piper
dam_4720079,Rivers Daydream
dam_5914790,Silver Mirage
dam_18981564,Tautou Montjeu
dam_8710583,Trasparencia
dam_4765943,Another World
dam_5011384,Diamond Surprise
dam_5114382,Kataragama
dam_4081749,Blue Dress
dam_6017970,Rathaath
dam_6068461,Dream Craft
dam_13445936,Veronica's Gift
dam_5909582,Centoria
dam_4726778,Anns Island
dam_23433417,High Dolly
dam_5994121,Flambeuse
dam_5359403,Ormita
dam_6389950,Ariel Star
dam_5756975,Cherry Malotte
dam_19501132,Ginseng
dam_8387638,Peace In Motion
dam_11305882,Idalia
dam_5991664,Crystal Malt
dam_8688582,Shelbysmile
dam_7263459,Short Squeeze
dam_5095041,Bouncing Bean
dam_4079859,Coimbra
dam_5950595,Ella's Promise
dam_3608696,Step With Style
dam_5307064,Fuzzypeg
dam_5828774,Magical Theatre
dam_3761471,Castellina
dam_7361753,Candyco
dam_6169527,Silver Springs
dam_17856839,Electric Ladyland
dam_7886347,Rainbow Royal
dam_5732972,Sweet Rose
dam_5511793,Code Cracker
dam_17196977,Light Bay
dam_13637918,Fighting Spirit
dam_11372991,Cirrus Minor
dam_16313528,Steal The Show
dam_5503064,Gamilati
dam_14073171,Maymona
dam_5824413,Fanciful Dancer
dam_4927979,Light It Up
dam_28014210,Love On My Mind
dam_4246396,Tipperary Honor
dam_6104749,Lismore
dam_13021372,Sense Of A Woman
dam_6909476,Mint Julep
dam_21663026,Beat Of Love
dam_4669917,Hypoteneuse
dam_4620826,Eastern Appeal
dam_10119543,Panthelia
dam_5322212,Teo's Sister
dam_11969580,Fresh Terms
dam_10755794,Beshaayir
dam_5473251,Minnie Ray
dam_5448156,Made For Sharing
dam_5278623,Island Rhapsody
dam_5385303,Elodie
dam_5257882,Kahlua Cove
dam_3771292,Supreme Touch
dam_18580653,Kris Krystal
dam_8000881,War Creation
dam_5868660,Glace
dam_21685454,Deise Blue
dam_5903408,Rose Lilas
dam_4915274,Percolator
dam_6278216,Glenmayne
dam_5759264,Pomology
dam_5480699,Aaraas
dam_6198759,Sacred Harp
dam_4759125,Anne Of Kiev
dam_7749609,Fox Mint
dam_4787405,Lady Jinks
dam_5766110,Xpectations
dam_5268060,Roll Over Rose
dam_4537715,Watch The Wind
dam_4970154,Snoqualmie Girl
dam_7076027,Condensed
dam_17191601,Tip It On The Top
dam_5841906,Dream Wild
dam_13640081,Bolshina
dam_10303363,Take Me With You
dam_5685743,Hoyam
dam_5937918,Passionable
dam_7061439,Mordoree
dam_5205921,Desert Sage
dam_5886902,Lucy Parsons
dam_26408235,Street Love
dam_5854639,Pachelbelle
dam_33789469,Pigota
dam_5800858,Cadeaux Power
dam_20767754,Come On Linda
dam_687162,Mood Swings
dam_4385647,Haiti Dancer
dam_9878197,Constant Comment
dam_4057403,Lady Blade
dam_6137628,Tara The Tiger
dam_3992772,Wedding Night
dam_26260976,Kelley Marie
dam_12169297,Merci Jandrer
dam_5689082,Gaelic Ice
dam_10669099,Peace Alexia
dam_4662924,Instant Sparkle
dam_5098884,Photographic
dam_5564104,Bint Almukhtar
dam_4620966,Fantastic Santanyi
dam_5719672,Pay Lady
dam_4057844,Lady Lucia
dam_8387596,Elektra Street
dam_19725048,Coconut Kreek
dam_5352438,Crystal Morning
dam_5065242,Nohabodder
dam_6288583,Mel Biechif Diane
dam_3947741,L'Eclipse Francaise
dam_5994877,Geraldine's Pet
dam_5613020,Young Amelie
dam_3940034,Molly Be
dam_5014142,Cool Quest
dam_5138490,Ciannte
dam_3751860,Star Seventeen
dam_5906250,May Hay
dam_5934565,Phecda
dam_35553420,Stormy Spirit
dam_3871336,Polly Anthus
dam_27889323,Genandjoe
dam_5309507,Azlaa
dam_20976403,Alice Treasure
dam_5143439,Off She Goes
dam_5985182,Haltons Hill
dam_40095622,Jane's Part Worn
dam_13975066,Ma Minx
dam_5109454,Lusos Wonder
dam_4918627,Gran Chis
dam_3822567,Pietra Dura
dam_6346620,Great And Small
dam_36062159,Tahilla
dam_8024625,Crimson Rosette
dam_6026447,La Petite Reine
dam_5685862,Ana Shababiya
dam_5924422,Arabian Beauty
dam_9721264,Global Alexander
dam_5659472,Dark Orchid
dam_31069150,Mariana
dam_5466524,Restiadargent
dam_8000909,Killermont Street
dam_10864399,Poetic Imagination
dam_4824134,Trianon
dam_6060432,Same Jurisdiction
dam_4969440,Tip the Scale
dam_8710534,Potters Sapphire
dam_5504982,Can Dance
dam_16312989,Hinting
dam_23961616,Liscannor
dam_6050016,Auld Fyffee
dam_3246229,Miss Lacroix
dam_4922197,Gilwen Glory
dam_6467636,Roxy Belle
dam_4866043,Bijou Love
dam_7305627,Killenagh Oscar
dam_5429515,Baidin Fheilimi
dam_8411466,Folly Dat
dam_5559694,My Virginia
dam_5233109,Sauveterre
dam_5742821,Vakina
dam_5366781,Mujarah
dam_4948440,Mayorstone
dam_5196702,Push Me
dam_6284327,Chinoiseries
dam_4707395,Garabelle
dam_4757795,Look So
dam_14650293,Flashly
dam_6106079,Suffused
dam_5373781,Desert Version
dam_18323452,In The Present
dam_6267408,Amberita
dam_5557069,Brillante Etoile
dam_13097189,White Light
dam_13261682,Deia Glory
dam_8059583,Bradfield Magic
dam_11629933,Examinee
dam_5548480,Savida
dam_6338381,Ghedi
dam_5013617,Sharpened Edge
dam_4510681,Nyarhini
dam_5351969,Etarre
dam_7157493,Andanotherone
dam_7561624,Little Clarinet
dam_8888845,Olive Branch
dam_5740392,Mindy
dam_10540621,Tight Lines
dam_5118358,Gooseley Chope
dam_4211809,Dancing Duchess
dam_14892213,Simply Beautiful
dam_8174264,Doreen
dam_5703243,Foreign Legionary
dam_4777269,Red Blossom
dam_5735800,Shahad
dam_9886016,Jedi Princess
dam_4555621,Perfect Star
dam_27593748,Little Brown Jug
dam_14379491,Eneza
dam_5848682,Lamar
dam_5964091,Swift Campaign
dam_10632657,Capomento
dam_4908505,Caravan Of Dreams
dam_6219955,Bournemouth Belle
dam_5854317,Indigo
dam_4620868,Lilakiya
dam_4632355,Cindy's Fancy
dam_4176690,Island Of Memories
dam_5586882,Passlands
dam_4991245,Willowpattern
dam_5971042,Wizzy
dam_5399527,Apache Glory
dam_6983921,Annie Good News
dam_4227496,Miss Chaussini
dam_6021372,Belletriste
dam_7065261,St Mary's
dam_5887140,Louarn
dam_15268974,Morpho Blue
dam_6262634,Cocoa Beach
dam_5471690,Sister Guru
dam_5364408,Sparkling View
dam_42452235,Kerrykeel
dam_10170853,Grandegrandegrande
dam_4719687,Sahara's Dream
dam_6213291,Remake
dam_8608278,Pure Shores
dam_5791751,Cebola
dam_5310347,Lady Thermal
dam_10223143,Hurricane Society
dam_5172741,Giants Play
dam_3762297,Presuming
dam_5917282,Gold Approach
dam_5622547,The Wicked Kipper
dam_22897819,Agatha D'Alene
dam_4214931,Glittering Image
dam_4822524,Celeste
dam_6145972,Consumer Credit
dam_5532177,Really Lovely
dam_6334566,Megaron
dam_5901896,Patuca
dam_8490944,Coffee Date
dam_5926662,Renaissance Rio
dam_10479168,Weigelia
dam_4983489,La Zamora
dam_35040173,Murhibaany
dam_4089456,She Took A Tree
dam_6037710,Shagah
dam_5476975,Eaton Lass
dam_5923778,Kalanessa
dam_39962909,Starlight Dance
dam_11001270,Maghzaa
dam_6312586,Bibliotheca
dam_2816198,Avon Lady
dam_10400502,Lady Ederle
dam_3744258,Guaranda
dam_10287053,Frequent
dam_21986111,Humid
dam_5762687,Moulin De Mougin
dam_19501685,Nunzia
dam_10197551,Wings Of The Rock
dam_6239072,Luna Mare
dam_28013160,Desert Breeze
dam_5441513,Her Smile
dam_33930624,Galileo's Lady
dam_4113949,Kayak
dam_5270804,Holy Alliance
dam_6047783,Chances Are
dam_6038585,Diamondsandrubies
dam_5499501,Charlotte Rosina
dam_5711048,Viztoria
dam_5645528,Amerique
dam_6803748,Born Cross
dam_37110871,Rare Day
dam_5130468,Barter
dam_15054991,Sapa Inca
dam_8192800,Faradiba
dam_4829300,Quiet Elegance
dam_6202336,Mark Too
dam_19280786,Nurse Barbara
dam_9869944,Light Spirit
dam_5892810,Beyond Brilliance
dam_9886051,Love Money
dam_4058516,Avessia
dam_4560773,Plucky
dam_16096626,Orabella
dam_6847316,Boater
dam_16876272,Crown Of Flowers
dam_7469707,Raven's Lady
dam_10416861,Rondonia
dam_4635316,She's Our Mark
dam_24386383,Fingertips
dam_5343009,Swain's Gold
dam_5286988,Itsalark
dam_10001628,Could It Be Love
dam_5826555,Miss Rail Link
dam_5270895,Inca Princess
dam_4943386,Border Dispute
dam_6231890,Poyle Sophie
dam_6210197,Maleficent Queen
dam_10565583,Different League
dam_5337381,Apticanti
dam_5931464,Some Site
dam_13695983,Ginvincible
dam_5906691,Tonaphuca Girl
dam_4086229,Wou Oodd
dam_5734057,Kenny's Girl
dam_22047592,Southfield Etoile
dam_4122405,Run Tiger
dam_4046546,Coppervega
dam_4336906,Mighty Star
dam_17371249,Living Start
dam_3381511,Natalie Jay
dam_5105114,Sainte Adresse
dam_3924837,Kaer Gwell
dam_5669405,Secret Quest
dam_7511441,Millie's Kiss
dam_6167882,America Mon Amie
dam_7341285,Princesa Del Sol
dam_28536256,Stunner
dam_15043322,Dragic
dam_12087285,Colonia
dam_6208545,Bint Al Reem
dam_6007078,Fiery Sunset
dam_6306265,Quidura
dam_5532149,Jessie Jane
dam_6312775,Snow Moon
dam_4507566,Red Evie
dam_5818246,Sheema
dam_5190619,Timepiece
dam_5703229,Alamarie
dam_6754692,Heavenly Angel
dam_5913404,Azafata
dam_6075811,Parle Moi
dam_6075517,Bilissie
dam_6238631,Catchment
dam_6231400,Mrs King
dam_4951527,What's Up Pussycat
dam_5164313,Freddie's Girl
dam_4823217,Beach Bunny
dam_6338906,Mara Grey
dam_6018005,Zubaidah
dam_3592099,Zagaleta
dam_6232163,Malinka
dam_13173335,Snowbright
dam_21671587,Myseven
dam_11944037,Dansky
dam_8192772,Ettisaal
dam_18120200,Desire For Freedom
dam_10548594,Suelita
dam_40686583,Litte Miss Rascal
dam_5184333,Boragh Jamal
dam_7927962,Alluringly
dam_11776450,Ultima D
dam_6047363,High Celebrity
dam_6320300,Blumenfee
dam_4803106,Sweet Alabama
dam_7174860,Althiba
dam_6239149,Queen Blossom
dam_5173854,Antara
dam_6262613,Southern Belle
dam_18479580,Champagne Diet
dam_21607761,Valuable Miss
dam_19983887,Kahala Queen
dam_6818672,Heartlines
dam_6067390,Night Of Light
dam_24845723,Nu Couche
dam_4759146,Azure Mist
dam_6232268,Gallope
dam_4611537,Fancy Feathers
dam_5015829,Novita
dam_5004300,HMS Pinafore
dam_4196675,Ryoshi
dam_4895163,Flushtown Vale
dam_3995894,Maisey Down
dam_5531379,Midnight Sequel
dam_33464725,Hardiyna
dam_6021652,Dolniya
dam_17191202,Hawaajib
dam_6321308,Saucy Spirit
dam_6312768,Pure Fantasy
dam_13285132,Mill Meadow
dam_6079871,Shahzeena
dam_6086514,Sunny Again
dam_5780250,Activa
dam_28331758,Full Credit
dam_4180078,Smiddy Hill
dam_4651507,Run For Ede's
dam_7976262,Mawqed
dam_13694681,Intelectuelle
dam_6123565,Spirit Rock
dam_29091468,Marys Legend
dam_5645542,Iron Butterfly
dam_6340446,Bochafina
dam_12641468,El Deguello
dam_4159771,Miss Audacious
dam_4960823,Judys Gift
dam_5824420,African Keys
dam_25650807,Opera Gale
dam_5728044,Danisa
dam_5302899,Azzurra Du Caprio
dam_6154932,Aurora Leigh
dam_5180644,Nafura
dam_4467911,She Basic
dam_5340223,Native Picture
dam_4561347,Cushat Law
dam_12020008,Cue's Folly
dam_6030633,Accipiter
dam_10465000,Alghabrah
dam_5741281,Radiation
dam_4517996,Ripples Maid
dam_10965164,Crossing The Line
dam_4727464,Hespera
dam_13672239,Tobruk
dam_5972085,Light Fantastic
dam_6242103,Zebgrey
dam_5911458,Dynaglow
dam_6291593,Viadeigiardini
dam_13999048,Lauren's Girl
dam_6268927,Golden Stunner
dam_5851818,Hurryupharriet
dam_6038753,Joailliere
dam_6215545,Myrtle Drive
dam_5959275,Attente De Sivola
dam_4499208,Barrell Rose
dam_5977993,Pearly Legend
dam_5644422,Kyle Boru
dam_20297228,Aroka
dam_4892307,Quissisia Mans
dam_5035618,Rocella
dam_5694738,Specialty
dam_13695703,Roxy Art
dam_11195779,Faughill
dam_6035575,Capelita
dam_6062497,Penny Pepper
dam_4575410,Shuil Aris
dam_5497555,Clooney Eile
dam_30137674,Fly Awhile Jenny
dam_4422215,So Proper
dam_5357107,Cinders' Prize
dam_4035367,Material World
dam_5212333,Detroit Red
dam_4861073,Spiralling
dam_6049939,Agnes Stewart
dam_5275865,Lake Moon
dam_10042725,Too Familiar
dam_6254542,Alamode
dam_8042489,Poetic Queen
dam_4809504,Fanacanta
dam_5581961,Queen's Star
dam_5524064,Howards Babe
dam_21615076,Putland's Bridge
dam_11691946,Forces Of Destiny
dam_3749879,Dayamen
dam_4095707,Marinnette
dam_5632634,Pumped Up Kicks
dam_5606048,Dreaming On
dam_10351348,Honour Own
dam_5054280,Baile Dubh
dam_4244604,Recite
dam_10350914,Cthulhu
dam_18231647,Chasanda
dam_5875037,Angel Oak
dam_13961647,Main Edition
dam_19673108,Irish Tweed
dam_10076605,Apphia
dam_7096915,Boost
dam_18882087,Kingslady
dam_5987261,Call Me Blue
dam_4653355,Omirande
dam_6330744,Vincenta
dam_4263602,Auburn Cherry
dam_20204975,Dali's Theatre
dam_4681887,Vincennes
dam_6221054,Haddajah
dam_18517835,Zambian
dam_4213678,Swallow Falls
dam_6110559,Saffron's Song
dam_6390069,Graces Island
dam_7245525,Midsomer
dam_4741982,Concentric
dam_6160469,Fondly
dam_33095867,Mary's Choice
dam_8483006,Cartographer
dam_4982362,Ethaara
dam_6245057,Fly On The Night
dam_5141661,Shalanaya
dam_10223129,Dustys Delight
dam_4550133,Termsconditonsaply
dam_4200434,Pilgrim Of Grace
dam_28706391,Maggie From Dunlo
dam_5229364,Macville
dam_4638753,Cheeky Trucker
dam_5874358,Yakshini
dam_5690188,Terre D'Orient
dam_6040356,Generously Gifted
dam_3943492,Indian Maiden
dam_5498290,Munaa's Dream
dam_5125512,Operissimo
dam_5849326,Pretty Panther
dam_4627070,Galipette
dam_6194958,New Road Side
dam_4399535,Air Biscuit
dam_5168793,Poppy Seed
dam_6004208,Sarinda
dam_6067733,Oakley Girl
dam_5685645,Ispanka
dam_4631956,Nolas Lolly
dam_10197495,Summer Thunder
dam_5155836,Lady Darshaan
dam_6112540,Zvarkhova
dam_4671457,Theatre Girl
dam_5415074,Think Green
dam_5501349,Sagadoune
dam_29295140,Santa Luza
dam_4202296,Miss Kilkeel
dam_15920590,Serendipity
dam_3715894,Tribal Princess
dam_5439091,Miss Chatterbox
dam_4133129,Pixie Dust
dam_5517911,Lily In Pink
dam_5722612,Need You Now
dam_5118232,Miss Franklin
dam_6346291,Lidaya
dam_8917874,Grangeclare Star
dam_5942076,Hurricane's Girl
dam_6914012,Vega Sicilia
dam_20702997,Castleton Girl
dam_4227335,Miss Sally
dam_4667138,Anne Bonney
dam_16423197,Backstreet Girl
dam_6238029,Calypso Choir
dam_22829065,Style
dam_17196886,Buttercross
dam_30643179,Etoile Filante
dam_5493411,Khazeena
dam_8387890,Isabella
dam_6754174,Four Eleven
dam_9693705,Debutante's Ball
dam_5709144,Certify
dam_5226760,Passion Overflow
dam_10338503,Mrs Todd
dam_19501195,Greenland
dam_10465035,Caring Touch
dam_3815749,Hollybell
dam_5542299,Hairicin
dam_6113366,Packed House
dam_11416503,Well Yes
dam_18087335,Scotland Act
dam_17371312,Snoopy Milan
dam_5082308,Rosie O'Shea
dam_4988900,The Munyabure
dam_18144126,Princess Oriane
dam_5073964,Mayberry
dam_4935994,Annie May
dam_4573772,Castle Lake
dam_3835867,Spritzeria
dam_7170310,Wilamina
dam_6140470,Encantar
dam_6722457,So Funny
dam_11566604,Highgarden
dam_5958652,Pearling
dam_9983575,Our Lucky Venture
dam_5629120,Carole's Spirit
dam_5771654,Textos
dam_5338151,Ghillie's Bay
dam_5469968,Tumavue
dam_4064914,Run For Help
dam_3689749,Castlehill Lady
dam_7792141,Time To Blossom
dam_4494539,Prowess
dam_4902912,Kneeland Lass
dam_15512273,Loadsapromise
dam_4805906,Riverscape
dam_3854207,Islington
dam_4257890,All My Gold
dam_16341773,Lounoas
dam_33479208,Roses Of Summer
dam_5175905,Rydalis
dam_4549258,Zacheta
dam_5045908,Sandslide
dam_16028222,Wamika
dam_6295611,Field Robin
dam_5490982,Diamond Finesse
dam_30455446,Intuit
dam_21673050,Time Scale
dam_13551839,Delft Dancer
dam_7341089,Rutherford
dam_37303595,Aisling Ghear
dam_4838036,Michita
dam_5914160,Macnamara
dam_6083154,Salinia
dam_3770109,Loi Martiale
dam_13290697,Chasers Chic
dam_6311641,Mayberry
dam_6972399,Comely
dam_5331571,Delaware Dancer
dam_5010341,Riobamba
dam_4195793,Felicity
dam_4947376,Duaisbhanna
dam_6018012,Zuzinia
dam_4766706,Triskel
dam_5870144,Fashion Line
dam_14220773,Cape Cyclone
dam_11919173,Monteja
dam_6122235,Cold As Ice
dam_34572167,L'Etoile
dam_7076006,Time To Exceed
dam_10421334,Sunday Sister
dam_5896072,With Your Spirit
dam_6247689,Lumiere
dam_18517968,Paper Star
dam_5886699,Agathe Rare
dam_4162648,Waydale Hill
dam_21453999,Dendelady
dam_4528944,Ravishing Rita
dam_15268834,Lady Greta
dam_4499565,Cheyenne Star
dam_6059354,Pale Pearl
dam_5173077,Thrill
dam_5966954,Chatalong
dam_5383322,Spirit Of Cuba
dam_6038627,Escapism
dam_7337561,Wacaria
dam_5484297,Last Sunrise
dam_3723622,Marliana
dam_6008828,Anotherlady
dam_4581626,Broken Thought
dam_4513719,Creme Pralinee
dam_5284062,Royal Tango
dam_18441115,Anna David
dam_4713352,No Virtue
dam_5169794,One For Joules
dam_5140499,Bahia Do Brasil
dam_5276425,Get In There
dam_6176177,Gifted Rose
dam_34665694,Be Optimistic
dam_4062177,Bonnie Parker
dam_6214817,Urbestchance
dam_13829655,Stage Play
dam_4814964,Nouvelle Nova
dam_5211556,Great White Rover
dam_5908350,Sitting Pritty
dam_5201322,Holy Norma
dam_13637925,Shumookhi
dam_13788012,Elasia
dam_5854688,Anticipation
dam_4185069,Baileys Applause
dam_28536263,Marthamydear
dam_5307295,Imperialistic Diva
dam_4937030,Hollow Green
dam_36079855,Wild Mix
dam_7174944,Eziyra
dam_6337303,Lady Alacoque
dam_3864644,Polish Belle
dam_24721011,Supreme Miss
dam_5484738,Tellherimhere
dam_5473650,Carrigmorna Flyer
dam_4956616,Timon's Present
dam_6024942,Shesourpresent
dam_6254367,Fiesta Du Pecos
dam_5092409,Butlers Storm
dam_4207497,Burn
dam_17371305,Victoire Jaguine
dam_3762815,La Feuillarde
dam_5623317,Dancingtilmidnight
dam_3899357,Good Thought
dam_4625971,Somersault
dam_37081401,Turn Of Events
dam_5030557,Meara Trasna
dam_3866107,Lady's Secret
dam_5945863,Areyououtofurmind
dam_5313238,Elkmait
dam_37505335,Dancing Plates
dam_6168834,Midnight Malibu
dam_5933662,Wylye
dam_6042589,Dikta Del Mar
dam_6278706,Showbizzy
dam_5766551,Everglades
dam_5659605,Starlet's Sister
dam_4037012,Present Company
dam_5940907,Eatons Way
dam_16744371,Made In KK
dam_22906632,Jongleur
dam_5651464,Rasia
dam_14059374,Shandredee
dam_4226775,Oulianovsk
dam_5299637,Star Blossom
dam_5353677,Seatone
dam_3836343,Bella Bella
dam_5442367,Sligo Publican
dam_21681702,Sydney Australia
dam_5090561,Present Trix
dam_5497884,Nobody's Darling
dam_6143270,Singalong Sal
dam_4586554,Zaffarella
dam_6102460,Ladies From Hell
dam_4782309,Step This Way
dam_18551582,Persepone
dam_4645116,Shannon Pearl
dam_3611825,Astre Eria
dam_3266242,Greatest Friend
dam_5925269,Arcuate
dam_4074924,Pantita
dam_4077703,Punctilious
dam_3870104,Aine Dubh
dam_3611937,Ecco Mi
dam_21995316,Isla Vista
dam_4978890,First City
dam_6140113,Misty Night
dam_5378555,Delagoa Bay
dam_5526395,Falcon In Flight
dam_5201091,Centime
dam_20891234,Vega's Angel
dam_5744662,Pleased As Punch
dam_6108613,Clemency
dam_5228993,Ceilidh Royal
dam_4049206,Rowlands Star
dam_5449220,Ut Love
dam_5276593,Thynetocatcher
dam_34638016,Local Lingo
dam_5653732,Fix
dam_3307325,Indian Legend
dam_6032502,Glenda Lough
dam_5334322,Nota Bene
dam_6024844,Ley Lady Grey
dam_5055722,Howrwelooking
dam_29450484,Snow Berry
dam_14937146,Salve Sardegna
dam_29918126,Alors Quoi
dam_18337760,Tatweej
dam_5414283,Alpha Lupi
dam_5677175,Roanne
dam_5668607,Roseraie
dam_6070981,Banzari
dam_6306979,Desert Way
dam_4800103,Sovereign's Honour
dam_5886090,Valonia
dam_5493481,Tajriba
dam_6065724,Most Tempting
dam_12487034,Shumookh
dam_8388520,Dime A Dance
dam_5103007,King's Miracle
dam_5386129,Model Black
dam_4888086,Otorum
dam_30540839,Blue River
dam_29829359,Boro Time
dam_6329043,Josephjuliusjodie
dam_5056940,Lovely Lolly
dam_5520571,Kapitale
dam_4052076,Peinture Rose
dam_5621448,Ajo Green
dam_4813277,Sworn Mum
dam_7448700,Hokey Okey
dam_5284055,Zakeeta
dam_6093528,Dancing Baloo
dam_5644471,Urbane Bell
dam_5917149,Feenakilmeedy
dam_4156621,Zaffran Lady
dam_4895716,Sonus Beo
dam_4740988,Charlies Sister
dam_4449039,Didbrook
dam_4842425,Luna Lovegood
dam_4438539,Lodge Princess
dam_3068065,Take A Chance
dam_13285048,Rose Chou
dam_5242272,Media View
dam_4053280,Showtime Annie
dam_22665524,Zalexa
dam_5297446,Elisabetta
dam_4088378,Withorwithoutyou
dam_6338717,Tanyeli
dam_4138750,Sweet Coincidence
dam_6929818,Clem Fandango
dam_5135767,Seeking Dubai
dam_11737208,Tallow
dam_5121438,Grand Zafeen
dam_6143858,Lady Rene
dam_19967290,Brighid
dam_4602507,Mussoorie
dam_5181134,Estonia
dam_7153300,Ma Petite Folie
dam_5358976,Rohlindi
dam_6120912,Noble Duchess
dam_4656029,Snow Dancer
dam_6047839,East Coast Lady
dam_5888778,Anipa
dam_5629904,Moll Bawn
dam_5500530,Classic Magic
dam_4872098,Tarabaloo
dam_7087059,Snow Pixie
dam_6142178,Dame Plume
dam_28533680,D'Oro Princess
dam_4066300,Much Faster
dam_16500085,Black Tunic
dam_5799409,Anna Magdalena
dam_5762057,Matinee Show
dam_5462387,Overlay
dam_4185538,Leader's Hall
dam_21221858,Noryane
dam_4007542,Classic China
dam_5671407,Jollification
dam_5335169,Dixieland Kiss
dam_9057538,Ortiz
dam_5023739,Going For Gold
dam_6466887,Kachess
dam_34760579,Dark Sari
dam_9682813,Snowfields
dam_19477808,Rushmore Rose
dam_28840,Jump To The Beat
dam_4447471,Katowice
dam_5989480,Emirates Comfort
dam_5097260,Naywye
dam_18500020,Khaimah
dam_4940201,Mission Secrete
dam_5800886,Gharaaneej
dam_5150110,Chachamaidee
dam_6649930,Winter Link
dam_4778361,Posh Emily
dam_5450305,Turgotine
dam_11513439,Nebuleuse
dam_17013465,Hushed Up
dam_4866092,Valdas Queen
dam_4468996,Pepsi Starlet
dam_4379557,Letthedancebegin
dam_6214488,Storm Born
dam_10632692,Quite Sharp
dam_4460736,Blades Girl
dam_5496638,Brasileira
dam_4205887,Stella Blue
dam_10548762,Theadora
dam_6204702,Roseisarose
dam_31982377,Dundrum Duchess
dam_5482246,Albaraah
dam_3966998,Tadris
dam_5821088,Hoku
dam_5169339,Sampers
dam_5249237,Highly Spiced
dam_4940215,Santa Louisia
dam_4912327,Houston Du Berlais
dam_20597318,Arcafet
dam_29622173,Anglica
dam_5467420,Lunar Star
dam_6024284,Limini
dam_7966966,Try The Bell
dam_5726896,I Say
dam_4260690,Lets Get Busy
dam_5183185,Gotlandia
dam_12169829,Mrs Popple
dam_4733841,Nova Cyngi
dam_4193210,Ghurra
dam_6207775,China Eyes
dam_5581114,So Smart
dam_5841752,At A Clip
dam_5486446,Free Verse
dam_20276403,Majestic Endeavour
dam_13022492,Whisper Aloud
dam_5857600,Evita Peron
dam_16500337,Stability Treaty
dam_6281240,Dubai Flower
dam_4043935,Loi Lan D'Ox
dam_24555272,Wite Lioness
dam_4971897,Quatre Bleue
dam_14142219,Royal Bride
dam_4891201,Galant Ferns
dam_4190949,Da Das Delight
dam_3921036,Silken Pearls
dam_24372775,Roselia Rouge
dam_5948012,Minute Blonde
dam_15337651,La Romanee
dam_6074215,Ferayha
dam_6341188,Lady Mary P
dam_5683426,Thanks Noel
dam_4775442,Atomic Winner
dam_5048400,Romane Place
dam_6336225,Jane
dam_10238333,Heather Feather
dam_5279197,Minden March
dam_22524964,Pound Sterling
dam_40647327,Wake Up Odie
dam_2825592,Bettys Pride
dam_5944274,Valdiyana
dam_5279631,Star Approval
dam_5902806,Volume
dam_5345445,Dialafara
dam_11345817,Lady Luck
dam_4121446,Penneyrose Bay
dam_4560409,Emotional Melody
dam_6284572,Simiya
dam_15355424,Riverina
dam_4169025,Alleged To Rhyme
dam_11381153,Surprise De Sivola
dam_4891082,Arequipa
dam_4809175,Soi
dam_5794579,Pommbelle
dam_4746819,Skellig Mist
dam_5163165,Fame Is The Spur
dam_12169374,Akasha
dam_4334533,Floreana
dam_40996935,Tip Tap Toe
dam_40996928,Joe's Island
dam_6112169,Emirates Holidays
dam_7032529,Winter
dam_21403844,Senadora
dam_7121184,Lost In Silence
dam_5843544,Faustinatheyounger
dam_9086301,Rock Samphire
dam_5797400,Lexington Rose
dam_4665136,Annaghbrack
dam_4216163,Yeldham Lady
dam_5661866,The Beauty
dam_5805233,Ball Of Wood
dam_5643603,Tornade D'Ainay
dam_12704629,Roomier
dam_5150278,Valbuena
dam_18414613,Balvenie
dam_5593924,Carrigeen Lonicera
dam_5263608,Five Cents More
dam_6245694,Liane De Pougy
dam_21082901,The Sailors Bonnet
dam_5147471,Katishna
dam_4236498,Novacella
dam_31006024,Shannon Waters
dam_5172734,Fork Lightning
dam_4669070,Cottonmouth
dam_10272976,Clemmie
dam_5053678,Candy Ride
dam_4083961,Bay Tree
dam_4487791,Pure Illusion
dam_5891151,Enfijaar
dam_6324066,Eternally
dam_4232522,Subtle Affair
dam_5029843,Kind Heart
dam_5332740,Red Allie
dam_4816028,Accusation
dam_6158082,Superfection
dam_10092593,Look At That
dam_4944443,Kurfurstin
dam_5086942,Miss Pepperpot
dam_9786889,Cara's Way
dam_4730376,Leahs Joy
dam_5789721,Supreme Contender
dam_4757578,Sagarich
dam_4861066,Si Belle
dam_8654198,Typhoon Della
dam_4961999,Norfolk Broads
dam_5873826,Lookslikeanangel
dam_14220654,Piccola Sissi
dam_5272071,Viking Rose
dam_5335064,Peinted Song
dam_4180519,Norma Hill
dam_4626958,Shawhill
dam_4071396,Magical Wonderland
dam_18231269,A Special Dream
dam_4982075,Perception
dam_5127164,Diamond Dee
dam_4581717,Silent Supreme
dam_5037942,Wildfahrte
dam_34961822,True Value
dam_5283278,Cutting Edge
dam_3825668,Juvena
dam_4776107,Palace Princess
dam_5472453,Rowanville Lady
dam_5650988,Derrylea Girl
dam_4746070,Molly Hussey
dam_5462968,Alicias Lady
dam_5631164,Gold Platinum
dam_3982867,Aubisquinette
dam_4527061,Emma Jane
dam_6321070,Call Her Again
dam_4588934,Anna's Slipper
dam_4936211,Pavane Du Kalon
dam_5569410,All About Love
dam_5703418,Kalaroa
dam_21866873,Gaelic Star
dam_5108229,Chicita Banana
dam_5723634,Zainda
dam_5737921,Just One Kiss
dam_5310144,Liel
dam_5121417,Vin Rose
dam_34652716,Bi Curamach
dam_5286918,Shadow Eile
dam_3722208,Battle Over
dam_6005727,Athena Du Mesnil
dam_4040414,Penny Fiction
dam_4918676,Derriana
dam_4927300,Tangaspeed
dam_11585196,Nalinka De La Mare
dam_30672124,Riptide Wave
dam_37192505,Neigh Lass
dam_4473175,Sunsemperchi
dam_5495756,Hometime
dam_5459006,London Plane
dam_4991427,Public Ransom
dam_5040931,Zibeling
dam_5198459,Sinndarina
dam_4828040,Marraasi
dam_30864736,Nile Grise
dam_5964070,Lomitas Dream
dam_30110269,Double Diamond
dam_3314381,Lady Margaretta
dam_5531554,Lady Monksfield
dam_3251381,Mtpockets
dam_9462411,Loreley
dam_13333593,Broderie Anglaise
dam_10424827,Footsteps Forever
dam_6989584,Assembly
dam_5382965,Rahana Moirette
dam_5146645,Amtaar
dam_4986590,Helter Helter
dam_4234391,Lepidina
dam_5771773,Taipans Girl
dam_4467274,Creme D'Arblay
dam_5299126,Queen Wasp
dam_4083261,Red Sovereign
dam_5072207,Midnight Martini
dam_5518002,Lady Wingshot
dam_4768491,Bleu Money
dam_4887974,Haveyoubeen
dam_5094985,Midnight Fun
dam_5287058,Wood Lily
dam_4035185,No More Money
dam_5880861,Shared Account
dam_4589886,Rouge Amour
dam_12779466,You Should Know Me
dam_4454450,First Wonder
dam_5928538,Hallouella
dam_7302561,Polie Gane
dam_5657386,Mariana De Lahaye
dam_16354842,Ismailia
dam_22047172,Gonzeville
dam_5961431,All Eyes On Me
dam_4425813,Dixie Chick
dam_4679871,Sleepless Eye
dam_29622208,Golanteena
dam_18645620,Maiden City
dam_5664876,Lottie Belle
dam_5556082,Forcat
dam_18740337,Madame McGoldrick
dam_4834361,Shannon Falls
dam_36234660,Star's Ploy
dam_6050002,Poppy In The Wind
dam_5677140,Secret Gesture
dam_5548956,Cave Woman
dam_6025215,Mogs Delight
dam_29117396,Dylans Star
dam_5809475,She Knows Best
dam_4586722,Rose Of Clare
dam_5438832,Lady Hawk
dam_32485278,C'Est Trop Injuste
dam_4508784,Regal Velvet
dam_5995689,Santa Senam
dam_5187042,Quinnsboro Native
dam_4341295,Clonogan
dam_23284002,Flamingo Star
dam_5383357,Davids Delight
dam_5299630,Soraaya
dam_4563755,Zahra's Place
dam_5076106,Jasmeno
dam_12505745,Spin The Wheel
dam_39414466,Pink Panda
dam_4620399,Gaspara
dam_10882235,Santacus
dam_5971931,Baqqa
dam_4701319,Indiannie Moon
dam_4854367,Now Again
dam_20033097,Utah Bald
dam_6175372,What A Lark
dam_6219017,Fristar
dam_4524779,Wake Me Gently
dam_4399997,Zaharath Al Bustan
dam_5778262,Trendy Native
dam_5459419,Black Magic Baby
dam_5772998,Vega De Beaumont
dam_6909602,Union De Sevres
dam_5081958,Dizzy's Whisper
dam_5458656,Dallidas
dam_4853289,Natty Twigy
dam_23264388,Sleep By Starlight
dam_5250644,Nikitries
dam_4775883,Speed Song
dam_5442171,Good Time In Milan
dam_5075420,Jozafeen
dam_4516330,Capannacce
dam_9667014,Extra Mile
dam_24141628,Dans Desert
dam_13412959,Dulcamira
dam_12564188,Queen's Exit
dam_5906194,Morazie
dam_5535110,C'Est L'Amour
dam_4748331,Parthenia
dam_5681081,Kunegunda
dam_5283145,Soleiade
dam_5140296,She's Bitting
dam_4719064,Sound Case
dam_6040699,Sheelbewhatsheelbe
dam_5466706,Sharonne
dam_5631353,Old Dreams
dam_20033237,Deploys Dream
dam_3939978,Hector's Girl
dam_2979571,Mrs Danvers
dam_10465238,Winter Lightning
dam_6156185,Switching
dam_21670320,La Puntalina
dam_4462451,Orphina
dam_6247857,Return Ace
dam_5911402,Updated
dam_4950134,Scrupulous
dam_3696273,Shandora
dam_7906570,Cloudy Miss
dam_4738706,Mirazur
dam_5481700,Blazing Belle
dam_12096028,Posh Posy
dam_6156220,Usherette
dam_7655137,Eartha Kitt
dam_13527087,Private Cashier
dam_19570222,Looks Good
dam_21670516,Why Not Queen
dam_5742772,Stone Light
dam_20515033,Touched By Angels
dam_5777506,Who Let De Dogsout
dam_4006142,Tin Symphony
dam_4732518,Watchful
dam_4960018,Keep Dancing
dam_4999218,Final Rhapsody
dam_5302738,Idole Des Brosses
dam_4247250,Gaspaie
dam_4956805,Minella Lady
dam_28623035,Diva Of Norwich
dam_4341120,Gemini Lucy
dam_5318852,Dibella
dam_4596088,Pandalute
dam_4064046,Sninfia
dam_7153181,Supreme Departure
dam_3799082,Monty's Lass
dam_5899222,Mary Way
dam_5814718,Harbour Pearl
dam_8231846,Wheres My Dodi
dam_5220586,Petite Baie
dam_3515841,Castagnette III
dam_18848529,Twotrailerparkgirl
dam_4821656,Minnaloushe
dam_3703700,Fairy Blaze
dam_3819858,Liss Rua
dam_13966043,Penelope De Guye
dam_3744636,Iroquoise II
dam_4696412,Carrig Eden Lass
dam_4697952,Native's Return
dam_12049905,Heeyaam
dam_17762927,Sahaayef
dam_7188468,Proud Penny
dam_5711027,My Rules
dam_6025558,Laurel Star
dam_4976692,Imaginary Diva
dam_24481072,Gold Zain
dam_37220316,Tidal Stream
dam_6035323,Pretty Darling
dam_4499026,Fields Of Joy
dam_6094963,Marvelofthelodge
dam_5918717,Kelamita
dam_4803190,Island Music
dam_15638469,Princess Palliser
dam_5895449,Flashy Queen
dam_12438748,Genuinely Crowded
dam_6081614,Royal Silk
dam_7150283,Playful Wink
dam_7157409,Company
dam_18160016,Glaciate
dam_5875380,Miss Verdoyante
dam_4457467,Miss Frime
dam_29227954,Flick Show
dam_4070423,Fairlie
dam_31274369,Al Sultana
dam_4757263,Faslen
dam_20340677,Refreshing
dam_10100993,All Of Me
dam_10632363,Molly Mayhem
dam_16313402,Clematis
dam_4087139,Tu Eres Mi Amore
dam_6348930,Denga
dam_5637058,Il Palazzo
dam_7936985,Angel Love
dam_6527507,Dutota Desejada
dam_6059473,Park Glen
dam_6930476,Zabeel Princess
dam_5797113,Royal Connection
dam_6264454,Perle Rare
dam_6151810,Bahaarah
dam_5315800,Dream Of The Hill
dam_4542727,Kasumi
dam_5532989,Lady Ascot
dam_15043224,Spectralight
dam_5196877,Rule Of The Game
dam_4527544,Nutz
dam_8577009,Kassadame
dam_4428480,Daraheen Diamond
dam_5517932,Sosa
dam_5556355,Faanan Aldaar
dam_4597852,Hucking Hot
dam_4650947,Nice To Know
dam_6304319,Zubeida
dam_5861450,Polygona
dam_4146576,Vivante
dam_6000512,Preach
dam_17761996,Miss Laveron
dam_5993981,Daramour
dam_4529959,Devise II
dam_5868786,Robyn's Rose
dam_4204494,A Lulu Ofa Menifee
dam_4407025,Sheebadiva
dam_3982216,Asi
dam_4163229,Precious Lucy
dam_5342897,Redunderthebed
dam_37475991,Bellissima Emeline
dam_18517842,Designation
dam_4796547,Invincible Ash
dam_4099459,Emeranna
dam_6150046,Greatest Virtue
dam_4487861,Shamsalmaidan
dam_6200915,Jewel Of The Nile
dam_36712312,Lyceum Opera
dam_4644598,Dani California
dam_5661033,La Ville Aux Dames
dam_4830553,Scuffle
dam_5823433,Purely Priceless
dam_5001402,Dubai Rose
dam_4173834,Steel Princess
dam_5454379,Trust Fund Babe
dam_4881205,Paquerettza
dam_5468470,Jouvence De Guye
dam_27237602,Quick Des Sacart
dam_6119127,Lunesque
dam_4437314,Viana
dam_3806383,Stroke Of Six
dam_6015450,Taniokey
dam_6767292,Vizinga
dam_18645291,Australienne
dam_6194748,Anne Of Brittany
dam_5458782,Polyfleur
dam_4914812,Ballela Road
dam_24675602,Thricha
dam_5479775,Shanon Du Berlais
dam_34874532,Adhiana Mans
dam_13412910,Luna June
dam_4904396,Brackets
dam_5700436,Chutiquetta
dam_5748596,Realta Mo Croi
dam_18602703,Callerdiscallerdat
dam_26459916,Fizzi Top
dam_6993266,Too Hot To Bouggie
dam_12087089,Atlantic Queen
dam_8110487,Mirzam
dam_5948852,Cobajay Lady
dam_6788530,Shehadtorun
dam_5264049,Noosa
dam_6246037,Coral Pearl
dam_6113436,Well Maid
dam_4828411,Angesse
dam_29327256,Bonne Maman
dam_23836561,Annie Grit
dam_5625207,Silver Tassie
dam_35416815,Miss Sterlet
dam_6106933,Rose Revived
dam_4098829,Calomeria
dam_6070624,Captain Carol
dam_5605544,Don't Stop Me Now
dam_4183641,Kingsmill Lake
dam_33177172,Annie Bye Bye
dam_17950149,One Cool Dame
dam_3423910,Pharney Fox
dam_6920235,Et Voila
dam_4034247,Luneray I
dam_5928678,Galaxe
dam_4552296,Sweet Lilly
dam_22005977,Partygorl
dam_5346551,La Perspective
dam_4441710,Gaye Mercy
dam_4616549,Could Do
dam_4170887,Tara Tara
dam_38017644,Denna
dam_4513509,Navaro
dam_5314274,Quadrennial
dam_5213929,Stakanova
dam_7160384,Last Laugh
dam_12574219,Royal Sister Two
dam_5155241,Elusive Galaxy
dam_24833550,Shayana
dam_8412138,Cemoua
dam_5392254,Vaibuscar Has
dam_4228434,Didn't I Tell You
dam_5522433,Fancyfacia
dam_5010061,Nakota Rag
dam_3382414,Violet
dam_7923468,Trans Highway
dam_6137929,My Lady West
dam_4088588,Paradise Flight
dam_5945646,Grasped
dam_5632067,Mosey On Molly
dam_3560620,Gaspaisie
dam_758128,Folle Tempete
dam_5364912,Tenebreuse Gemm
dam_3870090,St Aye
dam_6754328,Bobby Vee
dam_5483730,El Diamante
dam_6894601,Lacey's Lane
dam_6260324,Dulcian
dam_5998650,Memorial
dam_4509099,My Causeway Dream
dam_4700738,Lady La Lionne
dam_4184670,Eurowinner
dam_22983408,Derella
dam_4083989,Cause Celebre
dam_4882353,Braybrooke Lady
dam_3861795,Rowdy Nights
dam_5570782,California Rose
dam_3645418,Ifni Du Luc
dam_4643387,Nashharry
dam_4133150,Classic Lin
dam_4034051,Erbalunga
dam_2932412,Kiama
dam_4867604,Knockbrack Vic
dam_9212007,Robinetta
dam_40899803,Settle The Score
dam_6201881,Cosmic Diamond
dam_3709573,Saaryeh
dam_6192599,Reine Pieuse
dam_6041672,Deauville Shower
dam_6038459,Alveena
dam_8663039,Souverainete
dam_12339943,Ludmika
dam_37576882,Vahine De Cotte
dam_3961692,Trajectus
dam_17664913,Plumton Dawn
dam_4428088,Kerryhead Sunshine
dam_9658180,Reine Tresor
dam_8541561,Shearling
dam_40899796,Summerhill Cailin
dam_24063872,Simply Awesome
dam_5504065,Sallysaysso
dam_19280632,Escape Proof
dam_3817345,Up Front
dam_5684448,Trotot
dam_29748607,Tarentine
dam_6002675,Oscar'swan
dam_4571770,Nile Cristale
dam_29523361,Dream Of Scorpion
dam_6032859,Lady Speedy
dam_9057811,Otrooha
dam_4933866,Ykikamoocow
dam_9904643,Shemda
dam_5000135,Appletreemagic
dam_16652342,Patacake
dam_5487657,Accordian Lady
dam_5834864,Voulay
dam_3942540,Solid Land
dam_5103770,Tarla
dam_3695083,Etoile Margot
dam_9250990,Mary Eleanor
dam_6090490,Billie Eve
dam_3697197,Rumson Way
dam_731710,Spread The Word
dam_4203682,Cherry Pie
dam_40591915,Laurel Hill Lady
dam_5629918,Wrong In Okanagan
dam_11924843,Sadilla
dam_5875317,Opera Fan
dam_5538302,Norfolk Sky
dam_4611852,Dream Vision
dam_4557658,Karmina Burana
dam_4478754,Highindi
dam_6252127,Ralianka
dam_5522328,Kendam
dam_5868184,Queen Of Power
dam_3707480,Twilight Mistress
dam_5319580,Bianca De Medici
dam_5972750,Sperry
dam_5460574,Moment Of Time
dam_3930605,Stratosphere
dam_5844650,Dubh Eile
dam_13594609,Usachaqa
dam_5609681,Magie Brune
dam_5069162,Notable
dam_5751410,Majestic Queen
dam_6199914,Vibe Queen
dam_5917807,Bold Lass
dam_6038858,Pour Deux
dam_8867747,Nazym
dam_11163985,Innevera
dam_6018831,Muravka
dam_40686583,Litte Miss Racal
dam_16763600,Time Being
dam_5008248,Quisiera
dam_12169808,Lady Tsana
dam_6074915,Mariyara
dam_6110797,Inchiquin Princess
dam_4543861,Shesadoll
dam_37890811,Multisphere
dam_6297690,Mesa Fresca
dam_10076598,Inala
dam_33790085,Carina
dam_5869745,Dazzling
dam_6014848,Nazli
dam_4565596,Longwhitejemmy
dam_6709269,Dalzenia
dam_3866919,Ceol Tire
dam_3492454,Cherry In A Hurry
dam_5630023,Funcheon Lady
dam_6045578,Califea
dam_27982843,Bonding
dam_5342820,Sharnberry
dam_23254469,Granny Mc Cann
dam_5777254,Scarlet Feather
dam_5804519,Maille Asie
dam_32180722,Epona De La Roque
dam_5936980,Hope's Diamond
dam_5495651,Gosbeck
dam_6957195,Mona Vassy
dam_9328970,Toscane Des Fleurs
dam_4052664,Motcombe
dam_6184444,Reserve The Right
dam_4641672,Just Little
dam_40205599,Santiago Star
dam_4112836,Topanberry
dam_5204101,Annimation
dam_3027332,Rose Island
dam_5697020,Absent Minded
dam_7273882,Cote Atlantique
dam_4848942,Allys Bubble
dam_5086970,Prayuwin Drummer
dam_5703278,Ignited
dam_5307141,China Sky
dam_5289011,Lillymile
dam_4388671,Martovic
dam_4204018,Royale Athenia
dam_4556314,That's Moyne
dam_4149901,Heart N Hope
dam_5807823,Finnow Turkle
dam_5451026,Benefit Ball
dam_4682321,Tot Of The Knar
dam_5196856,Rochdale
dam_6197436,Cibelle Du Seuil
dam_5894266,Lacarolina
dam_5722465,Morning Frost
dam_4841501,B R's Girl
dam_5670147,Hope Royal
dam_4250008,Peripheral Vision
dam_4849971,Sublimissime
dam_5074230,Miss Sassi
dam_5401711,Saffarona
dam_4582522,Jaunty Flight
dam_6988653,Refreshed
dam_9202662,Elysium Dream
dam_4120130,Berroscoberro
dam_5841773,Aqlaam Vision
dam_3960887,Xema
dam_4439197,Petite Boulangere
dam_6207747,Madame Thunder
dam_25286513,Soniador
dam_5547241,Oktavia Des Mottes
dam_5801810,Times Like These
dam_6112820,Ibizane
dam_5506011,Kilbarry Classic
dam_9924586,Roque De Cyborg
dam_5877760,Nagambie
dam_5544931,Prairie Scilla
dam_13240738,Nacre
dam_5095762,Jennys Gem
dam_3934952,Tigertail
dam_24922275,Gold Gate
dam_5246465,Gala Style
dam_40293736,Much Better
